Index,% CPU Time:Total,CPU Time:Self,CPU Time:Children,Name,Index
,,0.0,0.824516,  RtlUserThreadStart,[2]
[1],100.0,0.0,0.824516,BaseThreadInitThunk,[1]
,,0.0,0.824516,  _scrt_common_main_seh,[3]
,,,,,
,,,,  <spontaneous>,
[2],100.0,0.0,0.824516,RtlUserThreadStart,[2]
,,0.0,0.824516,  BaseThreadInitThunk,[1]
,,,,,
,,0.0,0.824516,  BaseThreadInitThunk,[1]
[3],100.0,0.0,0.824516,_scrt_common_main_seh,[3]
,,0.0,0.003691,  initterm,[102]
,,0.0,0.820825,  main,[5]
,,,,,
,,0.0,0.820825,  main,[5]
[4],99.55,0.0,0.820825,DecApp::decode,[4]
,,0.008004,0.0,"  std::basic_ifstream<char,struct std::char_traits<char> >::basic_ifstream<char,struct std::char_traits<char> >",[100]
,,0.0,0.046607,  DecApp::xWriteOutput,[31]
,,0.0,0.424844,  DecLib::decode,[6]
,,0.0,0.310284,  DecLib::executeLoopFilters,[9]
,,0.0,0.015535,  VideoIOYuv::open,[69]
,,0.0,0.015551,  byteStreamNALUnit,[66]
,,,,,
,,0.0,0.820825,  _scrt_common_main_seh,[3]
[5],99.55,0.0,0.820825,main,[5]
,,0.0,0.820825,  DecApp::decode,[4]
,,,,,
,,0.0,0.424844,  DecApp::decode,[4]
[6],51.53,0.0,0.424844,DecLib::decode,[6]
,,0.0,0.424844,  DecLib::xDecodeSlice,[7]
,,,,,
,,0.0,0.424844,  DecLib::decode,[6]
[7],51.53,0.0,0.424844,DecLib::xDecodeSlice,[7]
,,0.0,0.052957,  DecLib::xActivateParameterSets,[29]
,,0.0,0.371887,  DecSlice::decompressSlice,[8]
,,,,,
,,0.0,0.371887,  DecLib::xDecodeSlice,[7]
[8],45.1,0.0,0.371887,DecSlice::decompressSlice,[8]
,,0.015514,0.216982,  DecCu::decompressCtu,[10]
,,0.0,0.139391,  CABACReader::coding_tree_unit,[18]
,,,,,
,,0.0,0.310284,  DecApp::decode,[4]
[9],37.63,0.0,0.310284,DecLib::executeLoopFilters,[9]
,,0.0,0.108585,  AdaptiveLoopFilter::ALFProcess,[19]
,,0.0,0.170492,  LoopFilter::loopFilterPic,[14]
,,0.0,0.031206,  SampleAdaptiveOffset::SAOProcess,[44]
,,,,,
,,0.015514,0.216982,  DecSlice::decompressSlice,[8]
[10],28.2,0.015514,0.216982,DecCu::decompressCtu,[10]
,,0.0,0.185995,  DecCu::xReconIntraQT,[13]
,,0.0,0.015482,  InterPrediction::resetVPDUforIBC,[90]
,,0.0,0.015506,  InterPrediction::xFillIBCBuffer,[78]
,,,,,
,,0.0,0.185995,  DecCu::xIntraRecQT,[12]
[11],22.56,0.0,0.185995,DecCu::xIntraRecBlk,[11]
,,0.015554,0.0,  IntraPrediction::xGetLumaRecPixels,[63]
,,0.0,0.015518,  AreaBuf<short>::copyFrom,[34]
,,0.0,0.015507,  IntraPrediction::initIntraMip,[74]
,,0.0,0.015502,  IntraPrediction::initIntraPatternChType,[80]
,,0.0,0.015478,  IntraPrediction::predIntraAng,[92]
,,0.0,0.015489,  IntraPrediction::predIntraMip,[84]
,,0.0,0.092947,  TrQuant::invTransformNxN,[21]
,,,,,
,,0.0,0.185995,  DecCu::xReconIntraQT,[13]
[12],22.56,0.0,0.185995,DecCu::xIntraRecQT,[12]
,,0.0,0.185995,  DecCu::xIntraRecBlk,[11]
,,,,,
,,0.0,0.185995,  DecCu::decompressCtu,[10]
[13],22.56,0.0,0.185995,DecCu::xReconIntraQT,[13]
,,0.0,0.185995,  DecCu::xIntraRecQT,[12]
,,,,,
,,0.0,0.170492,  DecLib::executeLoopFilters,[9]
[14],20.68,0.0,0.170492,LoopFilter::loopFilterPic,[14]
,,0.015549,0.154944,  LoopFilter::xDeblockCU,[15]
,,,,,
,,0.015549,0.154944,  LoopFilter::loopFilterPic,[14]
[15],20.68,0.015549,0.154944,LoopFilter::xDeblockCU,[15]
,,0.046575,0.015443,  LoopFilter::xEdgeFilterLuma,[27]
,,0.015528,0.0,  LoopFilter::xSetEdgefilterMultiple,[71]
,,0.015513,0.015477,  LoopFilter::xEdgeFilterChroma,[48]
,,0.015503,0.0,  LoopFilter::xSetMaxFilterLengthPQFromTransformSizes,[79]
,,0.0,0.030905,  LoopFilter::xGetBoundaryStrengthSingle,[50]
,,,,,
,,0.0,0.139391,  CABACReader::coding_tree_unit,[18]
[16],16.91,0.0,0.139391,<cycle 1 as a whole>,[16]
,,0.0,0.139391,  CABACReader::coding_tree <cycle 1>,[17]
,,,,,
,,,,  CABACReader::coding_tree <cycle 1>,[17]
,,0.0,0.139391,  CABACReader::coding_tree_unit,[18]
[17],16.91,0.0,0.139391,CABACReader::coding_tree <cycle 1>,[17]
,,,,  CABACReader::coding_tree <cycle 1>,[17]
,,0.0,0.092782,  CABACReader::coding_unit,[23]
,,0.0,0.031118,  CABACReader::split_cu_mode,[45]
,,0.0,0.015490,  QTBTPartitioner::splitCurrArea,[83]
,,,,,
,,0.0,0.139391,  DecSlice::decompressSlice,[8]
[18],16.91,0.0,0.139391,CABACReader::coding_tree_unit,[18]
,,0.0,0.139391,  CABACReader::coding_tree <cycle 1>,[17]
,,,,,
,,0.0,0.108585,  DecLib::executeLoopFilters,[9]
[19],13.17,0.0,0.108585,AdaptiveLoopFilter::ALFProcess,[19]
,,0.093139,0.0,  simdFilter7x7Blk<4>,[20]
,,0.0,0.015446,  AdaptiveLoopFilter::deriveClassification,[95]
,,,,,
,,0.093139,0.0,  AdaptiveLoopFilter::ALFProcess,[19]
[20],11.3,0.093139,0.0,simdFilter7x7Blk<4>,[20]
,,,,,
,,0.0,0.092947,  DecCu::xIntraRecBlk,[11]
[21],11.27,0.0,0.092947,TrQuant::invTransformNxN,[21]
,,0.0,0.015527,  DepQuant::dequant,[73]
,,0.0,0.077420,  TrQuant::xIT,[26]
,,,,,
,,0.0,0.092782,  CABACReader::cu_residual,[24]
[22],11.25,0.0,0.092782,<cycle 2 as a whole>,[22]
,,0.0,0.092782,  CABACReader::transform_tree <cycle 2>,[25]
,,,,,
,,0.0,0.092782,  CABACReader::coding_tree <cycle 1>,[17]
[23],11.25,0.0,0.092782,CABACReader::coding_unit,[23]
,,0.0,0.092782,  CABACReader::cu_residual,[24]
,,,,,
,,0.0,0.092782,  CABACReader::coding_unit,[23]
[24],11.25,0.0,0.092782,CABACReader::cu_residual,[24]
,,0.0,0.092782,  CABACReader::transform_tree <cycle 2>,[25]
,,,,,
,,0.0,0.092782,  CABACReader::cu_residual,[24]
,,,,  CABACReader::transform_tree <cycle 2>,[25]
[25],11.25,0.0,0.092782,CABACReader::transform_tree <cycle 2>,[25]
,,0.0,0.046466,  AreaBuf<int>::fill,[36]
,,,,  CABACReader::transform_tree <cycle 2>,[25]
,,0.0,0.046316,  CABACReader::transform_unit,[39]
,,,,,
,,0.0,0.077420,  TrQuant::invTransformNxN,[21]
[26],9.39,0.0,0.077420,TrQuant::xIT,[26]
,,0.061914,0.0,  fastInverseDCT2_B32,[28]
,,0.015506,0.0,  fastInverseDCT2_B4,[77]
,,,,,
,,0.046575,0.015443,  LoopFilter::xDeblockCU,[15]
[27],7.52,0.046575,0.015443,LoopFilter::xEdgeFilterLuma,[27]
,,0.0,0.015443,  LoopFilter::xPelFilterLuma,[99]
,,,,,
,,0.061914,0.0,  TrQuant::xIT,[26]
[28],7.51,0.061914,0.0,fastInverseDCT2_B32,[28]
,,,,,
,,0.0,0.052957,  DecLib::xDecodeSlice,[7]
[29],6.42,0.0,0.052957,DecLib::xActivateParameterSets,[29]
,,0.0,0.052957,  TrQuant::init,[30]
,,,,,
,,0.0,0.052957,  DecLib::xActivateParameterSets,[29]
[30],6.42,0.0,0.052957,TrQuant::init,[30]
,,0.0,0.037361,  DepQuant::DepQuant,[40]
,,0.0,0.015596,  DepQuant::`scalar deleting destructor',[57]
,,,,,
,,0.0,0.046607,  DecApp::decode,[4]
[31],5.65,0.0,0.046607,DecApp::xWriteOutput,[31]
,,0.0,0.046607,  VideoIOYuv::write,[32]
,,,,,
,,0.0,0.046607,  DecApp::xWriteOutput,[31]
[32],5.65,0.0,0.046607,VideoIOYuv::write,[32]
,,0.015558,0.031049,  writePlane,[33]
,,,,,
,,0.015558,0.031049,  VideoIOYuv::write,[32]
[33],5.65,0.015558,0.031049,writePlane,[33]
,,0.031049,0.0,"  std::basic_ostream<char,struct std::char_traits<char> >::write",[47]
,,,,,
,,0.0,0.015518,  DecCu::xIntraRecBlk,[11]
,,0.0,0.015506,  InterPrediction::xFillIBCBuffer,[78]
,,0.0,0.015559,  UnitBuf<short>::copyFrom,[61]
[34],5.65,0.0,0.046582,AreaBuf<short>::copyFrom,[34]
,,0.046582,0.0,  memcpy,[35]
,,,,,
,,0.046582,0.0,  AreaBuf<short>::copyFrom,[34]
[35],5.65,0.046582,0.0,memcpy,[35]
,,,,,
,,0.0,0.046466,  CABACReader::transform_tree <cycle 2>,[25]
[36],5.64,0.0,0.046466,AreaBuf<int>::fill,[36]
,,0.046466,0.0,  memset,[37]
,,,,,
,,0.046466,0.0,  AreaBuf<int>::fill,[36]
[37],5.64,0.046466,0.0,memset,[37]
,,,,,
,,0.0,0.046316,  CABACReader::transform_unit,[39]
[38],5.62,0.0,0.046316,CABACReader::residual_coding,[38]
,,0.015542,0.0,  CoeffCodingContext::initSubblock,[68]
,,0.0,0.030775,  CABACReader::residual_coding_subblock,[51]
,,,,,
,,0.0,0.046316,  CABACReader::transform_tree <cycle 2>,[25]
[39],5.62,0.0,0.046316,CABACReader::transform_unit,[39]
,,0.0,0.046316,  CABACReader::residual_coding,[38]
,,,,,
,,0.0,0.037361,  TrQuant::init,[30]
[40],4.53,0.0,0.037361,DepQuant::DepQuant,[40]
,,0.0,0.037361,  QuantRDOQ::QuantRDOQ,[41]
,,,,,
,,0.0,0.037361,  DepQuant::DepQuant,[40]
[41],4.53,0.0,0.037361,QuantRDOQ::QuantRDOQ,[41]
,,0.0,0.021878,  Quant::Quant,[53]
,,0.0,0.015483,  QuantRDOQ::xInitScalingList,[88]
,,,,,
,,0.037361,0.0,  operator new,[43]
[42],4.53,0.037361,0.0,malloc_base,[42]
,,,,,
,,0.0,0.021878,  Quant::xInitScalingList,[54]
,,0.0,0.015483,  QuantRDOQ::xInitScalingList,[88]
[43],4.53,0.0,0.037361,operator new,[43]
,,0.037361,0.0,  malloc_base,[42]
,,,,,
,,0.0,0.031206,  DecLib::executeLoopFilters,[9]
[44],3.78,0.0,0.031206,SampleAdaptiveOffset::SAOProcess,[44]
,,0.0,0.015647,  SampleAdaptiveOffset::offsetCTU,[56]
,,0.0,0.015559,  UnitBuf<short>::copyFrom,[61]
,,,,,
,,0.0,0.031118,  CABACReader::coding_tree <cycle 1>,[17]
[45],3.77,0.0,0.031118,CABACReader::split_cu_mode,[45]
,,0.015560,0.015557,  QTBTPartitioner::canSplit,[46]
,,,,,
,,0.015560,0.015557,  CABACReader::split_cu_mode,[45]
[46],3.77,0.015560,0.015557,QTBTPartitioner::canSplit,[46]
,,0.015557,0.0,  QTBTPartitioner::getImplicitSplit,[62]
,,,,,
,,0.031049,0.0,  writePlane,[33]
[47],3.77,0.031049,0.0,"std::basic_ostream<char,struct std::char_traits<char> >::write",[47]
,,,,,
,,0.015513,0.015477,  LoopFilter::xDeblockCU,[15]
[48],3.76,0.015513,0.015477,LoopFilter::xEdgeFilterChroma,[48]
,,0.015477,0.0,  LoopFilter::xPelFilterChroma,[94]
,,,,,
,,0.030905,0.0,  LoopFilter::xGetBoundaryStrengthSingle,[50]
[49],3.75,0.030905,0.0,CodingStructure::getCU,[49]
,,,,,
,,0.0,0.030905,  LoopFilter::xDeblockCU,[15]
[50],3.75,0.0,0.030905,LoopFilter::xGetBoundaryStrengthSingle,[50]
,,0.030905,0.0,  CodingStructure::getCU,[49]
,,,,,
,,0.0,0.030775,  CABACReader::residual_coding,[38]
[51],3.73,0.0,0.030775,CABACReader::residual_coding_subblock,[51]
,,0.030775,0.0,  TBinDecoder<class BinProbModel_Std>::decodeBin,[52]
,,,,,
,,0.030775,0.0,  CABACReader::residual_coding_subblock,[51]
[52],3.73,0.030775,0.0,TBinDecoder<class BinProbModel_Std>::decodeBin,[52]
,,,,,
,,0.0,0.021878,  QuantRDOQ::QuantRDOQ,[41]
[53],2.65,0.0,0.021878,Quant::Quant,[53]
,,0.0,0.021878,  Quant::xInitScalingList,[54]
,,,,,
,,0.0,0.021878,  Quant::Quant,[53]
[54],2.65,0.0,0.021878,Quant::xInitScalingList,[54]
,,0.0,0.021878,  operator new,[43]
,,,,,
,,0.015647,0.0,  SampleAdaptiveOffset::offsetCTU,[56]
[55],1.9,0.015647,0.0,SampleAdaptiveOffset::offsetBlock,[55]
,,,,,
,,0.0,0.015647,  SampleAdaptiveOffset::SAOProcess,[44]
[56],1.9,0.0,0.015647,SampleAdaptiveOffset::offsetCTU,[56]
,,0.015647,0.0,  SampleAdaptiveOffset::offsetBlock,[55]
,,,,,
,,0.0,0.015596,  TrQuant::init,[30]
[57],1.89,0.0,0.015596,DepQuant::`scalar deleting destructor',[57]
,,0.0,0.015596,  QuantRDOQ::~QuantRDOQ,[59]
,,,,,
,,0.0,0.015596,  QuantRDOQ::~QuantRDOQ,[59]
[58],1.89,0.0,0.015596,QuantRDOQ::xDestroyScalingList,[58]
,,0.015596,0.0,  free_base,[60]
,,,,,
,,0.0,0.015596,  DepQuant::`scalar deleting destructor',[57]
[59],1.89,0.0,0.015596,QuantRDOQ::~QuantRDOQ,[59]
,,0.0,0.015596,  QuantRDOQ::xDestroyScalingList,[58]
,,,,,
,,0.015596,0.0,  QuantRDOQ::xDestroyScalingList,[58]
[60],1.89,0.015596,0.0,free_base,[60]
,,,,,
,,0.0,0.015559,  SampleAdaptiveOffset::SAOProcess,[44]
[61],1.89,0.0,0.015559,UnitBuf<short>::copyFrom,[61]
,,0.0,0.015559,  AreaBuf<short>::copyFrom,[34]
,,,,,
,,0.015557,0.0,  QTBTPartitioner::canSplit,[46]
[62],1.89,0.015557,0.0,QTBTPartitioner::getImplicitSplit,[62]
,,,,,
,,0.015554,0.0,  DecCu::xIntraRecBlk,[11]
[63],1.89,0.015554,0.0,IntraPrediction::xGetLumaRecPixels,[63]
,,,,,
,,0.0,0.015551,  byteStreamNALUnit,[65]
[64],1.89,0.0,0.015551,InputByteStream::eofBeforeNBytes,[64]
,,0.015551,0.0,"  std::basic_istream<char,struct std::char_traits<char> >::get",[67]
,,,,,
,,0.0,0.015551,  byteStreamNALUnit,[66]
[65],1.89,0.0,0.015551,byteStreamNALUnit,[65]
,,0.0,0.015551,  InputByteStream::eofBeforeNBytes,[64]
,,,,,
,,0.0,0.015551,  DecApp::decode,[4]
[66],1.89,0.0,0.015551,byteStreamNALUnit,[66]
,,0.0,0.015551,  byteStreamNALUnit,[65]
,,,,,
,,0.015551,0.0,  InputByteStream::eofBeforeNBytes,[64]
[67],1.89,0.015551,0.0,"std::basic_istream<char,struct std::char_traits<char> >::get",[67]
,,,,,
,,0.015542,0.0,  CABACReader::residual_coding,[38]
[68],1.88,0.015542,0.0,CoeffCodingContext::initSubblock,[68]
,,,,,
,,0.0,0.015535,  DecApp::decode,[4]
[69],1.88,0.0,0.015535,VideoIOYuv::open,[69]
,,0.015535,0.0,"  std::basic_filebuf<char,struct std::char_traits<char> >::open",[70]
,,,,,
,,0.015535,0.0,  VideoIOYuv::open,[69]
[70],1.88,0.015535,0.0,"std::basic_filebuf<char,struct std::char_traits<char> >::open",[70]
,,,,,
,,0.015528,0.0,  LoopFilter::xDeblockCU,[15]
[71],1.88,0.015528,0.0,LoopFilter::xSetEdgefilterMultiple,[71]
,,,,,
,,0.015527,0.0,  DepQuant::dequant,[73]
[72],1.88,0.015527,0.0,DQIntern::Quantizer::dequantBlock,[72]
,,,,,
,,0.0,0.015527,  TrQuant::invTransformNxN,[21]
[73],1.88,0.0,0.015527,DepQuant::dequant,[73]
,,0.015527,0.0,  DQIntern::Quantizer::dequantBlock,[72]
,,,,,
,,0.0,0.015507,  DecCu::xIntraRecBlk,[11]
[74],1.88,0.0,0.015507,IntraPrediction::initIntraMip,[74]
,,0.0,0.015507,  MatrixIntraPrediction::prepareInputForPred,[76]
,,,,,
,,0.015507,0.0,  MatrixIntraPrediction::prepareInputForPred,[76]
[75],1.88,0.015507,0.0,MatrixIntraPrediction::initPredBlockParams,[75]
,,,,,
,,0.0,0.015507,  IntraPrediction::initIntraMip,[74]
[76],1.88,0.0,0.015507,MatrixIntraPrediction::prepareInputForPred,[76]
,,0.015507,0.0,  MatrixIntraPrediction::initPredBlockParams,[75]
,,,,,
,,0.015506,0.0,  TrQuant::xIT,[26]
[77],1.88,0.015506,0.0,fastInverseDCT2_B4,[77]
,,,,,
,,0.0,0.015506,  DecCu::decompressCtu,[10]
[78],1.88,0.0,0.015506,InterPrediction::xFillIBCBuffer,[78]
,,0.0,0.015506,  AreaBuf<short>::copyFrom,[34]
,,,,,
,,0.015503,0.0,  LoopFilter::xDeblockCU,[15]
[79],1.88,0.015503,0.0,LoopFilter::xSetMaxFilterLengthPQFromTransformSizes,[79]
,,,,,
,,0.0,0.015502,  DecCu::xIntraRecBlk,[11]
[80],1.88,0.0,0.015502,IntraPrediction::initIntraPatternChType,[80]
,,0.015502,0.0,  IntraPrediction::xFillReferenceSamples,[81]
,,,,,
,,0.015502,0.0,  IntraPrediction::initIntraPatternChType,[80]
[81],1.88,0.015502,0.0,IntraPrediction::xFillReferenceSamples,[81]
,,,,,
,,0.015490,0.0,  QTBTPartitioner::splitCurrArea,[83]
[82],1.88,0.015490,0.0,PartitionerImpl::getCUSubPartitions,[82]
,,,,,
,,0.0,0.015490,  CABACReader::coding_tree <cycle 1>,[17]
[83],1.88,0.0,0.015490,QTBTPartitioner::splitCurrArea,[83]
,,0.015490,0.0,  PartitionerImpl::getCUSubPartitions,[82]
,,,,,
,,0.0,0.015489,  DecCu::xIntraRecBlk,[11]
[84],1.88,0.0,0.015489,IntraPrediction::predIntraMip,[84]
,,0.0,0.015489,  MatrixIntraPrediction::predBlock,[85]
,,,,,
,,0.0,0.015489,  IntraPrediction::predIntraMip,[84]
[85],1.88,0.0,0.015489,MatrixIntraPrediction::predBlock,[85]
,,0.0,0.015489,  MatrixIntraPrediction::predictionUpsampling,[86]
,,,,,
,,0.0,0.015489,  MatrixIntraPrediction::predBlock,[85]
[86],1.88,0.0,0.015489,MatrixIntraPrediction::predictionUpsampling,[86]
,,0.015489,0.0,  MatrixIntraPrediction::predictionUpsampling1D,[87]
,,,,,
,,0.015489,0.0,  MatrixIntraPrediction::predictionUpsampling,[86]
[87],1.88,0.015489,0.0,MatrixIntraPrediction::predictionUpsampling1D,[87]
,,,,,
,,0.0,0.015483,  QuantRDOQ::QuantRDOQ,[41]
[88],1.88,0.0,0.015483,QuantRDOQ::xInitScalingList,[88]
,,0.0,0.015483,  operator new,[43]
,,,,,
,,0.015482,0.0,  UnitBuf<short>::fill,[91]
[89],1.88,0.015482,0.0,AreaBuf<short>::fill,[89]
,,,,,
,,0.0,0.015482,  DecCu::decompressCtu,[10]
[90],1.88,0.0,0.015482,InterPrediction::resetVPDUforIBC,[90]
,,0.0,0.015482,  UnitBuf<short>::fill,[91]
,,,,,
,,0.0,0.015482,  InterPrediction::resetVPDUforIBC,[90]
[91],1.88,0.0,0.015482,UnitBuf<short>::fill,[91]
,,0.015482,0.0,  AreaBuf<short>::fill,[89]
,,,,,
,,0.0,0.015478,  DecCu::xIntraRecBlk,[11]
[92],1.88,0.0,0.015478,IntraPrediction::predIntraAng,[92]
,,0.015478,0.0,  IntraPrediction::xPredIntraAng,[93]
,,,,,
,,0.015478,0.0,  IntraPrediction::predIntraAng,[92]
[93],1.88,0.015478,0.0,IntraPrediction::xPredIntraAng,[93]
,,,,,
,,0.015477,0.0,  LoopFilter::xEdgeFilterChroma,[48]
[94],1.88,0.015477,0.0,LoopFilter::xPelFilterChroma,[94]
,,,,,
,,0.0,0.015446,  AdaptiveLoopFilter::ALFProcess,[19]
[95],1.87,0.0,0.015446,AdaptiveLoopFilter::deriveClassification,[95]
,,0.015446,0.0,  simdDeriveClassificationBlk<4>,[96]
,,,,,
,,0.015446,0.0,  AdaptiveLoopFilter::deriveClassification,[95]
[96],1.87,0.015446,0.0,simdDeriveClassificationBlk<4>,[96]
,,,,,
,,0.015443,0.0,  LoopFilter::xFilteringPandQ,[98]
[97],1.87,0.015443,0.0,LoopFilter::xBilinearFilter,[97]
,,,,,
,,0.0,0.015443,  LoopFilter::xPelFilterLuma,[99]
[98],1.87,0.0,0.015443,LoopFilter::xFilteringPandQ,[98]
,,0.015443,0.0,  LoopFilter::xBilinearFilter,[97]
,,,,,
,,0.0,0.015443,  LoopFilter::xEdgeFilterLuma,[27]
[99],1.87,0.0,0.015443,LoopFilter::xPelFilterLuma,[99]
,,0.0,0.015443,  LoopFilter::xFilteringPandQ,[98]
,,,,,
,,0.008004,0.0,  DecApp::decode,[4]
[100],0.97,0.008004,0.0,"std::basic_ifstream<char,struct std::char_traits<char> >::basic_ifstream<char,struct std::char_traits<char> >",[100]
,,,,,
,,0.003691,0.0,  initterm,[102]
[101],0.45,0.003691,0.0,`dynamic initializer for 'g_reusedUniMVs'',[101]
,,,,,
,,0.0,0.003691,  _scrt_common_main_seh,[3]
[102],0.45,0.0,0.003691,initterm,[102]
,,0.003691,0.0,  `dynamic initializer for 'g_reusedUniMVs'',[101]
,,,,,


Index by function name

Index,Function
[19],AdaptiveLoopFilter::ALFProcess
[95],AdaptiveLoopFilter::deriveClassification
[36],AreaBuf<int>::fill
[34],AreaBuf<short>::copyFrom
[89],AreaBuf<short>::fill
[1],BaseThreadInitThunk
[17],CABACReader::coding_tree
[18],CABACReader::coding_tree_unit
[23],CABACReader::coding_unit
[24],CABACReader::cu_residual
[38],CABACReader::residual_coding
[51],CABACReader::residual_coding_subblock
[45],CABACReader::split_cu_mode
[25],CABACReader::transform_tree
[39],CABACReader::transform_unit
[49],CodingStructure::getCU
[68],CoeffCodingContext::initSubblock
[72],DQIntern::Quantizer::dequantBlock
[4],DecApp::decode
[31],DecApp::xWriteOutput
[10],DecCu::decompressCtu
[11],DecCu::xIntraRecBlk
[12],DecCu::xIntraRecQT
[13],DecCu::xReconIntraQT
[6],DecLib::decode
[9],DecLib::executeLoopFilters
[29],DecLib::xActivateParameterSets
[7],DecLib::xDecodeSlice
[8],DecSlice::decompressSlice
[40],DepQuant::DepQuant
[57],DepQuant::`scalar deleting destructor'
[73],DepQuant::dequant
[64],InputByteStream::eofBeforeNBytes
[90],InterPrediction::resetVPDUforIBC
[78],InterPrediction::xFillIBCBuffer
[74],IntraPrediction::initIntraMip
[80],IntraPrediction::initIntraPatternChType
[92],IntraPrediction::predIntraAng
[84],IntraPrediction::predIntraMip
[81],IntraPrediction::xFillReferenceSamples
[63],IntraPrediction::xGetLumaRecPixels
[93],IntraPrediction::xPredIntraAng
[14],LoopFilter::loopFilterPic
[97],LoopFilter::xBilinearFilter
[15],LoopFilter::xDeblockCU
[48],LoopFilter::xEdgeFilterChroma
[27],LoopFilter::xEdgeFilterLuma
[98],LoopFilter::xFilteringPandQ
[50],LoopFilter::xGetBoundaryStrengthSingle
[94],LoopFilter::xPelFilterChroma
[99],LoopFilter::xPelFilterLuma
[71],LoopFilter::xSetEdgefilterMultiple
[79],LoopFilter::xSetMaxFilterLengthPQFromTransformSizes
[75],MatrixIntraPrediction::initPredBlockParams
[85],MatrixIntraPrediction::predBlock
[86],MatrixIntraPrediction::predictionUpsampling
[87],MatrixIntraPrediction::predictionUpsampling1D
[76],MatrixIntraPrediction::prepareInputForPred
[82],PartitionerImpl::getCUSubPartitions
[46],QTBTPartitioner::canSplit
[62],QTBTPartitioner::getImplicitSplit
[83],QTBTPartitioner::splitCurrArea
[53],Quant::Quant
[54],Quant::xInitScalingList
[41],QuantRDOQ::QuantRDOQ
[58],QuantRDOQ::xDestroyScalingList
[88],QuantRDOQ::xInitScalingList
[59],QuantRDOQ::~QuantRDOQ
[2],RtlUserThreadStart
[44],SampleAdaptiveOffset::SAOProcess
[55],SampleAdaptiveOffset::offsetBlock
[56],SampleAdaptiveOffset::offsetCTU
[52],TBinDecoder<class BinProbModel_Std>::decodeBin
[30],TrQuant::init
[21],TrQuant::invTransformNxN
[26],TrQuant::xIT
[61],UnitBuf<short>::copyFrom
[91],UnitBuf<short>::fill
[69],VideoIOYuv::open
[32],VideoIOYuv::write
[3],_scrt_common_main_seh
[101],`dynamic initializer for 'g_reusedUniMVs''
[65],byteStreamNALUnit
[66],byteStreamNALUnit
[28],fastInverseDCT2_B32
[77],fastInverseDCT2_B4
[60],free_base
[102],initterm
[5],main
[42],malloc_base
[35],memcpy
[37],memset
[43],operator new
[96],simdDeriveClassificationBlk<4>
[20],simdFilter7x7Blk<4>
[70],"std::basic_filebuf<char,struct std::char_traits<char> >::open"
[100],"std::basic_ifstream<char,struct std::char_traits<char> >::basic_ifstream<char,struct std::char_traits<char> >"
[67],"std::basic_istream<char,struct std::char_traits<char> >::get"
[47],"std::basic_ostream<char,struct std::char_traits<char> >::write"
[33],writePlane
[16],<cycle 1>
[22],<cycle 2>
