Index,% CPU Time:Total,CPU Time:Self,CPU Time:Children,Name,Index
,,0.0,3.961905,  RtlUserThreadStart,[2]
[1],100.0,0.0,3.961905,BaseThreadInitThunk,[1]
,,0.0,3.961905,  _scrt_common_main_seh,[3]
,,,,,
,,,,  <spontaneous>,
[2],100.0,0.0,3.961905,RtlUserThreadStart,[2]
,,0.0,3.961905,  BaseThreadInitThunk,[1]
,,,,,
,,0.0,3.961905,  BaseThreadInitThunk,[1]
[3],100.0,0.0,3.961905,_scrt_common_main_seh,[3]
,,0.0,0.008965,  initterm,[205]
,,0.0,3.952939,  main,[4]
,,,,,
,,0.0,3.952939,  _scrt_common_main_seh,[3]
[4],99.77,0.0,3.952939,main,[4]
,,0.0,0.012802,  DecApp::`scalar deleting destructor',[201]
,,0.0,3.940138,  DecApp::decode,[5]
,,,,,
,,0.0,3.940138,  main,[4]
[5],99.45,0.0,3.940138,DecApp::decode,[5]
,,0.0,0.015561,  DecApp::xFlushOutput,[152]
,,0.0,0.217368,  DecApp::xWriteOutput,[33]
,,0.0,2.278730,  DecLib::decode,[6]
,,0.0,1.366311,  DecLib::executeLoopFilters,[11]
,,0.0,0.015641,  DecLib::finishPicture,[138]
,,0.0,0.046527,  byteStreamNALUnit,[106]
,,,,,
,,0.0,2.278730,  DecApp::decode,[5]
[6],57.52,0.0,2.278730,DecLib::decode,[6]
,,0.0,0.015542,  DecLib::xDecodeSPS,[173]
,,0.0,2.263189,  DecLib::xDecodeSlice,[7]
,,,,,
,,0.0,2.263189,  DecLib::decode,[6]
[7],57.12,0.0,2.263189,DecLib::xDecodeSlice,[7]
,,0.0,0.275500,  DecLib::xActivateParameterSets,[27]
,,0.0,1.956770,  DecSlice::decompressSlice,[8]
,,0.0,0.030919,  Slice::constructRefPicList,[136]
,,,,,
,,0.0,1.956770,  DecLib::xDecodeSlice,[7]
[8],49.39,0.0,1.956770,DecSlice::decompressSlice,[8]
,,0.0,0.310481,  CABACReader::coding_tree_unit,[24]
,,0.0,1.646288,  DecCu::decompressCtu,[9]
,,,,,
,,0.0,1.646288,  DecSlice::decompressSlice,[8]
[9],41.55,0.0,1.646288,DecCu::decompressCtu,[9]
,,0.015514,0.046613,  InterPrediction::xFillIBCBuffer,[85]
,,0.0,0.046529,  DecCu::xDeriveCUMV,[103]
,,0.0,1.413601,  DecCu::xReconInter,[10]
,,0.0,0.092959,  DecCu::xReconIntraQT,[63]
,,0.0,0.031072,  InterPrediction::resetVPDUforIBC,[119]
,,,,,
,,0.0,1.413601,  DecCu::decompressCtu,[9]
[10],35.68,0.0,1.413601,DecCu::xReconInter,[10]
,,0.015564,0.0,  PU::spanTriangleMotionInfo,[149]
,,0.015537,0.186342,  UnitBuf<short>::copyClip,[38]
,,0.0,0.077648,  DecCu::xDecodeInterTexture,[72]
,,0.0,1.087463,  InterPrediction::motionCompensation,[15]
,,0.0,0.031047,  InterPrediction::motionCompensation4Triangle,[125]
,,,,,
,,0.0,1.366311,  DecApp::decode,[5]
[11],34.49,0.0,1.366311,DecLib::executeLoopFilters,[11]
,,0.0,0.636738,  AdaptiveLoopFilter::ALFProcess,[16]
,,0.0,0.031067,  CS::setRefinedMotionField,[121]
,,0.0,0.589606,  LoopFilter::loopFilterPic,[17]
,,0.0,0.108899,  SampleAdaptiveOffset::SAOProcess,[52]
,,,,,
,,0.0,0.139696,  InterPrediction::motionCompensation <cycle 1>,[13]
,,0.0,0.031047,  InterPrediction::motionCompensation4Triangle,[125]
,,0.015499,0.916746,  InterPrediction::motionCompensation,[15]
[12],27.84,0.015499,1.087489,<cycle 1 as a whole>,[12]
,,0.015499,0.0,  InterPrediction::xSubPuMC <cycle 1>,[190]
,,0.0,1.087489,  InterPrediction::motionCompensation <cycle 1>,[13]
,,0.0,0.0,  InterPrediction::xSubPuBio <cycle 1>,[206]
,,,,,
,,0.0,0.031047,  InterPrediction::motionCompensation4Triangle,[125]
,,,,  InterPrediction::xSubPuBio <cycle 1>,[206]
,,,,  InterPrediction::xSubPuMC <cycle 1>,[190]
,,0.015499,0.916746,  InterPrediction::motionCompensation,[15]
[13],27.45,0.0,1.087489,InterPrediction::motionCompensation <cycle 1>,[13]
,,0.031077,1.056412,  InterPrediction::xPredInterBi,[14]
,,,,  InterPrediction::xSubPuBio <cycle 1>,[206]
,,,,  InterPrediction::xSubPuMC <cycle 1>,[190]
,,,,,
,,0.031077,1.056412,  InterPrediction::motionCompensation <cycle 1>,[13]
[14],27.45,0.031077,1.056412,InterPrediction::xPredInterBi,[14]
,,0.062072,0.342077,  InterPrediction::xProcessDMVR,[21]
,,0.0,0.559102,  InterPrediction::xPredInterUni,[19]
,,0.0,0.093162,  InterPrediction::xWeightedAverage,[43]
,,,,,
,,0.0,1.087463,  DecCu::xReconInter,[10]
[15],27.45,0.0,1.087463,InterPrediction::motionCompensation,[15]
,,0.015499,0.916746,  InterPrediction::motionCompensation <cycle 1>,[13]
,,0.0,0.015522,  CodingStructure::getPredBuf,[182]
,,,,,
,,0.0,0.636738,  DecLib::executeLoopFilters,[11]
[16],16.07,0.0,0.636738,AdaptiveLoopFilter::ALFProcess,[16]
,,0.388175,0.0,  simdFilter7x7Blk<4>,[22]
,,0.046498,0.0,  simdFilter5x5Blk<4>,[107]
,,0.0,0.202064,  AdaptiveLoopFilter::deriveClassification,[35]
,,,,,
,,0.0,0.589606,  DecLib::executeLoopFilters,[11]
[17],14.88,0.0,0.589606,LoopFilter::loopFilterPic,[17]
,,0.092854,0.481196,  LoopFilter::xDeblockCU,[18]
,,0.015557,0.0,  memset,[117]
,,,,,
,,0.092854,0.481196,  LoopFilter::loopFilterPic,[17]
[18],14.49,0.092854,0.481196,LoopFilter::xDeblockCU,[18]
,,0.062089,0.077737,  LoopFilter::xGetBoundaryStrengthSingle,[45]
,,0.030977,0.201901,  LoopFilter::xEdgeFilterLuma,[32]
,,0.015568,0.015603,  LoopFilter::xEdgeFilterChroma,[112]
,,0.015561,0.0,"  std::_Sort_unchecked1<int *,__int64,struct std::less<void> >",[153]
,,0.015457,0.0,  LoopFilter::xSetEdgefilterMultiple,[196]
,,0.0,0.046303,  LoopFilter::xSetMaxFilterLengthPQFromTransformSizes,[111]
,,,,,
,,0.0,0.559102,  InterPrediction::xPredInterBi,[14]
[19],14.11,0.0,0.559102,InterPrediction::xPredInterUni,[19]
,,0.046590,0.341582,  InterPrediction::xPredInterBlk,[20]
,,0.030998,0.139932,  InterPrediction::xPredAffineBlk,[40]
,,,,,
,,0.0,0.031154,  InterPrediction::xinitMC,[113]
,,0.031111,0.077768,  InterPrediction::xFinalPaddedMCForDMVR,[53]
,,0.046590,0.341582,  InterPrediction::xPredInterUni,[19]
[20],13.33,0.077700,0.450503,InterPrediction::xPredInterBlk,[20]
,,0.0,0.310690,  InterpolationFilter::filterHor,[23]
,,0.0,0.139814,  InterpolationFilter::filterVer,[34]
,,,,,
,,0.062072,0.342077,  InterPrediction::xPredInterBi,[14]
[21],10.2,0.062072,0.342077,InterPrediction::xProcessDMVR,[21]
,,0.015507,0.0,  UnitBuf<short>::subBuf,[189]
,,0.0,0.062104,  InterPrediction::xBIPMVRefine,[88]
,,0.0,0.108878,  InterPrediction::xFinalPaddedMCForDMVR,[53]
,,0.0,0.015554,  InterPrediction::xPad,[159]
,,0.0,0.046638,  InterPrediction::xPrefetch,[98]
,,0.0,0.062242,  InterPrediction::xWeightedAverage,[43]
,,0.0,0.031154,  InterPrediction::xinitMC,[113]
,,,,,
,,0.388175,0.0,  AdaptiveLoopFilter::ALFProcess,[16]
[22],9.8,0.388175,0.0,simdFilter7x7Blk<4>,[22]
,,,,,
,,0.0,0.062107,  InterPrediction::xPredAffineBlk,[40]
,,0.0,0.310690,  InterPrediction::xPredInterBlk,[20]
[23],9.41,0.0,0.372797,InterpolationFilter::filterHor,[23]
,,0.139741,0.0,"  InterpolationFilter::filterCopy<1,0>",[46]
,,0.031020,0.0,"  InterpolationFilter::filterCopy<1,1>",[129]
,,0.015558,0.0,  _security_check_cookie,[92]
,,0.015529,0.062232,  InterpolationFilter::filterHor<4>,[66]
,,0.0,0.015550,  InterpolationFilter::filterHor<2>,[168]
,,0.0,0.093166,  InterpolationFilter::filterHor<8>,[59]
,,,,,
,,0.0,0.310481,  DecSlice::decompressSlice,[8]
[24],7.84,0.0,0.310481,CABACReader::coding_tree_unit,[24]
,,0.0,0.294931,  CABACReader::coding_tree <cycle 2>,[25]
,,0.0,0.015550,  PartitionerFactory::get,[165]
,,,,,
,,,,  CABACReader::coding_tree <cycle 2>,[25]
,,0.0,0.294931,  CABACReader::coding_tree_unit,[24]
[25],7.44,0.0,0.294931,CABACReader::coding_tree <cycle 2>,[25]
,,,,  CABACReader::coding_tree <cycle 2>,[25]
,,0.0,0.248353,  CABACReader::coding_unit,[28]
,,0.0,0.046578,  CABACReader::split_cu_mode,[100]
,,,,,
,,0.0,0.294931,  CABACReader::coding_tree_unit,[24]
[26],7.44,0.0,0.294931,<cycle 2 as a whole>,[26]
,,0.0,0.294931,  CABACReader::coding_tree <cycle 2>,[25]
,,,,,
,,0.0,0.275500,  DecLib::xDecodeSlice,[7]
[27],6.95,0.0,0.275500,DecLib::xActivateParameterSets,[27]
,,0.0,0.031136,  Picture::finalInit,[115]
,,0.0,0.244364,  TrQuant::init,[29]
,,,,,
,,0.0,0.248353,  CABACReader::coding_tree <cycle 2>,[25]
[28],6.27,0.0,0.248353,CABACReader::coding_unit,[28]
,,0.031096,0.015462,  CodingStructure::addPU,[101]
,,0.0,0.031049,  CABACReader::cu_pred_data,[124]
,,0.0,0.139639,  CABACReader::cu_residual,[49]
,,0.0,0.031105,  CABACReader::prediction_unit,[96]
,,,,,
,,0.0,0.244364,  DecLib::xActivateParameterSets,[27]
[29],6.17,0.0,0.244364,TrQuant::init,[29]
,,0.0,0.089278,  DepQuant::DepQuant,[64]
,,0.0,0.155086,  DepQuant::`scalar deleting destructor',[41]
,,,,,
,,0.0,0.015561,  DecApp::xFlushOutput,[152]
,,0.0,0.217368,  DecApp::xWriteOutput,[33]
[30],5.88,0.0,0.232929,VideoIOYuv::write,[30]
,,0.077732,0.155197,  writePlane,[31]
,,,,,
,,0.077732,0.155197,  VideoIOYuv::write,[30]
[31],5.88,0.077732,0.155197,writePlane,[31]
,,0.155197,0.0,"  std::basic_ostream<char,struct std::char_traits<char> >::write",[44]
,,,,,
,,0.030977,0.201901,  LoopFilter::xDeblockCU,[18]
[32],5.88,0.030977,0.201901,LoopFilter::xEdgeFilterLuma,[32]
,,0.201901,0.0,  LoopFilter::xPelFilterLuma,[37]
,,,,,
,,0.0,0.217368,  DecApp::decode,[5]
[33],5.49,0.0,0.217368,DecApp::xWriteOutput,[33]
,,0.0,0.217368,  VideoIOYuv::write,[30]
,,,,,
,,0.0,0.139814,  InterPrediction::xPredInterBlk,[20]
,,0.031177,0.031077,  InterPrediction::xPredAffineBlk,[40]
[34],5.1,0.031177,0.170891,InterpolationFilter::filterVer,[34]
,,0.015523,0.093211,  InterpolationFilter::filterVer<8>,[54]
,,0.0,0.062157,  InterpolationFilter::filterVer<4>,[81]
,,,,,
,,0.0,0.202064,  AdaptiveLoopFilter::ALFProcess,[16]
[35],5.1,0.0,0.202064,AdaptiveLoopFilter::deriveClassification,[35]
,,0.202064,0.0,  simdDeriveClassificationBlk<4>,[36]
,,,,,
,,0.202064,0.0,  AdaptiveLoopFilter::deriveClassification,[35]
[36],5.1,0.202064,0.0,simdDeriveClassificationBlk<4>,[36]
,,,,,
,,0.201901,0.0,  LoopFilter::xEdgeFilterLuma,[32]
[37],5.1,0.201901,0.0,LoopFilter::xPelFilterLuma,[37]
,,,,,
,,0.015537,0.186342,  DecCu::xReconInter,[10]
[38],5.1,0.015537,0.186342,UnitBuf<short>::copyClip,[38]
,,0.186342,0.0,  AreaBuf<short>::copyClip,[39]
,,,,,
,,0.186342,0.0,  UnitBuf<short>::copyClip,[38]
[39],4.7,0.186342,0.0,AreaBuf<short>::copyClip,[39]
,,,,,
,,0.030998,0.139932,  InterPrediction::xPredInterUni,[19]
[40],4.31,0.030998,0.139932,InterPrediction::xPredAffineBlk,[40]
,,0.031177,0.031077,  InterpolationFilter::filterVer,[34]
,,0.015571,0.0,  roundAffineMv,[148]
,,0.0,0.062107,  InterpolationFilter::filterHor,[23]
,,,,,
,,0.0,0.155086,  TrQuant::init,[29]
,,0.0,0.012802,  TrQuant::~TrQuant,[203]
[41],4.24,0.0,0.167888,DepQuant::`scalar deleting destructor',[41]
,,0.012802,0.0,  free_base,[42]
,,0.0,0.108633,  Quant::xDestroyScalingList,[55]
,,0.0,0.046453,  QuantRDOQ::~QuantRDOQ,[110]
,,,,,
,,0.012802,0.0,  DepQuant::`scalar deleting destructor',[41]
,,0.046453,0.0,  QuantRDOQ::xDestroyScalingList,[109]
,,0.108633,0.0,  Quant::xDestroyScalingList,[55]
[42],4.24,0.167888,0.0,free_base,[42]
,,,,,
,,0.0,0.093162,  InterPrediction::xPredInterBi,[14]
,,0.0,0.062242,  InterPrediction::xProcessDMVR,[21]
[43],3.92,0.0,0.155404,InterPrediction::xWeightedAverage,[43]
,,0.0,0.062177,  InterPrediction::applyBiOptFlow,[78]
,,0.0,0.015528,  InterPrediction::xApplyBiPROF,[178]
,,0.0,0.015582,  UnitBuf<short>::addAvg,[144]
,,0.0,0.062116,  UnitBuf<short>::addWeightedAvg,[87]
,,,,,
,,0.155197,0.0,  writePlane,[31]
[44],3.92,0.155197,0.0,"std::basic_ostream<char,struct std::char_traits<char> >::write",[44]
,,,,,
,,0.062089,0.077737,  LoopFilter::xDeblockCU,[18]
[45],3.53,0.062089,0.077737,LoopFilter::xGetBoundaryStrengthSingle,[45]
,,0.031075,0.0,  CodingStructure::getTU,[73]
,,0.031056,0.0,  CodingStructure::getCU,[123]
,,0.015606,0.0,  CodingStructure::getMotionInfo,[140]
,,,,,
,,0.139741,0.0,  InterpolationFilter::filterHor,[23]
[46],3.53,0.139741,0.0,"InterpolationFilter::filterCopy<1,0>",[46]
,,,,,
,,0.015338,0.0,  Picture::extendPicBorder,[135]
,,0.124305,0.0,  AreaBuf<short>::copyFrom,[51]
[47],3.52,0.139643,0.0,memcpy,[47]
,,,,,
,,0.0,0.139639,  CABACReader::cu_residual,[49]
[48],3.52,0.0,0.139639,<cycle 3 as a whole>,[48]
,,0.0,0.139639,  CABACReader::transform_tree <cycle 3>,[50]
,,,,,
,,0.0,0.139639,  CABACReader::coding_unit,[28]
[49],3.52,0.0,0.139639,CABACReader::cu_residual,[49]
,,0.0,0.139639,  CABACReader::transform_tree <cycle 3>,[50]
,,,,,
,,0.0,0.139639,  CABACReader::cu_residual,[49]
,,,,  CABACReader::transform_tree <cycle 3>,[50]
[50],3.52,0.0,0.139639,CABACReader::transform_tree <cycle 3>,[50]
,,0.030912,0.015547,  CodingStructure::addTU,[108]
,,,,  CABACReader::transform_tree <cycle 3>,[50]
,,0.0,0.093180,  CABACReader::transform_unit,[58]
,,,,,
,,0.0,0.015470,  DecCu::xIntraRecBlk,[61]
,,0.0,0.046613,  InterPrediction::xFillIBCBuffer,[85]
,,0.0,0.062222,  UnitBuf<short>::copyFrom,[77]
[51],3.14,0.0,0.124305,AreaBuf<short>::copyFrom,[51]
,,0.124305,0.0,  memcpy,[47]
,,,,,
,,0.0,0.108899,  DecLib::executeLoopFilters,[11]
[52],2.75,0.0,0.108899,SampleAdaptiveOffset::SAOProcess,[52]
,,0.0,0.046678,  SampleAdaptiveOffset::offsetCTU,[95]
,,0.0,0.062222,  UnitBuf<short>::copyFrom,[77]
,,,,,
,,0.0,0.108878,  InterPrediction::xProcessDMVR,[21]
[53],2.75,0.0,0.108878,InterPrediction::xFinalPaddedMCForDMVR,[53]
,,0.031111,0.077768,  InterPrediction::xPredInterBlk,[20]
,,,,,
,,0.015523,0.093211,  InterpolationFilter::filterVer,[34]
[54],2.74,0.015523,0.093211,InterpolationFilter::filterVer<8>,[54]
,,0.0,0.077663,"  simdFilter<4,8,1,0,0>",[68]
,,0.0,0.015548,"  simdFilter<4,8,1,1,0>",[171]
,,,,,
,,0.0,0.108633,  DepQuant::`scalar deleting destructor',[41]
[55],2.74,0.0,0.108633,Quant::xDestroyScalingList,[55]
,,0.108633,0.0,  free_base,[42]
,,,,,
,,0.104825,0.0,  operator new,[57]
[56],2.65,0.104825,0.0,malloc_base,[56]
,,,,,
,,0.0,0.015547,  CodingStructure::addTU,[108]
,,0.0,0.073841,  Quant::xInitScalingList,[75]
,,0.0,0.015437,  QuantRDOQ::xInitScalingList,[198]
[57],2.65,0.0,0.104825,operator new,[57]
,,0.104825,0.0,  malloc_base,[56]
,,,,,
,,0.0,0.093180,  CABACReader::transform_tree <cycle 3>,[50]
[58],2.35,0.0,0.093180,CABACReader::transform_unit,[58]
,,0.0,0.077658,  CABACReader::residual_coding,[69]
,,0.0,0.015522,  CodingUnit::isSepTree,[185]
,,,,,
,,0.0,0.093166,  InterpolationFilter::filterHor,[23]
[59],2.35,0.0,0.093166,InterpolationFilter::filterHor<8>,[59]
,,0.0,0.093166,"  simdFilter<4,8,0,1,0>",[60]
,,,,,
,,0.0,0.093166,  InterpolationFilter::filterHor<8>,[59]
[60],2.35,0.0,0.093166,"simdFilter<4,8,0,1,0>",[60]
,,0.062164,0.0,"  simdInterpolateHorM8_AVX2<4,8,0>",[79]
,,0.031002,0.0,"  simdInterpolateHorM4<4,8,0>",[130]
,,,,,
,,0.0,0.092959,  DecCu::xIntraRecQT,[62]
[61],2.35,0.0,0.092959,DecCu::xIntraRecBlk,[61]
,,0.015527,0.0,  IntraPrediction::predIntraAng,[180]
,,0.0,0.015470,  AreaBuf<short>::copyFrom,[51]
,,0.0,0.030957,  IntraPrediction::initIntraPatternChType,[132]
,,0.0,0.031005,  TrQuant::invTransformNxN,[67]
,,,,,
,,0.0,0.092959,  DecCu::xReconIntraQT,[63]
[62],2.35,0.0,0.092959,DecCu::xIntraRecQT,[62]
,,0.0,0.092959,  DecCu::xIntraRecBlk,[61]
,,,,,
,,0.0,0.092959,  DecCu::decompressCtu,[9]
[63],2.35,0.0,0.092959,DecCu::xReconIntraQT,[63]
,,0.0,0.092959,  DecCu::xIntraRecQT,[62]
,,,,,
,,0.0,0.089278,  TrQuant::init,[29]
[64],2.25,0.0,0.089278,DepQuant::DepQuant,[64]
,,0.0,0.089278,  QuantRDOQ::QuantRDOQ,[65]
,,,,,
,,0.0,0.089278,  DepQuant::DepQuant,[64]
[65],2.25,0.0,0.089278,QuantRDOQ::QuantRDOQ,[65]
,,0.0,0.073841,  Quant::Quant,[74]
,,0.0,0.015437,  QuantRDOQ::xInitScalingList,[198]
,,,,,
,,0.015529,0.062232,  InterpolationFilter::filterHor,[23]
[66],1.96,0.015529,0.062232,InterpolationFilter::filterHor<4>,[66]
,,0.0,0.062232,"  simdFilter<4,4,0,1,0>",[76]
,,,,,
,,0.0,0.046713,  DecCu::xDecodeInterTU,[71]
,,0.0,0.031005,  DecCu::xIntraRecBlk,[61]
[67],1.96,0.0,0.077719,TrQuant::invTransformNxN,[67]
,,0.0,0.015562,  DepQuant::dequant,[151]
,,0.0,0.062157,  TrQuant::xIT,[80]
,,,,,
,,0.0,0.077663,  InterpolationFilter::filterVer<8>,[54]
[68],1.96,0.0,0.077663,"simdFilter<4,8,1,0,0>",[68]
,,0.062109,0.0,"  simdInterpolateVerM8_AVX2<4,8,0>",[70]
,,0.015554,0.0,"  simdInterpolateVerM4<4,8,0>",[158]
,,,,,
,,0.0,0.077658,  CABACReader::transform_unit,[58]
[69],1.96,0.0,0.077658,CABACReader::residual_coding,[69]
,,0.015528,0.0,  CoeffCodingContext::CoeffCodingContext,[177]
,,0.0,0.062130,  CABACReader::residual_coding_subblock,[84]
,,,,,
,,0.015548,0.0,"  simdFilter<4,8,1,1,0>",[171]
,,0.062109,0.0,"  simdFilter<4,8,1,0,0>",[68]
[70],1.96,0.077657,0.0,"simdInterpolateVerM8_AVX2<4,8,0>",[70]
,,,,,
,,0.0,0.077648,  DecCu::xDecodeInterTexture,[72]
[71],1.96,0.0,0.077648,DecCu::xDecodeInterTU,[71]
,,0.0,0.030935,  CodingStructure::getResiBuf,[134]
,,0.0,0.046713,  TrQuant::invTransformNxN,[67]
,,,,,
,,0.0,0.077648,  DecCu::xReconInter,[10]
[72],1.96,0.0,0.077648,DecCu::xDecodeInterTexture,[72]
,,0.0,0.077648,  DecCu::xDecodeInterTU,[71]
,,,,,
,,0.031075,0.0,  LoopFilter::xGetBoundaryStrengthSingle,[45]
,,0.046303,0.0,  LoopFilter::xSetMaxFilterLengthPQFromTransformSizes,[111]
[73],1.95,0.077378,0.0,CodingStructure::getTU,[73]
,,,,,
,,0.0,0.073841,  QuantRDOQ::QuantRDOQ,[65]
[74],1.86,0.0,0.073841,Quant::Quant,[74]
,,0.0,0.073841,  Quant::xInitScalingList,[75]
,,,,,
,,0.0,0.073841,  Quant::Quant,[74]
[75],1.86,0.0,0.073841,Quant::xInitScalingList,[75]
,,0.0,0.073841,  operator new,[57]
,,,,,
,,0.0,0.062232,  InterpolationFilter::filterHor<4>,[66]
[76],1.57,0.0,0.062232,"simdFilter<4,4,0,1,0>",[76]
,,0.046710,0.0,"  simdInterpolateHorM8_AVX2<4,4,0>",[93]
,,0.015523,0.0,  _security_check_cookie,[92]
,,,,,
,,0.0,0.062222,  SampleAdaptiveOffset::SAOProcess,[52]
[77],1.57,0.0,0.062222,UnitBuf<short>::copyFrom,[77]
,,0.0,0.062222,  AreaBuf<short>::copyFrom,[51]
,,,,,
,,0.0,0.062177,  InterPrediction::xWeightedAverage,[43]
[78],1.57,0.0,0.062177,InterPrediction::applyBiOptFlow,[78]
,,0.031149,0.0,  calcBIOSums_SSE<4>,[114]
,,0.0,0.031029,  InterPrediction::xAddBIOAvg4,[126]
,,,,,
,,0.062164,0.0,"  simdFilter<4,8,0,1,0>",[60]
[79],1.57,0.062164,0.0,"simdInterpolateHorM8_AVX2<4,8,0>",[79]
,,,,,
,,0.0,0.062157,  TrQuant::invTransformNxN,[67]
[80],1.57,0.0,0.062157,TrQuant::xIT,[80]
,,0.031128,0.0,  fastInverseDCT2_B16,[116]
,,0.015584,0.0,  fastInverseDCT2_B32,[142]
,,0.015445,0.0,  fastInverseDCT2_B4,[197]
,,,,,
,,0.0,0.062157,  InterpolationFilter::filterVer,[34]
[81],1.57,0.0,0.062157,InterpolationFilter::filterVer<4>,[81]
,,0.0,0.062157,"  simdFilter<4,4,1,0,0>",[82]
,,,,,
,,0.0,0.062157,  InterpolationFilter::filterVer<4>,[81]
[82],1.57,0.0,0.062157,"simdFilter<4,4,1,0,0>",[82]
,,0.062157,0.0,"  simdInterpolateVerM4<4,4,0>",[83]
,,,,,
,,0.062157,0.0,"  simdFilter<4,4,1,0,0>",[82]
[83],1.57,0.062157,0.0,"simdInterpolateVerM4<4,4,0>",[83]
,,,,,
,,0.0,0.062130,  CABACReader::residual_coding,[69]
[84],1.57,0.0,0.062130,CABACReader::residual_coding_subblock,[84]
,,0.031098,0.0,  TBinDecoder<class BinProbModel_Std>::decodeBin,[97]
,,0.015557,0.0,  CoeffCodingContext::ctxOffsetAbs,[157]
,,0.015475,0.0,  CoeffCodingContext::sigCtxIdAbs,[194]
,,,,,
,,0.015514,0.046613,  DecCu::decompressCtu,[9]
[85],1.57,0.015514,0.046613,InterPrediction::xFillIBCBuffer,[85]
,,0.0,0.046613,  AreaBuf<short>::copyFrom,[51]
,,,,,
,,0.062116,0.0,  UnitBuf<short>::addWeightedAvg,[87]
[86],1.57,0.062116,0.0,AreaBuf<short>::addWeightedAvg,[86]
,,,,,
,,0.0,0.062116,  InterPrediction::xWeightedAverage,[43]
[87],1.57,0.0,0.062116,UnitBuf<short>::addWeightedAvg,[87]
,,0.062116,0.0,  AreaBuf<short>::addWeightedAvg,[86]
,,,,,
,,0.0,0.062104,  InterPrediction::xProcessDMVR,[21]
[88],1.57,0.0,0.062104,InterPrediction::xBIPMVRefine,[88]
,,0.015530,0.046575,  InterPrediction::xDMVRCost,[89]
,,,,,
,,0.015530,0.046575,  InterPrediction::xBIPMVRefine,[88]
[89],1.57,0.015530,0.046575,InterPrediction::xDMVRCost,[89]
,,0.031058,0.0,"  RdCost::xGetSAD_NxN_SIMD<16,4>",[122]
,,0.0,0.015517,  RdCost::setDistParam,[186]
,,,,,
,,0.062039,0.0,  PU::spanMotionInfo,[91]
[90],1.57,0.062039,0.0,AreaBuf<struct MotionInfo>::fill,[90]
,,,,,
,,0.0,0.031105,  CABACReader::prediction_unit,[96]
,,0.0,0.015514,  CS::setRefinedMotionField,[121]
,,0.0,0.015420,  DecCu::xDeriveCUMV,[103]
[91],1.57,0.0,0.062039,PU::spanMotionInfo,[91]
,,0.062039,0.0,  AreaBuf<struct MotionInfo>::fill,[90]
,,,,,
,,0.015424,0.0,  CodingStructure::getBuf,[102]
,,0.015517,0.0,  RdCost::setDistParam,[186]
,,0.015523,0.0,"  simdFilter<4,4,0,1,0>",[76]
,,0.015558,0.0,  InterpolationFilter::filterHor,[23]
[92],1.57,0.062022,0.0,_security_check_cookie,[92]
,,,,,
,,0.046710,0.0,"  simdFilter<4,4,0,1,0>",[76]
[93],1.18,0.046710,0.0,"simdInterpolateHorM8_AVX2<4,4,0>",[93]
,,,,,
,,0.031135,0.015542,  SampleAdaptiveOffset::offsetCTU,[95]
[94],1.18,0.031135,0.015542,SampleAdaptiveOffset::offsetBlock,[94]
,,0.015542,0.0,  sgn<int>,[172]
,,,,,
,,0.0,0.046678,  SampleAdaptiveOffset::SAOProcess,[52]
[95],1.18,0.0,0.046678,SampleAdaptiveOffset::offsetCTU,[95]
,,0.031135,0.015542,  SampleAdaptiveOffset::offsetBlock,[94]
,,,,,
,,0.0,0.031105,  CABACReader::coding_unit,[28]
,,0.0,0.015559,  CABACReader::cu_pred_data,[124]
[96],1.18,0.0,0.046664,CABACReader::prediction_unit,[96]
,,0.0,0.015559,  CABACReader::mvd_coding,[154]
,,0.0,0.031105,  PU::spanMotionInfo,[91]
,,,,,
,,0.015559,0.0,  CABACReader::mvd_coding,[154]
,,0.031098,0.0,  CABACReader::residual_coding_subblock,[84]
[97],1.18,0.046657,0.0,TBinDecoder<class BinProbModel_Std>::decodeBin,[97]
,,,,,
,,0.0,0.046638,  InterPrediction::xProcessDMVR,[21]
[98],1.18,0.0,0.046638,InterPrediction::xPrefetch,[98]
,,0.046638,0.0,  copyBufferSimd<4>,[99]
,,,,,
,,0.046638,0.0,  InterPrediction::xPrefetch,[98]
[99],1.18,0.046638,0.0,copyBufferSimd<4>,[99]
,,,,,
,,0.0,0.046578,  CABACReader::coding_tree <cycle 2>,[25]
[100],1.18,0.0,0.046578,CABACReader::split_cu_mode,[100]
,,0.015554,0.0,  DeriveCtx::CtxSplit,[162]
,,0.015512,0.015512,  QTBTPartitioner::canSplit,[128]
,,,,,
,,0.031096,0.015462,  CABACReader::coding_unit,[28]
[101],1.18,0.031096,0.015462,CodingStructure::addPU,[101]
,,0.015462,0.0,  PredictionUnit::initData,[195]
,,,,,
,,0.015511,0.015424,  CodingStructure::getResiBuf,[134]
,,0.015603,0.0,  CodingStructure::getRecoBuf,[141]
[102],1.17,0.031113,0.015424,CodingStructure::getBuf,[102]
,,0.015424,0.0,  _security_check_cookie,[92]
,,,,,
,,0.0,0.046529,  DecCu::decompressCtu,[9]
[103],1.17,0.0,0.046529,DecCu::xDeriveCUMV,[103]
,,0.015559,0.0,  PU::setAllAffineMv,[155]
,,0.015550,0.0,  Mv::changeAffinePrecAmvr2Internal,[167]
,,0.0,0.015420,  PU::spanMotionInfo,[91]
,,,,,
,,0.015542,0.030985,  byteStreamNALUnit,[105]
[104],1.17,0.015542,0.030985,InputByteStream::eofBeforeNBytes,[104]
,,0.030985,0.0,"  std::basic_istream<char,struct std::char_traits<char> >::get",[131]
,,,,,
,,0.0,0.046527,  byteStreamNALUnit,[106]
[105],1.17,0.0,0.046527,byteStreamNALUnit,[105]
,,0.015542,0.030985,  InputByteStream::eofBeforeNBytes,[104]
,,,,,
,,0.0,0.046527,  DecApp::decode,[5]
[106],1.17,0.0,0.046527,byteStreamNALUnit,[106]
,,0.0,0.046527,  byteStreamNALUnit,[105]
,,,,,
,,0.046498,0.0,  AdaptiveLoopFilter::ALFProcess,[16]
[107],1.17,0.046498,0.0,simdFilter5x5Blk<4>,[107]
,,,,,
,,0.030912,0.015547,  CABACReader::transform_tree <cycle 3>,[50]
[108],1.17,0.030912,0.015547,CodingStructure::addTU,[108]
,,0.0,0.015547,  operator new,[57]
,,,,,
,,0.0,0.046453,  QuantRDOQ::~QuantRDOQ,[110]
[109],1.17,0.0,0.046453,QuantRDOQ::xDestroyScalingList,[109]
,,0.046453,0.0,  free_base,[42]
,,,,,
,,0.0,0.046453,  DepQuant::`scalar deleting destructor',[41]
[110],1.17,0.0,0.046453,QuantRDOQ::~QuantRDOQ,[110]
,,0.0,0.046453,  QuantRDOQ::xDestroyScalingList,[109]
,,,,,
,,0.0,0.046303,  LoopFilter::xDeblockCU,[18]
[111],1.17,0.0,0.046303,LoopFilter::xSetMaxFilterLengthPQFromTransformSizes,[111]
,,0.046303,0.0,  CodingStructure::getTU,[73]
,,,,,
,,0.015568,0.015603,  LoopFilter::xDeblockCU,[18]
[112],0.79,0.015568,0.015603,LoopFilter::xEdgeFilterChroma,[112]
,,0.0,0.015603,  CodingStructure::getRecoBuf,[141]
,,,,,
,,0.0,0.031154,  InterPrediction::xProcessDMVR,[21]
[113],0.79,0.0,0.031154,InterPrediction::xinitMC,[113]
,,0.0,0.031154,  InterPrediction::xPredInterBlk,[20]
,,,,,
,,0.031149,0.0,  InterPrediction::applyBiOptFlow,[78]
[114],0.79,0.031149,0.0,calcBIOSums_SSE<4>,[114]
,,,,,
,,0.0,0.031136,  DecLib::xActivateParameterSets,[27]
[115],0.79,0.0,0.031136,Picture::finalInit,[115]
,,0.0,0.015578,  CodingStructure::create,[146]
,,0.0,0.015558,  CodingStructure::initStructData,[156]
,,,,,
,,0.031128,0.0,  TrQuant::xIT,[80]
[116],0.79,0.031128,0.0,fastInverseDCT2_B16,[116]
,,,,,
,,0.015557,0.0,  LoopFilter::loopFilterPic,[17]
,,0.015558,0.0,  CodingStructure::initStructData,[156]
[117],0.79,0.031115,0.0,memset,[117]
,,,,,
,,0.031072,0.0,  UnitBuf<short>::fill,[120]
[118],0.78,0.031072,0.0,AreaBuf<short>::fill,[118]
,,,,,
,,0.0,0.031072,  DecCu::decompressCtu,[9]
[119],0.78,0.0,0.031072,InterPrediction::resetVPDUforIBC,[119]
,,0.0,0.031072,  UnitBuf<short>::fill,[120]
,,,,,
,,0.0,0.031072,  InterPrediction::resetVPDUforIBC,[119]
[120],0.78,0.0,0.031072,UnitBuf<short>::fill,[120]
,,0.031072,0.0,  AreaBuf<short>::fill,[118]
,,,,,
,,0.0,0.031067,  DecLib::executeLoopFilters,[11]
[121],0.78,0.0,0.031067,CS::setRefinedMotionField,[121]
,,0.015554,0.0,  CU::traversePUs,[161]
,,0.0,0.015514,  PU::spanMotionInfo,[91]
,,,,,
,,0.031058,0.0,  InterPrediction::xDMVRCost,[89]
[122],0.78,0.031058,0.0,"RdCost::xGetSAD_NxN_SIMD<16,4>",[122]
,,,,,
,,0.031056,0.0,  LoopFilter::xGetBoundaryStrengthSingle,[45]
[123],0.78,0.031056,0.0,CodingStructure::getCU,[123]
,,,,,
,,0.0,0.031049,  CABACReader::coding_unit,[28]
[124],0.78,0.0,0.031049,CABACReader::cu_pred_data,[124]
,,0.0,0.015490,  CABACReader::intra_chroma_pred_modes,[193]
,,0.0,0.015559,  CABACReader::prediction_unit,[96]
,,,,,
,,0.0,0.031047,  DecCu::xReconInter,[10]
[125],0.78,0.0,0.031047,InterPrediction::motionCompensation4Triangle,[125]
,,0.0,0.031047,  InterPrediction::motionCompensation <cycle 1>,[13]
,,,,,
,,0.0,0.031029,  InterPrediction::applyBiOptFlow,[78]
[126],0.78,0.0,0.031029,InterPrediction::xAddBIOAvg4,[126]
,,0.031029,0.0,  addBIOAvg4_SSE<4>,[127]
,,,,,
,,0.031029,0.0,  InterPrediction::xAddBIOAvg4,[126]
[127],0.78,0.031029,0.0,addBIOAvg4_SSE<4>,[127]
,,,,,
,,0.015512,0.015512,  CABACReader::split_cu_mode,[100]
[128],0.78,0.015512,0.015512,QTBTPartitioner::canSplit,[128]
,,0.0,0.015512,  PreCalcValues::getMinBtSize,[187]
,,,,,
,,0.031020,0.0,  InterpolationFilter::filterHor,[23]
[129],0.78,0.031020,0.0,"InterpolationFilter::filterCopy<1,1>",[129]
,,,,,
,,0.031002,0.0,"  simdFilter<4,8,0,1,0>",[60]
[130],0.78,0.031002,0.0,"simdInterpolateHorM4<4,8,0>",[130]
,,,,,
,,0.030985,0.0,  InputByteStream::eofBeforeNBytes,[104]
[131],0.78,0.030985,0.0,"std::basic_istream<char,struct std::char_traits<char> >::get",[131]
,,,,,
,,0.0,0.030957,  DecCu::xIntraRecBlk,[61]
[132],0.78,0.0,0.030957,IntraPrediction::initIntraPatternChType,[132]
,,0.0,0.030957,  IntraPrediction::xFillReferenceSamples,[133]
,,,,,
,,0.0,0.030957,  IntraPrediction::initIntraPatternChType,[132]
[133],0.78,0.0,0.030957,IntraPrediction::xFillReferenceSamples,[133]
,,0.015540,0.0,  isBelowLeftAvailable,[176]
,,0.0,0.015417,  CodingStructure::getCURestricted,[200]
,,,,,
,,0.0,0.030935,  DecCu::xDecodeInterTU,[71]
[134],0.78,0.0,0.030935,CodingStructure::getResiBuf,[134]
,,0.015511,0.015424,  CodingStructure::getBuf,[102]
,,,,,
,,0.015582,0.015338,  Slice::constructRefPicList,[136]
[135],0.78,0.015582,0.015338,Picture::extendPicBorder,[135]
,,0.015338,0.0,  memcpy,[47]
,,,,,
,,0.0,0.030919,  DecLib::xDecodeSlice,[7]
[136],0.78,0.0,0.030919,Slice::constructRefPicList,[136]
,,0.015582,0.015338,  Picture::extendPicBorder,[135]
,,,,,
,,0.0,0.015641,  DecLib::finishPicture,[138]
[137],0.39,0.0,0.015641,CodingStructure::destroyCoeffs,[137]
,,0.015641,0.0,  aligned_free,[139]
,,,,,
,,0.0,0.015641,  DecApp::decode,[5]
[138],0.39,0.0,0.015641,DecLib::finishPicture,[138]
,,0.0,0.015641,  CodingStructure::destroyCoeffs,[137]
,,,,,
,,0.015641,0.0,  CodingStructure::destroyCoeffs,[137]
[139],0.39,0.015641,0.0,aligned_free,[139]
,,,,,
,,0.015606,0.0,  LoopFilter::xGetBoundaryStrengthSingle,[45]
[140],0.39,0.015606,0.0,CodingStructure::getMotionInfo,[140]
,,,,,
,,0.0,0.015603,  LoopFilter::xEdgeFilterChroma,[112]
[141],0.39,0.0,0.015603,CodingStructure::getRecoBuf,[141]
,,0.015603,0.0,  CodingStructure::getBuf,[102]
,,,,,
,,0.015584,0.0,  TrQuant::xIT,[80]
[142],0.39,0.015584,0.0,fastInverseDCT2_B32,[142]
,,,,,
,,0.0,0.015582,  UnitBuf<short>::addAvg,[144]
[143],0.39,0.0,0.015582,AreaBuf<short>::addAvg,[143]
,,0.015582,0.0,"  addAvg_SSE<4,8>",[145]
,,,,,
,,0.0,0.015582,  InterPrediction::xWeightedAverage,[43]
[144],0.39,0.0,0.015582,UnitBuf<short>::addAvg,[144]
,,0.0,0.015582,  AreaBuf<short>::addAvg,[143]
,,,,,
,,0.015582,0.0,  AreaBuf<short>::addAvg,[143]
[145],0.39,0.015582,0.0,"addAvg_SSE<4,8>",[145]
,,,,,
,,0.0,0.015578,  Picture::finalInit,[115]
[146],0.39,0.0,0.015578,CodingStructure::create,[146]
,,0.015578,0.0,  CodingStructure::createInternals,[147]
,,,,,
,,0.015578,0.0,  CodingStructure::create,[146]
[147],0.39,0.015578,0.0,CodingStructure::createInternals,[147]
,,,,,
,,0.015571,0.0,  InterPrediction::xPredAffineBlk,[40]
[148],0.39,0.015571,0.0,roundAffineMv,[148]
,,,,,
,,0.015564,0.0,  DecCu::xReconInter,[10]
[149],0.39,0.015564,0.0,PU::spanTriangleMotionInfo,[149]
,,,,,
,,0.015562,0.0,  DepQuant::dequant,[151]
[150],0.39,0.015562,0.0,DQIntern::Quantizer::dequantBlock,[150]
,,,,,
,,0.0,0.015562,  TrQuant::invTransformNxN,[67]
[151],0.39,0.0,0.015562,DepQuant::dequant,[151]
,,0.015562,0.0,  DQIntern::Quantizer::dequantBlock,[150]
,,,,,
,,0.0,0.015561,  DecApp::decode,[5]
[152],0.39,0.0,0.015561,DecApp::xFlushOutput,[152]
,,0.0,0.015561,  VideoIOYuv::write,[30]
,,,,,
,,0.015561,0.0,  LoopFilter::xDeblockCU,[18]
[153],0.39,0.015561,0.0,"std::_Sort_unchecked1<int *,__int64,struct std::less<void> >",[153]
,,,,,
,,0.0,0.015559,  CABACReader::prediction_unit,[96]
[154],0.39,0.0,0.015559,CABACReader::mvd_coding,[154]
,,0.015559,0.0,  TBinDecoder<class BinProbModel_Std>::decodeBin,[97]
,,,,,
,,0.015559,0.0,  DecCu::xDeriveCUMV,[103]
[155],0.39,0.015559,0.0,PU::setAllAffineMv,[155]
,,,,,
,,0.0,0.015558,  Picture::finalInit,[115]
[156],0.39,0.0,0.015558,CodingStructure::initStructData,[156]
,,0.015558,0.0,  memset,[117]
,,,,,
,,0.015557,0.0,  CABACReader::residual_coding_subblock,[84]
[157],0.39,0.015557,0.0,CoeffCodingContext::ctxOffsetAbs,[157]
,,,,,
,,0.015554,0.0,"  simdFilter<4,8,1,0,0>",[68]
[158],0.39,0.015554,0.0,"simdInterpolateVerM4<4,8,0>",[158]
,,,,,
,,0.0,0.015554,  InterPrediction::xProcessDMVR,[21]
[159],0.39,0.0,0.015554,InterPrediction::xPad,[159]
,,0.015554,0.0,  paddingSimd<4>,[160]
,,,,,
,,0.015554,0.0,  InterPrediction::xPad,[159]
[160],0.39,0.015554,0.0,paddingSimd<4>,[160]
,,,,,
,,0.015554,0.0,  CS::setRefinedMotionField,[121]
[161],0.39,0.015554,0.0,CU::traversePUs,[161]
,,,,,
,,0.015554,0.0,  CABACReader::split_cu_mode,[100]
[162],0.39,0.015554,0.0,DeriveCtx::CtxSplit,[162]
,,,,,
,,0.015550,0.0,  `eh vector constructor iterator',[166]
[163],0.39,0.015550,0.0,PartLevel::PartLevel,[163]
,,,,,
,,0.0,0.015550,  PartitionerFactory::get,[165]
[164],0.39,0.0,0.015550,Partitioner::Partitioner,[164]
,,0.0,0.015550,  `eh vector constructor iterator',[166]
,,,,,
,,0.0,0.015550,  CABACReader::coding_tree_unit,[24]
[165],0.39,0.0,0.015550,PartitionerFactory::get,[165]
,,0.0,0.015550,  Partitioner::Partitioner,[164]
,,,,,
,,0.0,0.015550,  Partitioner::Partitioner,[164]
[166],0.39,0.0,0.015550,`eh vector constructor iterator',[166]
,,0.015550,0.0,  PartLevel::PartLevel,[163]
,,,,,
,,0.015550,0.0,  DecCu::xDeriveCUMV,[103]
[167],0.39,0.015550,0.0,Mv::changeAffinePrecAmvr2Internal,[167]
,,,,,
,,0.0,0.015550,  InterpolationFilter::filterHor,[23]
[168],0.39,0.0,0.015550,InterpolationFilter::filterHor<2>,[168]
,,0.0,0.015550,"  simdFilter<4,2,0,1,0>",[169]
,,,,,
,,0.0,0.015550,  InterpolationFilter::filterHor<2>,[168]
[169],0.39,0.0,0.015550,"simdFilter<4,2,0,1,0>",[169]
,,0.015550,0.0,"  simdInterpolateN2_10BIT_M4<4,0>",[170]
,,,,,
,,0.015550,0.0,"  simdFilter<4,2,0,1,0>",[169]
[170],0.39,0.015550,0.0,"simdInterpolateN2_10BIT_M4<4,0>",[170]
,,,,,
,,0.0,0.015548,  InterpolationFilter::filterVer<8>,[54]
[171],0.39,0.0,0.015548,"simdFilter<4,8,1,1,0>",[171]
,,0.015548,0.0,"  simdInterpolateVerM8_AVX2<4,8,0>",[70]
,,,,,
,,0.015542,0.0,  SampleAdaptiveOffset::offsetBlock,[94]
[172],0.39,0.015542,0.0,sgn<int>,[172]
,,,,,
,,0.0,0.015542,  DecLib::decode,[6]
[173],0.39,0.0,0.015542,DecLib::xDecodeSPS,[173]
,,0.0,0.015542,  HLSyntaxReader::parseSPS,[174]
,,,,,
,,0.0,0.015542,  DecLib::xDecodeSPS,[173]
[174],0.39,0.0,0.015542,HLSyntaxReader::parseSPS,[174]
,,0.015542,0.0,  SPS::getWinUnitY,[175]
,,,,,
,,0.015542,0.0,  HLSyntaxReader::parseSPS,[174]
[175],0.39,0.015542,0.0,SPS::getWinUnitY,[175]
,,,,,
,,0.015540,0.0,  IntraPrediction::xFillReferenceSamples,[133]
[176],0.39,0.015540,0.0,isBelowLeftAvailable,[176]
,,,,,
,,0.015528,0.0,  CABACReader::residual_coding,[69]
[177],0.39,0.015528,0.0,CoeffCodingContext::CoeffCodingContext,[177]
,,,,,
,,0.0,0.015528,  InterPrediction::xWeightedAverage,[43]
[178],0.39,0.0,0.015528,InterPrediction::xApplyBiPROF,[178]
,,0.015528,0.0,"  applyBiPROF_SSE<4,1>",[179]
,,,,,
,,0.015528,0.0,  InterPrediction::xApplyBiPROF,[178]
[179],0.39,0.015528,0.0,"applyBiPROF_SSE<4,1>",[179]
,,,,,
,,0.015527,0.0,  DecCu::xIntraRecBlk,[61]
[180],0.39,0.015527,0.0,IntraPrediction::predIntraAng,[180]
,,,,,
,,0.0,0.015522,  CodingStructure::getPredBuf,[182]
[181],0.39,0.0,0.015522,CodingStructure::getBuf,[181]
,,0.015522,0.0,  UnitBuf<short>::UnitBuf<short>,[183]
,,,,,
,,0.0,0.015522,  InterPrediction::motionCompensation,[15]
[182],0.39,0.0,0.015522,CodingStructure::getPredBuf,[182]
,,0.0,0.015522,  CodingStructure::getBuf,[181]
,,,,,
,,0.015522,0.0,  CodingStructure::getBuf,[181]
[183],0.39,0.015522,0.0,UnitBuf<short>::UnitBuf<short>,[183]
,,,,,
,,0.015522,0.0,  CodingUnit::isSepTree,[185]
[184],0.39,0.015522,0.0,CS::isDualITree,[184]
,,,,,
,,0.0,0.015522,  CABACReader::transform_unit,[58]
[185],0.39,0.0,0.015522,CodingUnit::isSepTree,[185]
,,0.015522,0.0,  CS::isDualITree,[184]
,,,,,
,,0.0,0.015517,  InterPrediction::xDMVRCost,[89]
[186],0.39,0.0,0.015517,RdCost::setDistParam,[186]
,,0.015517,0.0,  _security_check_cookie,[92]
,,,,,
,,0.0,0.015512,  QTBTPartitioner::canSplit,[128]
[187],0.39,0.0,0.015512,PreCalcValues::getMinBtSize,[187]
,,0.015512,0.0,  PreCalcValues::getValIdx,[188]
,,,,,
,,0.015512,0.0,  PreCalcValues::getMinBtSize,[187]
[188],0.39,0.015512,0.0,PreCalcValues::getValIdx,[188]
,,,,,
,,0.015507,0.0,  InterPrediction::xProcessDMVR,[21]
[189],0.39,0.015507,0.0,UnitBuf<short>::subBuf,[189]
,,,,,
,,,,  InterPrediction::motionCompensation <cycle 1>,[13]
[190],0.39,0.015499,0.0,InterPrediction::xSubPuMC <cycle 1>,[190]
,,,,  InterPrediction::motionCompensation <cycle 1>,[13]
,,,,,
,,0.015490,0.0,  CABACReader::intra_chroma_pred_mode,[192]
[191],0.39,0.015490,0.0,BinDecoderBase::decodeBinsEP,[191]
,,,,,
,,0.0,0.015490,  CABACReader::intra_chroma_pred_modes,[193]
[192],0.39,0.0,0.015490,CABACReader::intra_chroma_pred_mode,[192]
,,0.015490,0.0,  BinDecoderBase::decodeBinsEP,[191]
,,,,,
,,0.0,0.015490,  CABACReader::cu_pred_data,[124]
[193],0.39,0.0,0.015490,CABACReader::intra_chroma_pred_modes,[193]
,,0.0,0.015490,  CABACReader::intra_chroma_pred_mode,[192]
,,,,,
,,0.015475,0.0,  CABACReader::residual_coding_subblock,[84]
[194],0.39,0.015475,0.0,CoeffCodingContext::sigCtxIdAbs,[194]
,,,,,
,,0.015462,0.0,  CodingStructure::addPU,[101]
[195],0.39,0.015462,0.0,PredictionUnit::initData,[195]
,,,,,
,,0.015457,0.0,  LoopFilter::xDeblockCU,[18]
[196],0.39,0.015457,0.0,LoopFilter::xSetEdgefilterMultiple,[196]
,,,,,
,,0.015445,0.0,  TrQuant::xIT,[80]
[197],0.39,0.015445,0.0,fastInverseDCT2_B4,[197]
,,,,,
,,0.0,0.015437,  QuantRDOQ::QuantRDOQ,[65]
[198],0.39,0.0,0.015437,QuantRDOQ::xInitScalingList,[198]
,,0.0,0.015437,  operator new,[57]
,,,,,
,,0.015417,0.0,  CodingStructure::getCURestricted,[200]
[199],0.39,0.015417,0.0,CodingStructure::getCU,[199]
,,,,,
,,0.0,0.015417,  IntraPrediction::xFillReferenceSamples,[133]
[200],0.39,0.0,0.015417,CodingStructure::getCURestricted,[200]
,,0.015417,0.0,  CodingStructure::getCU,[199]
,,,,,
,,0.0,0.012802,  main,[4]
[201],0.32,0.0,0.012802,DecApp::`scalar deleting destructor',[201]
,,0.0,0.012802,  DecLib::~DecLib,[202]
,,,,,
,,0.0,0.012802,  DecApp::`scalar deleting destructor',[201]
[202],0.32,0.0,0.012802,DecLib::~DecLib,[202]
,,0.0,0.012802,  TrQuant::~TrQuant,[203]
,,,,,
,,0.0,0.012802,  DecLib::~DecLib,[202]
[203],0.32,0.0,0.012802,TrQuant::~TrQuant,[203]
,,0.0,0.012802,  DepQuant::`scalar deleting destructor',[41]
,,,,,
,,0.008965,0.0,  initterm,[205]
[204],0.23,0.008965,0.0,`dynamic initializer for 'g_reusedUniMVs'',[204]
,,,,,
,,0.0,0.008965,  _scrt_common_main_seh,[3]
[205],0.23,0.0,0.008965,initterm,[205]
,,0.008965,0.0,  `dynamic initializer for 'g_reusedUniMVs'',[204]
,,,,,
,,,,  InterPrediction::motionCompensation <cycle 1>,[13]
[206],0.0,0.0,0.0,InterPrediction::xSubPuBio <cycle 1>,[206]
,,,,  InterPrediction::motionCompensation <cycle 1>,[13]
,,,,,


Index by function name

Index,Function
[16],AdaptiveLoopFilter::ALFProcess
[35],AdaptiveLoopFilter::deriveClassification
[143],AreaBuf<short>::addAvg
[86],AreaBuf<short>::addWeightedAvg
[39],AreaBuf<short>::copyClip
[51],AreaBuf<short>::copyFrom
[118],AreaBuf<short>::fill
[90],AreaBuf<struct MotionInfo>::fill
[1],BaseThreadInitThunk
[191],BinDecoderBase::decodeBinsEP
[25],CABACReader::coding_tree
[24],CABACReader::coding_tree_unit
[28],CABACReader::coding_unit
[124],CABACReader::cu_pred_data
[49],CABACReader::cu_residual
[192],CABACReader::intra_chroma_pred_mode
[193],CABACReader::intra_chroma_pred_modes
[154],CABACReader::mvd_coding
[96],CABACReader::prediction_unit
[69],CABACReader::residual_coding
[84],CABACReader::residual_coding_subblock
[100],CABACReader::split_cu_mode
[50],CABACReader::transform_tree
[58],CABACReader::transform_unit
[184],CS::isDualITree
[121],CS::setRefinedMotionField
[161],CU::traversePUs
[101],CodingStructure::addPU
[108],CodingStructure::addTU
[146],CodingStructure::create
[147],CodingStructure::createInternals
[137],CodingStructure::destroyCoeffs
[102],CodingStructure::getBuf
[181],CodingStructure::getBuf
[123],CodingStructure::getCU
[199],CodingStructure::getCU
[200],CodingStructure::getCURestricted
[140],CodingStructure::getMotionInfo
[182],CodingStructure::getPredBuf
[141],CodingStructure::getRecoBuf
[134],CodingStructure::getResiBuf
[73],CodingStructure::getTU
[156],CodingStructure::initStructData
[185],CodingUnit::isSepTree
[177],CoeffCodingContext::CoeffCodingContext
[157],CoeffCodingContext::ctxOffsetAbs
[194],CoeffCodingContext::sigCtxIdAbs
[150],DQIntern::Quantizer::dequantBlock
[201],DecApp::`scalar deleting destructor'
[5],DecApp::decode
[152],DecApp::xFlushOutput
[33],DecApp::xWriteOutput
[9],DecCu::decompressCtu
[71],DecCu::xDecodeInterTU
[72],DecCu::xDecodeInterTexture
[103],DecCu::xDeriveCUMV
[61],DecCu::xIntraRecBlk
[62],DecCu::xIntraRecQT
[10],DecCu::xReconInter
[63],DecCu::xReconIntraQT
[6],DecLib::decode
[11],DecLib::executeLoopFilters
[138],DecLib::finishPicture
[27],DecLib::xActivateParameterSets
[173],DecLib::xDecodeSPS
[7],DecLib::xDecodeSlice
[202],DecLib::~DecLib
[8],DecSlice::decompressSlice
[64],DepQuant::DepQuant
[41],DepQuant::`scalar deleting destructor'
[151],DepQuant::dequant
[162],DeriveCtx::CtxSplit
[174],HLSyntaxReader::parseSPS
[104],InputByteStream::eofBeforeNBytes
[78],InterPrediction::applyBiOptFlow
[15],InterPrediction::motionCompensation
[13],InterPrediction::motionCompensation
[125],InterPrediction::motionCompensation4Triangle
[119],InterPrediction::resetVPDUforIBC
[126],InterPrediction::xAddBIOAvg4
[178],InterPrediction::xApplyBiPROF
[88],InterPrediction::xBIPMVRefine
[89],InterPrediction::xDMVRCost
[85],InterPrediction::xFillIBCBuffer
[53],InterPrediction::xFinalPaddedMCForDMVR
[159],InterPrediction::xPad
[40],InterPrediction::xPredAffineBlk
[14],InterPrediction::xPredInterBi
[20],InterPrediction::xPredInterBlk
[19],InterPrediction::xPredInterUni
[98],InterPrediction::xPrefetch
[21],InterPrediction::xProcessDMVR
[206],InterPrediction::xSubPuBio
[190],InterPrediction::xSubPuMC
[43],InterPrediction::xWeightedAverage
[113],InterPrediction::xinitMC
[46],"InterpolationFilter::filterCopy<1,0>"
[129],"InterpolationFilter::filterCopy<1,1>"
[23],InterpolationFilter::filterHor
[168],InterpolationFilter::filterHor<2>
[66],InterpolationFilter::filterHor<4>
[59],InterpolationFilter::filterHor<8>
[34],InterpolationFilter::filterVer
[81],InterpolationFilter::filterVer<4>
[54],InterpolationFilter::filterVer<8>
[132],IntraPrediction::initIntraPatternChType
[180],IntraPrediction::predIntraAng
[133],IntraPrediction::xFillReferenceSamples
[17],LoopFilter::loopFilterPic
[18],LoopFilter::xDeblockCU
[112],LoopFilter::xEdgeFilterChroma
[32],LoopFilter::xEdgeFilterLuma
[45],LoopFilter::xGetBoundaryStrengthSingle
[37],LoopFilter::xPelFilterLuma
[196],LoopFilter::xSetEdgefilterMultiple
[111],LoopFilter::xSetMaxFilterLengthPQFromTransformSizes
[167],Mv::changeAffinePrecAmvr2Internal
[155],PU::setAllAffineMv
[91],PU::spanMotionInfo
[149],PU::spanTriangleMotionInfo
[163],PartLevel::PartLevel
[164],Partitioner::Partitioner
[165],PartitionerFactory::get
[135],Picture::extendPicBorder
[115],Picture::finalInit
[187],PreCalcValues::getMinBtSize
[188],PreCalcValues::getValIdx
[195],PredictionUnit::initData
[128],QTBTPartitioner::canSplit
[74],Quant::Quant
[55],Quant::xDestroyScalingList
[75],Quant::xInitScalingList
[65],QuantRDOQ::QuantRDOQ
[109],QuantRDOQ::xDestroyScalingList
[198],QuantRDOQ::xInitScalingList
[110],QuantRDOQ::~QuantRDOQ
[186],RdCost::setDistParam
[122],"RdCost::xGetSAD_NxN_SIMD<16,4>"
[2],RtlUserThreadStart
[175],SPS::getWinUnitY
[52],SampleAdaptiveOffset::SAOProcess
[94],SampleAdaptiveOffset::offsetBlock
[95],SampleAdaptiveOffset::offsetCTU
[136],Slice::constructRefPicList
[97],TBinDecoder<class BinProbModel_Std>::decodeBin
[29],TrQuant::init
[67],TrQuant::invTransformNxN
[80],TrQuant::xIT
[203],TrQuant::~TrQuant
[183],UnitBuf<short>::UnitBuf<short>
[144],UnitBuf<short>::addAvg
[87],UnitBuf<short>::addWeightedAvg
[38],UnitBuf<short>::copyClip
[77],UnitBuf<short>::copyFrom
[120],UnitBuf<short>::fill
[189],UnitBuf<short>::subBuf
[30],VideoIOYuv::write
[3],_scrt_common_main_seh
[92],_security_check_cookie
[204],`dynamic initializer for 'g_reusedUniMVs''
[166],`eh vector constructor iterator'
[145],"addAvg_SSE<4,8>"
[127],addBIOAvg4_SSE<4>
[139],aligned_free
[179],"applyBiPROF_SSE<4,1>"
[105],byteStreamNALUnit
[106],byteStreamNALUnit
[114],calcBIOSums_SSE<4>
[99],copyBufferSimd<4>
[116],fastInverseDCT2_B16
[142],fastInverseDCT2_B32
[197],fastInverseDCT2_B4
[42],free_base
[205],initterm
[176],isBelowLeftAvailable
[4],main
[56],malloc_base
[47],memcpy
[117],memset
[57],operator new
[160],paddingSimd<4>
[148],roundAffineMv
[172],sgn<int>
[36],simdDeriveClassificationBlk<4>
[107],simdFilter5x5Blk<4>
[22],simdFilter7x7Blk<4>
[169],"simdFilter<4,2,0,1,0>"
[76],"simdFilter<4,4,0,1,0>"
[82],"simdFilter<4,4,1,0,0>"
[60],"simdFilter<4,8,0,1,0>"
[68],"simdFilter<4,8,1,0,0>"
[171],"simdFilter<4,8,1,1,0>"
[130],"simdInterpolateHorM4<4,8,0>"
[93],"simdInterpolateHorM8_AVX2<4,4,0>"
[79],"simdInterpolateHorM8_AVX2<4,8,0>"
[170],"simdInterpolateN2_10BIT_M4<4,0>"
[83],"simdInterpolateVerM4<4,4,0>"
[158],"simdInterpolateVerM4<4,8,0>"
[70],"simdInterpolateVerM8_AVX2<4,8,0>"
[153],"std::_Sort_unchecked1<int *,__int64,struct std::less<void> >"
[131],"std::basic_istream<char,struct std::char_traits<char> >::get"
[44],"std::basic_ostream<char,struct std::char_traits<char> >::write"
[31],writePlane
[12],<cycle 1>
[26],<cycle 2>
[48],<cycle 3>
