Index,% CPU Time:Total,CPU Time:Self,CPU Time:Children,Name,Index
,,0.0,774.078786,  RtlUserThreadStart,[2]
[1],100.0,0.0,774.078786,BaseThreadInitThunk,[1]
,,0.0,774.078786,  _scrt_common_main_seh,[4]
,,,,,
,,,,  <spontaneous>,
[2],100.0,0.0,774.078786,RtlUserThreadStart,[2]
,,0.0,774.078786,  BaseThreadInitThunk,[1]
,,,,,
,,0.0,774.078786,  main,[5]
[3],100.0,0.0,774.078786,TAppEncTop::encode,[3]
,,0.0,0.031223,  TAppEncTop::xWriteOutput,[188]
,,0.0,0.015555,  TComPic::destroy,[212]
,,0.0,773.519097,  TEncTop::encode,[6]
,,0.0,0.497671,  TVideoIOYuv::read,[146]
,,0.0,0.015240,"  std::basic_fstream<char,struct std::char_traits<char> >::~basic_fstream<char,struct std::char_traits<char> >",[232]
,,,,,
,,0.0,774.078786,  BaseThreadInitThunk,[1]
[4],100.0,0.0,774.078786,_scrt_common_main_seh,[4]
,,0.0,774.078786,  main,[5]
,,,,,
,,0.0,774.078786,  _scrt_common_main_seh,[4]
[5],100.0,0.0,774.078786,main,[5]
,,0.0,774.078786,  TAppEncTop::encode,[3]
,,,,,
,,0.0,773.519097,  TAppEncTop::encode,[3]
[6],99.93,0.0,773.519097,TEncTop::encode,[6]
,,0.015542,773.206891,  TEncGOP::compressGOP,[7]
,,0.0,0.281111,  TComPicYuv::copyToPic,[138]
,,0.0,0.015553,  TEncTop::xGetNewPicBuffer,[220]
,,,,,
,,0.015542,773.206891,  TEncTop::encode,[6]
[7],99.89,0.015542,773.206891,TEncGOP::compressGOP,[7]
,,0.015576,0.0,  TComOutputBitstream::write,[197]
,,0.015537,766.873756,  TEncSlice::compressSlice,[8]
,,0.0,1.678880,  TComLoopFilter::loopFilterPic,[111]
,,0.0,0.015563,  TComOutputBitstream::addSubstream,[208]
,,0.0,0.062172,  TComPic::compressMotion,[182]
,,0.0,0.187402,  TComPicYuv::copyToPic,[138]
,,0.0,0.109094,  TEncGOP::xCalculateAddPSNRs,[170]
,,0.0,3.408178,  TEncSampleAdaptiveOffset::SAOProcess,[84]
,,0.0,0.825092,  TEncSlice::encodeSlice,[129]
,,0.0,0.015642,  TEncSlice::initEncSlice,[201]
,,,,,
,,0.015537,766.873756,  TEncGOP::compressGOP,[7]
[8],99.07,0.015537,766.873756,TEncSlice::compressSlice,[8]
,,0.046604,0.217444,  TComDataCU::initCtu,[150]
,,0.031018,0.839060,  TEncCu::xEncodeCU <cycle 2>,[108]
,,0.0,765.739631,  TEncCu::compressCtu,[9]
,,,,,
,,0.0,765.739631,  TEncSlice::compressSlice,[8]
[9],98.92,0.0,765.739631,TEncCu::compressCtu,[9]
,,1.025193,764.543452,  TEncCu::xCompressCU <cycle 11>,[10]
,,0.015604,0.139792,  TComDataCU::initCtu,[150]
,,0.0,0.015590,  [Unknown stack frame(s)],[165]
,,,,,
,,,,  TEncCu::xCompressCU <cycle 11>,[10]
,,1.025193,764.543452,  TEncCu::compressCtu,[9]
[10],98.9,1.025193,764.543452,TEncCu::xCompressCU <cycle 11>,[10]
,,2.610232,1.351853,  TComDataCU::initEstData,[79]
,,0.994280,0.994157,  TComDataCU::initSubCU,[100]
,,0.978827,749.674998,  TEncCu::xCheckRDCostIntra,[12]
,,0.652443,1.103038,  TComDataCU::copyPartFrom,[105]
,,0.559280,0.0,  memcpy,[29]
,,0.372867,1.351569,  TComDataCU::copyToPic,[106]
,,0.155508,0.093206,  TEncSbac::codeSplitFlag,[153]
,,0.155398,0.403814,  TComYuv::copyFromPicComponent,[141]
,,0.155319,0.450108,  TEncCu::xCopyYuv2Pic,[140]
,,0.124331,0.0,  std::_Deque_iterator<class std::_Deque_val<struct std::_Deque_simple_types<class TComSlice *> > >::operator+,[168]
,,0.108802,1.072385,  TEncCu::xCopyYuv2Tmp,[120]
,,0.077711,0.0,  TEncCu::xComputeQP,[178]
,,0.062322,0.0,  TEncBinCABAC::copyState,[72]
,,0.062182,0.714778,  TComYuv::copyToPicYuv,[118]
,,0.031120,0.0,  TEncBinCABACCounter::getNumWrittenBits,[91]
,,0.031109,0.0,"  std::deque<class TComSlice *,class std::allocator<class TComSlice *> >::begin",[198]
,,0.031075,0.0,  TComBitCounter::resetBits,[115]
,,0.030982,0.0,  TEncSbac::resetBits,[87]
,,0.015510,0.0,  TEncSbac::getNumberOfWrittenBits,[124]
,,,,  TEncCu::xCompressCU <cycle 11>,[10]
,,0.0,0.124245,  [Unknown stack frame(s)],[165]
,,,,,
,,1.025193,764.543452,  TEncCu::compressCtu,[9]
[11],98.9,1.025193,764.543452,<cycle 11 as a whole>,[11]
,,1.025193,764.543452,  TEncCu::xCompressCU <cycle 11>,[10]
,,,,,
,,0.978827,749.674998,  TEncCu::xCompressCU <cycle 11>,[10]
[12],96.97,0.978827,749.674998,TEncCu::xCheckRDCostIntra,[12]
,,8.994689,616.461808,  TEncSearch::estIntraPredLumaQT,[13]
,,1.864332,116.506720,  TEncSearch::estIntraPredChromaQT,[20]
,,0.916526,2.802787,  TEncEntropy::xEncodeTransform <cycle 1>,[70]
,,0.667675,0.0,  memcpy,[29]
,,0.186431,0.0,  TComTU::TComTU,[142]
,,0.124237,0.0,  memset,[33]
,,0.062071,0.0,  _chkstk,[81]
,,0.046637,0.839109,  TEncEntropy::encodePredInfo,[123]
,,0.046563,0.0,  TEncBinCABAC::copyState,[72]
,,0.015571,0.077746,  TEncBinCABACCounter::getNumWrittenBits,[91]
,,0.015551,0.015533,  TEncSbac::codePartSize,[133]
,,0.015511,0.0,  TEncSbac::resetBits,[87]
,,0.015504,0.0,  TEncSbac::getNumberOfWrittenBits,[124]
,,,,,
,,8.994689,616.461808,  TEncCu::xCheckRDCostIntra,[12]
[13],80.8,8.994689,616.461808,TEncSearch::estIntraPredLumaQT,[13]
,,11.307742,427.384502,  TEncSearch::xRecurIntraCodingLumaQT <cycle 10>,[15]
,,5.623552,0.0,  memcpy,[29]
,,5.608241,67.434372,  TComRdCost::xGetHADs,[24]
,,4.496908,56.436031,  TComPrediction::predIntraAng,[23]
,,4.412361,0.0,  TEncSearch::xUpdateCandList,[74]
,,4.335024,19.527064,  TEncSearch::xModeBitsIntra,[40]
,,1.273756,1.895747,  TComPrediction::initIntraPatternChType,[31]
,,1.180838,0.621751,  TEncBinCABACCounter::getNumWrittenBits,[91]
,,0.714182,1.273723,  TEncSearch::xSetIntraResultLumaQT <cycle 9>,[102]
,,0.528154,0.0,  TEncSbac::getNumberOfWrittenBits,[124]
,,0.481602,0.248707,  TEncBinCABAC::copyState,[72]
,,0.450392,0.0,  TComTURecurse::nextSection,[65]
,,0.372950,0.0,  TComDataCU::getIntraDirPredictor,[50]
,,0.372728,0.0,  memset,[33]
,,0.201776,0.0,  TComTU::TComTU,[85]
,,0.170932,0.0,  TComTU::TComTU,[142]
,,0.077768,0.0,  TComYuv::getStride,[177]
,,0.031002,0.0,  _chkstk,[81]
,,,,,
,,11.499564,77.532900,  TEncSearch::xRecurIntraChromaCodingQT <cycle 8>,[21]
,,40.762962,316.507637,  TEncSearch::xRecurIntraCodingLumaQT <cycle 10>,[15]
[14],57.66,52.262526,394.040538,TEncSearch::xIntraCodingTUBlock,[14]
,,10.275783,25.879688,  TComPrediction::initIntraPatternChType,[31]
,,9.841139,0.0,  TComYuv::getAddr,[47]
,,5.345623,0.0,  memset,[33]
,,5.117763,221.251911,  TComTrQuant::transformNxN,[17]
,,4.940241,0.0,  QpParam::QpParam,[71]
,,3.200210,19.549692,  TComPrediction::predIntraAng,[23]
,,2.750076,8.130095,  TComRdCost::getDistPart,[48]
,,2.066350,27.498741,  TEncSbac::estBit,[36]
,,1.491475,45.987331,  TComTrQuant::invTransformNxN,[28]
,,0.714420,0.0,  TComPrediction::filteringIntraReferenceSamples,[135]
,,,,,
,,,,  TEncSearch::xRecurIntraCodingLumaQT <cycle 10>,[15]
,,11.307742,427.384502,  TEncSearch::estIntraPredLumaQT,[13]
[15],56.67,11.307742,427.384502,TEncSearch::xRecurIntraCodingLumaQT <cycle 10>,[15]
,,40.762962,316.507637,  TEncSearch::xIntraCodingTUBlock,[14]
,,14.641647,0.0,  memcpy,[29]
,,2.647972,3.992505,  TEncSearch::xLoadIntraResultQT,[60]
,,2.291203,2.936066,  TEncSearch::xEncSubdivCbfQT <cycle 7>,[53]
,,1.817586,21.902087,  TEncSearch::xEncCoeffQT <cycle 6>,[35]
,,1.584690,0.201832,  TEncBinCABAC::copyState,[72]
,,1.467741,6.206760,  TEncSearch::xEncIntraHeader,[56]
,,1.335469,0.0,  memset,[33]
,,0.885300,0.0,  TComDataCU::getQuadtreeTULog2MinSizeInCU,[113]
,,0.823514,0.481729,  TEncSbac::resetBits,[87]
,,0.637022,0.0,  TComTURecurse::nextSection,[65]
,,0.621423,0.0,  TComBitCounter::resetBits,[115]
,,0.481592,0.0,  TEncSbac::getNumberOfWrittenBits,[124]
,,0.434929,3.557482,  TEncSearch::xStoreIntraResultQT,[78]
,,0.279637,0.0,  _chkstk,[81]
,,0.248622,0.0,  TComTU::TComTU,[85]
,,0.186406,0.404124,  TEncBinCABACCounter::getNumWrittenBits,[91]
,,0.046568,0.0,  _security_check_cookie,[82]
,,,,  TEncSearch::xRecurIntraCodingLumaQT <cycle 10>,[15]
,,,,,
,,11.307742,427.384502,  TEncSearch::estIntraPredLumaQT,[13]
[16],56.67,11.307742,427.384502,<cycle 10 as a whole>,[16]
,,11.307742,427.384502,  TEncSearch::xRecurIntraCodingLumaQT <cycle 10>,[15]
,,,,,
,,5.117763,221.251911,  TEncSearch::xIntraCodingTUBlock,[14]
[17],29.24,5.117763,221.251911,TComTrQuant::transformNxN,[17]
,,6.044444,42.199894,  TComTrQuant::xT,[27]
,,3.169871,1.320713,  TComTrQuant::rdpcmNxN,[73]
,,3.082847,162.699710,  TComTrQuant::xQuant,[18]
,,2.734431,0.0,  TComTrQuant::xTransformSkip,[88]
,,,,,
,,3.082847,162.699710,  TComTrQuant::transformNxN,[17]
[18],21.42,3.082847,162.699710,TComTrQuant::xQuant,[18]
,,114.763530,47.345888,  TComTrQuant::xRateDistOptQuant,[19]
,,0.403806,0.0,  _chkstk,[81]
,,0.186486,0.0,  _security_check_cookie,[82]
,,,,,
,,114.763530,47.345888,  TComTrQuant::xQuant,[18]
[19],20.94,114.763530,47.345888,TComTrQuant::xRateDistOptQuant,[19]
,,19.191670,0.0,  memset,[33]
,,9.110042,1.600328,  TComTrQuant::xGetCodedLevel,[49]
,,5.195237,0.0,  TComTrQuant::getSigCtxInc,[57]
,,4.419307,3.371362,  getTUEntropyCodingParameters,[54]
,,2.733735,0.0,  TComTrQuant::xGetICRate,[75]
,,0.652325,0.0,  TComTU::getGolombRiceStatisticsIndex,[128]
,,0.621308,0.0,  _chkstk,[81]
,,0.450575,0.0,  _security_check_cookie,[82]
,,,,,
,,1.864332,116.506720,  TEncCu::xCheckRDCostIntra,[12]
[20],15.29,1.864332,116.506720,TEncSearch::estIntraPredChromaQT,[20]
,,4.427668,95.020661,  TEncSearch::xRecurIntraChromaCodingQT <cycle 8>,[21]
,,2.346387,0.0,  memcpy,[29]
,,1.600222,2.205928,  TEncSearch::xEncSubdivCbfQT <cycle 7>,[53]
,,1.476379,4.924396,  TEncSearch::xEncCoeffQT <cycle 6>,[35]
,,0.745850,1.895384,  TEncSearch::xSetIntraResultChromaQT <cycle 5>,[90]
,,0.295267,0.093240,  TEncBinCABAC::copyState,[72]
,,0.170963,0.0,  TComTU::TComTU,[85]
,,0.170901,0.046612,  TEncSbac::resetBits,[87]
,,0.155260,0.0,  TComBitCounter::resetBits,[115]
,,0.124200,0.0,  TComTU::TComTU,[142]
,,0.093282,0.434751,  TEncSearch::xEncIntraHeader,[56]
,,0.093180,0.0,  TEncSbac::getNumberOfWrittenBits,[124]
,,0.062090,0.046536,  TEncBinCABACCounter::getNumWrittenBits,[91]
,,0.046531,0.0,  TComTURecurse::nextSection,[65]
,,0.031031,0.0,  memset,[33]
,,,,,
,,,,  TEncSearch::xRecurIntraChromaCodingQT <cycle 8>,[21]
,,4.427668,95.020661,  TEncSearch::estIntraPredChromaQT,[20]
[21],12.85,4.427668,95.020661,TEncSearch::xRecurIntraChromaCodingQT <cycle 8>,[21]
,,11.499564,77.532900,  TEncSearch::xIntraCodingTUBlock,[14]
,,2.733913,0.0,  memcpy,[29]
,,1.165208,0.0,  TComTU::TComTU,[85]
,,1.063358,0.0,  TComTURecurse::nextSection,[65]
,,0.730417,0.0,  memset,[33]
,,0.233230,0.015536,  TEncBinCABAC::copyState,[72]
,,0.046534,0.0,  _security_check_cookie,[82]
,,,,  TEncSearch::xRecurIntraChromaCodingQT <cycle 8>,[21]
,,,,,
,,4.427668,95.020661,  TEncSearch::estIntraPredChromaQT,[20]
[22],12.85,4.427668,95.020661,<cycle 8 as a whole>,[22]
,,4.427668,95.020661,  TEncSearch::xRecurIntraChromaCodingQT <cycle 8>,[21]
,,,,,
,,3.200210,19.549692,  TEncSearch::xIntraCodingTUBlock,[14]
,,4.496908,56.436031,  TEncSearch::estIntraPredLumaQT,[13]
[23],10.81,7.697118,75.985722,TComPrediction::predIntraAng,[23]
,,65.948468,4.039738,  TComPrediction::xPredIntraAng,[25]
,,5.453834,0.031081,  TComPrediction::xPredIntraPlanar,[67]
,,0.512602,0.0,  TComPrediction::xDCPredFiltering,[145]
,,,,,
,,5.608241,67.434372,  TEncSearch::estIntraPredLumaQT,[13]
[24],9.44,5.608241,67.434372,TComRdCost::xGetHADs,[24]
,,54.998167,0.186425,  TComRdCost::xCalcHADs8x8,[26]
,,12.094389,0.155390,  TComRdCost::xCalcHADs4x4,[46]
,,,,,
,,65.948468,4.039738,  TComPrediction::predIntraAng,[23]
[25],9.04,65.948468,4.039738,TComPrediction::xPredIntraAng,[25]
,,1.802527,0.0,  memcpy,[29]
,,0.963308,0.0,  _chkstk,[81]
,,0.667988,0.0,  TComPrediction::predIntraGetPredValDC,[137]
,,0.605915,0.0,  _security_check_cookie,[82]
,,,,,
,,54.998167,0.186425,  TComRdCost::xGetHADs,[24]
[26],7.13,54.998167,0.186425,TComRdCost::xCalcHADs8x8,[26]
,,0.186425,0.0,  _security_check_cookie,[82]
,,,,,
,,6.044444,42.199894,  TComTrQuant::transformNxN,[17]
[27],6.23,6.044444,42.199894,TComTrQuant::xT,[27]
,,1.755503,38.573322,  xTrMxN,[30]
,,1.513792,0.0,  memcpy,[29]
,,0.217542,0.0,  _chkstk,[81]
,,0.139734,0.0,  _security_check_cookie,[82]
,,,,,
,,1.491475,45.987331,  TEncSearch::xIntraCodingTUBlock,[14]
[28],6.13,1.491475,45.987331,TComTrQuant::invTransformNxN,[28]
,,13.088423,0.0,  TComTrQuant::xDeQuant,[43]
,,2.656594,29.589918,  TComTrQuant::xIT,[32]
,,0.527985,0.0,  TComTrQuant::invRdpcmNxN,[144]
,,0.108820,0.0,  TComTrQuant::xITransformSkip,[171]
,,0.015590,0.0,  _security_check_cookie,[82]
,,,,,
,,0.015542,0.0,"  std::basic_istream<char,struct std::char_traits<char> >::read",[161]
,,0.015649,0.0,  TComPicYuv::extendPicBorder,[185]
,,0.046573,0.0,  TEncSampleAdaptiveOffset::deriveModeNewRDO,[147]
,,0.093599,0.0,  copyPlane,[175]
,,0.248557,0.0,  TComTrQuant::xIT,[32]
,,0.403814,0.0,  TComYuv::copyFromPicComponent,[141]
,,0.419523,0.0,  TComYuv::copyToPartComponent,[126]
,,0.450344,0.0,  TComYuv::copyToPicComponent,[125]
,,0.559280,0.0,  TEncCu::xCompressCU <cycle 11>,[10]
,,0.590282,0.0,  TEncSearch::xModeBitsIntra,[40]
,,0.656407,0.0,  TComPicYuv::copyToPic,[138]
,,0.667675,0.0,  TEncCu::xCheckRDCostIntra,[12]
,,0.792262,0.0,  TEncSearch::xStoreIntraResultQT,[78]
,,0.901156,0.0,  TEncSearch::xSetIntraResultChromaQT <cycle 5>,[90]
,,0.994109,0.0,  TEncSearch::xSetIntraResultLumaQT <cycle 9>,[102]
,,1.103038,0.0,  TComDataCU::copyPartFrom,[105]
,,1.118679,0.0,  TComYuv::copyPartToPartComponent,[68]
,,1.273704,0.0,  TEncSearch::xLoadIntraResultQT,[60]
,,1.351569,0.0,  TComDataCU::copyToPic,[106]
,,1.513792,0.0,  TComTrQuant::xT,[27]
,,1.802527,0.0,  TComPrediction::xPredIntraAng,[25]
,,2.346387,0.0,  TEncSearch::estIntraPredChromaQT,[20]
,,2.733913,0.0,  TEncSearch::xRecurIntraChromaCodingQT <cycle 8>,[21]
,,5.623552,0.0,  TEncSearch::estIntraPredLumaQT,[13]
,,14.641647,0.0,  TEncSearch::xRecurIntraCodingLumaQT <cycle 10>,[15]
[29],5.21,40.363580,0.0,memcpy,[29]
,,,,,
,,1.755503,38.573322,  TComTrQuant::xT,[27]
[30],5.21,1.755503,38.573322,xTrMxN,[30]
,,12.513540,0.015519,  partialButterfly32,[44]
,,9.554207,0.0,  fastForwardDst,[51]
,,7.105769,0.0,  partialButterfly8,[58]
,,6.774323,0.0,  partialButterfly16,[59]
,,2.035166,0.0,  partialButterfly4,[99]
,,0.357287,0.0,  _chkstk,[81]
,,0.217512,0.0,  _security_check_cookie,[82]
,,,,,
,,1.273756,1.895747,  TEncSearch::estIntraPredLumaQT,[13]
,,10.275783,25.879688,  TEncSearch::xIntraCodingTUBlock,[14]
[31],5.08,11.549539,27.775435,TComPrediction::initIntraPatternChType,[31]
,,15.931789,0.139677,  fillReferenceSamples,[42]
,,3.921538,0.093354,  TComDataCU::getPUAboveRight,[76]
,,2.314196,0.124219,  TComDataCU::getPUBelowLeft,[94]
,,2.081432,0.0,  isLeftAvailable,[98]
,,1.724424,0.0,  isAboveAvailable,[107]
,,1.056492,0.217430,  TComDataCU::getPUAboveLeft,[114]
,,0.170884,0.0,  _security_check_cookie,[82]
,,,,,
,,2.656594,29.589918,  TComTrQuant::invTransformNxN,[28]
[32],4.17,2.656594,29.589918,TComTrQuant::xIT,[32]
,,0.574961,28.548926,  xITrMxN,[37]
,,0.248557,0.0,  memcpy,[29]
,,0.139732,0.0,  _chkstk,[81]
,,0.077743,0.0,  _security_check_cookie,[82]
,,,,,
,,0.015520,0.0,  TEncSampleAdaptiveOffset::getBlkStats,[95]
,,0.031031,0.0,  TEncSearch::estIntraPredChromaQT,[20]
,,0.124237,0.0,  TEncCu::xCheckRDCostIntra,[12]
,,0.357235,0.0,  TComDataCU::initCtu,[150]
,,0.372728,0.0,  TEncSearch::estIntraPredLumaQT,[13]
,,0.559166,0.0,  TComTrQuant::rdpcmNxN,[73]
,,0.730417,0.0,  TEncSearch::xRecurIntraChromaCodingQT <cycle 8>,[21]
,,0.854526,0.0,  TEncSbac::codeCoeffNxN,[38]
,,0.994157,0.0,  TComDataCU::initSubCU,[100]
,,1.335469,0.0,  TEncSearch::xRecurIntraCodingLumaQT <cycle 10>,[15]
,,1.351853,0.0,  TComDataCU::initEstData,[79]
,,5.345623,0.0,  TEncSearch::xIntraCodingTUBlock,[14]
,,19.191670,0.0,  TComTrQuant::xRateDistOptQuant,[19]
[33],4.04,31.263632,0.0,memset,[33]
,,,,,
,,1.476379,4.924396,  TEncSearch::estIntraPredChromaQT,[20]
,,1.817586,21.902087,  TEncSearch::xRecurIntraCodingLumaQT <cycle 10>,[15]
[34],3.89,3.293965,26.826483,<cycle 6 as a whole>,[34]
,,3.293965,26.826483,  TEncSearch::xEncCoeffQT <cycle 6>,[35]
,,,,,
,,,,  TEncSearch::xEncCoeffQT <cycle 6>,[35]
,,1.476379,4.924396,  TEncSearch::estIntraPredChromaQT,[20]
,,1.817586,21.902087,  TEncSearch::xRecurIntraCodingLumaQT <cycle 10>,[15]
[35],3.89,3.293965,26.826483,TEncSearch::xEncCoeffQT <cycle 6>,[35]
,,1.817608,0.0,  TComTURecurse::nextSection,[65]
,,1.165583,22.880178,  TEncEntropy::encodeCoeffNxN,[39]
,,0.792106,0.0,  TComTU::TComTU,[85]
,,0.171007,0.0,  _security_check_cookie,[82]
,,,,  TEncSearch::xEncCoeffQT <cycle 6>,[35]
,,,,,
,,2.066350,27.498741,  TEncSearch::xIntraCodingTUBlock,[14]
[36],3.82,2.066350,27.498741,TEncSbac::estBit,[36]
,,8.833446,0.0,  TEncSbac::estSignificantMapBit,[55]
,,6.509531,0.0,  TEncSbac::estLastSignificantPositionBit,[62]
,,6.375866,0.0,  TEncSbac::estSignificantCoefficientsBit,[64]
,,3.993060,0.0,  TEncSbac::estCBFBit,[77]
,,1.786839,0.0,  TEncSbac::estSignificantCoeffGroupMapBit,[104]
,,,,,
,,0.574961,28.548926,  TComTrQuant::xIT,[32]
[37],3.76,0.574961,28.548926,xITrMxN,[37]
,,12.325545,0.0,  partialButterflyInverse32,[45]
,,6.524714,0.031042,  partialButterflyInverse16,[61]
,,6.074184,0.093222,  partialButterflyInverse8,[66]
,,2.521252,0.0,  fastInverseDst,[93]
,,0.792497,0.0,  partialButterflyInverse4,[132]
,,0.155358,0.0,  _chkstk,[81]
,,0.031111,0.0,  _security_check_cookie,[82]
,,,,,
,,1.460484,1.134517,  TEncEntropy::xEncodeTransform <cycle 1>,[70]
,,12.714680,10.072315,  TEncEntropy::encodeCoeffNxN,[39]
[38],3.28,14.175164,11.206832,TEncSbac::codeCoeffNxN,[38]
,,2.672169,0.0,  TComTrQuant::getSigCtxInc,[57]
,,2.158845,0.0,  TEncBinCABACCounter::encodeBin,[63]
,,1.475637,1.056317,  TEncSbac::codeLastSignificantXY,[92]
,,0.854526,0.0,  memset,[33]
,,0.698992,0.528233,  getTUEntropyCodingParameters,[54]
,,0.527946,0.077658,  TEncSbac::xWriteCoefRemainExGolomb,[139]
,,0.326112,0.341883,  TEncSbac::codeTransformSkipFlags,[136]
,,0.208731,0.0,  TComTU::getGolombRiceStatisticsIndex,[128]
,,0.108671,0.0,  TEncBinCABACCounter::encodeBinsEP,[130]
,,0.077888,0.0,  TEncBinCABAC::encodeBin,[158]
,,0.077666,0.0,  _security_check_cookie,[82]
,,0.015558,0.0,  TEncBinCABAC::writeOut,[209]
,,,,,
,,1.165583,22.880178,  TEncSearch::xEncCoeffQT <cycle 6>,[35]
[39],3.11,1.165583,22.880178,TEncEntropy::encodeCoeffNxN,[39]
,,12.714680,10.072315,  TEncSbac::codeCoeffNxN,[38]
,,0.093184,0.0,  _security_check_cookie,[82]
,,,,,
,,0.093160,0.0,  [Unknown stack frame(s)],[165]
,,4.335024,19.527064,  TEncSearch::estIntraPredLumaQT,[13]
[40],3.09,4.428184,19.527064,TEncSearch::xModeBitsIntra,[40]
,,6.827722,8.870996,  TEncSbac::codeIntraDirLumaAng,[41]
,,1.125060,0.419395,  TEncBinCABAC::copyState,[72]
,,0.590282,0.0,  memcpy,[29]
,,0.559527,0.668028,  TEncSbac::resetBits,[87]
,,0.466055,0.0,  TComBitCounter::resetBits,[115]
,,,,,
,,0.357436,0.621584,  TEncEntropy::encodePredInfo,[123]
,,2.128675,3.347777,  TEncSearch::xEncIntraHeader,[56]
,,6.827722,8.870996,  TEncSearch::xModeBitsIntra,[40]
[41],2.86,9.313834,12.840357,TEncSbac::codeIntraDirLumaAng,[41]
,,9.826108,0.0,  TComDataCU::getIntraDirPredictor,[50]
,,1.678057,0.0,  TEncBinCABACCounter::encodeBin,[63]
,,0.605980,0.0,  TEncBinCABACCounter::encodeBinsEP,[130]
,,0.372889,0.0,  _security_check_cookie,[82]
,,0.341747,0.0,  TEncBinCABACCounter::encodeBinEP,[152]
,,0.015576,0.0,  TEncBinCABAC::encodeBinEP,[206]
,,,,,
,,15.931789,0.139677,  TComPrediction::initIntraPatternChType,[31]
[42],2.08,15.931789,0.139677,fillReferenceSamples,[42]
,,0.139677,0.0,  _security_check_cookie,[82]
,,,,,
,,13.088423,0.0,  TComTrQuant::invTransformNxN,[28]
[43],1.69,13.088423,0.0,TComTrQuant::xDeQuant,[43]
,,,,,
,,12.513540,0.015519,  xTrMxN,[30]
[44],1.62,12.513540,0.015519,partialButterfly32,[44]
,,0.015519,0.0,  _security_check_cookie,[82]
,,,,,
,,12.325545,0.0,  xITrMxN,[37]
[45],1.59,12.325545,0.0,partialButterflyInverse32,[45]
,,,,,
,,12.094389,0.155390,  TComRdCost::xGetHADs,[24]
[46],1.58,12.094389,0.155390,TComRdCost::xCalcHADs4x4,[46]
,,0.155390,0.0,  _security_check_cookie,[82]
,,,,,
,,0.139795,0.0,  TEncSearch::xSetIntraResultChromaQT <cycle 5>,[90]
,,0.155233,0.0,  TEncSearch::xSetIntraResultLumaQT <cycle 9>,[102]
,,0.279649,0.0,  TComYuv::copyToPartComponent,[126]
,,0.373035,0.0,  TEncSearch::xLoadIntraResultQT,[60]
,,1.211552,0.0,  TComYuv::copyPartToPartComponent,[68]
,,9.841139,0.0,  TEncSearch::xIntraCodingTUBlock,[14]
[47],1.55,12.000403,0.0,TComYuv::getAddr,[47]
,,,,,
,,2.750076,8.130095,  TEncSearch::xIntraCodingTUBlock,[14]
[48],1.41,2.750076,8.130095,TComRdCost::getDistPart,[48]
,,3.501699,0.0,  TComRdCost::xGetSSE4,[83]
,,2.220920,0.0,  TComRdCost::xGetSSE8,[97]
,,1.258108,0.0,  TComRdCost::xGetSSE16,[116]
,,1.149368,0.0,  TComRdCost::xGetSSE32,[122]
,,,,,
,,9.110042,1.600328,  TComTrQuant::xRateDistOptQuant,[19]
[49],1.38,9.110042,1.600328,TComTrQuant::xGetCodedLevel,[49]
,,1.600328,0.0,  TComTrQuant::xGetICRate,[75]
,,,,,
,,0.372950,0.0,  TEncSearch::estIntraPredLumaQT,[13]
,,9.826108,0.0,  TEncSbac::codeIntraDirLumaAng,[41]
[50],1.32,10.199059,0.0,TComDataCU::getIntraDirPredictor,[50]
,,,,,
,,9.554207,0.0,  xTrMxN,[30]
[51],1.23,9.554207,0.0,fastForwardDst,[51]
,,,,,
,,1.600222,2.205928,  TEncSearch::estIntraPredChromaQT,[20]
,,2.291203,2.936066,  TEncSearch::xRecurIntraCodingLumaQT <cycle 10>,[15]
[52],1.17,3.891425,5.141993,<cycle 7 as a whole>,[52]
,,3.891425,5.141993,  TEncSearch::xEncSubdivCbfQT <cycle 7>,[53]
,,,,,
,,,,  TEncSearch::xEncSubdivCbfQT <cycle 7>,[53]
,,1.600222,2.205928,  TEncSearch::estIntraPredChromaQT,[20]
,,2.291203,2.936066,  TEncSearch::xRecurIntraCodingLumaQT <cycle 10>,[15]
[53],1.17,3.891425,5.141993,TEncSearch::xEncSubdivCbfQT <cycle 7>,[53]
,,1.801762,0.683386,  TEncSbac::codeQtCbf,[86]
,,1.211949,0.0,  TComTURecurse::nextSection,[65]
,,0.512685,0.0,  TComTU::TComTU,[85]
,,0.434925,0.0,  TComDataCU::getQuadtreeTULog2MinSizeInCU,[113]
,,0.233039,0.0,  TEncBinCABACCounter::encodeBin,[63]
,,0.171064,0.0,  _security_check_cookie,[82]
,,0.093183,0.0,  TEncSbac::codeTransformSubdivFlag,[173]
,,,,  TEncSearch::xEncSubdivCbfQT <cycle 7>,[53]
,,,,,
,,0.698992,0.528233,  TEncSbac::codeCoeffNxN,[38]
,,4.419307,3.371362,  TComTrQuant::xRateDistOptQuant,[19]
[54],1.16,5.118299,3.899595,getTUEntropyCodingParameters,[54]
,,3.899595,0.0,  TComDataCU::getCoefScanIdx,[80]
,,,,,
,,8.833446,0.0,  TEncSbac::estBit,[36]
[55],1.14,8.833446,0.0,TEncSbac::estSignificantMapBit,[55]
,,,,,
,,0.093282,0.434751,  TEncSearch::estIntraPredChromaQT,[20]
,,1.467741,6.206760,  TEncSearch::xRecurIntraCodingLumaQT <cycle 10>,[15]
[56],1.06,1.561023,6.641512,TEncSearch::xEncIntraHeader,[56]
,,2.128675,3.347777,  TEncSbac::codeIntraDirLumaAng,[41]
,,0.497359,0.232949,  TEncSbac::codePartSize,[133]
,,0.357198,0.077554,  TEncSbac::codeIntraDirChroma,[143]
,,,,,
,,2.672169,0.0,  TEncSbac::codeCoeffNxN,[38]
,,5.195237,0.0,  TComTrQuant::xRateDistOptQuant,[19]
[57],1.02,7.867406,0.0,TComTrQuant::getSigCtxInc,[57]
,,,,,
,,7.105769,0.0,  xTrMxN,[30]
[58],0.92,7.105769,0.0,partialButterfly8,[58]
,,,,,
,,6.774323,0.0,  xTrMxN,[30]
[59],0.88,6.774323,0.0,partialButterfly16,[59]
,,,,,
,,2.647972,3.992505,  TEncSearch::xRecurIntraCodingLumaQT <cycle 10>,[15]
[60],0.86,2.647972,3.992505,TEncSearch::xLoadIntraResultQT,[60]
,,1.273704,0.0,  memcpy,[29]
,,0.590233,1.755532,  TComYuv::copyPartToPartComponent,[68]
,,0.373035,0.0,  TComYuv::getAddr,[47]
,,,,,
,,6.524714,0.031042,  xITrMxN,[37]
[61],0.85,6.524714,0.031042,partialButterflyInverse16,[61]
,,0.031042,0.0,  _security_check_cookie,[82]
,,,,,
,,6.509531,0.0,  TEncSbac::estBit,[36]
[62],0.84,6.509531,0.0,TEncSbac::estLastSignificantPositionBit,[62]
,,,,,
,,0.015514,0.0,  TEncSbac::codeSplitFlag,[153]
,,0.062067,0.0,  TEncSbac::codeIntraDirChroma,[143]
,,0.233039,0.0,  TEncSearch::xEncSubdivCbfQT <cycle 7>,[53]
,,0.263990,0.0,  TEncSbac::codePartSize,[133]
,,0.341883,0.0,  TEncSbac::codeTransformSkipFlags,[136]
,,0.745438,0.0,  TEncSbac::codeQtCbf,[86]
,,0.947390,0.0,  TEncSbac::codeLastSignificantXY,[92]
,,1.678057,0.0,  TEncSbac::codeIntraDirLumaAng,[41]
,,2.158845,0.0,  TEncSbac::codeCoeffNxN,[38]
[63],0.83,6.446223,0.0,TEncBinCABACCounter::encodeBin,[63]
,,,,,
,,6.375866,0.0,  TEncSbac::estBit,[36]
[64],0.82,6.375866,0.0,TEncSbac::estSignificantCoefficientsBit,[64]
,,,,,
,,0.046531,0.0,  TEncSearch::estIntraPredChromaQT,[20]
,,0.062228,0.0,  TEncSearch::xSetIntraResultLumaQT <cycle 9>,[102]
,,0.077648,0.0,  TComLoopFilter::xSetEdgefilterTU <cycle 4>,[160]
,,0.419484,0.0,  TEncSearch::xSetIntraResultChromaQT <cycle 5>,[90]
,,0.450392,0.0,  TEncSearch::estIntraPredLumaQT,[13]
,,0.488627,0.0,  TEncEntropy::xEncodeTransform <cycle 1>,[70]
,,0.637022,0.0,  TEncSearch::xRecurIntraCodingLumaQT <cycle 10>,[15]
,,1.063358,0.0,  TEncSearch::xRecurIntraChromaCodingQT <cycle 8>,[21]
,,1.211949,0.0,  TEncSearch::xEncSubdivCbfQT <cycle 7>,[53]
,,1.817608,0.0,  TEncSearch::xEncCoeffQT <cycle 6>,[35]
[65],0.81,6.274848,0.0,TComTURecurse::nextSection,[65]
,,,,,
,,6.074184,0.093222,  xITrMxN,[37]
[66],0.8,6.074184,0.093222,partialButterflyInverse8,[66]
,,0.093222,0.0,  _security_check_cookie,[82]
,,,,,
,,5.453834,0.031081,  TComPrediction::predIntraAng,[23]
[67],0.71,5.453834,0.031081,TComPrediction::xPredIntraPlanar,[67]
,,0.031081,0.0,  _security_check_cookie,[82]
,,,,,
,,0.590233,1.755532,  TEncSearch::xLoadIntraResultQT,[60]
,,0.761134,2.004085,  TEncSearch::xStoreIntraResultQT,[78]
[68],0.66,1.351368,3.759617,TComYuv::copyPartToPartComponent,[68]
,,1.429386,0.0,  TComYuv::getAddr,[103]
,,1.211552,0.0,  TComYuv::getAddr,[47]
,,1.118679,0.0,  memcpy,[29]
,,,,,
,,0.248885,0.979736,  TEncEntropy::encodeCoeff,[117]
,,0.916526,2.802787,  TEncCu::xCheckRDCostIntra,[12]
[69],0.64,1.165411,3.782523,<cycle 1 as a whole>,[69]
,,1.165411,3.782523,  TEncEntropy::xEncodeTransform <cycle 1>,[70]
,,,,,
,,,,  TEncEntropy::xEncodeTransform <cycle 1>,[70]
,,0.248885,0.979736,  TEncEntropy::encodeCoeff,[117]
,,0.916526,2.802787,  TEncCu::xCheckRDCostIntra,[12]
[70],0.64,1.165411,3.782523,TEncEntropy::xEncodeTransform <cycle 1>,[70]
,,1.460484,1.134517,  TEncSbac::codeCoeffNxN,[38]
,,0.488627,0.0,  TComTURecurse::nextSection,[65]
,,0.372816,0.077636,  TEncSbac::codeQtCbf,[86]
,,0.093129,0.0,  TComTU::TComTU,[85]
,,0.077648,0.0,  TEncSbac::codeCrossComponentPrediction,[179]
,,0.062168,0.0,  TComDataCU::getQuadtreeTULog2MinSizeInCU,[113]
,,0.015498,0.0,  TEncSbac::codeTransformSubdivFlag,[173]
,,,,  TEncEntropy::xEncodeTransform <cycle 1>,[70]
,,,,,
,,4.940241,0.0,  TEncSearch::xIntraCodingTUBlock,[14]
[71],0.64,4.940241,0.0,QpParam::QpParam,[71]
,,,,,
,,0.015538,0.0,  TEncSampleAdaptiveOffset::deriveModeNewRDO,[147]
,,0.046563,0.0,  TEncCu::xCheckRDCostIntra,[12]
,,0.062322,0.0,  TEncCu::xCompressCU <cycle 11>,[10]
,,0.233230,0.015536,  TEncSearch::xRecurIntraChromaCodingQT <cycle 8>,[21]
,,0.295267,0.093240,  TEncSearch::estIntraPredChromaQT,[20]
,,0.481602,0.248707,  TEncSearch::estIntraPredLumaQT,[13]
,,1.125060,0.419395,  TEncSearch::xModeBitsIntra,[40]
,,1.584690,0.201832,  TEncSearch::xRecurIntraCodingLumaQT <cycle 10>,[15]
[72],0.62,3.844271,0.978711,TEncBinCABAC::copyState,[72]
,,0.978711,0.0,  TEncBinCABAC::getTEncBinCABAC,[127]
,,,,,
,,3.169871,1.320713,  TComTrQuant::transformNxN,[17]
[73],0.58,3.169871,1.320713,TComTrQuant::rdpcmNxN,[73]
,,0.606155,0.0,  _chkstk,[81]
,,0.559166,0.0,  memset,[33]
,,0.155393,0.0,  _security_check_cookie,[82]
,,,,,
,,4.412361,0.0,  TEncSearch::estIntraPredLumaQT,[13]
[74],0.57,4.412361,0.0,TEncSearch::xUpdateCandList,[74]
,,,,,
,,1.600328,0.0,  TComTrQuant::xGetCodedLevel,[49]
,,2.733735,0.0,  TComTrQuant::xRateDistOptQuant,[19]
[75],0.56,4.334062,0.0,TComTrQuant::xGetICRate,[75]
,,,,,
,,3.921538,0.093354,  TComPrediction::initIntraPatternChType,[31]
[76],0.52,3.921538,0.093354,TComDataCU::getPUAboveRight,[76]
,,0.093354,0.0,  TComDataCU::CUIsFromSameSliceAndTile,[148]
,,,,,
,,3.993060,0.0,  TEncSbac::estBit,[36]
[77],0.52,3.993060,0.0,TEncSbac::estCBFBit,[77]
,,,,,
,,0.434929,3.557482,  TEncSearch::xRecurIntraCodingLumaQT <cycle 10>,[15]
[78],0.52,0.434929,3.557482,TEncSearch::xStoreIntraResultQT,[78]
,,0.792262,0.0,  memcpy,[29]
,,0.761134,2.004085,  TComYuv::copyPartToPartComponent,[68]
,,,,,
,,2.610232,1.351853,  TEncCu::xCompressCU <cycle 11>,[10]
[79],0.51,2.610232,1.351853,TComDataCU::initEstData,[79]
,,1.351853,0.0,  memset,[33]
,,,,,
,,3.899595,0.0,  getTUEntropyCodingParameters,[54]
[80],0.5,3.899595,0.0,TComDataCU::getCoefScanIdx,[80]
,,,,,
,,0.031002,0.0,  TEncSearch::estIntraPredLumaQT,[13]
,,0.062071,0.0,  TEncCu::xCheckRDCostIntra,[12]
,,0.139732,0.0,  TComTrQuant::xIT,[32]
,,0.155358,0.0,  xITrMxN,[37]
,,0.217542,0.0,  TComTrQuant::xT,[27]
,,0.279637,0.0,  TEncSearch::xRecurIntraCodingLumaQT <cycle 10>,[15]
,,0.357287,0.0,  xTrMxN,[30]
,,0.403806,0.0,  TComTrQuant::xQuant,[18]
,,0.606155,0.0,  TComTrQuant::rdpcmNxN,[73]
,,0.621308,0.0,  TComTrQuant::xRateDistOptQuant,[19]
,,0.963308,0.0,  TComPrediction::xPredIntraAng,[25]
[81],0.5,3.837204,0.0,_chkstk,[81]
,,,,,
,,0.015519,0.0,  partialButterfly32,[44]
,,0.015565,0.0,  TEncSbac::codeIntraDirChroma,[143]
,,0.015590,0.0,  TComTrQuant::invTransformNxN,[28]
,,0.015593,0.0,  TEncSbac::codeSAOOffsetParam,[180]
,,0.031042,0.0,  partialButterflyInverse16,[61]
,,0.031067,0.0,  TEncSearch::xSetIntraResultChromaQT <cycle 5>,[90]
,,0.031081,0.0,  TComPrediction::xPredIntraPlanar,[67]
,,0.031111,0.0,  xITrMxN,[37]
,,0.046534,0.0,  TEncSearch::xRecurIntraChromaCodingQT <cycle 8>,[21]
,,0.046568,0.0,  TEncSearch::xRecurIntraCodingLumaQT <cycle 10>,[15]
,,0.077666,0.0,  TEncSbac::codeCoeffNxN,[38]
,,0.077743,0.0,  TComTrQuant::xIT,[32]
,,0.093184,0.0,  TEncEntropy::encodeCoeffNxN,[39]
,,0.093222,0.0,  partialButterflyInverse8,[66]
,,0.139677,0.0,  fillReferenceSamples,[42]
,,0.139734,0.0,  TComTrQuant::xT,[27]
,,0.155390,0.0,  TComRdCost::xCalcHADs4x4,[46]
,,0.155393,0.0,  TComTrQuant::rdpcmNxN,[73]
,,0.170884,0.0,  TComPrediction::initIntraPatternChType,[31]
,,0.171007,0.0,  TEncSearch::xEncCoeffQT <cycle 6>,[35]
,,0.171064,0.0,  TEncSearch::xEncSubdivCbfQT <cycle 7>,[53]
,,0.186425,0.0,  TComRdCost::xCalcHADs8x8,[26]
,,0.186486,0.0,  TComTrQuant::xQuant,[18]
,,0.217512,0.0,  xTrMxN,[30]
,,0.372889,0.0,  TEncSbac::codeIntraDirLumaAng,[41]
,,0.450575,0.0,  TComTrQuant::xRateDistOptQuant,[19]
,,0.605915,0.0,  TComPrediction::xPredIntraAng,[25]
[82],0.48,3.744439,0.0,_security_check_cookie,[82]
,,,,,
,,3.501699,0.0,  TComRdCost::getDistPart,[48]
[83],0.45,3.501699,0.0,TComRdCost::xGetSSE4,[83]
,,,,,
,,0.0,3.408178,  TEncGOP::compressGOP,[7]
[84],0.44,0.0,3.408178,TEncSampleAdaptiveOffset::SAOProcess,[84]
,,0.031203,0.015649,  TComPicYuv::extendPicBorder,[185]
,,0.0,0.187894,  TComPicYuv::copyToPic,[138]
,,0.0,0.746386,  TEncSampleAdaptiveOffset::decideBlkParams,[134]
,,0.0,2.427046,  TEncSampleAdaptiveOffset::getStatistics,[96]
,,,,,
,,0.015517,0.0,  TComLoopFilter::xSetEdgefilterTU <cycle 4>,[160]
,,0.077637,0.0,  TEncSearch::xSetIntraResultChromaQT <cycle 5>,[90]
,,0.093129,0.0,  TEncEntropy::xEncodeTransform <cycle 1>,[70]
,,0.170963,0.0,  TEncSearch::estIntraPredChromaQT,[20]
,,0.201776,0.0,  TEncSearch::estIntraPredLumaQT,[13]
,,0.248622,0.0,  TEncSearch::xRecurIntraCodingLumaQT <cycle 10>,[15]
,,0.512685,0.0,  TEncSearch::xEncSubdivCbfQT <cycle 7>,[53]
,,0.792106,0.0,  TEncSearch::xEncCoeffQT <cycle 6>,[35]
,,1.165208,0.0,  TEncSearch::xRecurIntraChromaCodingQT <cycle 8>,[21]
[85],0.42,3.277644,0.0,TComTU::TComTU,[85]
,,,,,
,,0.372816,0.077636,  TEncEntropy::xEncodeTransform <cycle 1>,[70]
,,1.801762,0.683386,  TEncSearch::xEncSubdivCbfQT <cycle 7>,[53]
[86],0.38,2.174578,0.761022,TEncSbac::codeQtCbf,[86]
,,0.745438,0.0,  TEncBinCABACCounter::encodeBin,[63]
,,0.015584,0.0,  TEncBinCABAC::encodeBin,[158]
,,,,,
,,0.0,0.015549,  TEncSampleAdaptiveOffset::deriveModeNewRDO,[147]
,,0.015511,0.0,  TEncCu::xCheckRDCostIntra,[12]
,,0.030982,0.0,  TEncCu::xCompressCU <cycle 11>,[10]
,,0.046675,0.0,  [Unknown stack frame(s)],[165]
,,0.170901,0.046612,  TEncSearch::estIntraPredChromaQT,[20]
,,0.559527,0.668028,  TEncSearch::xModeBitsIntra,[40]
,,0.823514,0.481729,  TEncSearch::xRecurIntraCodingLumaQT <cycle 10>,[15]
[87],0.37,1.647110,1.211917,TEncSbac::resetBits,[87]
,,1.211917,0.0,  TEncBinCABAC::resetBits,[119]
,,,,,
,,2.734431,0.0,  TComTrQuant::transformNxN,[17]
[88],0.35,2.734431,0.0,TComTrQuant::xTransformSkip,[88]
,,,,,
,,0.745850,1.895384,  TEncSearch::estIntraPredChromaQT,[20]
[89],0.34,0.745850,1.895384,<cycle 5 as a whole>,[89]
,,0.745850,1.895384,  TEncSearch::xSetIntraResultChromaQT <cycle 5>,[90]
,,,,,
,,,,  TEncSearch::xSetIntraResultChromaQT <cycle 5>,[90]
,,0.745850,1.895384,  TEncSearch::estIntraPredChromaQT,[20]
[90],0.34,0.745850,1.895384,TEncSearch::xSetIntraResultChromaQT <cycle 5>,[90]
,,0.901156,0.0,  memcpy,[29]
,,0.419484,0.0,  TComTURecurse::nextSection,[65]
,,0.326245,0.0,  TComYuv::getAddr,[103]
,,0.139795,0.0,  TComYuv::getAddr,[47]
,,0.077637,0.0,  TComTU::TComTU,[85]
,,0.031067,0.0,  _security_check_cookie,[82]
,,,,  TEncSearch::xSetIntraResultChromaQT <cycle 5>,[90]
,,,,,
,,0.015571,0.077746,  TEncCu::xCheckRDCostIntra,[12]
,,0.031120,0.0,  TEncCu::xCompressCU <cycle 11>,[10]
,,0.062090,0.046536,  TEncSearch::estIntraPredChromaQT,[20]
,,0.186406,0.404124,  TEncSearch::xRecurIntraCodingLumaQT <cycle 10>,[15]
,,1.180838,0.621751,  TEncSearch::estIntraPredLumaQT,[13]
[91],0.34,1.476025,1.150156,TEncBinCABACCounter::getNumWrittenBits,[91]
,,1.150156,0.0,  TComBitCounter::getNumberOfWrittenBits,[121]
,,,,,
,,1.475637,1.056317,  TEncSbac::codeCoeffNxN,[38]
[92],0.33,1.475637,1.056317,TEncSbac::codeLastSignificantXY,[92]
,,0.947390,0.0,  TEncBinCABACCounter::encodeBin,[63]
,,0.108927,0.0,  TEncBinCABAC::encodeBin,[158]
,,,,,
,,2.521252,0.0,  xITrMxN,[37]
[93],0.33,2.521252,0.0,fastInverseDst,[93]
,,,,,
,,2.314196,0.124219,  TComPrediction::initIntraPatternChType,[31]
[94],0.32,2.314196,0.124219,TComDataCU::getPUBelowLeft,[94]
,,0.124219,0.0,  TComDataCU::CUIsFromSameSliceAndTile,[148]
,,,,,
,,2.411526,0.015520,  TEncSampleAdaptiveOffset::getStatistics,[96]
[95],0.31,2.411526,0.015520,TEncSampleAdaptiveOffset::getBlkStats,[95]
,,0.015520,0.0,  memset,[33]
,,,,,
,,0.0,2.427046,  TEncSampleAdaptiveOffset::SAOProcess,[84]
[96],0.31,0.0,2.427046,TEncSampleAdaptiveOffset::getStatistics,[96]
,,2.411526,0.015520,  TEncSampleAdaptiveOffset::getBlkStats,[95]
,,,,,
,,2.220920,0.0,  TComRdCost::getDistPart,[48]
[97],0.29,2.220920,0.0,TComRdCost::xGetSSE8,[97]
,,,,,
,,2.081432,0.0,  TComPrediction::initIntraPatternChType,[31]
[98],0.27,2.081432,0.0,isLeftAvailable,[98]
,,,,,
,,2.035166,0.0,  xTrMxN,[30]
[99],0.26,2.035166,0.0,partialButterfly4,[99]
,,,,,
,,0.994280,0.994157,  TEncCu::xCompressCU <cycle 11>,[10]
[100],0.26,0.994280,0.994157,TComDataCU::initSubCU,[100]
,,0.994157,0.0,  memset,[33]
,,,,,
,,0.714182,1.273723,  TEncSearch::estIntraPredLumaQT,[13]
[101],0.26,0.714182,1.273723,<cycle 9 as a whole>,[101]
,,0.714182,1.273723,  TEncSearch::xSetIntraResultLumaQT <cycle 9>,[102]
,,,,,
,,,,  TEncSearch::xSetIntraResultLumaQT <cycle 9>,[102]
,,0.714182,1.273723,  TEncSearch::estIntraPredLumaQT,[13]
[102],0.26,0.714182,1.273723,TEncSearch::xSetIntraResultLumaQT <cycle 9>,[102]
,,0.994109,0.0,  memcpy,[29]
,,0.155233,0.0,  TComYuv::getAddr,[47]
,,0.062228,0.0,  TComTURecurse::nextSection,[65]
,,0.062152,0.0,  TComYuv::getAddr,[103]
,,,,  TEncSearch::xSetIntraResultLumaQT <cycle 9>,[102]
,,,,,
,,0.062152,0.0,  TEncSearch::xSetIntraResultLumaQT <cycle 9>,[102]
,,0.326245,0.0,  TEncSearch::xSetIntraResultChromaQT <cycle 5>,[90]
,,1.429386,0.0,  TComYuv::copyPartToPartComponent,[68]
[103],0.23,1.817783,0.0,TComYuv::getAddr,[103]
,,,,,
,,1.786839,0.0,  TEncSbac::estBit,[36]
[104],0.23,1.786839,0.0,TEncSbac::estSignificantCoeffGroupMapBit,[104]
,,,,,
,,0.652443,1.103038,  TEncCu::xCompressCU <cycle 11>,[10]
[105],0.23,0.652443,1.103038,TComDataCU::copyPartFrom,[105]
,,1.103038,0.0,  memcpy,[29]
,,,,,
,,0.372867,1.351569,  TEncCu::xCompressCU <cycle 11>,[10]
[106],0.22,0.372867,1.351569,TComDataCU::copyToPic,[106]
,,1.351569,0.0,  memcpy,[29]
,,,,,
,,1.724424,0.0,  TComPrediction::initIntraPatternChType,[31]
[107],0.22,1.724424,0.0,isAboveAvailable,[107]
,,,,,
,,,,  TEncCu::xEncodeCU <cycle 2>,[108]
,,0.015540,0.793987,  TEncSlice::encodeSlice,[129]
,,0.031018,0.839060,  TEncSlice::compressSlice,[8]
[108],0.22,0.046558,1.633046,TEncCu::xEncodeCU <cycle 2>,[108]
,,0.046619,0.015551,  TEncCu::finishCU,[183]
,,0.031161,0.031091,  TEncSbac::codeSplitFlag,[153]
,,0.015528,0.233365,  TEncEntropy::encodePredInfo,[123]
,,,,  TEncCu::xEncodeCU <cycle 2>,[108]
,,0.0,1.244224,  TEncEntropy::encodeCoeff,[117]
,,0.0,0.015507,  TEncSbac::codePartSize,[133]
,,,,,
,,0.015540,0.793987,  TEncSlice::encodeSlice,[129]
,,0.031018,0.839060,  TEncSlice::compressSlice,[8]
[109],0.22,0.046558,1.633046,<cycle 2 as a whole>,[109]
,,0.046558,1.633046,  TEncCu::xEncodeCU <cycle 2>,[108]
,,,,,
,,0.217737,1.461143,  TComLoopFilter::loopFilterPic,[111]
[110],0.22,0.217737,1.461143,<cycle 3 as a whole>,[110]
,,0.217737,1.461143,  TComLoopFilter::xDeblockCU <cycle 3>,[112]
,,,,,
,,0.0,1.678880,  TEncGOP::compressGOP,[7]
[111],0.22,0.0,1.678880,TComLoopFilter::loopFilterPic,[111]
,,0.217737,1.461143,  TComLoopFilter::xDeblockCU <cycle 3>,[112]
,,,,,
,,,,  TComLoopFilter::xDeblockCU <cycle 3>,[112]
,,0.217737,1.461143,  TComLoopFilter::loopFilterPic,[111]
[112],0.22,0.217737,1.461143,TComLoopFilter::xDeblockCU <cycle 3>,[112]
,,0.310756,0.0,  TComLoopFilter::xEdgeFilterChroma,[154]
,,0.279916,0.512959,  TComLoopFilter::xEdgeFilterLuma,[131]
,,0.124425,0.093166,  TComLoopFilter::xSetEdgefilterTU <cycle 4>,[160]
,,0.046623,0.031146,  TComLoopFilter::xGetBoundaryStrengthSingle,[176]
,,0.031050,0.0,  TComTU::TComTU,[142]
,,0.015603,0.0,  TComLoopFilter::xSetEdgefilterPU,[203]
,,,,  TComLoopFilter::xDeblockCU <cycle 3>,[112]
,,0.0,0.015500,  TComLoopFilter::xSetLoopfilterParam,[225]
,,,,,
,,0.062168,0.0,  TEncEntropy::xEncodeTransform <cycle 1>,[70]
,,0.434925,0.0,  TEncSearch::xEncSubdivCbfQT <cycle 7>,[53]
,,0.885300,0.0,  TEncSearch::xRecurIntraCodingLumaQT <cycle 10>,[15]
[113],0.18,1.382392,0.0,TComDataCU::getQuadtreeTULog2MinSizeInCU,[113]
,,,,,
,,1.056492,0.217430,  TComPrediction::initIntraPatternChType,[31]
[114],0.16,1.056492,0.217430,TComDataCU::getPUAboveLeft,[114]
,,0.217430,0.0,  TComDataCU::CUIsFromSameSliceAndTile,[148]
,,,,,
,,0.031075,0.0,  TEncCu::xCompressCU <cycle 11>,[10]
,,0.155260,0.0,  TEncSearch::estIntraPredChromaQT,[20]
,,0.466055,0.0,  TEncSearch::xModeBitsIntra,[40]
,,0.621423,0.0,  TEncSearch::xRecurIntraCodingLumaQT <cycle 10>,[15]
[115],0.16,1.273813,0.0,TComBitCounter::resetBits,[115]
,,,,,
,,1.258108,0.0,  TComRdCost::getDistPart,[48]
[116],0.16,1.258108,0.0,TComRdCost::xGetSSE16,[116]
,,,,,
,,0.0,1.244224,  TEncCu::xEncodeCU <cycle 2>,[108]
[117],0.16,0.0,1.244224,TEncEntropy::encodeCoeff,[117]
,,0.248885,0.979736,  TEncEntropy::xEncodeTransform <cycle 1>,[70]
,,0.015603,0.0,  TComTU::TComTU,[142]
,,,,,
,,0.046551,0.403557,  TEncCu::xCopyYuv2Pic,[140]
,,0.062182,0.714778,  TEncCu::xCompressCU <cycle 11>,[10]
[118],0.16,0.108734,1.118335,TComYuv::copyToPicYuv,[118]
,,0.667991,0.450344,  TComYuv::copyToPicComponent,[125]
,,,,,
,,1.211917,0.0,  TEncSbac::resetBits,[87]
[119],0.16,1.211917,0.0,TEncBinCABAC::resetBits,[119]
,,,,,
,,0.108802,1.072385,  TEncCu::xCompressCU <cycle 11>,[10]
[120],0.15,0.108802,1.072385,TEncCu::xCopyYuv2Tmp,[120]
,,0.373213,0.699172,  TComYuv::copyToPartComponent,[126]
,,,,,
,,1.150156,0.0,  TEncBinCABACCounter::getNumWrittenBits,[91]
[121],0.15,1.150156,0.0,TComBitCounter::getNumberOfWrittenBits,[121]
,,,,,
,,1.149368,0.0,  TComRdCost::getDistPart,[48]
[122],0.15,1.149368,0.0,TComRdCost::xGetSSE32,[122]
,,,,,
,,0.015528,0.233365,  TEncCu::xEncodeCU <cycle 2>,[108]
,,0.046637,0.839109,  TEncCu::xCheckRDCostIntra,[12]
[123],0.15,0.062165,1.072474,TEncEntropy::encodePredInfo,[123]
,,0.357436,0.621584,  TEncSbac::codeIntraDirLumaAng,[41]
,,0.062319,0.031135,  TEncSbac::codeIntraDirChroma,[143]
,,,,,
,,0.015504,0.0,  TEncCu::xCheckRDCostIntra,[12]
,,0.015510,0.0,  TEncCu::xCompressCU <cycle 11>,[10]
,,0.093180,0.0,  TEncSearch::estIntraPredChromaQT,[20]
,,0.481592,0.0,  TEncSearch::xRecurIntraCodingLumaQT <cycle 10>,[15]
,,0.528154,0.0,  TEncSearch::estIntraPredLumaQT,[13]
[124],0.15,1.133939,0.0,TEncSbac::getNumberOfWrittenBits,[124]
,,,,,
,,0.667991,0.450344,  TComYuv::copyToPicYuv,[118]
[125],0.14,0.667991,0.450344,TComYuv::copyToPicComponent,[125]
,,0.450344,0.0,  memcpy,[29]
,,,,,
,,0.373213,0.699172,  TEncCu::xCopyYuv2Tmp,[120]
[126],0.14,0.373213,0.699172,TComYuv::copyToPartComponent,[126]
,,0.419523,0.0,  memcpy,[29]
,,0.279649,0.0,  TComYuv::getAddr,[47]
,,,,,
,,0.978711,0.0,  TEncBinCABAC::copyState,[72]
[127],0.13,0.978711,0.0,TEncBinCABAC::getTEncBinCABAC,[127]
,,,,,
,,0.208731,0.0,  TEncSbac::codeCoeffNxN,[38]
,,0.652325,0.0,  TComTrQuant::xRateDistOptQuant,[19]
[128],0.11,0.861056,0.0,TComTU::getGolombRiceStatisticsIndex,[128]
,,,,,
,,0.0,0.825092,  TEncGOP::compressGOP,[7]
[129],0.11,0.0,0.825092,TEncSlice::encodeSlice,[129]
,,0.015540,0.793987,  TEncCu::xEncodeCU <cycle 2>,[108]
,,0.0,0.015565,  TEncSbac::codeSAOBlkParam,[207]
,,,,,
,,0.015496,0.0,  TEncSbac::codeIntraDirChroma,[143]
,,0.077658,0.0,  TEncSbac::xWriteCoefRemainExGolomb,[139]
,,0.108671,0.0,  TEncSbac::codeCoeffNxN,[38]
,,0.605980,0.0,  TEncSbac::codeIntraDirLumaAng,[41]
[130],0.1,0.807804,0.0,TEncBinCABACCounter::encodeBinsEP,[130]
,,,,,
,,0.279916,0.512959,  TComLoopFilter::xDeblockCU <cycle 3>,[112]
[131],0.1,0.279916,0.512959,TComLoopFilter::xEdgeFilterLuma,[131]
,,0.419712,0.0,  TComLoopFilter::xPelFilterLuma,[149]
,,0.062165,0.0,  TComLoopFilter::xUseStrongFiltering,[184]
,,0.031082,0.0,  TComDataCU::getPUAbove,[186]
,,,,,
,,0.792497,0.0,  xITrMxN,[37]
[132],0.1,0.792497,0.0,partialButterflyInverse4,[132]
,,,,,
,,0.0,0.015507,  TEncCu::xEncodeCU <cycle 2>,[108]
,,0.015551,0.015533,  TEncCu::xCheckRDCostIntra,[12]
,,0.497359,0.232949,  TEncSearch::xEncIntraHeader,[56]
[133],0.1,0.512911,0.263990,TEncSbac::codePartSize,[133]
,,0.263990,0.0,  TEncBinCABACCounter::encodeBin,[63]
,,,,,
,,0.0,0.746386,  TEncSampleAdaptiveOffset::SAOProcess,[84]
[134],0.1,0.0,0.746386,TEncSampleAdaptiveOffset::decideBlkParams,[134]
,,0.0,0.295431,  TComSampleAdaptiveOffset::offsetCTU,[156]
,,0.0,0.450955,  TEncSampleAdaptiveOffset::deriveModeNewRDO,[147]
,,,,,
,,0.714420,0.0,  TEncSearch::xIntraCodingTUBlock,[14]
[135],0.09,0.714420,0.0,TComPrediction::filteringIntraReferenceSamples,[135]
,,,,,
,,0.326112,0.341883,  TEncSbac::codeCoeffNxN,[38]
[136],0.09,0.326112,0.341883,TEncSbac::codeTransformSkipFlags,[136]
,,0.341883,0.0,  TEncBinCABACCounter::encodeBin,[63]
,,,,,
,,0.667988,0.0,  TComPrediction::xPredIntraAng,[25]
[137],0.09,0.667988,0.0,TComPrediction::predIntraGetPredValDC,[137]
,,,,,
,,0.0,0.187402,  TEncGOP::compressGOP,[7]
,,0.0,0.187894,  TEncSampleAdaptiveOffset::SAOProcess,[84]
,,0.0,0.281111,  TEncTop::encode,[6]
[138],0.08,0.0,0.656407,TComPicYuv::copyToPic,[138]
,,0.656407,0.0,  memcpy,[29]
,,,,,
,,0.527946,0.077658,  TEncSbac::codeCoeffNxN,[38]
[139],0.08,0.527946,0.077658,TEncSbac::xWriteCoefRemainExGolomb,[139]
,,0.077658,0.0,  TEncBinCABACCounter::encodeBinsEP,[130]
,,,,,
,,0.155319,0.450108,  TEncCu::xCompressCU <cycle 11>,[10]
[140],0.08,0.155319,0.450108,TEncCu::xCopyYuv2Pic,[140]
,,0.046551,0.403557,  TComYuv::copyToPicYuv,[118]
,,,,,
,,0.155398,0.403814,  TEncCu::xCompressCU <cycle 11>,[10]
[141],0.07,0.155398,0.403814,TComYuv::copyFromPicComponent,[141]
,,0.403814,0.0,  memcpy,[29]
,,,,,
,,0.015603,0.0,  TEncEntropy::encodeCoeff,[117]
,,0.031050,0.0,  TComLoopFilter::xDeblockCU <cycle 3>,[112]
,,0.124200,0.0,  TEncSearch::estIntraPredChromaQT,[20]
,,0.170932,0.0,  TEncSearch::estIntraPredLumaQT,[13]
,,0.186431,0.0,  TEncCu::xCheckRDCostIntra,[12]
[142],0.07,0.528216,0.0,TComTU::TComTU,[142]
,,,,,
,,0.062319,0.031135,  TEncEntropy::encodePredInfo,[123]
,,0.357198,0.077554,  TEncSearch::xEncIntraHeader,[56]
[143],0.07,0.419517,0.108688,TEncSbac::codeIntraDirChroma,[143]
,,0.062067,0.0,  TEncBinCABACCounter::encodeBin,[63]
,,0.015565,0.0,  _security_check_cookie,[82]
,,0.015561,0.0,  TEncBinCABAC::encodeBin,[158]
,,0.015496,0.0,  TEncBinCABACCounter::encodeBinsEP,[130]
,,,,,
,,0.527985,0.0,  TComTrQuant::invTransformNxN,[28]
[144],0.07,0.527985,0.0,TComTrQuant::invRdpcmNxN,[144]
,,,,,
,,0.512602,0.0,  TComPrediction::predIntraAng,[23]
[145],0.07,0.512602,0.0,TComPrediction::xDCPredFiltering,[145]
,,,,,
,,0.0,0.497671,  TAppEncTop::encode,[3]
[146],0.06,0.0,0.497671,TVideoIOYuv::read,[146]
,,0.217486,0.186586,  readPlane,[151]
,,0.0,0.093599,  TVideoIOYuv::ColourSpaceConvert,[174]
,,,,,
,,0.0,0.450955,  TEncSampleAdaptiveOffset::decideBlkParams,[134]
[147],0.06,0.0,0.450955,TEncSampleAdaptiveOffset::deriveModeNewRDO,[147]
,,0.233317,0.031071,  TEncSampleAdaptiveOffset::deriveOffsets,[157]
,,0.046612,0.0,  TEncSampleAdaptiveOffset::getDistortion,[187]
,,0.046573,0.0,  memcpy,[29]
,,0.015581,0.0,  TComSampleAdaptiveOffset::invertQuantOffsets,[205]
,,0.015562,0.031151,  TEncSbac::codeSAOOffsetParam,[180]
,,0.015538,0.0,  TEncBinCABAC::copyState,[72]
,,0.0,0.015549,  TEncSbac::resetBits,[87]
,,,,,
,,0.093354,0.0,  TComDataCU::getPUAboveRight,[76]
,,0.124219,0.0,  TComDataCU::getPUBelowLeft,[94]
,,0.217430,0.0,  TComDataCU::getPUAboveLeft,[114]
[148],0.06,0.435003,0.0,TComDataCU::CUIsFromSameSliceAndTile,[148]
,,,,,
,,0.419712,0.0,  TComLoopFilter::xEdgeFilterLuma,[131]
[149],0.05,0.419712,0.0,TComLoopFilter::xPelFilterLuma,[149]
,,,,,
,,0.015604,0.139792,  TEncCu::compressCtu,[9]
,,0.046604,0.217444,  TEncSlice::compressSlice,[8]
[150],0.05,0.062209,0.357235,TComDataCU::initCtu,[150]
,,0.357235,0.0,  memset,[33]
,,,,,
,,0.217486,0.186586,  TVideoIOYuv::read,[146]
[151],0.05,0.217486,0.186586,readPlane,[151]
,,0.015544,0.171042,"  std::basic_istream<char,struct std::char_traits<char> >::read",[161]
,,,,,
,,0.015558,0.0,  TEncSbac::codeSAOOffsetParam,[180]
,,0.341747,0.0,  TEncSbac::codeIntraDirLumaAng,[41]
[152],0.05,0.357305,0.0,TEncBinCABACCounter::encodeBinEP,[152]
,,,,,
,,0.031161,0.031091,  TEncCu::xEncodeCU <cycle 2>,[108]
,,0.155508,0.093206,  TEncCu::xCompressCU <cycle 11>,[10]
[153],0.04,0.186669,0.124297,TEncSbac::codeSplitFlag,[153]
,,0.108784,0.0,  TComDataCU::getCtxSplitFlag,[172]
,,0.015514,0.0,  TEncBinCABACCounter::encodeBin,[63]
,,,,,
,,0.310756,0.0,  TComLoopFilter::xDeblockCU <cycle 3>,[112]
[154],0.04,0.310756,0.0,TComLoopFilter::xEdgeFilterChroma,[154]
,,,,,
,,0.295431,0.0,  TComSampleAdaptiveOffset::offsetCTU,[156]
[155],0.04,0.295431,0.0,TComSampleAdaptiveOffset::offsetBlock,[155]
,,,,,
,,0.0,0.295431,  TEncSampleAdaptiveOffset::decideBlkParams,[134]
[156],0.04,0.0,0.295431,TComSampleAdaptiveOffset::offsetCTU,[156]
,,0.295431,0.0,  TComSampleAdaptiveOffset::offsetBlock,[155]
,,,,,
,,0.233317,0.031071,  TEncSampleAdaptiveOffset::deriveModeNewRDO,[147]
[157],0.03,0.233317,0.031071,TEncSampleAdaptiveOffset::deriveOffsets,[157]
,,0.031071,0.0,  TEncSampleAdaptiveOffset::estIterOffset,[199]
,,,,,
,,0.015561,0.0,  TEncSbac::codeIntraDirChroma,[143]
,,0.015584,0.0,  TEncSbac::codeQtCbf,[86]
,,0.077888,0.0,  TEncSbac::codeCoeffNxN,[38]
,,0.108927,0.0,  TEncSbac::codeLastSignificantXY,[92]
[158],0.03,0.217961,0.0,TEncBinCABAC::encodeBin,[158]
,,,,,
,,0.124425,0.093166,  TComLoopFilter::xDeblockCU <cycle 3>,[112]
[159],0.03,0.124425,0.093166,<cycle 4 as a whole>,[159]
,,0.124425,0.093166,  TComLoopFilter::xSetEdgefilterTU <cycle 4>,[160]
,,,,,
,,,,  TComLoopFilter::xSetEdgefilterTU <cycle 4>,[160]
,,0.124425,0.093166,  TComLoopFilter::xDeblockCU <cycle 3>,[112]
[160],0.03,0.124425,0.093166,TComLoopFilter::xSetEdgefilterTU <cycle 4>,[160]
,,0.077648,0.0,  TComTURecurse::nextSection,[65]
,,0.015517,0.0,  TComTU::TComTU,[85]
,,,,  TComLoopFilter::xSetEdgefilterTU <cycle 4>,[160]
,,,,,
,,0.015544,0.171042,  readPlane,[151]
[161],0.02,0.015544,0.171042,"std::basic_istream<char,struct std::char_traits<char> >::read",[161]
,,0.015542,0.0,  memcpy,[29]
,,0.0,0.155500,  fgetc,[163]
,,,,,
,,0.0,0.155500,  fgetc,[163]
[162],0.02,0.0,0.155500,common_refill_and_read_nolock<char>,[162]
,,0.0,0.155500,  read,[164]
,,,,,
,,0.0,0.155500,"  std::basic_istream<char,struct std::char_traits<char> >::read",[161]
[163],0.02,0.0,0.155500,fgetc,[163]
,,0.0,0.155500,  common_refill_and_read_nolock<char>,[162]
,,,,,
,,0.0,0.155500,  common_refill_and_read_nolock<char>,[162]
[164],0.02,0.0,0.155500,read,[164]
,,0.015585,0.0,  RtlEnterCriticalSection,[204]
,,0.015523,0.0,  RtlLeaveCriticalSection,[224]
,,0.0,0.124392,  read_nolock,[167]
,,,,,
,,0.0,0.015590,  TEncCu::compressCtu,[9]
,,0.0,0.124245,  TEncCu::xCompressCU <cycle 11>,[10]
[165],0.02,0.0,0.139835,[Unknown stack frame(s)],[165]
,,0.093160,0.0,  TEncSearch::xModeBitsIntra,[40]
,,0.046675,0.0,  TEncSbac::resetBits,[87]
,,,,,
,,0.124392,0.0,  read_nolock,[167]
[166],0.02,0.124392,0.0,ReadFile,[166]
,,,,,
,,0.0,0.124392,  read,[164]
[167],0.02,0.0,0.124392,read_nolock,[167]
,,0.124392,0.0,  ReadFile,[166]
,,,,,
,,0.124331,0.0,  TEncCu::xCompressCU <cycle 11>,[10]
[168],0.02,0.124331,0.0,std::_Deque_iterator<class std::_Deque_val<struct std::_Deque_simple_types<class TComSlice *> > >::operator+,[168]
,,,,,
,,0.109094,0.0,  TEncGOP::xCalculateAddPSNRs,[170]
[169],0.01,0.109094,0.0,TEncGOP::xCalculateAddPSNR,[169]
,,,,,
,,0.0,0.109094,  TEncGOP::compressGOP,[7]
[170],0.01,0.0,0.109094,TEncGOP::xCalculateAddPSNRs,[170]
,,0.109094,0.0,  TEncGOP::xCalculateAddPSNR,[169]
,,,,,
,,0.108820,0.0,  TComTrQuant::invTransformNxN,[28]
[171],0.01,0.108820,0.0,TComTrQuant::xITransformSkip,[171]
,,,,,
,,0.108784,0.0,  TEncSbac::codeSplitFlag,[153]
[172],0.01,0.108784,0.0,TComDataCU::getCtxSplitFlag,[172]
,,,,,
,,0.015498,0.0,  TEncEntropy::xEncodeTransform <cycle 1>,[70]
,,0.093183,0.0,  TEncSearch::xEncSubdivCbfQT <cycle 7>,[53]
[173],0.01,0.108682,0.0,TEncSbac::codeTransformSubdivFlag,[173]
,,,,,
,,0.0,0.093599,  TVideoIOYuv::read,[146]
[174],0.01,0.0,0.093599,TVideoIOYuv::ColourSpaceConvert,[174]
,,0.0,0.093599,  copyPlane,[175]
,,,,,
,,0.0,0.093599,  TVideoIOYuv::ColourSpaceConvert,[174]
[175],0.01,0.0,0.093599,copyPlane,[175]
,,0.093599,0.0,  memcpy,[29]
,,,,,
,,0.046623,0.031146,  TComLoopFilter::xDeblockCU <cycle 3>,[112]
[176],0.01,0.046623,0.031146,TComLoopFilter::xGetBoundaryStrengthSingle,[176]
,,0.015593,0.0,  TComDataCU::getPUAbove,[186]
,,0.015553,0.0,  TComDataCU::getPULeft,[200]
,,,,,
,,0.077768,0.0,  TEncSearch::estIntraPredLumaQT,[13]
[177],0.01,0.077768,0.0,TComYuv::getStride,[177]
,,,,,
,,0.077711,0.0,  TEncCu::xCompressCU <cycle 11>,[10]
[178],0.01,0.077711,0.0,TEncCu::xComputeQP,[178]
,,,,,
,,0.077648,0.0,  TEncEntropy::xEncodeTransform <cycle 1>,[70]
[179],0.01,0.077648,0.0,TEncSbac::codeCrossComponentPrediction,[179]
,,,,,
,,0.015562,0.031151,  TEncSampleAdaptiveOffset::deriveModeNewRDO,[147]
,,0.015565,0.0,  TEncSbac::codeSAOBlkParam,[207]
[180],0.01,0.031127,0.031151,TEncSbac::codeSAOOffsetParam,[180]
,,0.015593,0.0,  _security_check_cookie,[82]
,,0.015558,0.0,  TEncBinCABACCounter::encodeBinEP,[152]
,,,,,
,,0.062172,0.0,  TComPic::compressMotion,[182]
[181],0.01,0.062172,0.0,TComCUMvField::compress,[181]
,,,,,
,,0.0,0.062172,  TEncGOP::compressGOP,[7]
[182],0.01,0.0,0.062172,TComPic::compressMotion,[182]
,,0.062172,0.0,  TComCUMvField::compress,[181]
,,,,,
,,0.046619,0.015551,  TEncCu::xEncodeCU <cycle 2>,[108]
[183],0.01,0.046619,0.015551,TEncCu::finishCU,[183]
,,0.015551,0.0,  TComDataCU::isLastSubCUOfCtu,[223]
,,,,,
,,0.062165,0.0,  TComLoopFilter::xEdgeFilterLuma,[131]
[184],0.01,0.062165,0.0,TComLoopFilter::xUseStrongFiltering,[184]
,,,,,
,,0.031203,0.015649,  TEncSampleAdaptiveOffset::SAOProcess,[84]
[185],0.01,0.031203,0.015649,TComPicYuv::extendPicBorder,[185]
,,0.015649,0.0,  memcpy,[29]
,,,,,
,,0.015593,0.0,  TComLoopFilter::xGetBoundaryStrengthSingle,[176]
,,0.031082,0.0,  TComLoopFilter::xEdgeFilterLuma,[131]
[186],0.01,0.046675,0.0,TComDataCU::getPUAbove,[186]
,,,,,
,,0.046612,0.0,  TEncSampleAdaptiveOffset::deriveModeNewRDO,[147]
[187],0.01,0.046612,0.0,TEncSampleAdaptiveOffset::getDistortion,[187]
,,,,,
,,0.0,0.031223,  TAppEncTop::encode,[3]
[188],0.0,0.0,0.031223,TAppEncTop::xWriteOutput,[188]
,,0.0,0.031223,  writeAnnexB,[194]
,,,,,
,,0.031223,0.0,  write_nolock,[196]
[189],0.0,0.031223,0.0,WriteFile,[189]
,,,,,
,,0.0,0.031223,  fputc,[191]
[190],0.0,0.0,0.031223,_acrt_stdio_flush_and_write_narrow_nolock,[190]
,,0.0,0.031223,  write_buffer_nolock<char>,[195]
,,,,,
,,0.0,0.031223,"  std::_Insert_string<char,struct std::char_traits<char>,unsigned __int64>",[192]
[191],0.0,0.0,0.031223,fputc,[191]
,,0.0,0.031223,  _acrt_stdio_flush_and_write_narrow_nolock,[190]
,,,,,
,,0.0,0.031223,  writeAnnexB,[194]
[192],0.0,0.0,0.031223,"std::_Insert_string<char,struct std::char_traits<char>,unsigned __int64>",[192]
,,0.0,0.031223,  fputc,[191]
,,,,,
,,0.0,0.031223,  write_buffer_nolock<char>,[195]
[193],0.0,0.0,0.031223,write,[193]
,,0.0,0.031223,  write_nolock,[196]
,,,,,
,,0.0,0.031223,  TAppEncTop::xWriteOutput,[188]
[194],0.0,0.0,0.031223,writeAnnexB,[194]
,,0.0,0.031223,"  std::_Insert_string<char,struct std::char_traits<char>,unsigned __int64>",[192]
,,,,,
,,0.0,0.031223,  _acrt_stdio_flush_and_write_narrow_nolock,[190]
[195],0.0,0.0,0.031223,write_buffer_nolock<char>,[195]
,,0.0,0.031223,  write,[193]
,,,,,
,,0.0,0.031223,  write,[193]
[196],0.0,0.0,0.031223,write_nolock,[196]
,,0.031223,0.0,  WriteFile,[189]
,,,,,
,,0.015563,0.0,  TComOutputBitstream::addSubstream,[208]
,,0.015576,0.0,  TEncGOP::compressGOP,[7]
[197],0.0,0.031138,0.0,TComOutputBitstream::write,[197]
,,,,,
,,0.031109,0.0,  TEncCu::xCompressCU <cycle 11>,[10]
[198],0.0,0.031109,0.0,"std::deque<class TComSlice *,class std::allocator<class TComSlice *> >::begin",[198]
,,,,,
,,0.031071,0.0,  TEncSampleAdaptiveOffset::deriveOffsets,[157]
[199],0.0,0.031071,0.0,TEncSampleAdaptiveOffset::estIterOffset,[199]
,,,,,
,,0.015500,0.0,  TComLoopFilter::xSetLoopfilterParam,[225]
,,0.015553,0.0,  TComLoopFilter::xGetBoundaryStrengthSingle,[176]
[200],0.0,0.031053,0.0,TComDataCU::getPULeft,[200]
,,,,,
,,0.0,0.015642,  TEncGOP::compressGOP,[7]
[201],0.0,0.0,0.015642,TEncSlice::initEncSlice,[201]
,,0.015642,0.0,  TEncSlice::setUpLambda,[202]
,,,,,
,,0.015642,0.0,  TEncSlice::initEncSlice,[201]
[202],0.0,0.015642,0.0,TEncSlice::setUpLambda,[202]
,,,,,
,,0.015603,0.0,  TComLoopFilter::xDeblockCU <cycle 3>,[112]
[203],0.0,0.015603,0.0,TComLoopFilter::xSetEdgefilterPU,[203]
,,,,,
,,0.015585,0.0,  read,[164]
[204],0.0,0.015585,0.0,RtlEnterCriticalSection,[204]
,,,,,
,,0.015581,0.0,  TEncSampleAdaptiveOffset::deriveModeNewRDO,[147]
[205],0.0,0.015581,0.0,TComSampleAdaptiveOffset::invertQuantOffsets,[205]
,,,,,
,,0.015576,0.0,  TEncSbac::codeIntraDirLumaAng,[41]
[206],0.0,0.015576,0.0,TEncBinCABAC::encodeBinEP,[206]
,,,,,
,,0.0,0.015565,  TEncSlice::encodeSlice,[129]
[207],0.0,0.0,0.015565,TEncSbac::codeSAOBlkParam,[207]
,,0.015565,0.0,  TEncSbac::codeSAOOffsetParam,[180]
,,,,,
,,0.0,0.015563,  TEncGOP::compressGOP,[7]
[208],0.0,0.0,0.015563,TComOutputBitstream::addSubstream,[208]
,,0.015563,0.0,  TComOutputBitstream::write,[197]
,,,,,
,,0.015558,0.0,  TEncSbac::codeCoeffNxN,[38]
[209],0.0,0.015558,0.0,TEncBinCABAC::writeOut,[209]
,,,,,
,,0.015555,0.0,  free_base,[215]
[210],0.0,0.015555,0.0,RtlFreeHeap,[210]
,,,,,
,,0.0,0.015555,  TComPicSym::destroy,[213]
[211],0.0,0.0,0.015555,TComDataCU::destroy,[211]
,,0.0,0.015555,  aligned_free,[214]
,,,,,
,,0.0,0.015555,  TAppEncTop::encode,[3]
[212],0.0,0.0,0.015555,TComPic::destroy,[212]
,,0.0,0.015555,  TComPicSym::destroy,[213]
,,,,,
,,0.0,0.015555,  TComPic::destroy,[212]
[213],0.0,0.0,0.015555,TComPicSym::destroy,[213]
,,0.0,0.015555,  TComDataCU::destroy,[211]
,,,,,
,,0.0,0.015555,  TComDataCU::destroy,[211]
[214],0.0,0.0,0.015555,aligned_free,[214]
,,0.0,0.015555,  free_base,[215]
,,,,,
,,0.0,0.015555,  aligned_free,[214]
[215],0.0,0.0,0.015555,free_base,[215]
,,0.015555,0.0,  RtlFreeHeap,[210]
,,,,,
,,0.015553,0.0,  malloc_base,[222]
[216],0.0,0.015553,0.0,RtlAllocateHeap,[216]
,,,,,
,,0.0,0.015553,  TComPicSym::create,[219]
[217],0.0,0.0,0.015553,TComDataCU::create,[217]
,,0.0,0.015553,  aligned_offset_malloc_base,[221]
,,,,,
,,0.0,0.015553,  TEncTop::xGetNewPicBuffer,[220]
[218],0.0,0.0,0.015553,TComPic::create,[218]
,,0.0,0.015553,  TComPicSym::create,[219]
,,,,,
,,0.0,0.015553,  TComPic::create,[218]
[219],0.0,0.0,0.015553,TComPicSym::create,[219]
,,0.0,0.015553,  TComDataCU::create,[217]
,,,,,
,,0.0,0.015553,  TEncTop::encode,[6]
[220],0.0,0.0,0.015553,TEncTop::xGetNewPicBuffer,[220]
,,0.0,0.015553,  TComPic::create,[218]
,,,,,
,,0.0,0.015553,  TComDataCU::create,[217]
[221],0.0,0.0,0.015553,aligned_offset_malloc_base,[221]
,,0.0,0.015553,  malloc_base,[222]
,,,,,
,,0.0,0.015553,  aligned_offset_malloc_base,[221]
[222],0.0,0.0,0.015553,malloc_base,[222]
,,0.015553,0.0,  RtlAllocateHeap,[216]
,,,,,
,,0.015551,0.0,  TEncCu::finishCU,[183]
[223],0.0,0.015551,0.0,TComDataCU::isLastSubCUOfCtu,[223]
,,,,,
,,0.015523,0.0,  read,[164]
[224],0.0,0.015523,0.0,RtlLeaveCriticalSection,[224]
,,,,,
,,0.0,0.015500,  TComLoopFilter::xDeblockCU <cycle 3>,[112]
[225],0.0,0.0,0.015500,TComLoopFilter::xSetLoopfilterParam,[225]
,,0.015500,0.0,  TComDataCU::getPULeft,[200]
,,,,,
,,0.015240,0.0,  close_nolock,[229]
[226],0.0,0.015240,0.0,CloseHandle,[226]
,,,,,
,,0.0,0.015240,  close,[228]
[227],0.0,0.0,0.015240,"__crt_seh_guarded_call<int>::operator()<class <lambda_751a882b2c74d4b022dec766aa51a29a>,class <lambda_628dfdc04ba53c8bfc02c9951375f3f5> &,class <lambda_f6c7be5f7998530c34de24c7437d6b54> >",[227]
,,0.0,0.015240,  close_nolock,[229]
,,,,,
,,0.0,0.015240,  fclose_nolock,[231]
[228],0.0,0.0,0.015240,close,[228]
,,0.0,0.015240,"  __crt_seh_guarded_call<int>::operator()<class <lambda_751a882b2c74d4b022dec766aa51a29a>,class <lambda_628dfdc04ba53c8bfc02c9951375f3f5> &,class <lambda_f6c7be5f7998530c34de24c7437d6b54> >",[227]
,,,,,
,,0.0,0.015240,"  __crt_seh_guarded_call<int>::operator()<class <lambda_751a882b2c74d4b022dec766aa51a29a>,class <lambda_628dfdc04ba53c8bfc02c9951375f3f5> &,class <lambda_f6c7be5f7998530c34de24c7437d6b54> >",[227]
[229],0.0,0.0,0.015240,close_nolock,[229]
,,0.015240,0.0,  CloseHandle,[226]
,,,,,
,,0.0,0.015240,"  std::basic_fstream<char,struct std::char_traits<char> >::~basic_fstream<char,struct std::char_traits<char> >",[232]
[230],0.0,0.0,0.015240,fclose,[230]
,,0.0,0.015240,  fclose_nolock,[231]
,,,,,
,,0.0,0.015240,  fclose,[230]
[231],0.0,0.0,0.015240,fclose_nolock,[231]
,,0.0,0.015240,  close,[228]
,,,,,
,,0.0,0.015240,  TAppEncTop::encode,[3]
[232],0.0,0.0,0.015240,"std::basic_fstream<char,struct std::char_traits<char> >::~basic_fstream<char,struct std::char_traits<char> >",[232]
,,0.0,0.015240,  fclose,[230]
,,,,,


Index by function name

Index,Function
[1],BaseThreadInitThunk
[226],CloseHandle
[71],QpParam::QpParam
[166],ReadFile
[216],RtlAllocateHeap
[204],RtlEnterCriticalSection
[210],RtlFreeHeap
[224],RtlLeaveCriticalSection
[2],RtlUserThreadStart
[3],TAppEncTop::encode
[188],TAppEncTop::xWriteOutput
[121],TComBitCounter::getNumberOfWrittenBits
[115],TComBitCounter::resetBits
[181],TComCUMvField::compress
[148],TComDataCU::CUIsFromSameSliceAndTile
[105],TComDataCU::copyPartFrom
[106],TComDataCU::copyToPic
[217],TComDataCU::create
[211],TComDataCU::destroy
[80],TComDataCU::getCoefScanIdx
[172],TComDataCU::getCtxSplitFlag
[50],TComDataCU::getIntraDirPredictor
[186],TComDataCU::getPUAbove
[114],TComDataCU::getPUAboveLeft
[76],TComDataCU::getPUAboveRight
[94],TComDataCU::getPUBelowLeft
[200],TComDataCU::getPULeft
[113],TComDataCU::getQuadtreeTULog2MinSizeInCU
[150],TComDataCU::initCtu
[79],TComDataCU::initEstData
[100],TComDataCU::initSubCU
[223],TComDataCU::isLastSubCUOfCtu
[111],TComLoopFilter::loopFilterPic
[112],TComLoopFilter::xDeblockCU
[154],TComLoopFilter::xEdgeFilterChroma
[131],TComLoopFilter::xEdgeFilterLuma
[176],TComLoopFilter::xGetBoundaryStrengthSingle
[149],TComLoopFilter::xPelFilterLuma
[203],TComLoopFilter::xSetEdgefilterPU
[160],TComLoopFilter::xSetEdgefilterTU
[225],TComLoopFilter::xSetLoopfilterParam
[184],TComLoopFilter::xUseStrongFiltering
[208],TComOutputBitstream::addSubstream
[197],TComOutputBitstream::write
[182],TComPic::compressMotion
[218],TComPic::create
[212],TComPic::destroy
[219],TComPicSym::create
[213],TComPicSym::destroy
[138],TComPicYuv::copyToPic
[185],TComPicYuv::extendPicBorder
[135],TComPrediction::filteringIntraReferenceSamples
[31],TComPrediction::initIntraPatternChType
[23],TComPrediction::predIntraAng
[137],TComPrediction::predIntraGetPredValDC
[145],TComPrediction::xDCPredFiltering
[25],TComPrediction::xPredIntraAng
[67],TComPrediction::xPredIntraPlanar
[48],TComRdCost::getDistPart
[46],TComRdCost::xCalcHADs4x4
[26],TComRdCost::xCalcHADs8x8
[24],TComRdCost::xGetHADs
[116],TComRdCost::xGetSSE16
[122],TComRdCost::xGetSSE32
[83],TComRdCost::xGetSSE4
[97],TComRdCost::xGetSSE8
[205],TComSampleAdaptiveOffset::invertQuantOffsets
[155],TComSampleAdaptiveOffset::offsetBlock
[156],TComSampleAdaptiveOffset::offsetCTU
[85],TComTU::TComTU
[142],TComTU::TComTU
[128],TComTU::getGolombRiceStatisticsIndex
[65],TComTURecurse::nextSection
[57],TComTrQuant::getSigCtxInc
[144],TComTrQuant::invRdpcmNxN
[28],TComTrQuant::invTransformNxN
[73],TComTrQuant::rdpcmNxN
[17],TComTrQuant::transformNxN
[43],TComTrQuant::xDeQuant
[49],TComTrQuant::xGetCodedLevel
[75],TComTrQuant::xGetICRate
[32],TComTrQuant::xIT
[171],TComTrQuant::xITransformSkip
[18],TComTrQuant::xQuant
[19],TComTrQuant::xRateDistOptQuant
[27],TComTrQuant::xT
[88],TComTrQuant::xTransformSkip
[141],TComYuv::copyFromPicComponent
[68],TComYuv::copyPartToPartComponent
[126],TComYuv::copyToPartComponent
[125],TComYuv::copyToPicComponent
[118],TComYuv::copyToPicYuv
[103],TComYuv::getAddr
[47],TComYuv::getAddr
[177],TComYuv::getStride
[72],TEncBinCABAC::copyState
[158],TEncBinCABAC::encodeBin
[206],TEncBinCABAC::encodeBinEP
[127],TEncBinCABAC::getTEncBinCABAC
[119],TEncBinCABAC::resetBits
[209],TEncBinCABAC::writeOut
[63],TEncBinCABACCounter::encodeBin
[152],TEncBinCABACCounter::encodeBinEP
[130],TEncBinCABACCounter::encodeBinsEP
[91],TEncBinCABACCounter::getNumWrittenBits
[9],TEncCu::compressCtu
[183],TEncCu::finishCU
[12],TEncCu::xCheckRDCostIntra
[10],TEncCu::xCompressCU
[178],TEncCu::xComputeQP
[140],TEncCu::xCopyYuv2Pic
[120],TEncCu::xCopyYuv2Tmp
[108],TEncCu::xEncodeCU
[117],TEncEntropy::encodeCoeff
[39],TEncEntropy::encodeCoeffNxN
[123],TEncEntropy::encodePredInfo
[70],TEncEntropy::xEncodeTransform
[7],TEncGOP::compressGOP
[169],TEncGOP::xCalculateAddPSNR
[170],TEncGOP::xCalculateAddPSNRs
[84],TEncSampleAdaptiveOffset::SAOProcess
[134],TEncSampleAdaptiveOffset::decideBlkParams
[147],TEncSampleAdaptiveOffset::deriveModeNewRDO
[157],TEncSampleAdaptiveOffset::deriveOffsets
[199],TEncSampleAdaptiveOffset::estIterOffset
[95],TEncSampleAdaptiveOffset::getBlkStats
[187],TEncSampleAdaptiveOffset::getDistortion
[96],TEncSampleAdaptiveOffset::getStatistics
[38],TEncSbac::codeCoeffNxN
[179],TEncSbac::codeCrossComponentPrediction
[143],TEncSbac::codeIntraDirChroma
[41],TEncSbac::codeIntraDirLumaAng
[92],TEncSbac::codeLastSignificantXY
[133],TEncSbac::codePartSize
[86],TEncSbac::codeQtCbf
[207],TEncSbac::codeSAOBlkParam
[180],TEncSbac::codeSAOOffsetParam
[153],TEncSbac::codeSplitFlag
[136],TEncSbac::codeTransformSkipFlags
[173],TEncSbac::codeTransformSubdivFlag
[36],TEncSbac::estBit
[77],TEncSbac::estCBFBit
[62],TEncSbac::estLastSignificantPositionBit
[104],TEncSbac::estSignificantCoeffGroupMapBit
[64],TEncSbac::estSignificantCoefficientsBit
[55],TEncSbac::estSignificantMapBit
[124],TEncSbac::getNumberOfWrittenBits
[87],TEncSbac::resetBits
[139],TEncSbac::xWriteCoefRemainExGolomb
[20],TEncSearch::estIntraPredChromaQT
[13],TEncSearch::estIntraPredLumaQT
[35],TEncSearch::xEncCoeffQT
[56],TEncSearch::xEncIntraHeader
[53],TEncSearch::xEncSubdivCbfQT
[14],TEncSearch::xIntraCodingTUBlock
[60],TEncSearch::xLoadIntraResultQT
[40],TEncSearch::xModeBitsIntra
[21],TEncSearch::xRecurIntraChromaCodingQT
[15],TEncSearch::xRecurIntraCodingLumaQT
[90],TEncSearch::xSetIntraResultChromaQT
[102],TEncSearch::xSetIntraResultLumaQT
[78],TEncSearch::xStoreIntraResultQT
[74],TEncSearch::xUpdateCandList
[8],TEncSlice::compressSlice
[129],TEncSlice::encodeSlice
[201],TEncSlice::initEncSlice
[202],TEncSlice::setUpLambda
[6],TEncTop::encode
[220],TEncTop::xGetNewPicBuffer
[174],TVideoIOYuv::ColourSpaceConvert
[146],TVideoIOYuv::read
[189],WriteFile
[165],[Unknown stack frame(s)]
[227],"__crt_seh_guarded_call<int>::operator()<class <lambda_751a882b2c74d4b022dec766aa51a29a>,class <lambda_628dfdc04ba53c8bfc02c9951375f3f5> &,class <lambda_f6c7be5f7998530c34de24c7437d6b54> >"
[190],_acrt_stdio_flush_and_write_narrow_nolock
[81],_chkstk
[4],_scrt_common_main_seh
[82],_security_check_cookie
[214],aligned_free
[221],aligned_offset_malloc_base
[228],close
[229],close_nolock
[162],common_refill_and_read_nolock<char>
[175],copyPlane
[51],fastForwardDst
[93],fastInverseDst
[230],fclose
[231],fclose_nolock
[163],fgetc
[42],fillReferenceSamples
[191],fputc
[215],free_base
[54],getTUEntropyCodingParameters
[107],isAboveAvailable
[98],isLeftAvailable
[5],main
[222],malloc_base
[29],memcpy
[33],memset
[59],partialButterfly16
[44],partialButterfly32
[99],partialButterfly4
[58],partialButterfly8
[61],partialButterflyInverse16
[45],partialButterflyInverse32
[132],partialButterflyInverse4
[66],partialButterflyInverse8
[164],read
[151],readPlane
[167],read_nolock
[168],std::_Deque_iterator<class std::_Deque_val<struct std::_Deque_simple_types<class TComSlice *> > >::operator+
[192],"std::_Insert_string<char,struct std::char_traits<char>,unsigned __int64>"
[232],"std::basic_fstream<char,struct std::char_traits<char> >::~basic_fstream<char,struct std::char_traits<char> >"
[161],"std::basic_istream<char,struct std::char_traits<char> >::read"
[198],"std::deque<class TComSlice *,class std::allocator<class TComSlice *> >::begin"
[193],write
[194],writeAnnexB
[195],write_buffer_nolock<char>
[196],write_nolock
[37],xITrMxN
[30],xTrMxN
[69],<cycle 1>
[109],<cycle 2>
[110],<cycle 3>
[159],<cycle 4>
[89],<cycle 5>
[34],<cycle 6>
[52],<cycle 7>
[22],<cycle 8>
[101],<cycle 9>
[16],<cycle 10>
[11],<cycle 11>
