Index,% CPU Time:Total,CPU Time:Self,CPU Time:Children,Name,Index
,,0.0,1311.856087,  RtlUserThreadStart,[2]
[1],100.0,0.0,1311.856087,BaseThreadInitThunk,[1]
,,0.0,1311.856087,  _scrt_common_main_seh,[3]
,,,,,
,,,,  <spontaneous>,
[2],100.0,0.0,1311.856087,RtlUserThreadStart,[2]
,,0.0,1311.856087,  BaseThreadInitThunk,[1]
,,,,,
,,0.0,1311.856087,  BaseThreadInitThunk,[1]
[3],100.0,0.0,1311.856087,_scrt_common_main_seh,[3]
,,0.0,1311.856087,  main,[4]
,,,,,
,,0.0,1311.856087,  _scrt_common_main_seh,[3]
[4],100.0,0.0,1311.856087,main,[4]
,,0.0,0.000784,  TAppEncCfg::parseCfg,[228]
,,0.0,1311.855303,  TAppEncTop::encode,[5]
,,,,,
,,0.0,1311.855303,  main,[4]
[5],100.0,0.0,1311.855303,TAppEncTop::encode,[5]
,,0.0,0.000519,  TAppEncTop::xCreateLib,[238]
,,0.0,0.062378,  TAppEncTop::xWriteOutput,[181]
,,0.0,0.031210,  TComPic::destroy,[198]
,,0.0,1310.790929,  TEncTop::encode,[6]
,,0.0,0.970267,  TVideoIOYuv::read,[138]
,,,,,
,,0.0,1310.790929,  TAppEncTop::encode,[5]
[6],99.92,0.0,1310.790929,TEncTop::encode,[6]
,,0.046635,1310.552035,  TEncGOP::compressGOP,[7]
,,0.0,0.180321,  TComPicYuv::copyToPic,[155]
,,0.0,0.011938,  TEncTop::xGetNewPicBuffer,[227]
,,,,,
,,0.046635,1310.552035,  TEncTop::encode,[6]
[7],99.9,0.046635,1310.552035,TEncGOP::compressGOP,[7]
,,0.062213,0.015553,  TComOutputBitstream::write,[162]
,,0.015552,0.202252,  TComOutputBitstream::addSubstream,[168]
,,0.015482,1299.366536,  TEncSlice::compressSlice,[8]
,,0.0,2.082398,  TComLoopFilter::loopFilterPic,[114]
,,0.0,0.062163,  TComPic::compressMotion,[184]
,,0.0,0.077944,  TComPicYuv::copyToPic,[155]
,,0.0,0.186960,  TEncGOP::xCalculateAddPSNRs,[171]
,,0.0,3.611765,  TEncSampleAdaptiveOffset::SAOProcess,[96]
,,0.0,4.822160,  TEncSlice::encodeSlice,[85]
,,0.0,0.015471,  [Unknown stack frame(s)],[160]
,,0.0,0.015585,  write,[212]
,,,,,
,,0.015482,1299.366536,  TEncGOP::compressGOP,[7]
[8],99.05,0.015482,1299.366536,TEncSlice::compressSlice,[8]
,,0.062103,0.077499,  TComDataCU::initCtu,[165]
,,0.046589,3.403042,  TEncCu::xEncodeCU <cycle 2>,[69]
,,0.031100,0.0,  TEncBinCABAC::copyState,[80]
,,0.015557,1295.730646,  TEncCu::compressCtu,[9]
,,,,,
,,0.015557,1295.730646,  TEncSlice::compressSlice,[8]
[9],98.77,0.015557,1295.730646,TEncCu::compressCtu,[9]
,,0.962063,1294.365437,  TEncCu::xCompressCU <cycle 11>,[10]
,,0.030988,0.155174,  TComDataCU::initCtu,[165]
,,0.0,0.216983,  [Unknown stack frame(s)],[160]
,,,,,
,,,,  TEncCu::xCompressCU <cycle 11>,[10]
,,0.962063,1294.365437,  TEncCu::compressCtu,[9]
[10],98.74,0.962063,1294.365437,TEncCu::xCompressCU <cycle 11>,[10]
,,3.181544,1.385212,  TComDataCU::initEstData,[88]
,,1.241342,1.303310,  TComDataCU::initSubCU,[106]
,,1.062098,1277.810895,  TEncCu::xCheckRDCostIntra,[12]
,,0.745016,0.0,  memcpy,[37]
,,0.605167,0.998173,  TComDataCU::copyPartFrom,[121]
,,0.341307,1.550804,  TComDataCU::copyToPic,[117]
,,0.201838,0.620419,  TComYuv::copyFromPicComponent,[144]
,,0.139464,1.099600,  TEncCu::xCopyYuv2Tmp,[131]
,,0.108681,0.015456,  TEncBinCABAC::copyState,[80]
,,0.108666,0.0,  std::_Deque_iterator<class std::_Deque_val<struct std::_Deque_simple_types<class TComSlice *> > >::operator+,[172]
,,0.093049,0.744927,  TEncCu::xCopyYuv2Pic,[142]
,,0.062079,0.031043,  TEncSbac::codeSplitFlag,[175]
,,0.031097,0.0,"  std::deque<class TComSlice *,class std::allocator<class TComSlice *> >::begin",[201]
,,0.031095,0.620494,  TComYuv::copyToPicYuv,[127]
,,0.015554,0.0,  TEncSbac::getNumberOfWrittenBits,[133]
,,0.015485,0.0,  TComBitCounter::resetBits,[128]
,,0.015452,0.031023,  TEncSbac::resetBits,[97]
,,,,  TEncCu::xCompressCU <cycle 11>,[10]
,,0.0,0.155147,  [Unknown stack frame(s)],[160]
,,,,,
,,0.962063,1294.365437,  TEncCu::compressCtu,[9]
[11],98.74,0.962063,1294.365437,<cycle 11 as a whole>,[11]
,,0.962063,1294.365437,  TEncCu::xCompressCU <cycle 11>,[10]
,,,,,
,,1.062098,1277.810895,  TEncCu::xCompressCU <cycle 11>,[10]
[12],97.49,1.062098,1277.810895,TEncCu::xCheckRDCostIntra,[12]
,,9.566662,1061.018500,  TEncSearch::estIntraPredLumaQT,[13]
,,1.873613,189.493844,  TEncSearch::estIntraPredChromaQT,[20]
,,1.550557,12.302825,  TEncEntropy::xEncodeTransform <cycle 1>,[48]
,,0.620607,0.0,  memcpy,[37]
,,0.170800,0.0,  TComTU::TComTU,[145]
,,0.108615,0.745172,  TEncEntropy::encodePredInfo,[126]
,,0.093138,0.0,  memset,[40]
,,0.046566,0.015527,  TEncSbac::codePartSize,[139]
,,0.043158,0.0,  _chkstk,[92]
,,0.015541,0.0,  TEncSbac::getNumberOfWrittenBits,[133]
,,0.015537,0.0,  TEncBinCABACCounter::getNumWrittenBits,[99]
,,0.015524,0.015517,  TEncBinCABAC::copyState,[80]
,,0.015523,0.0,  TEncCu::xCheckDQP,[222]
,,0.015508,0.0,  _security_check_cookie,[79]
,,0.015505,0.021660,  TEncSbac::resetBits,[97]
,,0.0,0.030995,  [Unknown stack frame(s)],[160]
,,,,,
,,9.566662,1061.018500,  TEncCu::xCheckRDCostIntra,[12]
[13],81.61,9.566662,1061.018500,TEncSearch::estIntraPredLumaQT,[13]
,,14.468219,862.966451,  TEncSearch::xRecurIntraCodingLumaQT <cycle 10>,[15]
,,6.308293,68.105067,  TComRdCost::xGetHADs,[30]
,,6.214189,0.0,  memcpy,[37]
,,5.103145,19.055981,  TEncSearch::xModeBitsIntra,[46]
,,4.667573,0.0,  TEncSearch::xUpdateCandList,[87]
,,3.955751,58.758594,  TComPrediction::predIntraAng,[28]
,,1.543487,2.408370,  TComPrediction::initIntraPatternChType,[39]
,,1.009009,0.574027,  TEncBinCABACCounter::getNumWrittenBits,[99]
,,0.791196,2.006189,  TEncSearch::xSetIntraResultLumaQT <cycle 9>,[100]
,,0.627557,0.372185,  TEncBinCABAC::copyState,[80]
,,0.573902,0.0,  memset,[40]
,,0.512012,0.0,  TEncSbac::getNumberOfWrittenBits,[133]
,,0.283984,0.0,  TComTURecurse::nextSection,[66]
,,0.232625,0.0,  TComTU::TComTU,[83]
,,0.232544,0.0,  TComTU::TComTU,[145]
,,0.186170,0.0,  TComDataCU::getIntraDirPredictor,[63]
,,0.031015,0.0,  TComYuv::getStride,[203]
,,0.015485,0.0,  _chkstk,[92]
,,0.015481,0.0,  _security_check_cookie,[79]
,,,,,
,,14.468219,862.966451,  TEncSearch::estIntraPredLumaQT,[13]
[14],66.88,14.468219,862.966451,<cycle 10 as a whole>,[14]
,,14.468219,862.966451,  TEncSearch::xRecurIntraCodingLumaQT <cycle 10>,[15]
,,,,,
,,,,  TEncSearch::xRecurIntraCodingLumaQT <cycle 10>,[15]
,,14.468219,862.966451,  TEncSearch::estIntraPredLumaQT,[13]
[15],66.88,14.468219,862.966451,TEncSearch::xRecurIntraCodingLumaQT <cycle 10>,[15]
,,43.181728,627.098330,  TEncSearch::xIntraCodingTUBlock,[16]
,,15.400318,0.0,  memcpy,[37]
,,3.373754,4.419404,  TEncSearch::xEncSubdivCbfQT <cycle 6>,[52]
,,3.313260,133.056175,  TEncSearch::xEncCoeffQT <cycle 7>,[22]
,,3.041320,4.490490,  TEncSearch::xLoadIntraResultQT,[70]
,,1.768799,9.568063,  TEncSearch::xEncIntraHeader,[58]
,,1.737696,0.388016,  TEncBinCABAC::copyState,[80]
,,1.396580,0.0,  memset,[40]
,,1.054538,0.713641,  TEncSbac::resetBits,[97]
,,0.791014,4.343857,  TEncSearch::xStoreIntraResultQT,[82]
,,0.760562,0.0,  TComTURecurse::nextSection,[66]
,,0.682728,0.0,  TComDataCU::getQuadtreeTULog2MinSizeInCU,[122]
,,0.635560,0.372115,  TEncBinCABACCounter::getNumWrittenBits,[99]
,,0.496557,0.0,  TEncSbac::getNumberOfWrittenBits,[133]
,,0.403514,0.0,  TComBitCounter::resetBits,[128]
,,0.323195,0.0,  TComTU::TComTU,[83]
,,0.108695,0.0,  _chkstk,[92]
,,0.046541,0.0,  _security_check_cookie,[79]
,,,,  TEncSearch::xRecurIntraCodingLumaQT <cycle 10>,[15]
,,,,,
,,12.375660,128.591681,  TEncSearch::xRecurIntraChromaCodingQT <cycle 8>,[24]
,,43.181728,627.098330,  TEncSearch::xRecurIntraCodingLumaQT <cycle 10>,[15]
[16],61.84,55.557388,755.690010,TEncSearch::xIntraCodingTUBlock,[16]
,,11.569417,0.0,  TComYuv::getAddr,[50]
,,9.967885,28.330956,  TComPrediction::initIntraPatternChType,[39]
,,5.592581,527.559754,  TComTrQuant::transformNxN,[17]
,,5.538336,0.0,  QpParam::QpParam,[81]
,,4.387682,21.760901,  TComPrediction::predIntraAng,[28]
,,3.495133,88.269483,  TComTrQuant::invTransformNxN,[27]
,,3.357601,0.0,  memset,[40]
,,3.087394,9.579646,  TComRdCost::getDistPart,[54]
,,1.846694,30.368863,  TEncSbac::estBit,[42]
,,0.977683,0.0,  TComPrediction::filteringIntraReferenceSamples,[137]
,,,,,
,,5.592581,527.559754,  TEncSearch::xIntraCodingTUBlock,[16]
[17],40.64,5.592581,527.559754,TComTrQuant::transformNxN,[17]
,,6.433786,44.606912,  TComTrQuant::xT,[35]
,,3.832745,464.897864,  TComTrQuant::xQuant,[18]
,,3.553114,1.535774,  TComTrQuant::rdpcmNxN,[84]
,,2.699560,0.0,  TComTrQuant::xTransformSkip,[103]
,,,,,
,,3.832745,464.897864,  TComTrQuant::transformNxN,[17]
[18],35.73,3.832745,464.897864,TComTrQuant::xQuant,[18]
,,296.820265,167.224223,  TComTrQuant::xRateDistOptQuant,[19]
,,0.667320,0.0,  _chkstk,[92]
,,0.186055,0.0,  _security_check_cookie,[79]
,,,,,
,,296.820265,167.224223,  TComTrQuant::xQuant,[18]
[19],35.37,296.820265,167.224223,TComTrQuant::xRateDistOptQuant,[19]
,,66.784254,13.603048,  TComTrQuant::xGetCodedLevel,[29]
,,32.653282,0.0,  TComTrQuant::getSigCtxInc,[34]
,,22.971378,0.0,  memset,[40]
,,22.044851,0.0,  TComTrQuant::xGetICRate,[41]
,,4.080752,3.115648,  getTUEntropyCodingParameters,[53]
,,0.822226,0.0,  TComTU::getGolombRiceStatisticsIndex,[118]
,,0.574497,0.0,  _security_check_cookie,[79]
,,0.574289,0.0,  _chkstk,[92]
,,,,,
,,1.873613,189.493844,  TEncCu::xCheckRDCostIntra,[12]
[20],14.59,1.873613,189.493844,TEncSearch::estIntraPredChromaQT,[20]
,,5.170157,150.862121,  TEncSearch::xRecurIntraChromaCodingQT <cycle 8>,[24]
,,2.533122,0.0,  memcpy,[37]
,,2.178655,3.040724,  TEncSearch::xEncSubdivCbfQT <cycle 6>,[52]
,,2.047125,17.423856,  TEncSearch::xEncCoeffQT <cycle 7>,[22]
,,1.350512,2.730863,  TEncSearch::xSetIntraResultChromaQT <cycle 5>,[91]
,,0.279195,0.0,  TComTU::TComTU,[83]
,,0.248107,0.0,  TComTU::TComTU,[145]
,,0.201795,0.062007,  TEncBinCABAC::copyState,[80]
,,0.124239,0.0,  memset,[40]
,,0.124196,0.0,  TComBitCounter::resetBits,[128]
,,0.124193,0.0,  TEncSbac::getNumberOfWrittenBits,[133]
,,0.108791,0.542993,  TEncSearch::xEncIntraHeader,[58]
,,0.077576,0.031035,  TEncSbac::resetBits,[97]
,,0.062037,0.139538,  TEncBinCABACCounter::getNumWrittenBits,[99]
,,0.031009,0.0,  TComTURecurse::nextSection,[66]
,,,,,
,,8.875275,8.330185,  TEncEntropy::xEncodeTransform <cycle 1>,[48]
,,77.152855,67.989353,  TEncEntropy::encodeCoeffNxN,[26]
[21],12.38,86.028130,76.319538,TEncSbac::codeCoeffNxN,[21]
,,22.534279,0.0,  TComTrQuant::getSigCtxInc,[34]
,,18.561676,0.0,  TEncBinCABACCounter::encodeBin,[43]
,,7.758558,1.551751,  TEncSbac::xWriteCoefRemainExGolomb,[65]
,,6.418677,4.546490,  TEncSbac::codeLastSignificantXY,[61]
,,3.118380,2.652867,  getTUEntropyCodingParameters,[53]
,,2.828589,0.0,  memset,[40]
,,1.613391,0.728995,  TEncSbac::codeTransformSkipFlags,[109]
,,1.520301,0.0,  TEncBinCABACCounter::encodeBinsEP,[93]
,,0.993185,0.0,  TComTU::getGolombRiceStatisticsIndex,[118]
,,0.824594,0.0,  TEncBinCABAC::encodeBin,[132]
,,0.434568,0.0,  _security_check_cookie,[79]
,,0.093335,0.062241,  TEncBinCABAC::encodeBinsEP,[167]
,,0.046606,0.031057,  TEncBinCABAC::writeOut,[169]
,,,,,
,,,,  TEncSearch::xEncCoeffQT <cycle 7>,[22]
,,0.0,1.054572,  TEncSearch::xRecurIntraChromaCodingQT <cycle 8>,[24]
,,2.047125,17.423856,  TEncSearch::estIntraPredChromaQT,[20]
,,3.313260,133.056175,  TEncSearch::xRecurIntraCodingLumaQT <cycle 10>,[15]
[22],11.96,5.360385,151.534602,TEncSearch::xEncCoeffQT <cycle 7>,[22]
,,2.730455,0.0,  TComTURecurse::nextSection,[66]
,,2.234300,145.390524,  TEncEntropy::encodeCoeffNxN,[26]
,,0.993015,0.0,  TComTU::TComTU,[83]
,,0.186307,0.0,  _security_check_cookie,[79]
,,,,  TEncSearch::xEncCoeffQT <cycle 7>,[22]
,,,,,
,,0.0,1.054572,  TEncSearch::xRecurIntraChromaCodingQT <cycle 8>,[24]
,,2.047125,17.423856,  TEncSearch::estIntraPredChromaQT,[20]
,,3.313260,133.056175,  TEncSearch::xRecurIntraCodingLumaQT <cycle 10>,[15]
[23],11.96,5.360385,151.534602,<cycle 7 as a whole>,[23]
,,5.360385,151.534602,  TEncSearch::xEncCoeffQT <cycle 7>,[22]
,,,,,
,,,,  TEncSearch::xRecurIntraChromaCodingQT <cycle 8>,[24]
,,5.170157,150.862121,  TEncSearch::estIntraPredChromaQT,[20]
[24],11.89,5.170157,150.862121,TEncSearch::xRecurIntraChromaCodingQT <cycle 8>,[24]
,,12.375660,128.591681,  TEncSearch::xIntraCodingTUBlock,[16]
,,3.363851,0.0,  memcpy,[37]
,,1.923059,0.0,  TComTU::TComTU,[83]
,,1.442954,0.0,  TComTURecurse::nextSection,[66]
,,0.884723,0.0,  memset,[40]
,,0.387765,0.077686,  TEncBinCABAC::copyState,[80]
,,0.155159,0.263679,  TEncSearch::xLoadIntraResultQT,[70]
,,0.062071,0.0,  _security_check_cookie,[79]
,,0.062042,0.0,  TEncSbac::resetBits,[97]
,,0.015530,0.015518,  TEncBinCABACCounter::getNumWrittenBits,[99]
,,0.0,1.054572,  TEncSearch::xEncCoeffQT <cycle 7>,[22]
,,,,  TEncSearch::xRecurIntraChromaCodingQT <cycle 8>,[24]
,,0.0,0.186172,  TEncSearch::xStoreIntraResultQT,[82]
,,,,,
,,5.170157,150.862121,  TEncSearch::estIntraPredChromaQT,[20]
[25],11.89,5.170157,150.862121,<cycle 8 as a whole>,[25]
,,5.170157,150.862121,  TEncSearch::xRecurIntraChromaCodingQT <cycle 8>,[24]
,,,,,
,,2.234300,145.390524,  TEncSearch::xEncCoeffQT <cycle 7>,[22]
[26],11.25,2.234300,145.390524,TEncEntropy::encodeCoeffNxN,[26]
,,77.152855,67.989353,  TEncSbac::codeCoeffNxN,[21]
,,0.248317,0.0,  _security_check_cookie,[79]
,,,,,
,,3.495133,88.269483,  TEncSearch::xIntraCodingTUBlock,[16]
[27],7.0,3.495133,88.269483,TComTrQuant::invTransformNxN,[27]
,,27.465906,0.0,  TComTrQuant::xDeQuant,[44]
,,5.293345,51.598535,  TComTrQuant::xIT,[32]
,,2.061358,0.0,  TComTrQuant::xITransformSkip,[116]
,,1.772691,0.0,  TComTrQuant::invRdpcmNxN,[120]
,,0.077647,0.0,  _security_check_cookie,[79]
,,,,,
,,3.955751,58.758594,  TEncSearch::estIntraPredLumaQT,[13]
,,4.387682,21.760901,  TEncSearch::xIntraCodingTUBlock,[16]
[28],6.77,8.343433,80.519495,TComPrediction::predIntraAng,[28]
,,68.968280,4.864344,  TComPrediction::xPredIntraAng,[31]
,,5.848655,0.015504,  TComPrediction::xPredIntraPlanar,[77]
,,0.822712,0.0,  TComPrediction::xDCPredFiltering,[143]
,,,,,
,,66.784254,13.603048,  TComTrQuant::xRateDistOptQuant,[19]
[29],6.13,66.784254,13.603048,TComTrQuant::xGetCodedLevel,[29]
,,13.603048,0.0,  TComTrQuant::xGetICRate,[41]
,,,,,
,,6.308293,68.105067,  TEncSearch::estIntraPredLumaQT,[13]
[30],5.67,6.308293,68.105067,TComRdCost::xGetHADs,[30]
,,55.842609,0.326275,  TComRdCost::xCalcHADs8x8,[33]
,,11.858433,0.077750,  TComRdCost::xCalcHADs4x4,[59]
,,,,,
,,68.968280,4.864344,  TComPrediction::predIntraAng,[28]
[31],5.63,68.968280,4.864344,TComPrediction::xPredIntraAng,[31]
,,2.455091,0.0,  memcpy,[37]
,,0.900128,0.0,  TComPrediction::predIntraGetPredValDC,[141]
,,0.826593,0.0,  _security_check_cookie,[79]
,,0.682533,0.0,  _chkstk,[92]
,,,,,
,,5.293345,51.598535,  TComTrQuant::invTransformNxN,[27]
[32],4.34,5.293345,51.598535,TComTrQuant::xIT,[32]
,,1.985958,47.751107,  xITrMxN,[36]
,,1.225480,0.0,  memcpy,[37]
,,0.418859,0.0,  _chkstk,[92]
,,0.217131,0.0,  _security_check_cookie,[79]
,,,,,
,,55.842609,0.326275,  TComRdCost::xGetHADs,[30]
[33],4.28,55.842609,0.326275,TComRdCost::xCalcHADs8x8,[33]
,,0.326275,0.0,  _security_check_cookie,[79]
,,,,,
,,22.534279,0.0,  TEncSbac::codeCoeffNxN,[21]
,,32.653282,0.0,  TComTrQuant::xRateDistOptQuant,[19]
[34],4.21,55.187561,0.0,TComTrQuant::getSigCtxInc,[34]
,,,,,
,,6.433786,44.606912,  TComTrQuant::transformNxN,[17]
[35],3.89,6.433786,44.606912,TComTrQuant::xT,[35]
,,2.248525,40.082053,  xTrMxN,[38]
,,1.764483,0.0,  memcpy,[37]
,,0.310391,0.0,  _chkstk,[92]
,,0.201460,0.0,  _security_check_cookie,[79]
,,,,,
,,1.985958,47.751107,  TComTrQuant::xIT,[32]
[36],3.79,1.985958,47.751107,xITrMxN,[36]
,,12.233069,0.139734,  partialButterflyInverse8,[55]
,,12.055844,0.030966,  partialButterflyInverse32,[57]
,,11.445866,0.0,  fastInverseDst,[60]
,,8.711777,0.077629,  partialButterflyInverse16,[67]
,,2.683970,0.0,  partialButterflyInverse4,[105]
,,0.201417,0.0,  _chkstk,[92]
,,0.170836,0.0,  _security_check_cookie,[79]
,,,,,
,,0.000005,0.0,"  std::basic_string<char,struct std::char_traits<char>,class std::allocator<char> >::assign",[249]
,,0.015526,0.0,  TEncSampleAdaptiveOffset::deriveModeNewRDO,[174]
,,0.015556,0.0,  TEncSampleAdaptiveOffset::decideBlkParams,[153]
,,0.015602,0.0,"  std::basic_istream<char,struct std::char_traits<char> >::read",[146]
,,0.031200,0.0,"  std::basic_ostringstream<char,struct std::char_traits<char>,class std::allocator<char> >::str",[199]
,,0.046926,0.0,  copyPlane,[187]
,,0.372171,0.0,  TComYuv::copyToPartComponent,[135]
,,0.491873,0.0,  TComPicYuv::copyToPic,[155]
,,0.620419,0.0,  TComYuv::copyFromPicComponent,[144]
,,0.620607,0.0,  TEncCu::xCheckRDCostIntra,[12]
,,0.636173,0.0,  TComYuv::copyToPicComponent,[129]
,,0.744631,0.0,  TEncSearch::xModeBitsIntra,[46]
,,0.745016,0.0,  TEncCu::xCompressCU <cycle 11>,[10]
,,0.915264,0.0,  TEncSearch::xStoreIntraResultQT,[82]
,,0.998173,0.0,  TComDataCU::copyPartFrom,[121]
,,0.999676,0.0,  TEncSearch::xLoadIntraResultQT,[70]
,,1.117518,0.0,  TEncSearch::xSetIntraResultChromaQT <cycle 5>,[91]
,,1.225480,0.0,  TComTrQuant::xIT,[32]
,,1.287387,0.0,  TEncSearch::xSetIntraResultLumaQT <cycle 9>,[100]
,,1.550804,0.0,  TComDataCU::copyToPic,[117]
,,1.582846,0.0,  TComYuv::copyPartToPartComponent,[76]
,,1.764483,0.0,  TComTrQuant::xT,[35]
,,2.455091,0.0,  TComPrediction::xPredIntraAng,[31]
,,2.533122,0.0,  TEncSearch::estIntraPredChromaQT,[20]
,,3.363851,0.0,  TEncSearch::xRecurIntraChromaCodingQT <cycle 8>,[24]
,,6.214189,0.0,  TEncSearch::estIntraPredLumaQT,[13]
,,15.400318,0.0,  TEncSearch::xRecurIntraCodingLumaQT <cycle 10>,[15]
[37],3.49,45.763907,0.0,memcpy,[37]
,,,,,
,,2.248525,40.082053,  TComTrQuant::xT,[35]
[38],3.23,2.248525,40.082053,xTrMxN,[38]
,,12.194820,0.0,  partialButterfly32,[56]
,,10.531852,0.0,  fastForwardDst,[64]
,,7.336556,0.0,  partialButterfly16,[72]
,,6.918915,0.0,  partialButterfly8,[75]
,,2.525970,0.0,  partialButterfly4,[107]
,,0.434365,0.0,  _chkstk,[92]
,,0.139576,0.0,  _security_check_cookie,[79]
,,,,,
,,1.543487,2.408370,  TEncSearch::estIntraPredLumaQT,[13]
,,9.967885,28.330956,  TEncSearch::xIntraCodingTUBlock,[16]
[39],3.22,11.511373,30.739326,TComPrediction::initIntraPatternChType,[39]
,,17.598567,0.263687,  fillReferenceSamples,[49]
,,4.185411,0.046336,  TComDataCU::getPUAboveRight,[89]
,,2.917313,0.077479,  TComDataCU::getPUBelowLeft,[98]
,,2.290523,0.0,  isLeftAvailable,[111]
,,1.812357,0.0,  isAboveAvailable,[119]
,,1.144358,0.294679,  TComDataCU::getPUAboveLeft,[125]
,,0.108616,0.0,  _security_check_cookie,[79]
,,,,,
,,0.011938,0.0,  TComDataCU::create,[224]
,,0.015585,0.0,"  std::vector<unsigned char,std::allocator<unsigned char> >::_Resize<<lambda_2b51424039c320f102fd798e073c89b2> >",[211]
,,0.015608,0.0,  TEncSampleAdaptiveOffset::getBlkStats,[104]
,,0.093138,0.0,  TEncCu::xCheckRDCostIntra,[12]
,,0.124239,0.0,  TEncSearch::estIntraPredChromaQT,[20]
,,0.232673,0.0,  TComDataCU::initCtu,[165]
,,0.573902,0.0,  TEncSearch::estIntraPredLumaQT,[13]
,,0.604744,0.0,  TComTrQuant::rdpcmNxN,[84]
,,0.884723,0.0,  TEncSearch::xRecurIntraChromaCodingQT <cycle 8>,[24]
,,1.303310,0.0,  TComDataCU::initSubCU,[106]
,,1.385212,0.0,  TComDataCU::initEstData,[88]
,,1.396580,0.0,  TEncSearch::xRecurIntraCodingLumaQT <cycle 10>,[15]
,,2.828589,0.0,  TEncSbac::codeCoeffNxN,[21]
,,3.357601,0.0,  TEncSearch::xIntraCodingTUBlock,[16]
,,22.971378,0.0,  TComTrQuant::xRateDistOptQuant,[19]
[40],2.73,35.799221,0.0,memset,[40]
,,,,,
,,13.603048,0.0,  TComTrQuant::xGetCodedLevel,[29]
,,22.044851,0.0,  TComTrQuant::xRateDistOptQuant,[19]
[41],2.72,35.647899,0.0,TComTrQuant::xGetICRate,[41]
,,,,,
,,1.846694,30.368863,  TEncSearch::xIntraCodingTUBlock,[16]
[42],2.46,1.846694,30.368863,TEncSbac::estBit,[42]
,,10.539776,0.0,  TEncSbac::estSignificantMapBit,[62]
,,7.035356,0.0,  TEncSbac::estSignificantCoefficientsBit,[73]
,,6.972533,0.0,  TEncSbac::estLastSignificantPositionBit,[74]
,,3.649050,0.0,  TEncSbac::estCBFBit,[94]
,,2.172148,0.0,  TEncSbac::estSignificantCoeffGroupMapBit,[112]
,,,,,
,,0.015551,0.0,  TEncSbac::codeSAOOffsetParam,[196]
,,0.046594,0.0,  TEncEntropy::xEncodeTransform <cycle 1>,[48]
,,0.170754,0.0,  TEncSbac::codeIntraDirChroma,[152]
,,0.356626,0.0,  TEncSearch::xEncSubdivCbfQT <cycle 6>,[52]
,,0.356827,0.0,  TEncSbac::codePartSize,[139]
,,0.713446,0.0,  TEncSbac::codeTransformSkipFlags,[109]
,,1.318407,0.0,  TEncSbac::codeQtCbf,[95]
,,1.956484,0.0,  TEncSbac::codeIntraDirLumaAng,[45]
,,4.297786,0.0,  TEncSbac::codeLastSignificantXY,[61]
,,18.561676,0.0,  TEncSbac::codeCoeffNxN,[21]
[43],2.12,27.794150,0.0,TEncBinCABACCounter::encodeBin,[43]
,,,,,
,,27.465906,0.0,  TComTrQuant::invTransformNxN,[27]
[44],2.09,27.465906,0.0,TComTrQuant::xDeQuant,[44]
,,,,,
,,0.465724,0.636737,  TEncEntropy::encodePredInfo,[126]
,,3.655772,5.136475,  TEncSearch::xEncIntraHeader,[58]
,,6.724262,8.120035,  TEncSearch::xModeBitsIntra,[46]
[45],1.89,10.845758,13.893247,TEncSbac::codeIntraDirLumaAng,[45]
,,10.350578,0.0,  TComDataCU::getIntraDirPredictor,[63]
,,1.956484,0.0,  TEncBinCABACCounter::encodeBin,[43]
,,0.655328,0.0,  TEncBinCABACCounter::encodeBinsEP,[93]
,,0.543011,0.0,  _security_check_cookie,[79]
,,0.278943,0.0,  TEncBinCABACCounter::encodeBinEP,[164]
,,0.093334,0.0,  TEncBinCABAC::encodeBin,[132]
,,0.015570,0.0,  TEncBinCABAC::encodeBinsEP,[167]
,,,,,
,,0.093091,0.0,  [Unknown stack frame(s)],[160]
,,5.103145,19.055981,  TEncSearch::estIntraPredLumaQT,[13]
[46],1.85,5.196237,19.055981,TEncSearch::xModeBitsIntra,[46]
,,6.724262,8.120035,  TEncSbac::codeIntraDirLumaAng,[45]
,,0.993243,0.612002,  TEncBinCABAC::copyState,[80]
,,0.837489,0.0,  TComBitCounter::resetBits,[128]
,,0.744631,0.0,  memcpy,[37]
,,0.496753,0.527565,  TEncSbac::resetBits,[97]
,,,,,
,,0.450764,6.842589,  TEncEntropy::encodeCoeff,[71]
,,1.550557,12.302825,  TEncCu::xCheckRDCostIntra,[12]
[47],1.61,2.001321,19.145415,<cycle 1 as a whole>,[47]
,,2.001321,19.145415,  TEncEntropy::xEncodeTransform <cycle 1>,[48]
,,,,,
,,,,  TEncEntropy::xEncodeTransform <cycle 1>,[48]
,,0.450764,6.842589,  TEncEntropy::encodeCoeff,[71]
,,1.550557,12.302825,  TEncCu::xCheckRDCostIntra,[12]
[48],1.61,2.001321,19.145415,TEncEntropy::xEncodeTransform <cycle 1>,[48]
,,8.875275,8.330185,  TEncSbac::codeCoeffNxN,[21]
,,0.899808,0.0,  TComTURecurse::nextSection,[66]
,,0.356914,0.170884,  TEncSbac::codeQtCbf,[95]
,,0.217305,0.0,  TComTU::TComTU,[83]
,,0.124185,0.0,  TComDataCU::getQuadtreeTULog2MinSizeInCU,[122]
,,0.093222,0.0,  TEncSbac::codeCrossComponentPrediction,[178]
,,0.046594,0.0,  TEncBinCABACCounter::encodeBin,[43]
,,0.031042,0.0,  _security_check_cookie,[79]
,,,,  TEncEntropy::xEncodeTransform <cycle 1>,[48]
,,,,,
,,17.598567,0.263687,  TComPrediction::initIntraPatternChType,[39]
[49],1.36,17.598567,0.263687,fillReferenceSamples,[49]
,,0.263687,0.0,  _security_check_cookie,[79]
,,,,,
,,0.232614,0.0,  TEncSearch::xSetIntraResultLumaQT <cycle 9>,[100]
,,0.263859,0.0,  TComYuv::copyToPartComponent,[135]
,,0.387905,0.0,  TEncSearch::xSetIntraResultChromaQT <cycle 5>,[91]
,,0.480740,0.0,  TEncSearch::xLoadIntraResultQT,[70]
,,1.675773,0.0,  TComYuv::copyPartToPartComponent,[76]
,,11.569417,0.0,  TEncSearch::xIntraCodingTUBlock,[16]
[50],1.11,14.610308,0.0,TComYuv::getAddr,[50]
,,,,,
,,2.178655,3.040724,  TEncSearch::estIntraPredChromaQT,[20]
,,3.373754,4.419404,  TEncSearch::xRecurIntraCodingLumaQT <cycle 10>,[15]
[51],0.99,5.552409,7.460128,<cycle 6 as a whole>,[51]
,,5.552409,7.460128,  TEncSearch::xEncSubdivCbfQT <cycle 6>,[52]
,,,,,
,,,,  TEncSearch::xEncSubdivCbfQT <cycle 6>,[52]
,,2.178655,3.040724,  TEncSearch::estIntraPredChromaQT,[20]
,,3.373754,4.419404,  TEncSearch::xRecurIntraCodingLumaQT <cycle 10>,[15]
[52],0.99,5.552409,7.460128,TEncSearch::xEncSubdivCbfQT <cycle 6>,[52]
,,1.939729,0.0,  TComTURecurse::nextSection,[66]
,,1.890513,1.209783,  TEncSbac::codeQtCbf,[95]
,,0.977248,0.0,  TComTU::TComTU,[83]
,,0.775995,0.0,  TComDataCU::getQuadtreeTULog2MinSizeInCU,[122]
,,0.356626,0.0,  TEncBinCABACCounter::encodeBin,[43]
,,0.155152,0.0,  _security_check_cookie,[79]
,,0.155082,0.0,  TEncSbac::codeTransformSubdivFlag,[173]
,,,,  TEncSearch::xEncSubdivCbfQT <cycle 6>,[52]
,,,,,
,,3.118380,2.652867,  TEncSbac::codeCoeffNxN,[21]
,,4.080752,3.115648,  TComTrQuant::xRateDistOptQuant,[19]
[53],0.99,7.199131,5.768514,getTUEntropyCodingParameters,[53]
,,5.768514,0.0,  TComDataCU::getCoefScanIdx,[78]
,,,,,
,,3.087394,9.579646,  TEncSearch::xIntraCodingTUBlock,[16]
[54],0.97,3.087394,9.579646,TComRdCost::getDistPart,[54]
,,4.785243,0.0,  TComRdCost::xGetSSE4,[86]
,,2.296273,0.0,  TComRdCost::xGetSSE8,[110]
,,1.489904,0.0,  TComRdCost::xGetSSE16,[124]
,,1.008226,0.0,  TComRdCost::xGetSSE32,[136]
,,,,,
,,12.233069,0.139734,  xITrMxN,[36]
[55],0.94,12.233069,0.139734,partialButterflyInverse8,[55]
,,0.139734,0.0,  _security_check_cookie,[79]
,,,,,
,,12.194820,0.0,  xTrMxN,[38]
[56],0.93,12.194820,0.0,partialButterfly32,[56]
,,,,,
,,12.055844,0.030966,  xITrMxN,[36]
[57],0.92,12.055844,0.030966,partialButterflyInverse32,[57]
,,0.030966,0.0,  _security_check_cookie,[79]
,,,,,
,,0.108791,0.542993,  TEncSearch::estIntraPredChromaQT,[20]
,,1.768799,9.568063,  TEncSearch::xRecurIntraCodingLumaQT <cycle 10>,[15]
[58],0.91,1.877589,10.111056,TEncSearch::xEncIntraHeader,[58]
,,3.655772,5.136475,  TEncSbac::codeIntraDirLumaAng,[45]
,,0.465394,0.310422,  TEncSbac::codePartSize,[139]
,,0.325904,0.217089,  TEncSbac::codeIntraDirChroma,[152]
,,,,,
,,11.858433,0.077750,  TComRdCost::xGetHADs,[30]
[59],0.91,11.858433,0.077750,TComRdCost::xCalcHADs4x4,[59]
,,0.077750,0.0,  _security_check_cookie,[79]
,,,,,
,,11.445866,0.0,  xITrMxN,[36]
[60],0.87,11.445866,0.0,fastInverseDst,[60]
,,,,,
,,6.418677,4.546490,  TEncSbac::codeCoeffNxN,[21]
[61],0.84,6.418677,4.546490,TEncSbac::codeLastSignificantXY,[61]
,,4.297786,0.0,  TEncBinCABACCounter::encodeBin,[43]
,,0.155602,0.0,  TEncBinCABAC::encodeBin,[132]
,,0.077526,0.0,  TEncBinCABACCounter::encodeBinEP,[164]
,,0.015576,0.0,  TEncBinCABAC::writeOut,[169]
,,,,,
,,10.539776,0.0,  TEncSbac::estBit,[42]
[62],0.8,10.539776,0.0,TEncSbac::estSignificantMapBit,[62]
,,,,,
,,0.186170,0.0,  TEncSearch::estIntraPredLumaQT,[13]
,,10.350578,0.0,  TEncSbac::codeIntraDirLumaAng,[45]
[63],0.8,10.536748,0.0,TComDataCU::getIntraDirPredictor,[63]
,,,,,
,,10.531852,0.0,  xTrMxN,[38]
[64],0.8,10.531852,0.0,fastForwardDst,[64]
,,,,,
,,0.278891,0.0,  [Unknown stack frame(s)],[160]
,,7.758558,1.551751,  TEncSbac::codeCoeffNxN,[21]
[65],0.73,8.037449,1.551751,TEncSbac::xWriteCoefRemainExGolomb,[65]
,,1.505123,0.0,  TEncBinCABACCounter::encodeBinsEP,[93]
,,0.015545,0.0,  TEncBinCABAC::encodeAlignedBinsEP,[221]
,,0.015527,0.015556,  TEncBinCABAC::encodeBinsEP,[167]
,,,,,
,,0.031009,0.0,  TEncSearch::estIntraPredChromaQT,[20]
,,0.077547,0.0,  TEncSearch::xSetIntraResultLumaQT <cycle 9>,[100]
,,0.093071,0.0,  TComLoopFilter::xSetEdgefilterTU <cycle 4>,[159]
,,0.283984,0.0,  TEncSearch::estIntraPredLumaQT,[13]
,,0.604901,0.0,  TEncSearch::xSetIntraResultChromaQT <cycle 5>,[91]
,,0.760562,0.0,  TEncSearch::xRecurIntraCodingLumaQT <cycle 10>,[15]
,,0.899808,0.0,  TEncEntropy::xEncodeTransform <cycle 1>,[48]
,,1.442954,0.0,  TEncSearch::xRecurIntraChromaCodingQT <cycle 8>,[24]
,,1.939729,0.0,  TEncSearch::xEncSubdivCbfQT <cycle 6>,[52]
,,2.730455,0.0,  TEncSearch::xEncCoeffQT <cycle 7>,[22]
[66],0.68,8.864018,0.0,TComTURecurse::nextSection,[66]
,,,,,
,,8.711777,0.077629,  xITrMxN,[36]
[67],0.67,8.711777,0.077629,partialButterflyInverse16,[67]
,,0.077629,0.0,  _security_check_cookie,[79]
,,,,,
,,0.046589,3.403042,  TEncSlice::compressSlice,[8]
,,0.046612,4.759994,  TEncSlice::encodeSlice,[85]
[68],0.63,0.093201,8.163036,<cycle 2 as a whole>,[68]
,,0.093201,8.163036,  TEncCu::xEncodeCU <cycle 2>,[69]
,,,,,
,,,,  TEncCu::xEncodeCU <cycle 2>,[69]
,,0.046589,3.403042,  TEncSlice::compressSlice,[8]
,,0.046612,4.759994,  TEncSlice::encodeSlice,[85]
[69],0.63,0.093201,8.163036,TEncCu::xEncodeCU <cycle 2>,[69]
,,0.062128,0.481619,  TEncEntropy::encodePredInfo,[126]
,,0.046605,0.046462,  TEncSbac::codePartSize,[139]
,,0.031106,0.093045,  TEncCu::finishCU,[176]
,,0.015509,0.031002,  TEncSbac::codeSplitFlag,[175]
,,,,  TEncCu::xEncodeCU <cycle 2>,[69]
,,0.0,7.355561,  TEncEntropy::encodeCoeff,[71]
,,,,,
,,0.155159,0.263679,  TEncSearch::xRecurIntraChromaCodingQT <cycle 8>,[24]
,,3.041320,4.490490,  TEncSearch::xRecurIntraCodingLumaQT <cycle 10>,[15]
[70],0.61,3.196479,4.754169,TEncSearch::xLoadIntraResultQT,[70]
,,0.999676,0.0,  memcpy,[37]
,,0.884210,2.389543,  TComYuv::copyPartToPartComponent,[76]
,,0.480740,0.0,  TComYuv::getAddr,[50]
,,,,,
,,0.0,7.355561,  TEncCu::xEncodeCU <cycle 2>,[69]
[71],0.56,0.0,7.355561,TEncEntropy::encodeCoeff,[71]
,,0.450764,6.842589,  TEncEntropy::xEncodeTransform <cycle 1>,[48]
,,0.062208,0.0,  TComTU::TComTU,[145]
,,,,,
,,7.336556,0.0,  xTrMxN,[38]
[72],0.56,7.336556,0.0,partialButterfly16,[72]
,,,,,
,,7.035356,0.0,  TEncSbac::estBit,[42]
[73],0.54,7.035356,0.0,TEncSbac::estSignificantCoefficientsBit,[73]
,,,,,
,,6.972533,0.0,  TEncSbac::estBit,[42]
[74],0.53,6.972533,0.0,TEncSbac::estLastSignificantPositionBit,[74]
,,,,,
,,6.918915,0.0,  xTrMxN,[38]
[75],0.53,6.918915,0.0,partialButterfly8,[75]
,,,,,
,,0.884210,2.389543,  TEncSearch::xLoadIntraResultQT,[70]
,,1.054680,2.560086,  TEncSearch::xStoreIntraResultQT,[82]
[76],0.53,1.938890,4.949629,TComYuv::copyPartToPartComponent,[76]
,,1.691010,0.0,  TComYuv::getAddr,[108]
,,1.675773,0.0,  TComYuv::getAddr,[50]
,,1.582846,0.0,  memcpy,[37]
,,,,,
,,5.848655,0.015504,  TComPrediction::predIntraAng,[28]
[77],0.45,5.848655,0.015504,TComPrediction::xPredIntraPlanar,[77]
,,0.015504,0.0,  _security_check_cookie,[79]
,,,,,
,,5.768514,0.0,  getTUEntropyCodingParameters,[53]
[78],0.44,5.768514,0.0,TComDataCU::getCoefScanIdx,[78]
,,,,,
,,0.015481,0.0,  TEncSearch::estIntraPredLumaQT,[13]
,,0.015504,0.0,  TComPrediction::xPredIntraPlanar,[77]
,,0.015508,0.0,  TEncCu::xCheckRDCostIntra,[12]
,,0.015540,0.0,  TComLoopFilter::xSetEdgefilterTU <cycle 4>,[159]
,,0.030966,0.0,  partialButterflyInverse32,[57]
,,0.031042,0.0,  TEncEntropy::xEncodeTransform <cycle 1>,[48]
,,0.031100,0.0,  TComLoopFilter::xDeblockCU <cycle 3>,[115]
,,0.046541,0.0,  TEncSearch::xRecurIntraCodingLumaQT <cycle 10>,[15]
,,0.046552,0.0,  TEncSearch::xSetIntraResultChromaQT <cycle 5>,[91]
,,0.062071,0.0,  TEncSearch::xRecurIntraChromaCodingQT <cycle 8>,[24]
,,0.077573,0.0,  TEncSearch::xSetIntraResultLumaQT <cycle 9>,[100]
,,0.077629,0.0,  partialButterflyInverse16,[67]
,,0.077647,0.0,  TComTrQuant::invTransformNxN,[27]
,,0.077750,0.0,  TComRdCost::xCalcHADs4x4,[59]
,,0.108616,0.0,  TComPrediction::initIntraPatternChType,[39]
,,0.139576,0.0,  xTrMxN,[38]
,,0.139734,0.0,  partialButterflyInverse8,[55]
,,0.155152,0.0,  TEncSearch::xEncSubdivCbfQT <cycle 6>,[52]
,,0.170836,0.0,  xITrMxN,[36]
,,0.186055,0.0,  TComTrQuant::xQuant,[18]
,,0.186307,0.0,  TEncSearch::xEncCoeffQT <cycle 7>,[22]
,,0.201460,0.0,  TComTrQuant::xT,[35]
,,0.217131,0.0,  TComTrQuant::xIT,[32]
,,0.248317,0.0,  TEncEntropy::encodeCoeffNxN,[26]
,,0.263687,0.0,  fillReferenceSamples,[49]
,,0.310308,0.0,  TComTrQuant::rdpcmNxN,[84]
,,0.326275,0.0,  TComRdCost::xCalcHADs8x8,[33]
,,0.434568,0.0,  TEncSbac::codeCoeffNxN,[21]
,,0.543011,0.0,  TEncSbac::codeIntraDirLumaAng,[45]
,,0.574497,0.0,  TComTrQuant::xRateDistOptQuant,[19]
,,0.826593,0.0,  TComPrediction::xPredIntraAng,[31]
[79],0.43,5.653027,0.0,_security_check_cookie,[79]
,,,,,
,,0.015524,0.015517,  TEncCu::xCheckRDCostIntra,[12]
,,0.031100,0.0,  TEncSlice::compressSlice,[8]
,,0.108681,0.015456,  TEncCu::xCompressCU <cycle 11>,[10]
,,0.201795,0.062007,  TEncSearch::estIntraPredChromaQT,[20]
,,0.387765,0.077686,  TEncSearch::xRecurIntraChromaCodingQT <cycle 8>,[24]
,,0.627557,0.372185,  TEncSearch::estIntraPredLumaQT,[13]
,,0.993243,0.612002,  TEncSearch::xModeBitsIntra,[46]
,,1.737696,0.388016,  TEncSearch::xRecurIntraCodingLumaQT <cycle 10>,[15]
[80],0.43,4.103361,1.542869,TEncBinCABAC::copyState,[80]
,,1.542869,0.0,  TEncBinCABAC::getTEncBinCABAC,[123]
,,,,,
,,5.538336,0.0,  TEncSearch::xIntraCodingTUBlock,[16]
[81],0.42,5.538336,0.0,QpParam::QpParam,[81]
,,,,,
,,0.0,0.186172,  TEncSearch::xRecurIntraChromaCodingQT <cycle 8>,[24]
,,0.791014,4.343857,  TEncSearch::xRecurIntraCodingLumaQT <cycle 10>,[15]
[82],0.41,0.791014,4.530030,TEncSearch::xStoreIntraResultQT,[82]
,,1.054680,2.560086,  TComYuv::copyPartToPartComponent,[76]
,,0.915264,0.0,  memcpy,[37]
,,,,,
,,0.031000,0.0,  TComLoopFilter::xSetEdgefilterTU <cycle 4>,[159]
,,0.062050,0.0,  TEncSearch::xSetIntraResultLumaQT <cycle 9>,[100]
,,0.155235,0.0,  TEncSearch::xSetIntraResultChromaQT <cycle 5>,[91]
,,0.217305,0.0,  TEncEntropy::xEncodeTransform <cycle 1>,[48]
,,0.232625,0.0,  TEncSearch::estIntraPredLumaQT,[13]
,,0.279195,0.0,  TEncSearch::estIntraPredChromaQT,[20]
,,0.323195,0.0,  TEncSearch::xRecurIntraCodingLumaQT <cycle 10>,[15]
,,0.977248,0.0,  TEncSearch::xEncSubdivCbfQT <cycle 6>,[52]
,,0.993015,0.0,  TEncSearch::xEncCoeffQT <cycle 7>,[22]
,,1.923059,0.0,  TEncSearch::xRecurIntraChromaCodingQT <cycle 8>,[24]
[83],0.4,5.193928,0.0,TComTU::TComTU,[83]
,,,,,
,,3.553114,1.535774,  TComTrQuant::transformNxN,[17]
[84],0.39,3.553114,1.535774,TComTrQuant::rdpcmNxN,[84]
,,0.620721,0.0,  _chkstk,[92]
,,0.604744,0.0,  memset,[40]
,,0.310308,0.0,  _security_check_cookie,[79]
,,,,,
,,0.0,4.822160,  TEncGOP::compressGOP,[7]
[85],0.37,0.0,4.822160,TEncSlice::encodeSlice,[85]
,,0.046612,4.759994,  TEncCu::xEncodeCU <cycle 2>,[69]
,,0.0,0.015554,  TEncSbac::codeSAOBlkParam,[216]
,,,,,
,,4.785243,0.0,  TComRdCost::getDistPart,[54]
[86],0.36,4.785243,0.0,TComRdCost::xGetSSE4,[86]
,,,,,
,,4.667573,0.0,  TEncSearch::estIntraPredLumaQT,[13]
[87],0.36,4.667573,0.0,TEncSearch::xUpdateCandList,[87]
,,,,,
,,3.181544,1.385212,  TEncCu::xCompressCU <cycle 11>,[10]
[88],0.35,3.181544,1.385212,TComDataCU::initEstData,[88]
,,1.385212,0.0,  memset,[40]
,,,,,
,,4.185411,0.046336,  TComPrediction::initIntraPatternChType,[39]
[89],0.32,4.185411,0.046336,TComDataCU::getPUAboveRight,[89]
,,0.046336,0.0,  TComDataCU::CUIsFromSameSliceAndTile,[161]
,,,,,
,,1.350512,2.730863,  TEncSearch::estIntraPredChromaQT,[20]
[90],0.31,1.350512,2.730863,<cycle 5 as a whole>,[90]
,,1.350512,2.730863,  TEncSearch::xSetIntraResultChromaQT <cycle 5>,[91]
,,,,,
,,,,  TEncSearch::xSetIntraResultChromaQT <cycle 5>,[91]
,,1.350512,2.730863,  TEncSearch::estIntraPredChromaQT,[20]
[91],0.31,1.350512,2.730863,TEncSearch::xSetIntraResultChromaQT <cycle 5>,[91]
,,1.117518,0.0,  memcpy,[37]
,,0.604901,0.0,  TComTURecurse::nextSection,[66]
,,0.418753,0.0,  TComYuv::getAddr,[108]
,,0.387905,0.0,  TComYuv::getAddr,[50]
,,0.155235,0.0,  TComTU::TComTU,[83]
,,0.046552,0.0,  _security_check_cookie,[79]
,,,,  TEncSearch::xSetIntraResultChromaQT <cycle 5>,[91]
,,,,,
,,0.015485,0.0,  TEncSearch::estIntraPredLumaQT,[13]
,,0.043158,0.0,  TEncCu::xCheckRDCostIntra,[12]
,,0.108695,0.0,  TEncSearch::xRecurIntraCodingLumaQT <cycle 10>,[15]
,,0.201417,0.0,  xITrMxN,[36]
,,0.310391,0.0,  TComTrQuant::xT,[35]
,,0.418859,0.0,  TComTrQuant::xIT,[32]
,,0.434365,0.0,  xTrMxN,[38]
,,0.574289,0.0,  TComTrQuant::xRateDistOptQuant,[19]
,,0.620721,0.0,  TComTrQuant::rdpcmNxN,[84]
,,0.667320,0.0,  TComTrQuant::xQuant,[18]
,,0.682533,0.0,  TComPrediction::xPredIntraAng,[31]
[92],0.31,4.077233,0.0,_chkstk,[92]
,,,,,
,,0.061928,0.0,  TEncSbac::codeIntraDirChroma,[152]
,,0.655328,0.0,  TEncSbac::codeIntraDirLumaAng,[45]
,,1.505123,0.0,  TEncSbac::xWriteCoefRemainExGolomb,[65]
,,1.520301,0.0,  TEncSbac::codeCoeffNxN,[21]
[93],0.29,3.742679,0.0,TEncBinCABACCounter::encodeBinsEP,[93]
,,,,,
,,3.649050,0.0,  TEncSbac::estBit,[42]
[94],0.28,3.649050,0.0,TEncSbac::estCBFBit,[94]
,,,,,
,,0.356914,0.170884,  TEncEntropy::xEncodeTransform <cycle 1>,[48]
,,1.890513,1.209783,  TEncSearch::xEncSubdivCbfQT <cycle 6>,[52]
[95],0.28,2.247426,1.380668,TEncSbac::codeQtCbf,[95]
,,1.318407,0.0,  TEncBinCABACCounter::encodeBin,[43]
,,0.062261,0.0,  TEncBinCABAC::encodeBin,[132]
,,,,,
,,0.0,3.611765,  TEncGOP::compressGOP,[7]
[96],0.28,0.0,3.611765,TEncSampleAdaptiveOffset::SAOProcess,[96]
,,0.015596,0.0,  TComPicYuv::extendPicBorder,[208]
,,0.015544,2.693617,  TEncSampleAdaptiveOffset::getStatistics,[102]
,,0.0,0.233608,  TComPicYuv::copyToPic,[155]
,,0.0,0.653401,  TEncSampleAdaptiveOffset::decideBlkParams,[153]
,,,,,
,,0.015452,0.031023,  TEncCu::xCompressCU <cycle 11>,[10]
,,0.015505,0.021660,  TEncCu::xCheckRDCostIntra,[12]
,,0.046614,0.0,  [Unknown stack frame(s)],[160]
,,0.062042,0.0,  TEncSearch::xRecurIntraChromaCodingQT <cycle 8>,[24]
,,0.077576,0.031035,  TEncSearch::estIntraPredChromaQT,[20]
,,0.496753,0.527565,  TEncSearch::xModeBitsIntra,[46]
,,1.054538,0.713641,  TEncSearch::xRecurIntraCodingLumaQT <cycle 10>,[15]
[97],0.24,1.768481,1.324924,TEncSbac::resetBits,[97]
,,1.324924,0.0,  TEncBinCABAC::resetBits,[130]
,,,,,
,,2.917313,0.077479,  TComPrediction::initIntraPatternChType,[39]
[98],0.23,2.917313,0.077479,TComDataCU::getPUBelowLeft,[98]
,,0.077479,0.0,  TComDataCU::CUIsFromSameSliceAndTile,[161]
,,,,,
,,0.015530,0.015518,  TEncSearch::xRecurIntraChromaCodingQT <cycle 8>,[24]
,,0.015537,0.0,  TEncCu::xCheckRDCostIntra,[12]
,,0.062037,0.139538,  TEncSearch::estIntraPredChromaQT,[20]
,,0.635560,0.372115,  TEncSearch::xRecurIntraCodingLumaQT <cycle 10>,[15]
,,1.009009,0.574027,  TEncSearch::estIntraPredLumaQT,[13]
[99],0.22,1.737672,1.101198,TEncBinCABACCounter::getNumWrittenBits,[99]
,,1.101198,0.0,  TComBitCounter::getNumberOfWrittenBits,[134]
,,,,,
,,,,  TEncSearch::xSetIntraResultLumaQT <cycle 9>,[100]
,,0.791196,2.006189,  TEncSearch::estIntraPredLumaQT,[13]
[100],0.21,0.791196,2.006189,TEncSearch::xSetIntraResultLumaQT <cycle 9>,[100]
,,1.287387,0.0,  memcpy,[37]
,,0.269018,0.0,  TComYuv::getAddr,[108]
,,0.232614,0.0,  TComYuv::getAddr,[50]
,,0.077573,0.0,  _security_check_cookie,[79]
,,0.077547,0.0,  TComTURecurse::nextSection,[66]
,,0.062050,0.0,  TComTU::TComTU,[83]
,,,,  TEncSearch::xSetIntraResultLumaQT <cycle 9>,[100]
,,,,,
,,0.791196,2.006189,  TEncSearch::estIntraPredLumaQT,[13]
[101],0.21,0.791196,2.006189,<cycle 9 as a whole>,[101]
,,0.791196,2.006189,  TEncSearch::xSetIntraResultLumaQT <cycle 9>,[100]
,,,,,
,,0.015544,2.693617,  TEncSampleAdaptiveOffset::SAOProcess,[96]
[102],0.21,0.015544,2.693617,TEncSampleAdaptiveOffset::getStatistics,[102]
,,2.678009,0.015608,  TEncSampleAdaptiveOffset::getBlkStats,[104]
,,,,,
,,2.699560,0.0,  TComTrQuant::transformNxN,[17]
[103],0.21,2.699560,0.0,TComTrQuant::xTransformSkip,[103]
,,,,,
,,2.678009,0.015608,  TEncSampleAdaptiveOffset::getStatistics,[102]
[104],0.21,2.678009,0.015608,TEncSampleAdaptiveOffset::getBlkStats,[104]
,,0.015608,0.0,  memset,[40]
,,,,,
,,2.683970,0.0,  xITrMxN,[36]
[105],0.2,2.683970,0.0,partialButterflyInverse4,[105]
,,,,,
,,1.241342,1.303310,  TEncCu::xCompressCU <cycle 11>,[10]
[106],0.19,1.241342,1.303310,TComDataCU::initSubCU,[106]
,,1.303310,0.0,  memset,[40]
,,,,,
,,2.525970,0.0,  xTrMxN,[38]
[107],0.19,2.525970,0.0,partialButterfly4,[107]
,,,,,
,,0.269018,0.0,  TEncSearch::xSetIntraResultLumaQT <cycle 9>,[100]
,,0.418753,0.0,  TEncSearch::xSetIntraResultChromaQT <cycle 5>,[91]
,,1.691010,0.0,  TComYuv::copyPartToPartComponent,[76]
[108],0.18,2.378781,0.0,TComYuv::getAddr,[108]
,,,,,
,,1.613391,0.728995,  TEncSbac::codeCoeffNxN,[21]
[109],0.18,1.613391,0.728995,TEncSbac::codeTransformSkipFlags,[109]
,,0.713446,0.0,  TEncBinCABACCounter::encodeBin,[43]
,,0.015548,0.0,  TEncBinCABAC::encodeBin,[132]
,,,,,
,,2.296273,0.0,  TComRdCost::getDistPart,[54]
[110],0.18,2.296273,0.0,TComRdCost::xGetSSE8,[110]
,,,,,
,,2.290523,0.0,  TComPrediction::initIntraPatternChType,[39]
[111],0.17,2.290523,0.0,isLeftAvailable,[111]
,,,,,
,,2.172148,0.0,  TEncSbac::estBit,[42]
[112],0.17,2.172148,0.0,TEncSbac::estSignificantCoeffGroupMapBit,[112]
,,,,,
,,0.357456,1.724942,  TComLoopFilter::loopFilterPic,[114]
[113],0.16,0.357456,1.724942,<cycle 3 as a whole>,[113]
,,0.357456,1.724942,  TComLoopFilter::xDeblockCU <cycle 3>,[115]
,,,,,
,,0.0,2.082398,  TEncGOP::compressGOP,[7]
[114],0.16,0.0,2.082398,TComLoopFilter::loopFilterPic,[114]
,,0.357456,1.724942,  TComLoopFilter::xDeblockCU <cycle 3>,[115]
,,,,,
,,,,  TComLoopFilter::xDeblockCU <cycle 3>,[115]
,,0.357456,1.724942,  TComLoopFilter::loopFilterPic,[114]
[115],0.16,0.357456,1.724942,TComLoopFilter::xDeblockCU <cycle 3>,[115]
,,0.357515,0.295429,  TComLoopFilter::xEdgeFilterLuma,[154]
,,0.341735,0.015551,  TComLoopFilter::xEdgeFilterChroma,[163]
,,0.310638,0.139612,  TComLoopFilter::xSetEdgefilterTU <cycle 4>,[159]
,,0.077910,0.0,  TComLoopFilter::xSetEdgefilterPU,[179]
,,0.046646,0.0,  TComTU::TComTU,[145]
,,0.046637,0.015505,  TComLoopFilter::xGetBoundaryStrengthSingle,[185]
,,0.031100,0.0,  _security_check_cookie,[79]
,,0.015574,0.031091,  TComLoopFilter::xSetLoopfilterParam,[195]
,,,,  TComLoopFilter::xDeblockCU <cycle 3>,[115]
,,,,,
,,2.061358,0.0,  TComTrQuant::invTransformNxN,[27]
[116],0.16,2.061358,0.0,TComTrQuant::xITransformSkip,[116]
,,,,,
,,0.341307,1.550804,  TEncCu::xCompressCU <cycle 11>,[10]
[117],0.14,0.341307,1.550804,TComDataCU::copyToPic,[117]
,,1.550804,0.0,  memcpy,[37]
,,,,,
,,0.822226,0.0,  TComTrQuant::xRateDistOptQuant,[19]
,,0.993185,0.0,  TEncSbac::codeCoeffNxN,[21]
[118],0.14,1.815411,0.0,TComTU::getGolombRiceStatisticsIndex,[118]
,,,,,
,,1.812357,0.0,  TComPrediction::initIntraPatternChType,[39]
[119],0.14,1.812357,0.0,isAboveAvailable,[119]
,,,,,
,,1.772691,0.0,  TComTrQuant::invTransformNxN,[27]
[120],0.14,1.772691,0.0,TComTrQuant::invRdpcmNxN,[120]
,,,,,
,,0.605167,0.998173,  TEncCu::xCompressCU <cycle 11>,[10]
[121],0.12,0.605167,0.998173,TComDataCU::copyPartFrom,[121]
,,0.998173,0.0,  memcpy,[37]
,,,,,
,,0.124185,0.0,  TEncEntropy::xEncodeTransform <cycle 1>,[48]
,,0.682728,0.0,  TEncSearch::xRecurIntraCodingLumaQT <cycle 10>,[15]
,,0.775995,0.0,  TEncSearch::xEncSubdivCbfQT <cycle 6>,[52]
[122],0.12,1.582908,0.0,TComDataCU::getQuadtreeTULog2MinSizeInCU,[122]
,,,,,
,,1.542869,0.0,  TEncBinCABAC::copyState,[80]
[123],0.12,1.542869,0.0,TEncBinCABAC::getTEncBinCABAC,[123]
,,,,,
,,1.489904,0.0,  TComRdCost::getDistPart,[54]
[124],0.11,1.489904,0.0,TComRdCost::xGetSSE16,[124]
,,,,,
,,1.144358,0.294679,  TComPrediction::initIntraPatternChType,[39]
[125],0.11,1.144358,0.294679,TComDataCU::getPUAboveLeft,[125]
,,0.294679,0.0,  TComDataCU::CUIsFromSameSliceAndTile,[161]
,,,,,
,,0.062128,0.481619,  TEncCu::xEncodeCU <cycle 2>,[69]
,,0.108615,0.745172,  TEncCu::xCheckRDCostIntra,[12]
[126],0.11,0.170743,1.226791,TEncEntropy::encodePredInfo,[126]
,,0.465724,0.636737,  TEncSbac::codeIntraDirLumaAng,[45]
,,0.077647,0.046683,  TEncSbac::codeIntraDirChroma,[152]
,,,,,
,,0.031018,0.713910,  TEncCu::xCopyYuv2Pic,[142]
,,0.031095,0.620494,  TEncCu::xCompressCU <cycle 11>,[10]
[127],0.11,0.062112,1.334404,TComYuv::copyToPicYuv,[127]
,,0.698231,0.636173,  TComYuv::copyToPicComponent,[129]
,,,,,
,,0.015485,0.0,  TEncCu::xCompressCU <cycle 11>,[10]
,,0.124196,0.0,  TEncSearch::estIntraPredChromaQT,[20]
,,0.403514,0.0,  TEncSearch::xRecurIntraCodingLumaQT <cycle 10>,[15]
,,0.837489,0.0,  TEncSearch::xModeBitsIntra,[46]
[128],0.11,1.380684,0.0,TComBitCounter::resetBits,[128]
,,,,,
,,0.698231,0.636173,  TComYuv::copyToPicYuv,[127]
[129],0.1,0.698231,0.636173,TComYuv::copyToPicComponent,[129]
,,0.636173,0.0,  memcpy,[37]
,,,,,
,,1.324924,0.0,  TEncSbac::resetBits,[97]
[130],0.1,1.324924,0.0,TEncBinCABAC::resetBits,[130]
,,,,,
,,0.139464,1.099600,  TEncCu::xCompressCU <cycle 11>,[10]
[131],0.09,0.139464,1.099600,TEncCu::xCopyYuv2Tmp,[131]
,,0.463570,0.636031,  TComYuv::copyToPartComponent,[135]
,,,,,
,,0.015508,0.0,  TEncSbac::codeIntraDirChroma,[152]
,,0.015548,0.0,  TEncSbac::codeTransformSkipFlags,[109]
,,0.015584,0.0,  TEncSbac::codePartSize,[139]
,,0.062261,0.0,  TEncSbac::codeQtCbf,[95]
,,0.093334,0.0,  TEncSbac::codeIntraDirLumaAng,[45]
,,0.155602,0.0,  TEncSbac::codeLastSignificantXY,[61]
,,0.824594,0.0,  TEncSbac::codeCoeffNxN,[21]
[132],0.09,1.182430,0.0,TEncBinCABAC::encodeBin,[132]
,,,,,
,,0.015541,0.0,  TEncCu::xCheckRDCostIntra,[12]
,,0.015554,0.0,  TEncCu::xCompressCU <cycle 11>,[10]
,,0.124193,0.0,  TEncSearch::estIntraPredChromaQT,[20]
,,0.496557,0.0,  TEncSearch::xRecurIntraCodingLumaQT <cycle 10>,[15]
,,0.512012,0.0,  TEncSearch::estIntraPredLumaQT,[13]
[133],0.09,1.163857,0.0,TEncSbac::getNumberOfWrittenBits,[133]
,,,,,
,,1.101198,0.0,  TEncBinCABACCounter::getNumWrittenBits,[99]
[134],0.08,1.101198,0.0,TComBitCounter::getNumberOfWrittenBits,[134]
,,,,,
,,0.463570,0.636031,  TEncCu::xCopyYuv2Tmp,[131]
[135],0.08,0.463570,0.636031,TComYuv::copyToPartComponent,[135]
,,0.372171,0.0,  memcpy,[37]
,,0.263859,0.0,  TComYuv::getAddr,[50]
,,,,,
,,1.008226,0.0,  TComRdCost::getDistPart,[54]
[136],0.08,1.008226,0.0,TComRdCost::xGetSSE32,[136]
,,,,,
,,0.977683,0.0,  TEncSearch::xIntraCodingTUBlock,[16]
[137],0.07,0.977683,0.0,TComPrediction::filteringIntraReferenceSamples,[137]
,,,,,
,,0.0,0.970267,  TAppEncTop::encode,[5]
[138],0.07,0.0,0.970267,TVideoIOYuv::read,[138]
,,0.192480,0.720819,  readPlane,[140]
,,0.0,0.056968,  TVideoIOYuv::ColourSpaceConvert,[186]
,,,,,
,,0.046566,0.015527,  TEncCu::xCheckRDCostIntra,[12]
,,0.046605,0.046462,  TEncCu::xEncodeCU <cycle 2>,[69]
,,0.465394,0.310422,  TEncSearch::xEncIntraHeader,[58]
[139],0.07,0.558566,0.372410,TEncSbac::codePartSize,[139]
,,0.356827,0.0,  TEncBinCABACCounter::encodeBin,[43]
,,0.015584,0.0,  TEncBinCABAC::encodeBin,[132]
,,,,,
,,0.192480,0.720819,  TVideoIOYuv::read,[138]
[140],0.07,0.192480,0.720819,readPlane,[140]
,,0.013655,0.707164,"  std::basic_istream<char,struct std::char_traits<char> >::read",[146]
,,,,,
,,0.900128,0.0,  TComPrediction::xPredIntraAng,[31]
[141],0.07,0.900128,0.0,TComPrediction::predIntraGetPredValDC,[141]
,,,,,
,,0.093049,0.744927,  TEncCu::xCompressCU <cycle 11>,[10]
[142],0.06,0.093049,0.744927,TEncCu::xCopyYuv2Pic,[142]
,,0.031018,0.713910,  TComYuv::copyToPicYuv,[127]
,,,,,
,,0.822712,0.0,  TComPrediction::predIntraAng,[28]
[143],0.06,0.822712,0.0,TComPrediction::xDCPredFiltering,[143]
,,,,,
,,0.201838,0.620419,  TEncCu::xCompressCU <cycle 11>,[10]
[144],0.06,0.201838,0.620419,TComYuv::copyFromPicComponent,[144]
,,0.620419,0.0,  memcpy,[37]
,,,,,
,,0.046646,0.0,  TComLoopFilter::xDeblockCU <cycle 3>,[115]
,,0.062208,0.0,  TEncEntropy::encodeCoeff,[71]
,,0.170800,0.0,  TEncCu::xCheckRDCostIntra,[12]
,,0.232544,0.0,  TEncSearch::estIntraPredLumaQT,[13]
,,0.248107,0.0,  TEncSearch::estIntraPredChromaQT,[20]
[145],0.06,0.760304,0.0,TComTU::TComTU,[145]
,,,,,
,,0.013655,0.707164,  readPlane,[140]
[146],0.05,0.013655,0.707164,"std::basic_istream<char,struct std::char_traits<char> >::read",[146]
,,0.015602,0.0,  memcpy,[37]
,,0.0,0.691562,  fgetc,[149]
,,,,,
,,0.691562,0.0,  read_nolock,[151]
[147],0.05,0.691562,0.0,ReadFile,[147]
,,,,,
,,0.0,0.691562,  fgetc,[149]
[148],0.05,0.0,0.691562,common_refill_and_read_nolock<char>,[148]
,,0.0,0.691562,  read,[150]
,,,,,
,,0.0,0.691562,"  std::basic_istream<char,struct std::char_traits<char> >::read",[146]
[149],0.05,0.0,0.691562,fgetc,[149]
,,0.0,0.691562,  common_refill_and_read_nolock<char>,[148]
,,,,,
,,0.0,0.691562,  common_refill_and_read_nolock<char>,[148]
[150],0.05,0.0,0.691562,read,[150]
,,0.0,0.691562,  read_nolock,[151]
,,,,,
,,0.0,0.691562,  read,[150]
[151],0.05,0.0,0.691562,read_nolock,[151]
,,0.691562,0.0,  ReadFile,[147]
,,,,,
,,0.077647,0.046683,  TEncEntropy::encodePredInfo,[126]
,,0.325904,0.217089,  TEncSearch::xEncIntraHeader,[58]
[152],0.05,0.403551,0.263772,TEncSbac::codeIntraDirChroma,[152]
,,0.170754,0.0,  TEncBinCABACCounter::encodeBin,[43]
,,0.061928,0.0,  TEncBinCABACCounter::encodeBinsEP,[93]
,,0.015582,0.0,  TEncBinCABAC::encodeBinsEP,[167]
,,0.015508,0.0,  TEncBinCABAC::encodeBin,[132]
,,,,,
,,0.0,0.653401,  TEncSampleAdaptiveOffset::SAOProcess,[96]
[153],0.05,0.0,0.653401,TEncSampleAdaptiveOffset::decideBlkParams,[153]
,,0.015556,0.0,  memcpy,[37]
,,0.015552,0.0,  TComSampleAdaptiveOffset::reconstructBlkSAOParam,[220]
,,0.0,0.466805,  TComSampleAdaptiveOffset::offsetCTU,[157]
,,0.0,0.015588,  TEncSampleAdaptiveOffset::deriveModeMergeRDO,[209]
,,0.0,0.139901,  TEncSampleAdaptiveOffset::deriveModeNewRDO,[174]
,,,,,
,,0.357515,0.295429,  TComLoopFilter::xDeblockCU <cycle 3>,[115]
[154],0.05,0.357515,0.295429,TComLoopFilter::xEdgeFilterLuma,[154]
,,0.279834,0.0,  TComLoopFilter::xPelFilterLuma,[166]
,,0.015596,0.0,  TComDataCU::getPULeft,[180]
,,,,,
,,0.0,0.077944,  TEncGOP::compressGOP,[7]
,,0.0,0.233608,  TEncSampleAdaptiveOffset::SAOProcess,[96]
,,0.0,0.180321,  TEncTop::encode,[6]
[155],0.04,0.0,0.491873,TComPicYuv::copyToPic,[155]
,,0.491873,0.0,  memcpy,[37]
,,,,,
,,0.466805,0.0,  TComSampleAdaptiveOffset::offsetCTU,[157]
[156],0.04,0.466805,0.0,TComSampleAdaptiveOffset::offsetBlock,[156]
,,,,,
,,0.0,0.466805,  TEncSampleAdaptiveOffset::decideBlkParams,[153]
[157],0.04,0.0,0.466805,TComSampleAdaptiveOffset::offsetCTU,[157]
,,0.466805,0.0,  TComSampleAdaptiveOffset::offsetBlock,[156]
,,,,,
,,0.310638,0.139612,  TComLoopFilter::xDeblockCU <cycle 3>,[115]
[158],0.03,0.310638,0.139612,<cycle 4 as a whole>,[158]
,,0.310638,0.139612,  TComLoopFilter::xSetEdgefilterTU <cycle 4>,[159]
,,,,,
,,,,  TComLoopFilter::xSetEdgefilterTU <cycle 4>,[159]
,,0.310638,0.139612,  TComLoopFilter::xDeblockCU <cycle 3>,[115]
[159],0.03,0.310638,0.139612,TComLoopFilter::xSetEdgefilterTU <cycle 4>,[159]
,,0.093071,0.0,  TComTURecurse::nextSection,[66]
,,0.031000,0.0,  TComTU::TComTU,[83]
,,0.015540,0.0,  _security_check_cookie,[79]
,,,,  TComLoopFilter::xSetEdgefilterTU <cycle 4>,[159]
,,,,,
,,0.0,0.216983,  TEncCu::compressCtu,[9]
,,0.0,0.030995,  TEncCu::xCheckRDCostIntra,[12]
,,0.0,0.155147,  TEncCu::xCompressCU <cycle 11>,[10]
,,0.0,0.015471,  TEncGOP::compressGOP,[7]
[160],0.03,0.0,0.418596,[Unknown stack frame(s)],[160]
,,0.278891,0.0,  TEncSbac::xWriteCoefRemainExGolomb,[65]
,,0.093091,0.0,  TEncSearch::xModeBitsIntra,[46]
,,0.046614,0.0,  TEncSbac::resetBits,[97]
,,,,,
,,0.046336,0.0,  TComDataCU::getPUAboveRight,[89]
,,0.077479,0.0,  TComDataCU::getPUBelowLeft,[98]
,,0.294679,0.0,  TComDataCU::getPUAboveLeft,[125]
[161],0.03,0.418494,0.0,TComDataCU::CUIsFromSameSliceAndTile,[161]
,,,,,
,,0.062213,0.015553,  TEncGOP::compressGOP,[7]
,,0.093282,0.0,  TEncBinCABAC::writeOut,[169]
,,0.186697,0.015555,  TComOutputBitstream::addSubstream,[168]
[162],0.03,0.342193,0.031108,TComOutputBitstream::write,[162]
,,0.015555,0.015553,"  std::vector<unsigned char,class std::allocator<unsigned char> >::emplace_back<unsigned char const &>",[200]
,,,,,
,,0.341735,0.015551,  TComLoopFilter::xDeblockCU <cycle 3>,[115]
[163],0.03,0.341735,0.015551,TComLoopFilter::xEdgeFilterChroma,[163]
,,0.015551,0.0,  TComDataCU::getPULeft,[180]
,,,,,
,,0.077526,0.0,  TEncSbac::codeLastSignificantXY,[61]
,,0.278943,0.0,  TEncSbac::codeIntraDirLumaAng,[45]
[164],0.03,0.356469,0.0,TEncBinCABACCounter::encodeBinEP,[164]
,,,,,
,,0.030988,0.155174,  TEncCu::compressCtu,[9]
,,0.062103,0.077499,  TEncSlice::compressSlice,[8]
[165],0.02,0.093091,0.232673,TComDataCU::initCtu,[165]
,,0.232673,0.0,  memset,[40]
,,,,,
,,0.279834,0.0,  TComLoopFilter::xEdgeFilterLuma,[154]
[166],0.02,0.279834,0.0,TComLoopFilter::xPelFilterLuma,[166]
,,,,,
,,0.015527,0.015556,  TEncSbac::xWriteCoefRemainExGolomb,[65]
,,0.015570,0.0,  TEncSbac::codeIntraDirLumaAng,[45]
,,0.015582,0.0,  TEncSbac::codeIntraDirChroma,[152]
,,0.093335,0.062241,  TEncSbac::codeCoeffNxN,[21]
[167],0.02,0.140014,0.077797,TEncBinCABAC::encodeBinsEP,[167]
,,0.046668,0.031129,  TEncBinCABAC::writeOut,[169]
,,,,,
,,0.015552,0.202252,  TEncGOP::compressGOP,[7]
[168],0.02,0.015552,0.202252,TComOutputBitstream::addSubstream,[168]
,,0.186697,0.015555,  TComOutputBitstream::write,[162]
,,,,,
,,0.0,0.015554,  TEncSbac::codeSAOOffsetParam,[196]
,,0.0,0.015541,  TEncSbac::codeSplitFlag,[175]
,,0.015576,0.0,  TEncSbac::codeLastSignificantXY,[61]
,,0.046606,0.031057,  TEncSbac::codeCoeffNxN,[21]
,,0.046668,0.031129,  TEncBinCABAC::encodeBinsEP,[167]
[169],0.02,0.108849,0.093282,TEncBinCABAC::writeOut,[169]
,,0.093282,0.0,  TComOutputBitstream::write,[162]
,,,,,
,,0.171358,0.015602,  TEncGOP::xCalculateAddPSNRs,[171]
[170],0.01,0.171358,0.015602,TEncGOP::xCalculateAddPSNR,[170]
,,0.0,0.015602,"  std::basic_ostringstream<char,struct std::char_traits<char>,class std::allocator<char> >::str",[199]
,,,,,
,,0.0,0.186960,  TEncGOP::compressGOP,[7]
[171],0.01,0.0,0.186960,TEncGOP::xCalculateAddPSNRs,[171]
,,0.171358,0.015602,  TEncGOP::xCalculateAddPSNR,[170]
,,,,,
,,0.046443,0.0,  TEncCu::finishCU,[176]
,,0.108666,0.0,  TEncCu::xCompressCU <cycle 11>,[10]
[172],0.01,0.155109,0.0,std::_Deque_iterator<class std::_Deque_val<struct std::_Deque_simple_types<class TComSlice *> > >::operator+,[172]
,,,,,
,,0.155082,0.0,  TEncSearch::xEncSubdivCbfQT <cycle 6>,[52]
[173],0.01,0.155082,0.0,TEncSbac::codeTransformSubdivFlag,[173]
,,,,,
,,0.0,0.139901,  TEncSampleAdaptiveOffset::decideBlkParams,[153]
[174],0.01,0.0,0.139901,TEncSampleAdaptiveOffset::deriveModeNewRDO,[174]
,,0.077760,0.015522,  TEncSampleAdaptiveOffset::deriveOffsets,[177]
,,0.015542,0.015551,  TEncSbac::codeSAOOffsetParam,[196]
,,0.015526,0.0,  memcpy,[37]
,,,,,
,,0.015509,0.031002,  TEncCu::xEncodeCU <cycle 2>,[69]
,,0.062079,0.031043,  TEncCu::xCompressCU <cycle 11>,[10]
[175],0.01,0.077589,0.062045,TEncSbac::codeSplitFlag,[175]
,,0.046504,0.0,  TComDataCU::getCtxSplitFlag,[197]
,,0.0,0.015541,  TEncBinCABAC::writeOut,[169]
,,,,,
,,0.031106,0.093045,  TEncCu::xEncodeCU <cycle 2>,[69]
[176],0.01,0.031106,0.093045,TEncCu::finishCU,[176]
,,0.046443,0.0,  std::_Deque_iterator<class std::_Deque_val<struct std::_Deque_simple_types<class TComSlice *> > >::operator+,[172]
,,0.031044,0.0,  TComDataCU::isLastSubCUOfCtu,[202]
,,0.015558,0.0,  TEncBinCABACCounter::encodeBinTrm,[215]
,,,,,
,,0.077760,0.015522,  TEncSampleAdaptiveOffset::deriveModeNewRDO,[174]
[177],0.01,0.077760,0.015522,TEncSampleAdaptiveOffset::deriveOffsets,[177]
,,0.015522,0.0,  TEncSampleAdaptiveOffset::estIterOffset,[223]
,,,,,
,,0.093222,0.0,  TEncEntropy::xEncodeTransform <cycle 1>,[48]
[178],0.01,0.093222,0.0,TEncSbac::codeCrossComponentPrediction,[178]
,,,,,
,,0.077910,0.0,  TComLoopFilter::xDeblockCU <cycle 3>,[115]
[179],0.01,0.077910,0.0,TComLoopFilter::xSetEdgefilterPU,[179]
,,,,,
,,0.015505,0.0,  TComLoopFilter::xGetBoundaryStrengthSingle,[185]
,,0.015551,0.0,  TComLoopFilter::xEdgeFilterChroma,[163]
,,0.015596,0.0,  TComLoopFilter::xEdgeFilterLuma,[154]
,,0.031091,0.0,  TComLoopFilter::xSetLoopfilterParam,[195]
[180],0.01,0.077742,0.0,TComDataCU::getPULeft,[180]
,,,,,
,,0.0,0.062378,  TAppEncTop::encode,[5]
[181],0.0,0.0,0.062378,TAppEncTop::xWriteOutput,[181]
,,0.0,0.062378,  writeAnnexB,[182]
,,,,,
,,0.0,0.062378,  TAppEncTop::xWriteOutput,[181]
[182],0.0,0.0,0.062378,writeAnnexB,[182]
,,0.0,0.046780,"  std::_Insert_string<char,struct std::char_traits<char>,unsigned __int64>",[193]
,,0.0,0.015598,"  std::basic_ostringstream<char,struct std::char_traits<char>,class std::allocator<char> >::str",[199]
,,,,,
,,0.062163,0.0,  TComPic::compressMotion,[184]
[183],0.0,0.062163,0.0,TComCUMvField::compress,[183]
,,,,,
,,0.0,0.062163,  TEncGOP::compressGOP,[7]
[184],0.0,0.0,0.062163,TComPic::compressMotion,[184]
,,0.062163,0.0,  TComCUMvField::compress,[183]
,,,,,
,,0.046637,0.015505,  TComLoopFilter::xDeblockCU <cycle 3>,[115]
[185],0.0,0.046637,0.015505,TComLoopFilter::xGetBoundaryStrengthSingle,[185]
,,0.015505,0.0,  TComDataCU::getPULeft,[180]
,,,,,
,,0.0,0.056968,  TVideoIOYuv::read,[138]
[186],0.0,0.0,0.056968,TVideoIOYuv::ColourSpaceConvert,[186]
,,0.010042,0.046926,  copyPlane,[187]
,,,,,
,,0.010042,0.046926,  TVideoIOYuv::ColourSpaceConvert,[186]
[187],0.0,0.010042,0.046926,copyPlane,[187]
,,0.046926,0.0,  memcpy,[37]
,,,,,
,,0.000780,0.0,  write_text_ansi_nolock,[236]
,,0.046780,0.0,  write_nolock,[190]
[188],0.0,0.047559,0.0,WriteFile,[188]
,,,,,
,,0.0,0.000780,  _acrt_stdio_flush_nolock,[233]
,,0.0,0.046780,  write_buffer_nolock<char>,[194]
[189],0.0,0.0,0.047559,write,[189]
,,0.0,0.047559,  write_nolock,[190]
,,,,,
,,0.0,0.047559,  write,[189]
[190],0.0,0.0,0.047559,write_nolock,[190]
,,0.046780,0.0,  WriteFile,[188]
,,0.0,0.000780,  write_text_ansi_nolock,[236]
,,,,,
,,0.0,0.046780,  fputc,[192]
[191],0.0,0.0,0.046780,_acrt_stdio_flush_and_write_narrow_nolock,[191]
,,0.0,0.046780,  write_buffer_nolock<char>,[194]
,,,,,
,,0.0,0.046780,"  std::_Insert_string<char,struct std::char_traits<char>,unsigned __int64>",[193]
[192],0.0,0.0,0.046780,fputc,[192]
,,0.0,0.046780,  _acrt_stdio_flush_and_write_narrow_nolock,[191]
,,,,,
,,0.0,0.046780,  writeAnnexB,[182]
[193],0.0,0.0,0.046780,"std::_Insert_string<char,struct std::char_traits<char>,unsigned __int64>",[193]
,,0.0,0.046780,  fputc,[192]
,,,,,
,,0.0,0.046780,  _acrt_stdio_flush_and_write_narrow_nolock,[191]
[194],0.0,0.0,0.046780,write_buffer_nolock<char>,[194]
,,0.0,0.046780,  write,[189]
,,,,,
,,0.015574,0.031091,  TComLoopFilter::xDeblockCU <cycle 3>,[115]
[195],0.0,0.015574,0.031091,TComLoopFilter::xSetLoopfilterParam,[195]
,,0.031091,0.0,  TComDataCU::getPULeft,[180]
,,,,,
,,0.0,0.015554,  TEncSbac::codeSAOBlkParam,[216]
,,0.015542,0.015551,  TEncSampleAdaptiveOffset::deriveModeNewRDO,[174]
[196],0.0,0.015542,0.031105,TEncSbac::codeSAOOffsetParam,[196]
,,0.015551,0.0,  TEncBinCABACCounter::encodeBin,[43]
,,0.0,0.015554,  TEncBinCABAC::writeOut,[169]
,,,,,
,,0.046504,0.0,  TEncSbac::codeSplitFlag,[175]
[197],0.0,0.046504,0.0,TComDataCU::getCtxSplitFlag,[197]
,,,,,
,,0.0,0.031210,  TAppEncTop::encode,[5]
[198],0.0,0.0,0.031210,TComPic::destroy,[198]
,,0.0,0.015577,  TComPicSym::destroy,[214]
,,0.0,0.015633,  TComPicYuv::destroy,[205]
,,,,,
,,0.0,0.015602,  TEncGOP::xCalculateAddPSNR,[170]
,,0.0,0.015598,  writeAnnexB,[182]
[199],0.0,0.0,0.031200,"std::basic_ostringstream<char,struct std::char_traits<char>,class std::allocator<char> >::str",[199]
,,0.031200,0.0,  memcpy,[37]
,,,,,
,,0.015555,0.015553,  TComOutputBitstream::write,[162]
[200],0.0,0.015555,0.015553,"std::vector<unsigned char,class std::allocator<unsigned char> >::emplace_back<unsigned char const &>",[200]
,,0.0,0.015553,  operator new,[219]
,,,,,
,,0.031097,0.0,  TEncCu::xCompressCU <cycle 11>,[10]
[201],0.0,0.031097,0.0,"std::deque<class TComSlice *,class std::allocator<class TComSlice *> >::begin",[201]
,,,,,
,,0.031044,0.0,  TEncCu::finishCU,[176]
[202],0.0,0.031044,0.0,TComDataCU::isLastSubCUOfCtu,[202]
,,,,,
,,0.031015,0.0,  TEncSearch::estIntraPredLumaQT,[13]
[203],0.0,0.031015,0.0,TComYuv::getStride,[203]
,,,,,
,,0.015633,0.0,  free_base,[207]
[204],0.0,0.015633,0.0,RtlFreeHeap,[204]
,,,,,
,,0.0,0.015633,  TComPic::destroy,[198]
[205],0.0,0.0,0.015633,TComPicYuv::destroy,[205]
,,0.0,0.015633,  aligned_free,[206]
,,,,,
,,0.0,0.015633,  TComPicYuv::destroy,[205]
[206],0.0,0.0,0.015633,aligned_free,[206]
,,0.0,0.015633,  free_base,[207]
,,,,,
,,0.0,0.015633,  aligned_free,[206]
[207],0.0,0.0,0.015633,free_base,[207]
,,0.015633,0.0,  RtlFreeHeap,[204]
,,,,,
,,0.015596,0.0,  TEncSampleAdaptiveOffset::SAOProcess,[96]
[208],0.0,0.015596,0.0,TComPicYuv::extendPicBorder,[208]
,,,,,
,,0.0,0.015588,  TEncSampleAdaptiveOffset::decideBlkParams,[153]
[209],0.0,0.0,0.015588,TEncSampleAdaptiveOffset::deriveModeMergeRDO,[209]
,,0.015588,0.0,  TEncSampleAdaptiveOffset::getDistortion,[210]
,,,,,
,,0.015588,0.0,  TEncSampleAdaptiveOffset::deriveModeMergeRDO,[209]
[210],0.0,0.015588,0.0,TEncSampleAdaptiveOffset::getDistortion,[210]
,,,,,
,,0.0,0.015585,  write,[212]
[211],0.0,0.0,0.015585,"std::vector<unsigned char,std::allocator<unsigned char> >::_Resize<<lambda_2b51424039c320f102fd798e073c89b2> >",[211]
,,0.015585,0.0,  memset,[40]
,,,,,
,,0.0,0.015585,  TEncGOP::compressGOP,[7]
[212],0.0,0.0,0.015585,write,[212]
,,0.0,0.015585,"  std::vector<unsigned char,std::allocator<unsigned char> >::_Resize<<lambda_2b51424039c320f102fd798e073c89b2> >",[211]
,,,,,
,,0.015577,0.0,  TComPicSym::destroy,[214]
[213],0.0,0.015577,0.0,TComDataCU::destroy,[213]
,,,,,
,,0.0,0.015577,  TComPic::destroy,[198]
[214],0.0,0.0,0.015577,TComPicSym::destroy,[214]
,,0.015577,0.0,  TComDataCU::destroy,[213]
,,,,,
,,0.015558,0.0,  TEncCu::finishCU,[176]
[215],0.0,0.015558,0.0,TEncBinCABACCounter::encodeBinTrm,[215]
,,,,,
,,0.0,0.015554,  TEncSlice::encodeSlice,[85]
[216],0.0,0.0,0.015554,TEncSbac::codeSAOBlkParam,[216]
,,0.0,0.015554,  TEncSbac::codeSAOOffsetParam,[196]
,,,,,
,,0.015553,0.0,  malloc_base,[218]
[217],0.0,0.015553,0.0,RtlAllocateHeap,[217]
,,,,,
,,0.0,0.015553,  operator new,[219]
[218],0.0,0.0,0.015553,malloc_base,[218]
,,0.015553,0.0,  RtlAllocateHeap,[217]
,,,,,
,,0.0,0.015553,"  std::vector<unsigned char,class std::allocator<unsigned char> >::emplace_back<unsigned char const &>",[200]
[219],0.0,0.0,0.015553,operator new,[219]
,,0.0,0.015553,  malloc_base,[218]
,,,,,
,,0.015552,0.0,  TEncSampleAdaptiveOffset::decideBlkParams,[153]
[220],0.0,0.015552,0.0,TComSampleAdaptiveOffset::reconstructBlkSAOParam,[220]
,,,,,
,,0.015545,0.0,  TEncSbac::xWriteCoefRemainExGolomb,[65]
[221],0.0,0.015545,0.0,TEncBinCABAC::encodeAlignedBinsEP,[221]
,,,,,
,,0.015523,0.0,  TEncCu::xCheckRDCostIntra,[12]
[222],0.0,0.015523,0.0,TEncCu::xCheckDQP,[222]
,,,,,
,,0.015522,0.0,  TEncSampleAdaptiveOffset::deriveOffsets,[177]
[223],0.0,0.015522,0.0,TEncSampleAdaptiveOffset::estIterOffset,[223]
,,,,,
,,0.0,0.011938,  TComPicSym::create,[226]
[224],0.0,0.0,0.011938,TComDataCU::create,[224]
,,0.011938,0.0,  memset,[40]
,,,,,
,,0.0,0.011938,  TEncTop::xGetNewPicBuffer,[227]
[225],0.0,0.0,0.011938,TComPic::create,[225]
,,0.0,0.011938,  TComPicSym::create,[226]
,,,,,
,,0.0,0.011938,  TComPic::create,[225]
[226],0.0,0.0,0.011938,TComPicSym::create,[226]
,,0.0,0.011938,  TComDataCU::create,[224]
,,,,,
,,0.0,0.011938,  TEncTop::encode,[6]
[227],0.0,0.0,0.011938,TEncTop::xGetNewPicBuffer,[227]
,,0.0,0.011938,  TComPic::create,[225]
,,,,,
,,0.0,0.000784,  main,[4]
[228],0.0,0.0,0.000784,TAppEncCfg::parseCfg,[228]
,,0.0,0.000780,  TAppEncCfg::xCheckParameter,[230]
,,0.0,0.000005,  df::program_options_lite::OptionSpecific::operator()<int>,[248]
,,,,,
,,0.0,0.000780,"  __crt_seh_guarded_call<int>::operator()<class <lambda_a62c933ada0517137acf5807a1eeac1f>,class <lambda_a31071773b9a94e445cbd5d04ef99106> &,class <lambda_56065050dbf3ada7e59a83db45153de3> >",[231]
[229],0.0,0.0,0.000780,<lambda_a31071773b9a94e445cbd5d04ef99106>::operator(),[229]
,,0.0,0.000780,  _acrt_stdio_end_temporary_buffering_nolock,[232]
,,,,,
,,0.0,0.000780,  TAppEncCfg::parseCfg,[228]
[230],0.0,0.0,0.000780,TAppEncCfg::xCheckParameter,[230]
,,0.0,0.000780,  fprintf,[235]
,,,,,
,,0.0,0.000780,  _stdio_common_vfprintf,[234]
[231],0.0,0.0,0.000780,"__crt_seh_guarded_call<int>::operator()<class <lambda_a62c933ada0517137acf5807a1eeac1f>,class <lambda_a31071773b9a94e445cbd5d04ef99106> &,class <lambda_56065050dbf3ada7e59a83db45153de3> >",[231]
,,0.0,0.000780,  <lambda_a31071773b9a94e445cbd5d04ef99106>::operator(),[229]
,,,,,
,,0.0,0.000780,  <lambda_a31071773b9a94e445cbd5d04ef99106>::operator(),[229]
[232],0.0,0.0,0.000780,_acrt_stdio_end_temporary_buffering_nolock,[232]
,,0.0,0.000780,  _acrt_stdio_flush_nolock,[233]
,,,,,
,,0.0,0.000780,  _acrt_stdio_end_temporary_buffering_nolock,[232]
[233],0.0,0.0,0.000780,_acrt_stdio_flush_nolock,[233]
,,0.0,0.000780,  write,[189]
,,,,,
,,0.0,0.000780,  fprintf,[235]
[234],0.0,0.0,0.000780,_stdio_common_vfprintf,[234]
,,0.0,0.000780,"  __crt_seh_guarded_call<int>::operator()<class <lambda_a62c933ada0517137acf5807a1eeac1f>,class <lambda_a31071773b9a94e445cbd5d04ef99106> &,class <lambda_56065050dbf3ada7e59a83db45153de3> >",[231]
,,,,,
,,0.0,0.000780,  TAppEncCfg::xCheckParameter,[230]
[235],0.0,0.0,0.000780,fprintf,[235]
,,0.0,0.000780,  _stdio_common_vfprintf,[234]
,,,,,
,,0.0,0.000780,  write_nolock,[190]
[236],0.0,0.0,0.000780,write_text_ansi_nolock,[236]
,,0.000780,0.0,  WriteFile,[188]
,,,,,
,,0.000519,0.0,  wsopen_nolock,[246]
[237],0.0,0.000519,0.0,CreateFileW,[237]
,,,,,
,,0.0,0.000519,  TAppEncTop::encode,[5]
[238],0.0,0.0,0.000519,TAppEncTop::xCreateLib,[238]
,,0.0,0.000519,  TVideoIOYuv::open,[239]
,,,,,
,,0.0,0.000519,  TAppEncTop::xCreateLib,[238]
[239],0.0,0.0,0.000519,TVideoIOYuv::open,[239]
,,0.0,0.000519,"  std::basic_filebuf<char,struct std::char_traits<char> >::open",[245]
,,,,,
,,0.0,0.000519,"  std::basic_filebuf<char,struct std::char_traits<char> >::open",[245]
[240],0.0,0.0,0.000519,common_fsopen<char>,[240]
,,0.0,0.000519,  openfile,[242]
,,,,,
,,0.0,0.000519,  sopen_s,[244]
[241],0.0,0.0,0.000519,common_sopen_dispatch<char>,[241]
,,0.0,0.000519,  sopen_nolock,[243]
,,,,,
,,0.0,0.000519,  common_fsopen<char>,[240]
[242],0.0,0.0,0.000519,openfile,[242]
,,0.0,0.000519,  sopen_s,[244]
,,,,,
,,0.0,0.000519,  common_sopen_dispatch<char>,[241]
[243],0.0,0.0,0.000519,sopen_nolock,[243]
,,0.0,0.000519,  wsopen_nolock,[246]
,,,,,
,,0.0,0.000519,  openfile,[242]
[244],0.0,0.0,0.000519,sopen_s,[244]
,,0.0,0.000519,  common_sopen_dispatch<char>,[241]
,,,,,
,,0.0,0.000519,  TVideoIOYuv::open,[239]
[245],0.0,0.0,0.000519,"std::basic_filebuf<char,struct std::char_traits<char> >::open",[245]
,,0.0,0.000519,  common_fsopen<char>,[240]
,,,,,
,,0.0,0.000519,  sopen_nolock,[243]
[246],0.0,0.0,0.000519,wsopen_nolock,[246]
,,0.000519,0.0,  CreateFileW,[237]
,,,,,
,,0.0,0.000005,  df::program_options_lite::OptionSpecific::operator()<int>,[248]
[247],0.0,0.0,0.000005,df::program_options_lite::OptionBase::OptionBase,[247]
,,0.0,0.000005,"  std::basic_string<char,struct std::char_traits<char>,class std::allocator<char> >::assign",[249]
,,,,,
,,0.0,0.000005,  TAppEncCfg::parseCfg,[228]
[248],0.0,0.0,0.000005,df::program_options_lite::OptionSpecific::operator()<int>,[248]
,,0.0,0.000005,  df::program_options_lite::OptionBase::OptionBase,[247]
,,,,,
,,0.0,0.000005,  df::program_options_lite::OptionBase::OptionBase,[247]
[249],0.0,0.0,0.000005,"std::basic_string<char,struct std::char_traits<char>,class std::allocator<char> >::assign",[249]
,,0.000005,0.0,  memcpy,[37]
,,,,,


Index by function name

Index,Function
[229],<lambda_a31071773b9a94e445cbd5d04ef99106>::operator()
[1],BaseThreadInitThunk
[237],CreateFileW
[81],QpParam::QpParam
[147],ReadFile
[217],RtlAllocateHeap
[204],RtlFreeHeap
[2],RtlUserThreadStart
[228],TAppEncCfg::parseCfg
[230],TAppEncCfg::xCheckParameter
[5],TAppEncTop::encode
[238],TAppEncTop::xCreateLib
[181],TAppEncTop::xWriteOutput
[134],TComBitCounter::getNumberOfWrittenBits
[128],TComBitCounter::resetBits
[183],TComCUMvField::compress
[161],TComDataCU::CUIsFromSameSliceAndTile
[121],TComDataCU::copyPartFrom
[117],TComDataCU::copyToPic
[224],TComDataCU::create
[213],TComDataCU::destroy
[78],TComDataCU::getCoefScanIdx
[197],TComDataCU::getCtxSplitFlag
[63],TComDataCU::getIntraDirPredictor
[125],TComDataCU::getPUAboveLeft
[89],TComDataCU::getPUAboveRight
[98],TComDataCU::getPUBelowLeft
[180],TComDataCU::getPULeft
[122],TComDataCU::getQuadtreeTULog2MinSizeInCU
[165],TComDataCU::initCtu
[88],TComDataCU::initEstData
[106],TComDataCU::initSubCU
[202],TComDataCU::isLastSubCUOfCtu
[114],TComLoopFilter::loopFilterPic
[115],TComLoopFilter::xDeblockCU
[163],TComLoopFilter::xEdgeFilterChroma
[154],TComLoopFilter::xEdgeFilterLuma
[185],TComLoopFilter::xGetBoundaryStrengthSingle
[166],TComLoopFilter::xPelFilterLuma
[179],TComLoopFilter::xSetEdgefilterPU
[159],TComLoopFilter::xSetEdgefilterTU
[195],TComLoopFilter::xSetLoopfilterParam
[168],TComOutputBitstream::addSubstream
[162],TComOutputBitstream::write
[184],TComPic::compressMotion
[225],TComPic::create
[198],TComPic::destroy
[226],TComPicSym::create
[214],TComPicSym::destroy
[155],TComPicYuv::copyToPic
[205],TComPicYuv::destroy
[208],TComPicYuv::extendPicBorder
[137],TComPrediction::filteringIntraReferenceSamples
[39],TComPrediction::initIntraPatternChType
[28],TComPrediction::predIntraAng
[141],TComPrediction::predIntraGetPredValDC
[143],TComPrediction::xDCPredFiltering
[31],TComPrediction::xPredIntraAng
[77],TComPrediction::xPredIntraPlanar
[54],TComRdCost::getDistPart
[59],TComRdCost::xCalcHADs4x4
[33],TComRdCost::xCalcHADs8x8
[30],TComRdCost::xGetHADs
[124],TComRdCost::xGetSSE16
[136],TComRdCost::xGetSSE32
[86],TComRdCost::xGetSSE4
[110],TComRdCost::xGetSSE8
[156],TComSampleAdaptiveOffset::offsetBlock
[157],TComSampleAdaptiveOffset::offsetCTU
[220],TComSampleAdaptiveOffset::reconstructBlkSAOParam
[83],TComTU::TComTU
[145],TComTU::TComTU
[118],TComTU::getGolombRiceStatisticsIndex
[66],TComTURecurse::nextSection
[34],TComTrQuant::getSigCtxInc
[120],TComTrQuant::invRdpcmNxN
[27],TComTrQuant::invTransformNxN
[84],TComTrQuant::rdpcmNxN
[17],TComTrQuant::transformNxN
[44],TComTrQuant::xDeQuant
[29],TComTrQuant::xGetCodedLevel
[41],TComTrQuant::xGetICRate
[32],TComTrQuant::xIT
[116],TComTrQuant::xITransformSkip
[18],TComTrQuant::xQuant
[19],TComTrQuant::xRateDistOptQuant
[35],TComTrQuant::xT
[103],TComTrQuant::xTransformSkip
[144],TComYuv::copyFromPicComponent
[76],TComYuv::copyPartToPartComponent
[135],TComYuv::copyToPartComponent
[129],TComYuv::copyToPicComponent
[127],TComYuv::copyToPicYuv
[108],TComYuv::getAddr
[50],TComYuv::getAddr
[203],TComYuv::getStride
[80],TEncBinCABAC::copyState
[221],TEncBinCABAC::encodeAlignedBinsEP
[132],TEncBinCABAC::encodeBin
[167],TEncBinCABAC::encodeBinsEP
[123],TEncBinCABAC::getTEncBinCABAC
[130],TEncBinCABAC::resetBits
[169],TEncBinCABAC::writeOut
[43],TEncBinCABACCounter::encodeBin
[164],TEncBinCABACCounter::encodeBinEP
[215],TEncBinCABACCounter::encodeBinTrm
[93],TEncBinCABACCounter::encodeBinsEP
[99],TEncBinCABACCounter::getNumWrittenBits
[9],TEncCu::compressCtu
[176],TEncCu::finishCU
[222],TEncCu::xCheckDQP
[12],TEncCu::xCheckRDCostIntra
[10],TEncCu::xCompressCU
[142],TEncCu::xCopyYuv2Pic
[131],TEncCu::xCopyYuv2Tmp
[69],TEncCu::xEncodeCU
[71],TEncEntropy::encodeCoeff
[26],TEncEntropy::encodeCoeffNxN
[126],TEncEntropy::encodePredInfo
[48],TEncEntropy::xEncodeTransform
[7],TEncGOP::compressGOP
[170],TEncGOP::xCalculateAddPSNR
[171],TEncGOP::xCalculateAddPSNRs
[96],TEncSampleAdaptiveOffset::SAOProcess
[153],TEncSampleAdaptiveOffset::decideBlkParams
[209],TEncSampleAdaptiveOffset::deriveModeMergeRDO
[174],TEncSampleAdaptiveOffset::deriveModeNewRDO
[177],TEncSampleAdaptiveOffset::deriveOffsets
[223],TEncSampleAdaptiveOffset::estIterOffset
[104],TEncSampleAdaptiveOffset::getBlkStats
[210],TEncSampleAdaptiveOffset::getDistortion
[102],TEncSampleAdaptiveOffset::getStatistics
[21],TEncSbac::codeCoeffNxN
[178],TEncSbac::codeCrossComponentPrediction
[152],TEncSbac::codeIntraDirChroma
[45],TEncSbac::codeIntraDirLumaAng
[61],TEncSbac::codeLastSignificantXY
[139],TEncSbac::codePartSize
[95],TEncSbac::codeQtCbf
[216],TEncSbac::codeSAOBlkParam
[196],TEncSbac::codeSAOOffsetParam
[175],TEncSbac::codeSplitFlag
[109],TEncSbac::codeTransformSkipFlags
[173],TEncSbac::codeTransformSubdivFlag
[42],TEncSbac::estBit
[94],TEncSbac::estCBFBit
[74],TEncSbac::estLastSignificantPositionBit
[112],TEncSbac::estSignificantCoeffGroupMapBit
[73],TEncSbac::estSignificantCoefficientsBit
[62],TEncSbac::estSignificantMapBit
[133],TEncSbac::getNumberOfWrittenBits
[97],TEncSbac::resetBits
[65],TEncSbac::xWriteCoefRemainExGolomb
[20],TEncSearch::estIntraPredChromaQT
[13],TEncSearch::estIntraPredLumaQT
[22],TEncSearch::xEncCoeffQT
[58],TEncSearch::xEncIntraHeader
[52],TEncSearch::xEncSubdivCbfQT
[16],TEncSearch::xIntraCodingTUBlock
[70],TEncSearch::xLoadIntraResultQT
[46],TEncSearch::xModeBitsIntra
[24],TEncSearch::xRecurIntraChromaCodingQT
[15],TEncSearch::xRecurIntraCodingLumaQT
[91],TEncSearch::xSetIntraResultChromaQT
[100],TEncSearch::xSetIntraResultLumaQT
[82],TEncSearch::xStoreIntraResultQT
[87],TEncSearch::xUpdateCandList
[8],TEncSlice::compressSlice
[85],TEncSlice::encodeSlice
[6],TEncTop::encode
[227],TEncTop::xGetNewPicBuffer
[186],TVideoIOYuv::ColourSpaceConvert
[239],TVideoIOYuv::open
[138],TVideoIOYuv::read
[188],WriteFile
[160],[Unknown stack frame(s)]
[231],"__crt_seh_guarded_call<int>::operator()<class <lambda_a62c933ada0517137acf5807a1eeac1f>,class <lambda_a31071773b9a94e445cbd5d04ef99106> &,class <lambda_56065050dbf3ada7e59a83db45153de3> >"
[232],_acrt_stdio_end_temporary_buffering_nolock
[191],_acrt_stdio_flush_and_write_narrow_nolock
[233],_acrt_stdio_flush_nolock
[92],_chkstk
[3],_scrt_common_main_seh
[79],_security_check_cookie
[234],_stdio_common_vfprintf
[206],aligned_free
[240],common_fsopen<char>
[148],common_refill_and_read_nolock<char>
[241],common_sopen_dispatch<char>
[187],copyPlane
[247],df::program_options_lite::OptionBase::OptionBase
[248],df::program_options_lite::OptionSpecific::operator()<int>
[64],fastForwardDst
[60],fastInverseDst
[149],fgetc
[49],fillReferenceSamples
[235],fprintf
[192],fputc
[207],free_base
[53],getTUEntropyCodingParameters
[119],isAboveAvailable
[111],isLeftAvailable
[4],main
[218],malloc_base
[37],memcpy
[40],memset
[242],openfile
[219],operator new
[72],partialButterfly16
[56],partialButterfly32
[107],partialButterfly4
[75],partialButterfly8
[67],partialButterflyInverse16
[57],partialButterflyInverse32
[105],partialButterflyInverse4
[55],partialButterflyInverse8
[150],read
[140],readPlane
[151],read_nolock
[243],sopen_nolock
[244],sopen_s
[172],std::_Deque_iterator<class std::_Deque_val<struct std::_Deque_simple_types<class TComSlice *> > >::operator+
[193],"std::_Insert_string<char,struct std::char_traits<char>,unsigned __int64>"
[245],"std::basic_filebuf<char,struct std::char_traits<char> >::open"
[146],"std::basic_istream<char,struct std::char_traits<char> >::read"
[199],"std::basic_ostringstream<char,struct std::char_traits<char>,class std::allocator<char> >::str"
[249],"std::basic_string<char,struct std::char_traits<char>,class std::allocator<char> >::assign"
[201],"std::deque<class TComSlice *,class std::allocator<class TComSlice *> >::begin"
[200],"std::vector<unsigned char,class std::allocator<unsigned char> >::emplace_back<unsigned char const &>"
[211],"std::vector<unsigned char,std::allocator<unsigned char> >::_Resize<<lambda_2b51424039c320f102fd798e073c89b2> >"
[189],write
[212],write
[182],writeAnnexB
[194],write_buffer_nolock<char>
[190],write_nolock
[236],write_text_ansi_nolock
[246],wsopen_nolock
[36],xITrMxN
[38],xTrMxN
[47],<cycle 1>
[68],<cycle 2>
[113],<cycle 3>
[158],<cycle 4>
[90],<cycle 5>
[51],<cycle 6>
[23],<cycle 7>
[25],<cycle 8>
[101],<cycle 9>
[14],<cycle 10>
[11],<cycle 11>
