Index,% CPU Time:Total,CPU Time:Self,CPU Time:Children,Name,Index
,,0.0,15.189535,  RtlUserThreadStart,[2]
[1],100.0,0.0,15.189535,BaseThreadInitThunk,[1]
,,0.0,15.189535,  _scrt_common_main_seh,[3]
,,,,,
,,,,  <spontaneous>,
[2],100.0,0.0,15.189535,RtlUserThreadStart,[2]
,,0.0,15.189535,  BaseThreadInitThunk,[1]
,,,,,
,,0.0,15.189535,  BaseThreadInitThunk,[1]
[3],100.0,0.0,15.189535,_scrt_common_main_seh,[3]
,,0.0,0.012655,  exit,[307]
,,0.0,0.008079,  initterm,[309]
,,0.0,15.168802,  main,[5]
,,,,,
,,0.0,15.168802,  main,[5]
[4],99.86,0.0,15.168802,DecApp::decode,[4]
,,0.002924,0.0,"  std::basic_ifstream<char,struct std::char_traits<char> >::basic_ifstream<char,struct std::char_traits<char> >",[310]
,,0.0,0.015568,  DecApp::xFlushOutput,[251]
,,0.0,0.544043,  DecApp::xWriteOutput,[42]
,,0.0,9.132863,  DecLib::decode,[6]
,,0.0,4.980060,  DecLib::executeLoopFilters,[10]
,,0.0,0.109509,  DecLib::finishPicture,[124]
,,0.0,0.352782,  byteStreamNALUnit,[54]
,,0.0,0.031052,  read,[217]
,,,,,
,,0.0,15.168802,  _scrt_common_main_seh,[3]
[5],99.86,0.0,15.168802,main,[5]
,,0.0,15.168802,  DecApp::decode,[4]
,,,,,
,,0.0,9.132863,  DecApp::decode,[4]
[6],60.13,0.0,9.132863,DecLib::decode,[6]
,,0.0,9.132863,  DecLib::xDecodeSlice,[7]
,,,,,
,,0.0,9.132863,  DecLib::decode,[6]
[7],60.13,0.0,9.132863,DecLib::xDecodeSlice,[7]
,,0.0,0.373073,  DecLib::xActivateParameterSets,[49]
,,0.0,8.728736,  DecSlice::decompressSlice,[8]
,,0.0,0.031054,  Slice::constructRefPicList,[215]
,,,,,
,,0.0,8.728736,  DecLib::xDecodeSlice,[7]
[8],57.47,0.0,8.728736,DecSlice::decompressSlice,[8]
,,0.015545,5.280176,  DecCu::decompressCtu,[9]
,,0.0,3.433015,  CABACReader::coding_tree_unit,[12]
,,,,,
,,0.015545,5.280176,  DecSlice::decompressSlice,[8]
[9],34.86,0.015545,5.280176,DecCu::decompressCtu,[9]
,,0.015489,0.140014,  InterPrediction::xFillIBCBuffer,[104]
,,0.0,0.512232,  DecCu::xDeriveCUMV,[46]
,,0.0,4.285975,  DecCu::xReconInter,[11]
,,0.0,0.279790,  DecCu::xReconIntraQT,[70]
,,0.0,0.046676,  InterPrediction::resetVPDUforIBC,[176]
,,,,,
,,0.0,4.980060,  DecApp::decode,[4]
[10],32.79,0.0,4.980060,DecLib::executeLoopFilters,[10]
,,0.108806,0.046704,  CS::setRefinedMotionField,[103]
,,0.015563,2.911769,  LoopFilter::loopFilterPic,[15]
,,0.0,1.772630,  AdaptiveLoopFilter::ALFProcess,[26]
,,0.0,0.124588,  SampleAdaptiveOffset::SAOProcess,[115]
,,,,,
,,0.0,4.285975,  DecCu::decompressCtu,[9]
[11],28.22,0.0,4.285975,DecCu::xReconInter,[11]
,,0.031176,0.0,  UnitBuf<short>::operator struct UnitBuf<short const >,[195]
,,0.031086,2.252052,  InterPrediction::motionCompensation,[20]
,,0.031072,0.0,  CodingStructure::addMiToLut,[205]
,,0.030967,0.046387,  CodingStructure::setDecomp,[152]
,,0.0,0.015528,  CodingStructure::getPredBuf,[220]
,,0.0,0.015567,  CodingStructure::getRecoBuf,[256]
,,0.0,0.031051,  CodingStructure::getResiBuf,[218]
,,0.0,1.087022,  DecCu::xDecodeInterTexture,[30]
,,0.0,0.139656,  InterPrediction::motionCompensation4Triangle,[111]
,,0.0,0.139690,  IntraPrediction::geneIntrainterPred,[110]
,,0.0,0.310774,  UnitBuf<short>::copyClip,[51]
,,0.0,0.092867,  UnitBuf<short>::copyFrom,[57]
,,0.0,0.031082,  UnitBuf<short>::reconstruct,[204]
,,,,,
,,0.0,3.433015,  DecSlice::decompressSlice,[8]
[12],22.6,0.0,3.433015,CABACReader::coding_tree_unit,[12]
,,0.031095,3.386368,  CABACReader::coding_tree <cycle 2>,[14]
,,0.0,0.015552,  CodingStructure::getCURestricted,[268]
,,,,,
,,0.031095,3.386368,  CABACReader::coding_tree_unit,[12]
[13],22.5,0.031095,3.386368,<cycle 2 as a whole>,[13]
,,0.031095,3.386368,  CABACReader::coding_tree <cycle 2>,[14]
,,,,,
,,,,  CABACReader::coding_tree <cycle 2>,[14]
,,0.031095,3.386368,  CABACReader::coding_tree_unit,[12]
[14],22.5,0.031095,3.386368,CABACReader::coding_tree <cycle 2>,[14]
,,0.124084,0.139701,  CodingStructure::addCU,[74]
,,0.031088,0.155261,  CABACReader::split_cu_mode,[92]
,,0.031056,2.687381,  CABACReader::coding_unit,[16]
,,0.015569,0.015543,  QTBTPartitioner::canSplit,[164]
,,0.015562,0.0,  CodingUnit::isSepTree,[222]
,,0.015553,0.155571,  QTBTPartitioner::splitCurrArea,[87]
,,,,  CABACReader::coding_tree <cycle 2>,[14]
,,,,,
,,0.015563,2.911769,  DecLib::executeLoopFilters,[10]
[15],19.27,0.015563,2.911769,LoopFilter::loopFilterPic,[15]
,,0.310047,2.322637,  LoopFilter::xDeblockCU,[17]
,,0.108217,0.077616,  CodingStructure::traverseCUs,[96]
,,0.093252,0.0,  memset,[41]
,,,,,
,,0.031056,2.687381,  CABACReader::coding_tree <cycle 2>,[14]
[16],17.9,0.031056,2.687381,CABACReader::coding_unit,[16]
,,0.062214,0.139981,  CodingStructure::addPU,[88]
,,0.015563,2.158820,  CABACReader::cu_residual,[22]
,,0.015562,0.0,  CodingStructure::addTU,[91]
,,0.015541,0.015531,  CABACReader::pred_mode,[207]
,,0.015535,0.093305,  CABACReader::prediction_unit,[89]
,,0.0,0.124267,  CABACReader::cu_pred_data,[120]
,,0.0,0.031063,  CABACReader::cu_skip_flag,[212]
,,,,,
,,0.310047,2.322637,  LoopFilter::loopFilterPic,[15]
[17],17.33,0.310047,2.322637,LoopFilter::xDeblockCU,[17]
,,0.325892,0.433868,  LoopFilter::xEdgeFilterLuma,[38]
,,0.325787,0.321452,  LoopFilter::xGetBoundaryStrengthSingle,[39]
,,0.170987,0.0,  CU::traverseTUs,[90]
,,0.139760,0.046560,  LoopFilter::xEdgeFilterChroma,[93]
,,0.123920,0.0,  CU::traversePUs,[114]
,,0.062200,0.201266,  LoopFilter::xSetMaxFilterLengthPQFromTransformSizes,[77]
,,0.031059,0.077739,  LoopFilter::xSetLoopfilterParam,[127]
,,0.031016,0.0,  LoopFilter::xSetEdgefilterMultiple,[221]
,,0.015590,0.0,  LoopFilter::xSetMaxFilterLengthPQForCodingSubBlocks,[237]
,,0.015540,0.0,"  std::_Sort_unchecked1<int *,__int64,struct std::less<void> >",[277]
,,,,,
,,0.0,2.236524,  InterPrediction::motionCompensation,[20]
,,0.0,0.108608,  InterPrediction::motionCompensation4Triangle,[111]
[18],15.44,0.0,2.345132,<cycle 1 as a whole>,[18]
,,0.0,2.313995,  InterPrediction::motionCompensation <cycle 1>,[19]
,,0.0,0.031137,  InterPrediction::xSubPuMC <cycle 1>,[197]
,,,,,
,,0.0,2.236524,  InterPrediction::motionCompensation,[20]
,,0.0,0.108608,  InterPrediction::motionCompensation4Triangle,[111]
,,,,  InterPrediction::xSubPuMC <cycle 1>,[197]
[19],15.23,0.0,2.313995,InterPrediction::motionCompensation <cycle 1>,[19]
,,0.077726,2.143268,  InterPrediction::xPredInterBi,[21]
,,0.015517,0.0,  PU::checkDMVRCondition,[159]
,,0.0,0.077484,  InterPrediction::xPredInterUni,[25]
,,,,  InterPrediction::xSubPuMC <cycle 1>,[197]
,,,,,
,,0.031086,2.252052,  DecCu::xReconInter,[11]
[20],15.03,0.031086,2.252052,InterPrediction::motionCompensation,[20]
,,0.015528,0.0,  CU::traversePUs,[114]
,,0.0,2.236524,  InterPrediction::motionCompensation <cycle 1>,[19]
,,,,,
,,0.077726,2.143268,  InterPrediction::motionCompensation <cycle 1>,[19]
[21],14.62,0.077726,2.143268,InterPrediction::xPredInterBi,[21]
,,0.015574,0.0,  CU::isIBC,[244]
,,0.015544,1.739506,  InterPrediction::xPredInterUni,[25]
,,0.015450,0.357195,  InterPrediction::xWeightedAverage,[52]
,,,,,
,,0.015563,2.158820,  CABACReader::coding_unit,[16]
[22],14.32,0.015563,2.158820,CABACReader::cu_residual,[22]
,,0.031040,2.034410,  CABACReader::transform_tree <cycle 3>,[23]
,,0.015489,0.0,  CABACReader::residual_lfnst_mode,[301]
,,0.0,0.046707,  AreaBuf<int>::fill,[73]
,,0.0,0.015618,  AreaBuf<short>::fill,[81]
,,0.0,0.015556,  CABACReader::sbt_mode,[261]
,,,,,
,,,,  CABACReader::transform_tree <cycle 3>,[23]
,,0.031040,2.034410,  CABACReader::cu_residual,[22]
[23],13.6,0.031040,2.034410,CABACReader::transform_tree <cycle 3>,[23]
,,0.155263,0.015548,  CodingStructure::addTU,[91]
,,0.046544,1.397418,  CABACReader::transform_unit,[27]
,,0.030986,0.0,  TransformUnit::getCoeffs,[226]
,,0.015590,0.0,  QTBTPartitioner::exitCurrSplit,[236]
,,0.015507,0.201990,  AreaBuf<int>::fill,[73]
,,0.0,0.124427,  AreaBuf<short>::fill,[81]
,,,,  CABACReader::transform_tree <cycle 3>,[23]
,,0.0,0.031136,  QTBTPartitioner::splitCurrArea,[87]
,,,,,
,,0.031040,2.034410,  CABACReader::cu_residual,[22]
[24],13.6,0.031040,2.034410,<cycle 3 as a whole>,[24]
,,0.031040,2.034410,  CABACReader::transform_tree <cycle 3>,[23]
,,,,,
,,0.0,0.077484,  InterPrediction::motionCompensation <cycle 1>,[19]
,,0.015544,1.739506,  InterPrediction::xPredInterBi,[21]
[25],12.06,0.015544,1.816990,InterPrediction::xPredInterUni,[25]
,,0.186363,0.605756,  InterPrediction::xPredAffineBlk,[36]
,,0.015579,0.993739,  InterPrediction::xPredInterBlk,[34]
,,0.015554,0.0,  clipMv,[263]
,,,,,
,,0.0,1.772630,  DecLib::executeLoopFilters,[10]
[26],11.67,0.0,1.772630,AdaptiveLoopFilter::ALFProcess,[26]
,,0.995247,0.015494,  simdFilter7x7Blk<4>,[33]
,,0.264324,0.0,  simdFilter5x5Blk<4>,[72]
,,0.0,0.341738,  AdaptiveLoopFilter::deriveClassification,[55]
,,0.0,0.155827,  UnitBuf<short>::copyFrom,[57]
,,,,,
,,0.046544,1.397418,  CABACReader::transform_tree <cycle 3>,[23]
[27],9.51,0.046544,1.397418,CABACReader::transform_unit,[27]
,,0.046622,1.335215,  CABACReader::residual_coding,[28]
,,0.0,0.015581,  CABACReader::cbf_comp,[242]
,,,,,
,,0.046622,1.335215,  CABACReader::transform_unit,[27]
[28],9.1,0.046622,1.335215,CABACReader::residual_coding,[28]
,,0.310534,0.791576,  CABACReader::residual_coding_subblock,[29]
,,0.031182,0.046496,  CABACReader::last_sig_coeff,[142]
,,0.031147,0.031102,  CoeffCodingContext::initSubblock,[136]
,,0.015552,0.0,  CABACReader::mts_coding,[266]
,,0.015504,0.0,  CoeffCodingContext::CoeffCodingContext,[294]
,,0.0,0.062122,  CABACReader::residual_codingTS,[167]
,,,,,
,,0.310534,0.791576,  CABACReader::residual_coding,[28]
[29],7.26,0.310534,0.791576,CABACReader::residual_coding_subblock,[29]
,,0.310216,0.139579,  TBinDecoder<class BinProbModel_Std>::decodeBin,[40]
,,0.170940,0.0,  CoeffCodingContext::sigCtxIdAbs,[101]
,,0.108682,0.0,  CoeffCodingContext::templateAbsSum,[129]
,,0.015578,0.031015,  BinDecoderBase::decodeBinsEP,[168]
,,0.015567,0.0,  CoeffCodingContext::ctxOffsetAbs,[257]
,,,,,
,,0.0,1.087022,  DecCu::xReconInter,[11]
[30],7.16,0.0,1.087022,DecCu::xDecodeInterTexture,[30]
,,0.015558,1.055949,  DecCu::xDecodeInterTU,[31]
,,0.015515,0.0,  CU::traverseTUs,[90]
,,,,,
,,0.015558,1.055949,  DecCu::xDecodeInterTexture,[30]
[31],7.05,0.015558,1.055949,DecCu::xDecodeInterTU,[31]
,,0.031072,0.062178,  QpParam::QpParam,[131]
,,0.015576,0.031113,  AreaBuf<short>::fill,[81]
,,0.015434,0.0,  _security_check_cookie,[66]
,,0.0,0.900575,  TrQuant::invTransformNxN,[32]
,,,,,
,,0.0,0.900575,  DecCu::xDecodeInterTU,[31]
,,0.0,0.155441,  DecCu::xIntraRecBlk,[68]
[32],6.95,0.0,1.056016,TrQuant::invTransformNxN,[32]
,,0.077644,0.699228,  TrQuant::xIT,[37]
,,0.031042,0.217006,  DepQuant::dequant,[79]
,,0.015552,0.0,  TrQuant::xITransformSkip,[267]
,,0.015543,0.0,  TrQuant::invRdpcmNxN,[274]
,,,,,
,,0.995247,0.015494,  AdaptiveLoopFilter::ALFProcess,[26]
[33],6.65,0.995247,0.015494,simdFilter7x7Blk<4>,[33]
,,0.015494,0.0,  _security_check_cookie,[66]
,,,,,
,,0.015579,0.993739,  InterPrediction::xPredInterUni,[25]
[34],6.64,0.015579,0.993739,InterPrediction::xPredInterBlk,[34]
,,0.015547,0.232864,  InterpolationFilter::filterVer,[45]
,,0.0,0.714198,  InterpolationFilter::filterHor,[35]
,,0.0,0.031130,  Picture::getRecoBuf,[185]
,,,,,
,,0.0,0.232767,  InterPrediction::xPredAffineBlk,[36]
,,0.0,0.714198,  InterPrediction::xPredInterBlk,[34]
[35],6.23,0.0,0.946965,InterpolationFilter::filterHor,[35]
,,0.279687,0.0,"  InterpolationFilter::filterCopy<1,0>",[71]
,,0.077453,0.0,"  InterpolationFilter::filterCopy<1,1>",[150]
,,0.015552,0.295173,  InterpolationFilter::filterHor<8>,[60]
,,0.015499,0.0,  _security_check_cookie,[66]
,,0.0,0.263602,  InterpolationFilter::filterHor<4>,[75]
,,,,,
,,0.186363,0.605756,  InterPrediction::xPredInterUni,[25]
[36],5.21,0.186363,0.605756,InterPrediction::xPredAffineBlk,[36]
,,0.031069,0.0,  roundAffineMv,[208]
,,0.015526,0.264350,  InterpolationFilter::filterVer,[45]
,,0.015523,0.0,"  gradFilter_SSE<4,0>",[284]
,,0.0,0.031050,  AreaBuf<short>::copyFrom,[47]
,,0.0,0.232767,  InterpolationFilter::filterHor,[35]
,,0.0,0.015471,  Picture::getRecoBuf,[185]
,,,,,
,,0.077644,0.699228,  TrQuant::invTransformNxN,[32]
[37],5.11,0.077644,0.699228,TrQuant::xIT,[37]
,,0.279687,0.015554,  fastInverseDCT2_B32,[63]
,,0.139913,0.0,  fastInverseDCT2_B16,[107]
,,0.139740,0.0,  fastInverseDCT2_B8,[108]
,,0.046639,0.0,  fastInverseDCT2_B64,[180]
,,0.015542,0.0,  fastInverseDCT8_B16,[276]
,,0.015526,0.0,  _chkstk,[283]
,,0.015516,0.0,  fastInverseDST7_B32,[291]
,,0.015511,0.0,  fastInverseDST7_B16,[293]
,,0.0,0.015599,  fastInverseDCT8_B8,[233]
,,,,,
,,0.325892,0.433868,  LoopFilter::xDeblockCU,[17]
[38],5.0,0.325892,0.433868,LoopFilter::xEdgeFilterLuma,[38]
,,0.325423,0.0,  LoopFilter::xPelFilterLuma,[58]
,,0.046644,0.0,  CodingStructure::getCU,[84]
,,0.015571,0.0,  LoopFilter::xUseStrongFiltering,[250]
,,0.015223,0.031007,  CodingStructure::getRecoBuf,[151]
,,,,,
,,0.325787,0.321452,  LoopFilter::xDeblockCU,[17]
[39],4.26,0.325787,0.321452,LoopFilter::xGetBoundaryStrengthSingle,[39]
,,0.093195,0.0,  CodingStructure::getTU,[65]
,,0.088950,0.015129,  CodingStructure::getCU,[84]
,,0.031054,0.0,  _security_check_cookie,[66]
,,0.030994,0.0,  CodingStructure::getMotionInfo,[223]
,,0.015512,0.046618,  TU::getCbf,[166]
,,,,,
,,0.0,0.015508,  CABACReader::subblock_merge_flag,[219]
,,0.015452,0.031044,  CABACReader::last_sig_coeff,[142]
,,0.015562,0.0,  CABACReader::ref_idx,[259]
,,0.015566,0.0,  CABACReader::merge_idx,[199]
,,0.015582,0.0,  CABACReader::residual_coding_subblockTS,[187]
,,0.030971,0.015547,  CABACReader::split_cu_mode,[92]
,,0.310216,0.139579,  CABACReader::residual_coding_subblock,[29]
[40],3.98,0.403350,0.201677,TBinDecoder<class BinProbModel_Std>::decodeBin,[40]
,,0.186128,0.0,  BinProbModel_Std::update,[95]
,,0.015549,0.0,  InputBitstream::readByte,[188]
,,,,,
,,0.015513,0.0,  AreaBuf<struct MotionInfo>::fill,[117]
,,0.015554,0.0,  fastInverseDCT2_B32,[63]
,,0.015561,0.0,  CodingStructure::clearTUs,[200]
,,0.031067,0.0,  CodingStructure::initStructData,[210]
,,0.093252,0.0,  LoopFilter::loopFilterPic,[15]
,,0.155573,0.0,  AreaBuf<short>::fill,[81]
,,0.248697,0.0,  AreaBuf<int>::fill,[73]
[41],3.79,0.575217,0.0,memset,[41]
,,,,,
,,0.0,0.544043,  DecApp::decode,[4]
[42],3.58,0.0,0.544043,DecApp::xWriteOutput,[42]
,,0.0,0.544043,  VideoIOYuv::write,[43]
,,,,,
,,0.0,0.544043,  DecApp::xWriteOutput,[42]
[43],3.58,0.0,0.544043,VideoIOYuv::write,[43]
,,0.264220,0.279823,  writePlane,[44]
,,,,,
,,0.264220,0.279823,  VideoIOYuv::write,[43]
[44],3.58,0.264220,0.279823,writePlane,[44]
,,0.279823,0.0,"  std::basic_ostream<char,struct std::char_traits<char> >::write",[67]
,,,,,
,,0.015526,0.264350,  InterPrediction::xPredAffineBlk,[36]
,,0.015547,0.232864,  InterPrediction::xPredInterBlk,[34]
[45],3.48,0.031072,0.497214,InterpolationFilter::filterVer,[45]
,,0.015560,0.279904,  InterpolationFilter::filterVer<8>,[62]
,,0.015457,0.0,  _security_check_cookie,[66]
,,0.0,0.186294,  InterpolationFilter::filterVer<4>,[94]
,,,,,
,,0.0,0.512232,  DecCu::decompressCtu,[9]
[46],3.37,0.0,0.512232,DecCu::xDeriveCUMV,[46]
,,0.046378,0.031140,  PU::getInterMergeCandidates,[123]
,,0.015522,0.062167,  PU::spanMotionInfo,[99]
,,0.015260,0.0,  PU::setAllAffineMv,[192]
,,0.0,0.015569,  MergeCtx::setMergeInfo,[201]
,,0.0,0.248461,  PU::getAffineMergeCand,[78]
,,0.0,0.046608,  PU::getTriangleMergeCandidates,[182]
,,0.0,0.031127,  PU::setAllAffineMvField,[198]
,,,,,
,,0.0,0.031050,  InterPrediction::xPredAffineBlk,[36]
,,0.015516,0.310847,  UnitBuf<short>::copyFrom,[57]
,,0.046709,0.077726,  InterPrediction::xFillIBCBuffer,[104]
[47],3.17,0.062224,0.419623,AreaBuf<short>::copyFrom,[47]
,,0.404105,0.0,  memcpy,[48]
,,0.015518,0.0,  [Import thunk memcpy],[290]
,,,,,
,,0.404105,0.0,  AreaBuf<short>::copyFrom,[47]
[48],2.66,0.404105,0.0,memcpy,[48]
,,,,,
,,0.0,0.373073,  DecLib::xDecodeSlice,[7]
[49],2.46,0.0,0.373073,DecLib::xActivateParameterSets,[49]
,,0.0,0.015519,  CodingStructure::createCoeffs,[286]
,,0.0,0.031067,  Picture::finalInit,[211]
,,0.0,0.015568,  Slice::applyReferencePictureListBasedMarking,[253]
,,0.0,0.310919,  TrQuant::init,[59]
,,,,,
,,0.357382,0.015509,  UnitBuf<short>::copyClip,[51]
[50],2.45,0.357382,0.015509,AreaBuf<short>::copyClip,[50]
,,0.015509,0.0,  _security_check_cookie,[66]
,,,,,
,,0.0,0.310774,  DecCu::xReconInter,[11]
,,0.0,0.062117,  InterPrediction::xWeightedAverage,[52]
[51],2.45,0.0,0.372891,UnitBuf<short>::copyClip,[51]
,,0.357382,0.015509,  AreaBuf<short>::copyClip,[50]
,,,,,
,,0.015450,0.357195,  InterPrediction::xPredInterBi,[21]
[52],2.45,0.015450,0.357195,InterPrediction::xWeightedAverage,[52]
,,0.0,0.077695,  InterPrediction::xApplyBiPROF,[141]
,,0.0,0.077727,  UnitBuf<short>::addAvg,[140]
,,0.0,0.124300,  UnitBuf<short>::addWeightedAvg,[119]
,,0.0,0.062117,  UnitBuf<short>::copyClip,[51]
,,0.0,0.015356,  UnitBuf<short>::copyFrom,[57]
,,,,,
,,0.030697,0.322084,  byteStreamNALUnit,[54]
[53],2.32,0.030697,0.322084,byteStreamNALUnit,[53]
,,0.046312,0.260239,  InputByteStream::eofBeforeNBytes,[61]
,,0.015534,0.0,"  std::vector<unsigned char,class std::allocator<unsigned char> >::emplace_back<unsigned char>",[280]
,,,,,
,,0.0,0.352782,  DecApp::decode,[4]
[54],2.32,0.0,0.352782,byteStreamNALUnit,[54]
,,0.030697,0.322084,  byteStreamNALUnit,[53]
,,,,,
,,0.0,0.341738,  AdaptiveLoopFilter::ALFProcess,[26]
[55],2.25,0.0,0.341738,AdaptiveLoopFilter::deriveClassification,[55]
,,0.341738,0.0,  simdDeriveClassificationBlk<4>,[56]
,,,,,
,,0.341738,0.0,  AdaptiveLoopFilter::deriveClassification,[55]
[56],2.25,0.341738,0.0,simdDeriveClassificationBlk<4>,[56]
,,,,,
,,0.0,0.155827,  AdaptiveLoopFilter::ALFProcess,[26]
,,0.0,0.092867,  DecCu::xReconInter,[11]
,,0.0,0.015356,  InterPrediction::xWeightedAverage,[52]
,,0.0,0.062314,  SampleAdaptiveOffset::SAOProcess,[115]
[57],2.15,0.0,0.326363,UnitBuf<short>::copyFrom,[57]
,,0.015516,0.310847,  AreaBuf<short>::copyFrom,[47]
,,,,,
,,0.325423,0.0,  LoopFilter::xEdgeFilterLuma,[38]
[58],2.14,0.325423,0.0,LoopFilter::xPelFilterLuma,[58]
,,,,,
,,0.0,0.310919,  DecLib::xActivateParameterSets,[49]
[59],2.05,0.0,0.310919,TrQuant::init,[59]
,,0.0,0.139647,  DepQuant::DepQuant,[112]
,,0.0,0.171272,  DepQuant::`scalar deleting destructor',[98]
,,,,,
,,0.015552,0.295173,  InterpolationFilter::filterHor,[35]
[60],2.05,0.015552,0.295173,InterpolationFilter::filterHor<8>,[60]
,,0.0,0.295173,"  simdFilter<4,8,0,1,0>",[64]
,,,,,
,,0.046312,0.260239,  byteStreamNALUnit,[53]
[61],2.02,0.046312,0.260239,InputByteStream::eofBeforeNBytes,[61]
,,0.244682,0.0,"  std::basic_istream<char,struct std::char_traits<char> >::get",[80]
,,0.015556,0.0,  _security_check_cookie,[66]
,,,,,
,,0.015560,0.279904,  InterpolationFilter::filterVer,[45]
[62],1.95,0.015560,0.279904,InterpolationFilter::filterVer<8>,[62]
,,0.077828,0.139851,"  simdFilter<4,8,1,0,0>",[85]
,,0.015574,0.0,"  simdFilter<4,8,1,0,1>",[245]
,,0.0,0.046650,"  simdFilter<4,8,1,1,0>",[178]
,,,,,
,,0.279687,0.015554,  TrQuant::xIT,[37]
[63],1.94,0.279687,0.015554,fastInverseDCT2_B32,[63]
,,0.015554,0.0,  memset,[41]
,,,,,
,,0.0,0.295173,  InterpolationFilter::filterHor<8>,[60]
[64],1.94,0.0,0.295173,"simdFilter<4,8,0,1,0>",[64]
,,0.155454,0.0,"  simdInterpolateHorM8_AVX2<4,8,0>",[105]
,,0.139718,0.0,"  simdInterpolateHorM4<4,8,0>",[109]
,,,,,
,,0.093195,0.0,  LoopFilter::xGetBoundaryStrengthSingle,[39]
,,0.108362,0.092904,  LoopFilter::xSetMaxFilterLengthPQFromTransformSizes,[77]
[65],1.94,0.201557,0.092904,CodingStructure::getTU,[65]
,,0.092904,0.0,  _security_check_cookie,[66]
,,,,,
,,0.015129,0.0,  CodingStructure::getCU,[84]
,,0.015434,0.0,  DecCu::xDecodeInterTU,[31]
,,0.015439,0.0,"  simdInterpolateVerM4<4,4,0>",[102]
,,0.015457,0.0,  InterpolationFilter::filterVer,[45]
,,0.015494,0.0,  simdFilter7x7Blk<4>,[33]
,,0.015499,0.0,  InterpolationFilter::filterHor,[35]
,,0.015509,0.0,  AreaBuf<short>::copyClip,[50]
,,0.015540,0.0,  AreaBuf<struct MotionInfo>::fill,[117]
,,0.015556,0.0,  InputByteStream::eofBeforeNBytes,[61]
,,0.015567,0.0,  CodingStructure::getBuf,[122]
,,0.015569,0.0,  MergeCtx::setMergeInfo,[201]
,,0.031054,0.0,  LoopFilter::xGetBoundaryStrengthSingle,[39]
,,0.092904,0.0,  CodingStructure::getTU,[65]
[66],1.94,0.294151,0.0,_security_check_cookie,[66]
,,,,,
,,0.279823,0.0,  writePlane,[44]
[67],1.84,0.279823,0.0,"std::basic_ostream<char,struct std::char_traits<char> >::write",[67]
,,,,,
,,0.0,0.279790,  DecCu::xIntraRecQT,[69]
[68],1.84,0.0,0.279790,DecCu::xIntraRecBlk,[68]
,,0.031082,0.015507,  IntraPrediction::predIntraAng,[134]
,,0.0,0.046699,  IntraPrediction::initIntraPatternChType,[121]
,,0.0,0.015544,  IntraPrediction::predIntraMip,[270]
,,0.0,0.015517,  PU::getFinalIntraMode,[229]
,,0.0,0.155441,  TrQuant::invTransformNxN,[32]
,,,,,
,,0.0,0.279790,  DecCu::xReconIntraQT,[70]
[69],1.84,0.0,0.279790,DecCu::xIntraRecQT,[69]
,,0.0,0.279790,  DecCu::xIntraRecBlk,[68]
,,,,,
,,0.0,0.279790,  DecCu::decompressCtu,[9]
[70],1.84,0.0,0.279790,DecCu::xReconIntraQT,[70]
,,0.0,0.279790,  DecCu::xIntraRecQT,[69]
,,,,,
,,0.279687,0.0,  InterpolationFilter::filterHor,[35]
[71],1.84,0.279687,0.0,"InterpolationFilter::filterCopy<1,0>",[71]
,,,,,
,,0.264324,0.0,  AdaptiveLoopFilter::ALFProcess,[26]
[72],1.74,0.264324,0.0,simdFilter5x5Blk<4>,[72]
,,,,,
,,0.0,0.046707,  CABACReader::cu_residual,[22]
,,0.015507,0.201990,  CABACReader::transform_tree <cycle 3>,[23]
[73],1.74,0.015507,0.248697,AreaBuf<int>::fill,[73]
,,0.248697,0.0,  memset,[41]
,,,,,
,,0.124084,0.139701,  CABACReader::coding_tree <cycle 2>,[14]
[74],1.74,0.124084,0.139701,CodingStructure::addCU,[74]
,,0.077591,0.0,  CodingUnit::initData,[146]
,,0.046646,0.0,  AreaBuf<unsigned int>::fill,[160]
,,0.0,0.015464,  operator new,[83]
,,,,,
,,0.0,0.263602,  InterpolationFilter::filterHor,[35]
[75],1.74,0.0,0.263602,InterpolationFilter::filterHor<4>,[75]
,,0.046541,0.217061,"  simdFilter<4,4,0,1,0>",[76]
,,,,,
,,0.046541,0.217061,  InterpolationFilter::filterHor<4>,[75]
[76],1.74,0.046541,0.217061,"simdFilter<4,4,0,1,0>",[76]
,,0.155021,0.0,"  simdInterpolateHorM4<4,4,0>",[106]
,,0.062040,0.0,"  simdInterpolateHorM8_AVX2<4,4,0>",[171]
,,,,,
,,0.062200,0.201266,  LoopFilter::xDeblockCU,[17]
[77],1.73,0.062200,0.201266,LoopFilter::xSetMaxFilterLengthPQFromTransformSizes,[77]
,,0.108362,0.092904,  CodingStructure::getTU,[65]
,,,,,
,,0.0,0.248461,  DecCu::xDeriveCUMV,[46]
[78],1.64,0.0,0.248461,PU::getAffineMergeCand,[78]
,,0.077812,0.093149,  PU::getInterMergeSubPuMvpCand,[100]
,,0.015590,0.0,  PU::getAffineControlPointCand,[238]
,,0.015525,0.030874,  getAvailableAffineNeighboursForAbovePredictor,[191]
,,0.0,0.015513,  AreaBuf<struct MotionInfo>::fill,[117]
,,,,,
,,0.031042,0.217006,  TrQuant::invTransformNxN,[32]
[79],1.63,0.031042,0.217006,DepQuant::dequant,[79]
,,0.217006,0.0,  DQIntern::Quantizer::dequantBlock,[86]
,,,,,
,,0.244682,0.0,  InputByteStream::eofBeforeNBytes,[61]
[80],1.61,0.244682,0.0,"std::basic_istream<char,struct std::char_traits<char> >::get",[80]
,,,,,
,,0.0,0.015618,  CABACReader::cu_residual,[22]
,,0.0,0.124427,  CABACReader::transform_tree <cycle 3>,[23]
,,0.015576,0.031113,  DecCu::xDecodeInterTU,[31]
,,0.046676,0.0,  UnitBuf<short>::fill,[177]
[81],1.54,0.062252,0.171159,AreaBuf<short>::fill,[81]
,,0.155573,0.0,  memset,[41]
,,0.015585,0.0,  func@0x18000c9d8,[240]
,,,,,
,,0.232841,0.0,  operator new,[83]
[82],1.53,0.232841,0.0,malloc_base,[82]
,,,,,
,,0.0,0.015464,  CodingStructure::addCU,[74]
,,0.0,0.015490,  CodingStructure::addPU,[88]
,,0.0,0.077553,  Quant::xInitScalingList,[149]
,,0.0,0.062094,  QuantRDOQ::xInitScalingList,[169]
,,0.0,0.046679,"  std::vector<UnitArea,std::allocator<UnitArea> >::_Resize<<lambda_63dc83d50a1b614a535247b0b3d8cd3f> >",[135]
,,0.0,0.015561,"  std::vector<struct PredictionUnit *,class std::allocator<struct PredictionUnit *> >::emplace_back<struct PredictionUnit * const &>",[260]
[83],1.53,0.0,0.232841,operator new,[83]
,,0.232841,0.0,  malloc_base,[82]
,,,,,
,,0.015581,0.0,  CABACReader::cbf_comp,[242]
,,0.046644,0.0,  LoopFilter::xEdgeFilterLuma,[38]
,,0.062165,0.0,  LoopFilter::xSetLoopfilterParam,[127]
,,0.088950,0.015129,  LoopFilter::xGetBoundaryStrengthSingle,[39]
[84],1.5,0.213340,0.015129,CodingStructure::getCU,[84]
,,0.015129,0.0,  _security_check_cookie,[66]
,,,,,
,,0.077828,0.139851,  InterpolationFilter::filterVer<8>,[62]
[85],1.43,0.077828,0.139851,"simdFilter<4,8,1,0,0>",[85]
,,0.093327,0.0,"  simdInterpolateVerM4<4,8,0>",[116]
,,0.046525,0.0,"  simdInterpolateVerM8_AVX2<4,8,0>",[170]
,,,,,
,,0.217006,0.0,  DepQuant::dequant,[79]
[86],1.43,0.217006,0.0,DQIntern::Quantizer::dequantBlock,[86]
,,,,,
,,0.0,0.031136,  CABACReader::transform_tree <cycle 3>,[23]
,,0.015553,0.155571,  CABACReader::coding_tree <cycle 2>,[14]
[87],1.33,0.015553,0.186708,QTBTPartitioner::splitCurrArea,[87]
,,0.015542,0.062241,  PartitionerImpl::getCUSubPartitions,[137]
,,0.0,0.015609,  PartitionerImpl::getSbtTuTiling,[231]
,,0.0,0.031040,  QTBTPartitioner::canSplit,[164]
,,0.0,0.062276,"  static_vector<struct PartLevel,15>::push_back",[154]
,,,,,
,,0.062214,0.139981,  CABACReader::coding_unit,[16]
[88],1.33,0.062214,0.139981,CodingStructure::addPU,[88]
,,0.108930,0.0,  PredictionUnit::initData,[126]
,,0.0,0.015490,  operator new,[83]
,,0.0,0.015561,"  std::vector<struct PredictionUnit *,class std::allocator<struct PredictionUnit *> >::emplace_back<struct PredictionUnit * const &>",[260]
,,,,,
,,0.0,0.093245,  CABACReader::cu_pred_data,[120]
,,0.015535,0.093305,  CABACReader::coding_unit,[16]
[89],1.33,0.015535,0.186550,CABACReader::prediction_unit,[89]
,,0.015554,0.077736,  PU::spanMotionInfo,[99]
,,0.015533,0.046612,  CABACReader::merge_data,[165]
,,0.0,0.015552,  CABACReader::merge_idx,[199]
,,0.0,0.015562,  CABACReader::ref_idx,[259]
,,,,,
,,0.015515,0.0,  DecCu::xDecodeInterTexture,[30]
,,0.015580,0.0,  InterPrediction::xFillIBCBuffer,[104]
,,0.170987,0.0,  LoopFilter::xDeblockCU,[17]
[90],1.33,0.202081,0.0,CU::traverseTUs,[90]
,,,,,
,,0.015562,0.0,  CABACReader::coding_unit,[16]
,,0.155263,0.015548,  CABACReader::transform_tree <cycle 3>,[23]
[91],1.23,0.170824,0.015548,CodingStructure::addTU,[91]
,,0.015548,0.0,  AreaBuf<unsigned int>::fill,[160]
,,,,,
,,0.031088,0.155261,  CABACReader::coding_tree <cycle 2>,[14]
[92],1.23,0.031088,0.155261,CABACReader::split_cu_mode,[92]
,,0.046588,0.0,  DeriveCtx::CtxSplit,[186]
,,0.030971,0.015547,  TBinDecoder<class BinProbModel_Std>::decodeBin,[40]
,,0.0,0.062154,  QTBTPartitioner::canSplit,[128]
,,,,,
,,0.139760,0.046560,  LoopFilter::xDeblockCU,[17]
[93],1.23,0.139760,0.046560,LoopFilter::xEdgeFilterChroma,[93]
,,0.015582,0.015547,  CodingStructure::getRecoBuf,[151]
,,0.015431,0.0,  LoopFilter::xPelFilterChroma,[304]
,,,,,
,,0.0,0.186294,  InterpolationFilter::filterVer,[45]
[94],1.23,0.0,0.186294,InterpolationFilter::filterVer<4>,[94]
,,0.015471,0.0,"  simdFilter<4,4,1,0,1>",[302]
,,0.0,0.077588,"  simdFilter<4,4,1,0,0>",[147]
,,0.0,0.093235,"  simdFilter<4,4,1,1,0>",[133]
,,,,,
,,0.186128,0.0,  TBinDecoder<class BinProbModel_Std>::decodeBin,[40]
[95],1.23,0.186128,0.0,BinProbModel_Std::update,[95]
,,,,,
,,0.108217,0.077616,  LoopFilter::loopFilterPic,[15]
[96],1.22,0.108217,0.077616,CodingStructure::traverseCUs,[96]
,,0.062102,0.015515,  UnitArea::contains,[145]
,,,,,
,,0.012655,0.0,  dynamic_cache<struct PredictionUnit>::deleteEntries,[306]
,,0.062269,0.0,  QuantRDOQ::xDestroyScalingList,[157]
,,0.109003,0.0,  Quant::xDestroyScalingList,[125]
[97],1.21,0.183926,0.0,free_base,[97]
,,,,,
,,0.0,0.171272,  TrQuant::init,[59]
[98],1.13,0.0,0.171272,DepQuant::`scalar deleting destructor',[98]
,,0.0,0.109003,  Quant::xDestroyScalingList,[125]
,,0.0,0.062269,  QuantRDOQ::~QuantRDOQ,[158]
,,,,,
,,0.015522,0.062167,  DecCu::xDeriveCUMV,[46]
,,0.015554,0.077736,  CABACReader::prediction_unit,[89]
[99],1.13,0.031076,0.139903,PU::spanMotionInfo,[99]
,,0.093370,0.015540,  AreaBuf<struct MotionInfo>::fill,[117]
,,0.0,0.030992,  PredictionUnit::getMotionBuf,[225]
,,,,,
,,0.077812,0.093149,  PU::getAffineMergeCand,[78]
[100],1.13,0.077812,0.093149,PU::getInterMergeSubPuMvpCand,[100]
,,0.046549,0.031069,  deriveScaledMotionTemporal,[144]
,,0.015531,0.0,  clipColPos,[281]
,,,,,
,,0.170940,0.0,  CABACReader::residual_coding_subblock,[29]
[101],1.13,0.170940,0.0,CoeffCodingContext::sigCtxIdAbs,[101]
,,,,,
,,0.062148,0.015439,"  simdFilter<4,4,1,0,0>",[147]
,,0.093235,0.0,"  simdFilter<4,4,1,1,0>",[133]
[102],1.12,0.155383,0.015439,"simdInterpolateVerM4<4,4,0>",[102]
,,0.015439,0.0,  _security_check_cookie,[66]
,,,,,
,,0.108806,0.046704,  DecLib::executeLoopFilters,[10]
[103],1.02,0.108806,0.046704,CS::setRefinedMotionField,[103]
,,0.046704,0.0,  PU::checkDMVRCondition,[159]
,,,,,
,,0.015489,0.140014,  DecCu::decompressCtu,[9]
[104],1.02,0.015489,0.140014,InterPrediction::xFillIBCBuffer,[104]
,,0.046709,0.077726,  AreaBuf<short>::copyFrom,[47]
,,0.015580,0.0,  CU::traverseTUs,[90]
,,,,,
,,0.155454,0.0,"  simdFilter<4,8,0,1,0>",[64]
[105],1.02,0.155454,0.0,"simdInterpolateHorM8_AVX2<4,8,0>",[105]
,,,,,
,,0.155021,0.0,"  simdFilter<4,4,0,1,0>",[76]
[106],1.02,0.155021,0.0,"simdInterpolateHorM4<4,4,0>",[106]
,,,,,
,,0.139913,0.0,  TrQuant::xIT,[37]
[107],0.92,0.139913,0.0,fastInverseDCT2_B16,[107]
,,,,,
,,0.139740,0.0,  TrQuant::xIT,[37]
[108],0.92,0.139740,0.0,fastInverseDCT2_B8,[108]
,,,,,
,,0.139718,0.0,"  simdFilter<4,8,0,1,0>",[64]
[109],0.92,0.139718,0.0,"simdInterpolateHorM4<4,8,0>",[109]
,,,,,
,,0.0,0.139690,  DecCu::xReconInter,[11]
[110],0.92,0.0,0.139690,IntraPrediction::geneIntrainterPred,[110]
,,0.031068,0.015565,  IntraPrediction::predIntraAng,[134]
,,0.0,0.015493,  CodingStructure::getPredBuf,[220]
,,0.0,0.077564,  IntraPrediction::initIntraPatternChType,[121]
,,,,,
,,0.0,0.139656,  DecCu::xReconInter,[11]
[111],0.92,0.0,0.139656,InterPrediction::motionCompensation4Triangle,[111]
,,0.015548,0.0,  MergeCtx::setMergeInfo,[201]
,,0.015500,0.0,  InterPrediction::weightedTriangleBlk,[299]
,,0.0,0.108608,  InterPrediction::motionCompensation <cycle 1>,[19]
,,,,,
,,0.0,0.139647,  TrQuant::init,[59]
[112],0.92,0.0,0.139647,DepQuant::DepQuant,[112]
,,0.0,0.139647,  QuantRDOQ::QuantRDOQ,[113]
,,,,,
,,0.0,0.139647,  DepQuant::DepQuant,[112]
[113],0.92,0.0,0.139647,QuantRDOQ::QuantRDOQ,[113]
,,0.0,0.077553,  Quant::Quant,[148]
,,0.0,0.062094,  QuantRDOQ::xInitScalingList,[169]
,,,,,
,,0.015528,0.0,  InterPrediction::motionCompensation,[20]
,,0.123920,0.0,  LoopFilter::xDeblockCU,[17]
[114],0.92,0.139448,0.0,CU::traversePUs,[114]
,,,,,
,,0.0,0.124588,  DecLib::executeLoopFilters,[10]
[115],0.82,0.0,0.124588,SampleAdaptiveOffset::SAOProcess,[115]
,,0.0,0.062274,  SampleAdaptiveOffset::offsetCTU,[156]
,,0.0,0.062314,  UnitBuf<short>::copyFrom,[57]
,,,,,
,,0.031116,0.0,"  simdFilter<4,8,1,1,0>",[178]
,,0.093327,0.0,"  simdFilter<4,8,1,0,0>",[85]
[116],0.82,0.124443,0.0,"simdInterpolateVerM4<4,8,0>",[116]
,,,,,
,,0.0,0.015513,  PU::getAffineMergeCand,[78]
,,0.093370,0.015540,  PU::spanMotionInfo,[99]
[117],0.82,0.093370,0.031053,AreaBuf<struct MotionInfo>::fill,[117]
,,0.015540,0.0,  _security_check_cookie,[66]
,,0.015513,0.0,  memset,[41]
,,,,,
,,0.124300,0.0,  UnitBuf<short>::addWeightedAvg,[119]
[118],0.82,0.124300,0.0,AreaBuf<short>::addWeightedAvg,[118]
,,,,,
,,0.0,0.124300,  InterPrediction::xWeightedAverage,[52]
[119],0.82,0.0,0.124300,UnitBuf<short>::addWeightedAvg,[119]
,,0.124300,0.0,  AreaBuf<short>::addWeightedAvg,[118]
,,,,,
,,0.0,0.124267,  CABACReader::coding_unit,[16]
[120],0.82,0.0,0.124267,CABACReader::cu_pred_data,[120]
,,0.015519,0.0,  CABACReader::imv_mode,[288]
,,0.0,0.015503,  CABACReader::intra_luma_pred_modes,[295]
,,0.0,0.093245,  CABACReader::prediction_unit,[89]
,,,,,
,,0.0,0.046699,  DecCu::xIntraRecBlk,[68]
,,0.0,0.077564,  IntraPrediction::geneIntrainterPred,[110]
[121],0.82,0.0,0.124263,IntraPrediction::initIntraPatternChType,[121]
,,0.046634,0.046648,  IntraPrediction::xFillReferenceSamples,[130]
,,0.015526,0.015454,  IntraPrediction::initPredIntraParams,[227]
,,,,,
,,0.046554,0.0,  CodingStructure::getRecoBuf,[151]
,,0.046579,0.031059,  CodingStructure::getBuf,[143]
[122],0.82,0.093133,0.031059,CodingStructure::getBuf,[122]
,,0.015567,0.0,  _security_check_cookie,[66]
,,0.015493,0.0,  PelStorage::getBuf,[300]
,,,,,
,,0.015540,0.031068,  PU::getTriangleMergeCandidates,[182]
,,0.046378,0.031140,  DecCu::xDeriveCUMV,[46]
[123],0.82,0.061918,0.062208,PU::getInterMergeCandidates,[123]
,,0.015612,0.0,  MvField::setMvField,[230]
,,0.015576,0.0,  PU::addMergeHMVPCand,[243]
,,0.0,0.031020,  CodingStructure::getPURestricted,[172]
,,,,,
,,0.0,0.109509,  DecApp::decode,[4]
[124],0.72,0.0,0.109509,DecLib::finishPicture,[124]
,,0.0,0.047232,  CodingStructure::destroyCoeffs,[173]
,,0.0,0.046690,  CodingStructure::releaseIntermediateData,[175]
,,0.0,0.015587,  Picture::destroyTempBuffers,[239]
,,,,,
,,0.0,0.109003,  DepQuant::`scalar deleting destructor',[98]
[125],0.72,0.0,0.109003,Quant::xDestroyScalingList,[125]
,,0.109003,0.0,  free_base,[97]
,,,,,
,,0.108930,0.0,  CodingStructure::addPU,[88]
[126],0.72,0.108930,0.0,PredictionUnit::initData,[126]
,,,,,
,,0.031059,0.077739,  LoopFilter::xDeblockCU,[17]
[127],0.72,0.031059,0.077739,LoopFilter::xSetLoopfilterParam,[127]
,,0.062165,0.0,  CodingStructure::getCU,[84]
,,0.0,0.015573,  isAvailableLeft,[247]
,,,,,
,,0.0,0.062154,  CABACReader::split_cu_mode,[92]
,,0.046582,0.0,  QTBTPartitioner::canSplit,[164]
[128],0.72,0.046582,0.062154,QTBTPartitioner::canSplit,[128]
,,0.046556,0.0,  QTBTPartitioner::getImplicitSplit,[189]
,,0.0,0.015598,  PreCalcValues::getMaxTtSize,[234]
,,,,,
,,0.108682,0.0,  CABACReader::residual_coding_subblock,[29]
[129],0.72,0.108682,0.0,CoeffCodingContext::templateAbsSum,[129]
,,,,,
,,0.046634,0.046648,  IntraPrediction::initIntraPatternChType,[121]
[130],0.61,0.046634,0.046648,IntraPrediction::xFillReferenceSamples,[130]
,,0.0,0.031127,  CodingStructure::getCURestricted,[132]
,,0.0,0.015521,  isBelowLeftAvailable,[285]
,,,,,
,,0.031072,0.062178,  DecCu::xDecodeInterTU,[31]
[131],0.61,0.031072,0.062178,QpParam::QpParam,[131]
,,0.015530,0.046649,  QpParam::QpParam,[162]
,,,,,
,,0.0,0.015538,  DeriveCtx::CtxAffineFlag,[279]
,,0.0,0.015532,  DeriveCtx::CtxSkipFlag,[213]
,,0.0,0.031127,  IntraPrediction::xFillReferenceSamples,[130]
,,0.0,0.015521,  isBelowLeftAvailable,[285]
,,0.015531,0.0,  DeriveCtx::CtxPredModeFlag,[282]
[132],0.61,0.015531,0.077718,CodingStructure::getCURestricted,[132]
,,0.062176,0.0,  CodingStructure::getCU,[138]
,,0.015542,0.0,  CU::isSameSliceAndTile,[275]
,,,,,
,,0.0,0.093235,  InterpolationFilter::filterVer<4>,[94]
[133],0.61,0.0,0.093235,"simdFilter<4,4,1,1,0>",[133]
,,0.093235,0.0,"  simdInterpolateVerM4<4,4,0>",[102]
,,,,,
,,0.031068,0.015565,  IntraPrediction::geneIntrainterPred,[110]
,,0.031082,0.015507,  DecCu::xIntraRecBlk,[68]
[134],0.61,0.062151,0.031072,IntraPrediction::predIntraAng,[134]
,,0.031072,0.0,  IntraPrediction::xPredIntraPlanar,[206]
,,,,,
,,0.0,0.015609,  PartitionerImpl::getSbtTuTiling,[231]
,,0.031171,0.031070,  PartitionerImpl::getCUSubPartitions,[137]
[135],0.51,0.031171,0.046679,"std::vector<UnitArea,std::allocator<UnitArea> >::_Resize<<lambda_63dc83d50a1b614a535247b0b3d8cd3f> >",[135]
,,0.0,0.046679,  operator new,[83]
,,,,,
,,0.015542,0.0,  CABACReader::residual_codingTS,[167]
,,0.031147,0.031102,  CABACReader::residual_coding,[28]
[136],0.51,0.046689,0.031102,CoeffCodingContext::initSubblock,[136]
,,0.031102,0.0,  std::bitset<1024>::operator[],[202]
,,,,,
,,0.015542,0.062241,  QTBTPartitioner::splitCurrArea,[87]
[137],0.51,0.015542,0.062241,PartitionerImpl::getCUSubPartitions,[137]
,,0.031171,0.031070,"  std::vector<UnitArea,std::allocator<UnitArea> >::_Resize<<lambda_63dc83d50a1b614a535247b0b3d8cd3f> >",[135]
,,,,,
,,0.015552,0.0,  CodingStructure::getCURestricted,[268]
,,0.062176,0.0,  CodingStructure::getCURestricted,[132]
[138],0.51,0.077728,0.0,CodingStructure::getCU,[138]
,,,,,
,,0.0,0.077727,  UnitBuf<short>::addAvg,[140]
[139],0.51,0.0,0.077727,AreaBuf<short>::addAvg,[139]
,,0.062187,0.0,"  addAvg_SSE<4,8>",[161]
,,0.015540,0.0,"  addAvg_SSE<4,4>",[278]
,,,,,
,,0.0,0.077727,  InterPrediction::xWeightedAverage,[52]
[140],0.51,0.0,0.077727,UnitBuf<short>::addAvg,[140]
,,0.0,0.077727,  AreaBuf<short>::addAvg,[139]
,,,,,
,,0.0,0.077695,  InterPrediction::xWeightedAverage,[52]
[141],0.51,0.0,0.077695,InterPrediction::xApplyBiPROF,[141]
,,0.062177,0.0,"  applyBiPROF_SSE<4,1>",[163]
,,0.015518,0.0,"  applyBiPROF_SSE<4,0>",[289]
,,,,,
,,0.031182,0.046496,  CABACReader::residual_coding,[28]
[142],0.51,0.031182,0.046496,CABACReader::last_sig_coeff,[142]
,,0.015452,0.031044,  TBinDecoder<class BinProbModel_Std>::decodeBin,[40]
,,,,,
,,0.0,0.031020,  CodingStructure::getPredBuf,[220]
,,0.0,0.015567,  CodingStructure::getRecoBuf,[256]
,,0.0,0.031051,  CodingStructure::getResiBuf,[218]
[143],0.51,0.0,0.077638,CodingStructure::getBuf,[143]
,,0.046579,0.031059,  CodingStructure::getBuf,[122]
,,,,,
,,0.046549,0.031069,  PU::getInterMergeSubPuMvpCand,[100]
[144],0.51,0.046549,0.031069,deriveScaledMotionTemporal,[144]
,,0.031069,0.0,"  std::deque<class Slice *,class std::allocator<class Slice *> >::end",[209]
,,,,,
,,0.062102,0.015515,  CodingStructure::traverseCUs,[96]
[145],0.51,0.062102,0.015515,UnitArea::contains,[145]
,,0.015515,0.0,  Area::contains,[292]
,,,,,
,,0.077591,0.0,  CodingStructure::addCU,[74]
[146],0.51,0.077591,0.0,CodingUnit::initData,[146]
,,,,,
,,0.0,0.077588,  InterpolationFilter::filterVer<4>,[94]
[147],0.51,0.0,0.077588,"simdFilter<4,4,1,0,0>",[147]
,,0.062148,0.015439,"  simdInterpolateVerM4<4,4,0>",[102]
,,,,,
,,0.0,0.077553,  QuantRDOQ::QuantRDOQ,[113]
[148],0.51,0.0,0.077553,Quant::Quant,[148]
,,0.0,0.077553,  Quant::xInitScalingList,[149]
,,,,,
,,0.0,0.077553,  Quant::Quant,[148]
[149],0.51,0.0,0.077553,Quant::xInitScalingList,[149]
,,0.0,0.077553,  operator new,[83]
,,,,,
,,0.077453,0.0,  InterpolationFilter::filterHor,[35]
[150],0.51,0.077453,0.0,"InterpolationFilter::filterCopy<1,1>",[150]
,,,,,
,,0.015223,0.031007,  LoopFilter::xEdgeFilterLuma,[38]
,,0.015582,0.015547,  LoopFilter::xEdgeFilterChroma,[93]
[151],0.51,0.030805,0.046554,CodingStructure::getRecoBuf,[151]
,,0.046554,0.0,  CodingStructure::getBuf,[122]
,,,,,
,,0.030967,0.046387,  DecCu::xReconInter,[11]
[152],0.51,0.030967,0.046387,CodingStructure::setDecomp,[152]
,,0.015151,0.031236,  CodingStructure::setDecomp,[193]
,,,,,
,,0.015568,0.0,  PelStorage::destroy,[196]
,,0.047232,0.0,  CodingStructure::destroyCoeffs,[173]
[153],0.41,0.062801,0.0,aligned_free,[153]
,,,,,
,,0.0,0.062276,  QTBTPartitioner::splitCurrArea,[87]
[154],0.41,0.0,0.062276,"static_vector<struct PartLevel,15>::push_back",[154]
,,0.062276,0.0,"  std::vector<struct UnitArea,class std::allocator<struct UnitArea> >::operator=",[155]
,,,,,
,,0.062276,0.0,"  static_vector<struct PartLevel,15>::push_back",[154]
[155],0.41,0.062276,0.0,"std::vector<struct UnitArea,class std::allocator<struct UnitArea> >::operator=",[155]
,,,,,
,,0.0,0.062274,  SampleAdaptiveOffset::SAOProcess,[115]
[156],0.41,0.0,0.062274,SampleAdaptiveOffset::offsetCTU,[156]
,,0.046709,0.0,  SampleAdaptiveOffset::offsetBlock,[174]
,,0.015565,0.0,  SampleAdaptiveOffset::deriveLoopFilterBoundaryAvailibility,[258]
,,,,,
,,0.0,0.062269,  QuantRDOQ::~QuantRDOQ,[158]
[157],0.41,0.0,0.062269,QuantRDOQ::xDestroyScalingList,[157]
,,0.062269,0.0,  free_base,[97]
,,,,,
,,0.0,0.062269,  DepQuant::`scalar deleting destructor',[98]
[158],0.41,0.0,0.062269,QuantRDOQ::~QuantRDOQ,[158]
,,0.0,0.062269,  QuantRDOQ::xDestroyScalingList,[157]
,,,,,
,,0.015517,0.0,  InterPrediction::motionCompensation <cycle 1>,[19]
,,0.046704,0.0,  CS::setRefinedMotionField,[103]
[159],0.41,0.062221,0.0,PU::checkDMVRCondition,[159]
,,,,,
,,0.015548,0.0,  CodingStructure::addTU,[91]
,,0.046646,0.0,  CodingStructure::addCU,[74]
[160],0.41,0.062194,0.0,AreaBuf<unsigned int>::fill,[160]
,,,,,
,,0.062187,0.0,  AreaBuf<short>::addAvg,[139]
[161],0.41,0.062187,0.0,"addAvg_SSE<4,8>",[161]
,,,,,
,,0.015530,0.046649,  QpParam::QpParam,[131]
[162],0.41,0.015530,0.046649,QpParam::QpParam,[162]
,,0.046649,0.0,  SPS::getMappedChromaQpValue,[179]
,,,,,
,,0.062177,0.0,  InterPrediction::xApplyBiPROF,[141]
[163],0.41,0.062177,0.0,"applyBiPROF_SSE<4,1>",[163]
,,,,,
,,0.0,0.031040,  QTBTPartitioner::splitCurrArea,[87]
,,0.015569,0.015543,  CABACReader::coding_tree <cycle 2>,[14]
[164],0.41,0.015569,0.046582,QTBTPartitioner::canSplit,[164]
,,0.046582,0.0,  QTBTPartitioner::canSplit,[128]
,,,,,
,,0.015533,0.046612,  CABACReader::prediction_unit,[89]
[165],0.41,0.015533,0.046612,CABACReader::merge_data,[165]
,,0.0,0.015566,  CABACReader::merge_idx,[199]
,,0.0,0.031046,  CABACReader::subblock_merge_flag,[219]
,,,,,
,,0.015512,0.046618,  LoopFilter::xGetBoundaryStrengthSingle,[39]
[166],0.41,0.015512,0.046618,TU::getCbf,[166]
,,0.046618,0.0,  TU::getCbfAtDepth,[181]
,,,,,
,,0.0,0.062122,  CABACReader::residual_coding,[28]
[167],0.41,0.0,0.062122,CABACReader::residual_codingTS,[167]
,,0.030998,0.015582,  CABACReader::residual_coding_subblockTS,[187]
,,0.015542,0.0,  CoeffCodingContext::initSubblock,[136]
,,,,,
,,0.015503,0.0,  CABACReader::xReadTruncBinCode,[298]
,,0.015578,0.031015,  CABACReader::residual_coding_subblock,[29]
[168],0.41,0.031081,0.031015,BinDecoderBase::decodeBinsEP,[168]
,,0.031015,0.0,  InputBitstream::readByte,[188]
,,,,,
,,0.0,0.062094,  QuantRDOQ::QuantRDOQ,[113]
[169],0.41,0.0,0.062094,QuantRDOQ::xInitScalingList,[169]
,,0.0,0.062094,  operator new,[83]
,,,,,
,,0.015534,0.0,"  simdFilter<4,8,1,1,0>",[178]
,,0.046525,0.0,"  simdFilter<4,8,1,0,0>",[85]
[170],0.41,0.062058,0.0,"simdInterpolateVerM8_AVX2<4,8,0>",[170]
,,,,,
,,0.062040,0.0,"  simdFilter<4,4,0,1,0>",[76]
[171],0.41,0.062040,0.0,"simdInterpolateHorM8_AVX2<4,4,0>",[171]
,,,,,
,,0.0,0.031020,  PU::getInterMergeCandidates,[123]
,,0.015495,0.015379,  getAvailableAffineNeighboursForAbovePredictor,[191]
[172],0.41,0.015495,0.046399,CodingStructure::getPURestricted,[172]
,,0.046399,0.0,  CodingStructure::getPU,[190]
,,,,,
,,0.0,0.047232,  DecLib::finishPicture,[124]
[173],0.31,0.0,0.047232,CodingStructure::destroyCoeffs,[173]
,,0.047232,0.0,  aligned_free,[153]
,,,,,
,,0.046709,0.0,  SampleAdaptiveOffset::offsetCTU,[156]
[174],0.31,0.046709,0.0,SampleAdaptiveOffset::offsetBlock,[174]
,,,,,
,,0.0,0.046690,  DecLib::finishPicture,[124]
[175],0.31,0.0,0.046690,CodingStructure::releaseIntermediateData,[175]
,,0.015556,0.015561,  CodingStructure::clearTUs,[200]
,,0.0,0.015572,  CodingStructure::clearPUs,[248]
,,,,,
,,0.0,0.046676,  DecCu::decompressCtu,[9]
[176],0.31,0.0,0.046676,InterPrediction::resetVPDUforIBC,[176]
,,0.0,0.046676,  UnitBuf<short>::fill,[177]
,,,,,
,,0.0,0.046676,  InterPrediction::resetVPDUforIBC,[176]
[177],0.31,0.0,0.046676,UnitBuf<short>::fill,[177]
,,0.046676,0.0,  AreaBuf<short>::fill,[81]
,,,,,
,,0.0,0.046650,  InterpolationFilter::filterVer<8>,[62]
[178],0.31,0.0,0.046650,"simdFilter<4,8,1,1,0>",[178]
,,0.031116,0.0,"  simdInterpolateVerM4<4,8,0>",[116]
,,0.015534,0.0,"  simdInterpolateVerM8_AVX2<4,8,0>",[170]
,,,,,
,,0.046649,0.0,  QpParam::QpParam,[162]
[179],0.31,0.046649,0.0,SPS::getMappedChromaQpValue,[179]
,,,,,
,,0.046639,0.0,  TrQuant::xIT,[37]
[180],0.31,0.046639,0.0,fastInverseDCT2_B64,[180]
,,,,,
,,0.046618,0.0,  TU::getCbf,[166]
[181],0.31,0.046618,0.0,TU::getCbfAtDepth,[181]
,,,,,
,,0.0,0.046608,  DecCu::xDeriveCUMV,[46]
[182],0.31,0.0,0.046608,PU::getTriangleMergeCandidates,[182]
,,0.015540,0.031068,  PU::getInterMergeCandidates,[123]
,,,,,
,,0.046601,0.0,  Picture::getBuf,[184]
[183],0.31,0.046601,0.0,PelStorage::getBuf,[183]
,,,,,
,,0.0,0.046601,  Picture::getRecoBuf,[185]
[184],0.31,0.0,0.046601,Picture::getBuf,[184]
,,0.046601,0.0,  PelStorage::getBuf,[183]
,,,,,
,,0.0,0.015471,  InterPrediction::xPredAffineBlk,[36]
,,0.0,0.031130,  InterPrediction::xPredInterBlk,[34]
[185],0.31,0.0,0.046601,Picture::getRecoBuf,[185]
,,0.0,0.046601,  Picture::getBuf,[184]
,,,,,
,,0.046588,0.0,  CABACReader::split_cu_mode,[92]
[186],0.31,0.046588,0.0,DeriveCtx::CtxSplit,[186]
,,,,,
,,0.030998,0.015582,  CABACReader::residual_codingTS,[167]
[187],0.31,0.030998,0.015582,CABACReader::residual_coding_subblockTS,[187]
,,0.015582,0.0,  TBinDecoder<class BinProbModel_Std>::decodeBin,[40]
,,,,,
,,0.015549,0.0,  TBinDecoder<class BinProbModel_Std>::decodeBin,[40]
,,0.031015,0.0,  BinDecoderBase::decodeBinsEP,[168]
[188],0.31,0.046563,0.0,InputBitstream::readByte,[188]
,,,,,
,,0.046556,0.0,  QTBTPartitioner::canSplit,[128]
[189],0.31,0.046556,0.0,QTBTPartitioner::getImplicitSplit,[189]
,,,,,
,,0.046399,0.0,  CodingStructure::getPURestricted,[172]
[190],0.31,0.046399,0.0,CodingStructure::getPU,[190]
,,,,,
,,0.015525,0.030874,  PU::getAffineMergeCand,[78]
[191],0.31,0.015525,0.030874,getAvailableAffineNeighboursForAbovePredictor,[191]
,,0.015495,0.015379,  CodingStructure::getPURestricted,[172]
,,,,,
,,0.015260,0.0,  DecCu::xDeriveCUMV,[46]
,,0.031127,0.0,  PU::setAllAffineMvField,[198]
[192],0.31,0.046387,0.0,PU::setAllAffineMv,[192]
,,,,,
,,0.015151,0.031236,  CodingStructure::setDecomp,[152]
[193],0.31,0.015151,0.031236,CodingStructure::setDecomp,[193]
,,0.031236,0.0,  AreaBuf<bool>::fill,[194]
,,,,,
,,0.031236,0.0,  CodingStructure::setDecomp,[193]
[194],0.21,0.031236,0.0,AreaBuf<bool>::fill,[194]
,,,,,
,,0.031176,0.0,  DecCu::xReconInter,[11]
[195],0.21,0.031176,0.0,UnitBuf<short>::operator struct UnitBuf<short const >,[195]
,,,,,
,,0.0,0.015568,  Picture::destroy,[252]
,,0.015587,0.0,  Picture::destroyTempBuffers,[239]
[196],0.21,0.015587,0.015568,PelStorage::destroy,[196]
,,0.015568,0.0,  aligned_free,[153]
,,,,,
,,,,  InterPrediction::motionCompensation <cycle 1>,[19]
[197],0.2,0.0,0.031137,InterPrediction::xSubPuMC <cycle 1>,[197]
,,0.015585,0.0,  PredictionUnit::getMotionInfo,[241]
,,0.015552,0.0,  UnitArea::UnitArea,[265]
,,,,  InterPrediction::motionCompensation <cycle 1>,[19]
,,,,,
,,0.0,0.031127,  DecCu::xDeriveCUMV,[46]
[198],0.2,0.0,0.031127,PU::setAllAffineMvField,[198]
,,0.031127,0.0,  PU::setAllAffineMv,[192]
,,,,,
,,0.0,0.015566,  CABACReader::merge_data,[165]
,,0.0,0.015552,  CABACReader::prediction_unit,[89]
[199],0.2,0.0,0.031118,CABACReader::merge_idx,[199]
,,0.015566,0.0,  TBinDecoder<class BinProbModel_Std>::decodeBin,[40]
,,0.015552,0.0,  BinDecoderBase::decodeBinEP,[264]
,,,,,
,,0.015556,0.015561,  CodingStructure::releaseIntermediateData,[175]
[200],0.2,0.015556,0.015561,CodingStructure::clearTUs,[200]
,,0.015561,0.0,  memset,[41]
,,,,,
,,0.0,0.015569,  DecCu::xDeriveCUMV,[46]
,,0.015548,0.0,  InterPrediction::motionCompensation4Triangle,[111]
[201],0.2,0.015548,0.015569,MergeCtx::setMergeInfo,[201]
,,0.015569,0.0,  _security_check_cookie,[66]
,,,,,
,,0.031102,0.0,  CoeffCodingContext::initSubblock,[136]
[202],0.2,0.031102,0.0,std::bitset<1024>::operator[],[202]
,,,,,
,,0.015531,0.015552,  UnitBuf<short>::reconstruct,[204]
[203],0.2,0.015531,0.015552,AreaBuf<short>::reconstruct,[203]
,,0.015552,0.0,"  reco_SSE<4,8>",[269]
,,,,,
,,0.0,0.031082,  DecCu::xReconInter,[11]
[204],0.2,0.0,0.031082,UnitBuf<short>::reconstruct,[204]
,,0.015531,0.015552,  AreaBuf<short>::reconstruct,[203]
,,,,,
,,0.031072,0.0,  DecCu::xReconInter,[11]
[205],0.2,0.031072,0.0,CodingStructure::addMiToLut,[205]
,,,,,
,,0.031072,0.0,  IntraPrediction::predIntraAng,[134]
[206],0.2,0.031072,0.0,IntraPrediction::xPredIntraPlanar,[206]
,,,,,
,,0.015541,0.015531,  CABACReader::coding_unit,[16]
[207],0.2,0.015541,0.015531,CABACReader::pred_mode,[207]
,,0.0,0.015531,  DeriveCtx::CtxPredModeFlag,[282]
,,,,,
,,0.031069,0.0,  InterPrediction::xPredAffineBlk,[36]
[208],0.2,0.031069,0.0,roundAffineMv,[208]
,,,,,
,,0.031069,0.0,  deriveScaledMotionTemporal,[144]
[209],0.2,0.031069,0.0,"std::deque<class Slice *,class std::allocator<class Slice *> >::end",[209]
,,,,,
,,0.0,0.031067,  Picture::finalInit,[211]
[210],0.2,0.0,0.031067,CodingStructure::initStructData,[210]
,,0.031067,0.0,  memset,[41]
,,,,,
,,0.0,0.031067,  DecLib::xActivateParameterSets,[49]
[211],0.2,0.0,0.031067,Picture::finalInit,[211]
,,0.0,0.031067,  CodingStructure::initStructData,[210]
,,,,,
,,0.0,0.031063,  CABACReader::coding_unit,[16]
[212],0.2,0.0,0.031063,CABACReader::cu_skip_flag,[212]
,,0.015530,0.015532,  DeriveCtx::CtxSkipFlag,[213]
,,,,,
,,0.015530,0.015532,  CABACReader::cu_skip_flag,[212]
[213],0.2,0.015530,0.015532,DeriveCtx::CtxSkipFlag,[213]
,,0.0,0.015532,  CodingStructure::getCURestricted,[132]
,,,,,
,,0.031054,0.0,  Slice::constructRefPicList,[215]
[214],0.2,0.031054,0.0,Picture::extendPicBorder,[214]
,,,,,
,,0.0,0.031054,  DecLib::xDecodeSlice,[7]
[215],0.2,0.0,0.031054,Slice::constructRefPicList,[215]
,,0.031054,0.0,  Picture::extendPicBorder,[214]
,,,,,
,,0.031052,0.0,  read,[217]
[216],0.2,0.031052,0.0,convertPayloadToRBSP,[216]
,,,,,
,,0.0,0.031052,  DecApp::decode,[4]
[217],0.2,0.0,0.031052,read,[217]
,,0.031052,0.0,  convertPayloadToRBSP,[216]
,,,,,
,,0.0,0.031051,  DecCu::xReconInter,[11]
[218],0.2,0.0,0.031051,CodingStructure::getResiBuf,[218]
,,0.0,0.031051,  CodingStructure::getBuf,[143]
,,,,,
,,0.0,0.031046,  CABACReader::merge_data,[165]
[219],0.2,0.0,0.031046,CABACReader::subblock_merge_flag,[219]
,,0.0,0.015538,  DeriveCtx::CtxAffineFlag,[279]
,,0.0,0.015508,  TBinDecoder<class BinProbModel_Std>::decodeBin,[40]
,,,,,
,,0.0,0.015528,  DecCu::xReconInter,[11]
,,0.0,0.015493,  IntraPrediction::geneIntrainterPred,[110]
[220],0.2,0.0,0.031020,CodingStructure::getPredBuf,[220]
,,0.0,0.031020,  CodingStructure::getBuf,[143]
,,,,,
,,0.031016,0.0,  LoopFilter::xDeblockCU,[17]
[221],0.2,0.031016,0.0,LoopFilter::xSetEdgefilterMultiple,[221]
,,,,,
,,0.0,0.015454,  PU::getCoLocatedIntraLumaMode,[228]
,,0.015562,0.0,  CABACReader::coding_tree <cycle 2>,[14]
[222],0.2,0.015562,0.015454,CodingUnit::isSepTree,[222]
,,0.015454,0.0,  CS::isDualITree,[303]
,,,,,
,,0.030994,0.0,  LoopFilter::xGetBoundaryStrengthSingle,[39]
[223],0.2,0.030994,0.0,CodingStructure::getMotionInfo,[223]
,,,,,
,,0.030992,0.0,  PredictionUnit::getMotionBuf,[225]
[224],0.2,0.030992,0.0,CodingStructure::getMotionBuf,[224]
,,,,,
,,0.0,0.030992,  PU::spanMotionInfo,[99]
[225],0.2,0.0,0.030992,PredictionUnit::getMotionBuf,[225]
,,0.030992,0.0,  CodingStructure::getMotionBuf,[224]
,,,,,
,,0.030986,0.0,  CABACReader::transform_tree <cycle 3>,[23]
[226],0.2,0.030986,0.0,TransformUnit::getCoeffs,[226]
,,,,,
,,0.015526,0.015454,  IntraPrediction::initIntraPatternChType,[121]
[227],0.2,0.015526,0.015454,IntraPrediction::initPredIntraParams,[227]
,,0.0,0.015454,  PU::getFinalIntraMode,[229]
,,,,,
,,0.015517,0.015454,  PU::getFinalIntraMode,[229]
[228],0.2,0.015517,0.015454,PU::getCoLocatedIntraLumaMode,[228]
,,0.0,0.015454,  CodingUnit::isSepTree,[222]
,,,,,
,,0.0,0.015517,  DecCu::xIntraRecBlk,[68]
,,0.0,0.015454,  IntraPrediction::initPredIntraParams,[227]
[229],0.2,0.0,0.030971,PU::getFinalIntraMode,[229]
,,0.015517,0.015454,  PU::getCoLocatedIntraLumaMode,[228]
,,,,,
,,0.015612,0.0,  PU::getInterMergeCandidates,[123]
[230],0.1,0.015612,0.0,MvField::setMvField,[230]
,,,,,
,,0.0,0.015609,  QTBTPartitioner::splitCurrArea,[87]
[231],0.1,0.0,0.015609,PartitionerImpl::getSbtTuTiling,[231]
,,0.0,0.015609,"  std::vector<UnitArea,std::allocator<UnitArea> >::_Resize<<lambda_63dc83d50a1b614a535247b0b3d8cd3f> >",[135]
,,,,,
,,0.015599,0.0,  fastInverseDCT8_B8,[233]
[232],0.1,0.015599,0.0,_fastInverseMM<8>,[232]
,,,,,
,,0.0,0.015599,  TrQuant::xIT,[37]
[233],0.1,0.0,0.015599,fastInverseDCT8_B8,[233]
,,0.015599,0.0,  _fastInverseMM<8>,[232]
,,,,,
,,0.0,0.015598,  QTBTPartitioner::canSplit,[128]
[234],0.1,0.0,0.015598,PreCalcValues::getMaxTtSize,[234]
,,0.015598,0.0,  PreCalcValues::getValIdx,[235]
,,,,,
,,0.015598,0.0,  PreCalcValues::getMaxTtSize,[234]
[235],0.1,0.015598,0.0,PreCalcValues::getValIdx,[235]
,,,,,
,,0.015590,0.0,  CABACReader::transform_tree <cycle 3>,[23]
[236],0.1,0.015590,0.0,QTBTPartitioner::exitCurrSplit,[236]
,,,,,
,,0.015590,0.0,  LoopFilter::xDeblockCU,[17]
[237],0.1,0.015590,0.0,LoopFilter::xSetMaxFilterLengthPQForCodingSubBlocks,[237]
,,,,,
,,0.015590,0.0,  PU::getAffineMergeCand,[78]
[238],0.1,0.015590,0.0,PU::getAffineControlPointCand,[238]
,,,,,
,,0.0,0.015587,  DecLib::finishPicture,[124]
[239],0.1,0.0,0.015587,Picture::destroyTempBuffers,[239]
,,0.015587,0.0,  PelStorage::destroy,[196]
,,,,,
,,0.015585,0.0,  AreaBuf<short>::fill,[81]
[240],0.1,0.015585,0.0,func@0x18000c9d8,[240]
,,,,,
,,0.015585,0.0,  InterPrediction::xSubPuMC <cycle 1>,[197]
[241],0.1,0.015585,0.0,PredictionUnit::getMotionInfo,[241]
,,,,,
,,0.0,0.015581,  CABACReader::transform_unit,[27]
[242],0.1,0.0,0.015581,CABACReader::cbf_comp,[242]
,,0.015581,0.0,  CodingStructure::getCU,[84]
,,,,,
,,0.015576,0.0,  PU::getInterMergeCandidates,[123]
[243],0.1,0.015576,0.0,PU::addMergeHMVPCand,[243]
,,,,,
,,0.015574,0.0,  InterPrediction::xPredInterBi,[21]
[244],0.1,0.015574,0.0,CU::isIBC,[244]
,,,,,
,,0.015574,0.0,  InterpolationFilter::filterVer<8>,[62]
[245],0.1,0.015574,0.0,"simdFilter<4,8,1,0,1>",[245]
,,,,,
,,0.015573,0.0,  isAvailableLeft,[247]
[246],0.1,0.015573,0.0,CU::isSameSlice,[246]
,,,,,
,,0.0,0.015573,  LoopFilter::xSetLoopfilterParam,[127]
[247],0.1,0.0,0.015573,isAvailableLeft,[247]
,,0.015573,0.0,  CU::isSameSlice,[246]
,,,,,
,,0.0,0.015572,  CodingStructure::releaseIntermediateData,[175]
[248],0.1,0.0,0.015572,CodingStructure::clearPUs,[248]
,,0.015572,0.0,"  std::vector<struct PredictionUnit *,class std::allocator<struct PredictionUnit *> >::_Insert_range<struct PredictionUnit * *>",[249]
,,,,,
,,0.015572,0.0,  CodingStructure::clearPUs,[248]
[249],0.1,0.015572,0.0,"std::vector<struct PredictionUnit *,class std::allocator<struct PredictionUnit *> >::_Insert_range<struct PredictionUnit * *>",[249]
,,,,,
,,0.015571,0.0,  LoopFilter::xEdgeFilterLuma,[38]
[250],0.1,0.015571,0.0,LoopFilter::xUseStrongFiltering,[250]
,,,,,
,,0.0,0.015568,  DecApp::decode,[4]
[251],0.1,0.0,0.015568,DecApp::xFlushOutput,[251]
,,0.0,0.015568,  Picture::destroy,[252]
,,,,,
,,0.0,0.015568,  DecApp::xFlushOutput,[251]
[252],0.1,0.0,0.015568,Picture::destroy,[252]
,,0.0,0.015568,  PelStorage::destroy,[196]
,,,,,
,,0.0,0.015568,  DecLib::xActivateParameterSets,[49]
[253],0.1,0.0,0.015568,Slice::applyReferencePictureListBasedMarking,[253]
,,0.0,0.015568,  Slice::checkLeadingPictureRestrictions,[254]
,,,,,
,,0.0,0.015568,  Slice::applyReferencePictureListBasedMarking,[253]
[254],0.1,0.0,0.015568,Slice::checkLeadingPictureRestrictions,[254]
,,0.015568,0.0,  std::_Deque_iterator<class std::_Deque_val<struct std::_Deque_simple_types<class Slice *> > >::operator+,[255]
,,,,,
,,0.015568,0.0,  Slice::checkLeadingPictureRestrictions,[254]
[255],0.1,0.015568,0.0,std::_Deque_iterator<class std::_Deque_val<struct std::_Deque_simple_types<class Slice *> > >::operator+,[255]
,,,,,
,,0.0,0.015567,  DecCu::xReconInter,[11]
[256],0.1,0.0,0.015567,CodingStructure::getRecoBuf,[256]
,,0.0,0.015567,  CodingStructure::getBuf,[143]
,,,,,
,,0.015567,0.0,  CABACReader::residual_coding_subblock,[29]
[257],0.1,0.015567,0.0,CoeffCodingContext::ctxOffsetAbs,[257]
,,,,,
,,0.015565,0.0,  SampleAdaptiveOffset::offsetCTU,[156]
[258],0.1,0.015565,0.0,SampleAdaptiveOffset::deriveLoopFilterBoundaryAvailibility,[258]
,,,,,
,,0.0,0.015562,  CABACReader::prediction_unit,[89]
[259],0.1,0.0,0.015562,CABACReader::ref_idx,[259]
,,0.015562,0.0,  TBinDecoder<class BinProbModel_Std>::decodeBin,[40]
,,,,,
,,0.0,0.015561,  CodingStructure::addPU,[88]
[260],0.1,0.0,0.015561,"std::vector<struct PredictionUnit *,class std::allocator<struct PredictionUnit *> >::emplace_back<struct PredictionUnit * const &>",[260]
,,0.0,0.015561,  operator new,[83]
,,,,,
,,0.0,0.015556,  CABACReader::cu_residual,[22]
[261],0.1,0.0,0.015556,CABACReader::sbt_mode,[261]
,,0.015556,0.0,  CodingUnit::checkAllowedSbt,[262]
,,,,,
,,0.015556,0.0,  CABACReader::sbt_mode,[261]
[262],0.1,0.015556,0.0,CodingUnit::checkAllowedSbt,[262]
,,,,,
,,0.015554,0.0,  InterPrediction::xPredInterUni,[25]
[263],0.1,0.015554,0.0,clipMv,[263]
,,,,,
,,0.015552,0.0,  CABACReader::merge_idx,[199]
[264],0.1,0.015552,0.0,BinDecoderBase::decodeBinEP,[264]
,,,,,
,,0.015552,0.0,  InterPrediction::xSubPuMC <cycle 1>,[197]
[265],0.1,0.015552,0.0,UnitArea::UnitArea,[265]
,,,,,
,,0.015552,0.0,  CABACReader::residual_coding,[28]
[266],0.1,0.015552,0.0,CABACReader::mts_coding,[266]
,,,,,
,,0.015552,0.0,  TrQuant::invTransformNxN,[32]
[267],0.1,0.015552,0.0,TrQuant::xITransformSkip,[267]
,,,,,
,,0.0,0.015552,  CABACReader::coding_tree_unit,[12]
[268],0.1,0.0,0.015552,CodingStructure::getCURestricted,[268]
,,0.015552,0.0,  CodingStructure::getCU,[138]
,,,,,
,,0.015552,0.0,  AreaBuf<short>::reconstruct,[203]
[269],0.1,0.015552,0.0,"reco_SSE<4,8>",[269]
,,,,,
,,0.0,0.015544,  DecCu::xIntraRecBlk,[68]
[270],0.1,0.0,0.015544,IntraPrediction::predIntraMip,[270]
,,0.0,0.015544,  MatrixIntraPrediction::predBlock,[271]
,,,,,
,,0.0,0.015544,  IntraPrediction::predIntraMip,[270]
[271],0.1,0.0,0.015544,MatrixIntraPrediction::predBlock,[271]
,,0.0,0.015544,  MatrixIntraPrediction::predictionUpsampling,[272]
,,,,,
,,0.0,0.015544,  MatrixIntraPrediction::predBlock,[271]
[272],0.1,0.0,0.015544,MatrixIntraPrediction::predictionUpsampling,[272]
,,0.015544,0.0,  MatrixIntraPrediction::predictionUpsampling1D,[273]
,,,,,
,,0.015544,0.0,  MatrixIntraPrediction::predictionUpsampling,[272]
[273],0.1,0.015544,0.0,MatrixIntraPrediction::predictionUpsampling1D,[273]
,,,,,
,,0.015543,0.0,  TrQuant::invTransformNxN,[32]
[274],0.1,0.015543,0.0,TrQuant::invRdpcmNxN,[274]
,,,,,
,,0.015542,0.0,  CodingStructure::getCURestricted,[132]
[275],0.1,0.015542,0.0,CU::isSameSliceAndTile,[275]
,,,,,
,,0.015542,0.0,  TrQuant::xIT,[37]
[276],0.1,0.015542,0.0,fastInverseDCT8_B16,[276]
,,,,,
,,0.015540,0.0,  LoopFilter::xDeblockCU,[17]
[277],0.1,0.015540,0.0,"std::_Sort_unchecked1<int *,__int64,struct std::less<void> >",[277]
,,,,,
,,0.015540,0.0,  AreaBuf<short>::addAvg,[139]
[278],0.1,0.015540,0.0,"addAvg_SSE<4,4>",[278]
,,,,,
,,0.0,0.015538,  CABACReader::subblock_merge_flag,[219]
[279],0.1,0.0,0.015538,DeriveCtx::CtxAffineFlag,[279]
,,0.0,0.015538,  CodingStructure::getCURestricted,[132]
,,,,,
,,0.015534,0.0,  byteStreamNALUnit,[53]
[280],0.1,0.015534,0.0,"std::vector<unsigned char,class std::allocator<unsigned char> >::emplace_back<unsigned char>",[280]
,,,,,
,,0.015531,0.0,  PU::getInterMergeSubPuMvpCand,[100]
[281],0.1,0.015531,0.0,clipColPos,[281]
,,,,,
,,0.0,0.015531,  CABACReader::pred_mode,[207]
[282],0.1,0.0,0.015531,DeriveCtx::CtxPredModeFlag,[282]
,,0.015531,0.0,  CodingStructure::getCURestricted,[132]
,,,,,
,,0.015526,0.0,  TrQuant::xIT,[37]
[283],0.1,0.015526,0.0,_chkstk,[283]
,,,,,
,,0.015523,0.0,  InterPrediction::xPredAffineBlk,[36]
[284],0.1,0.015523,0.0,"gradFilter_SSE<4,0>",[284]
,,,,,
,,0.0,0.015521,  IntraPrediction::xFillReferenceSamples,[130]
[285],0.1,0.0,0.015521,isBelowLeftAvailable,[285]
,,0.0,0.015521,  CodingStructure::getCURestricted,[132]
,,,,,
,,0.0,0.015519,  DecLib::xActivateParameterSets,[49]
[286],0.1,0.0,0.015519,CodingStructure::createCoeffs,[286]
,,0.015519,0.0,  func@0x1800524df,[287]
,,,,,
,,0.015519,0.0,  CodingStructure::createCoeffs,[286]
[287],0.1,0.015519,0.0,func@0x1800524df,[287]
,,,,,
,,0.015519,0.0,  CABACReader::cu_pred_data,[120]
[288],0.1,0.015519,0.0,CABACReader::imv_mode,[288]
,,,,,
,,0.015518,0.0,  InterPrediction::xApplyBiPROF,[141]
[289],0.1,0.015518,0.0,"applyBiPROF_SSE<4,0>",[289]
,,,,,
,,0.015518,0.0,  AreaBuf<short>::copyFrom,[47]
[290],0.1,0.015518,0.0,[Import thunk memcpy],[290]
,,,,,
,,0.015516,0.0,  TrQuant::xIT,[37]
[291],0.1,0.015516,0.0,fastInverseDST7_B32,[291]
,,,,,
,,0.015515,0.0,  UnitArea::contains,[145]
[292],0.1,0.015515,0.0,Area::contains,[292]
,,,,,
,,0.015511,0.0,  TrQuant::xIT,[37]
[293],0.1,0.015511,0.0,fastInverseDST7_B16,[293]
,,,,,
,,0.015504,0.0,  CABACReader::residual_coding,[28]
[294],0.1,0.015504,0.0,CoeffCodingContext::CoeffCodingContext,[294]
,,,,,
,,0.0,0.015503,  CABACReader::cu_pred_data,[120]
[295],0.1,0.0,0.015503,CABACReader::intra_luma_pred_modes,[295]
,,0.0,0.015503,  CABACReader::mip_pred_modes,[297]
,,,,,
,,0.0,0.015503,  CABACReader::mip_pred_modes,[297]
[296],0.1,0.0,0.015503,CABACReader::mip_pred_mode,[296]
,,0.0,0.015503,  CABACReader::xReadTruncBinCode,[298]
,,,,,
,,0.0,0.015503,  CABACReader::intra_luma_pred_modes,[295]
[297],0.1,0.0,0.015503,CABACReader::mip_pred_modes,[297]
,,0.0,0.015503,  CABACReader::mip_pred_mode,[296]
,,,,,
,,0.0,0.015503,  CABACReader::mip_pred_mode,[296]
[298],0.1,0.0,0.015503,CABACReader::xReadTruncBinCode,[298]
,,0.015503,0.0,  BinDecoderBase::decodeBinsEP,[168]
,,,,,
,,0.015500,0.0,  InterPrediction::motionCompensation4Triangle,[111]
[299],0.1,0.015500,0.0,InterPrediction::weightedTriangleBlk,[299]
,,,,,
,,0.015493,0.0,  CodingStructure::getBuf,[122]
[300],0.1,0.015493,0.0,PelStorage::getBuf,[300]
,,,,,
,,0.015489,0.0,  CABACReader::cu_residual,[22]
[301],0.1,0.015489,0.0,CABACReader::residual_lfnst_mode,[301]
,,,,,
,,0.015471,0.0,  InterpolationFilter::filterVer<4>,[94]
[302],0.1,0.015471,0.0,"simdFilter<4,4,1,0,1>",[302]
,,,,,
,,0.015454,0.0,  CodingUnit::isSepTree,[222]
[303],0.1,0.015454,0.0,CS::isDualITree,[303]
,,,,,
,,0.015431,0.0,  LoopFilter::xEdgeFilterChroma,[93]
[304],0.1,0.015431,0.0,LoopFilter::xPelFilterChroma,[304]
,,,,,
,,0.0,0.012655,  exit,[307]
[305],0.08,0.0,0.012655,XUCache::~XUCache,[305]
,,0.0,0.012655,  dynamic_cache<struct PredictionUnit>::deleteEntries,[306]
,,,,,
,,0.0,0.012655,  XUCache::~XUCache,[305]
[306],0.08,0.0,0.012655,dynamic_cache<struct PredictionUnit>::deleteEntries,[306]
,,0.012655,0.0,  free_base,[97]
,,,,,
,,0.0,0.012655,  _scrt_common_main_seh,[3]
[307],0.08,0.0,0.012655,exit,[307]
,,0.0,0.012655,  XUCache::~XUCache,[305]
,,,,,
,,0.008079,0.0,  initterm,[309]
[308],0.05,0.008079,0.0,`dynamic initializer for 'g_reusedUniMVs'',[308]
,,,,,
,,0.0,0.008079,  _scrt_common_main_seh,[3]
[309],0.05,0.0,0.008079,initterm,[309]
,,0.008079,0.0,  `dynamic initializer for 'g_reusedUniMVs'',[308]
,,,,,
,,0.002924,0.0,  DecApp::decode,[4]
[310],0.02,0.002924,0.0,"std::basic_ifstream<char,struct std::char_traits<char> >::basic_ifstream<char,struct std::char_traits<char> >",[310]
,,,,,


Index by function name

Index,Function
[26],AdaptiveLoopFilter::ALFProcess
[55],AdaptiveLoopFilter::deriveClassification
[292],Area::contains
[194],AreaBuf<bool>::fill
[73],AreaBuf<int>::fill
[139],AreaBuf<short>::addAvg
[118],AreaBuf<short>::addWeightedAvg
[50],AreaBuf<short>::copyClip
[47],AreaBuf<short>::copyFrom
[81],AreaBuf<short>::fill
[203],AreaBuf<short>::reconstruct
[117],AreaBuf<struct MotionInfo>::fill
[160],AreaBuf<unsigned int>::fill
[1],BaseThreadInitThunk
[264],BinDecoderBase::decodeBinEP
[168],BinDecoderBase::decodeBinsEP
[95],BinProbModel_Std::update
[242],CABACReader::cbf_comp
[14],CABACReader::coding_tree
[12],CABACReader::coding_tree_unit
[16],CABACReader::coding_unit
[120],CABACReader::cu_pred_data
[22],CABACReader::cu_residual
[212],CABACReader::cu_skip_flag
[288],CABACReader::imv_mode
[295],CABACReader::intra_luma_pred_modes
[142],CABACReader::last_sig_coeff
[165],CABACReader::merge_data
[199],CABACReader::merge_idx
[296],CABACReader::mip_pred_mode
[297],CABACReader::mip_pred_modes
[266],CABACReader::mts_coding
[207],CABACReader::pred_mode
[89],CABACReader::prediction_unit
[259],CABACReader::ref_idx
[28],CABACReader::residual_coding
[167],CABACReader::residual_codingTS
[29],CABACReader::residual_coding_subblock
[187],CABACReader::residual_coding_subblockTS
[301],CABACReader::residual_lfnst_mode
[261],CABACReader::sbt_mode
[92],CABACReader::split_cu_mode
[219],CABACReader::subblock_merge_flag
[23],CABACReader::transform_tree
[27],CABACReader::transform_unit
[298],CABACReader::xReadTruncBinCode
[303],CS::isDualITree
[103],CS::setRefinedMotionField
[244],CU::isIBC
[246],CU::isSameSlice
[275],CU::isSameSliceAndTile
[114],CU::traversePUs
[90],CU::traverseTUs
[74],CodingStructure::addCU
[205],CodingStructure::addMiToLut
[88],CodingStructure::addPU
[91],CodingStructure::addTU
[248],CodingStructure::clearPUs
[200],CodingStructure::clearTUs
[286],CodingStructure::createCoeffs
[173],CodingStructure::destroyCoeffs
[122],CodingStructure::getBuf
[143],CodingStructure::getBuf
[84],CodingStructure::getCU
[138],CodingStructure::getCU
[132],CodingStructure::getCURestricted
[268],CodingStructure::getCURestricted
[224],CodingStructure::getMotionBuf
[223],CodingStructure::getMotionInfo
[190],CodingStructure::getPU
[172],CodingStructure::getPURestricted
[220],CodingStructure::getPredBuf
[151],CodingStructure::getRecoBuf
[256],CodingStructure::getRecoBuf
[218],CodingStructure::getResiBuf
[65],CodingStructure::getTU
[210],CodingStructure::initStructData
[175],CodingStructure::releaseIntermediateData
[193],CodingStructure::setDecomp
[152],CodingStructure::setDecomp
[96],CodingStructure::traverseCUs
[262],CodingUnit::checkAllowedSbt
[146],CodingUnit::initData
[222],CodingUnit::isSepTree
[294],CoeffCodingContext::CoeffCodingContext
[257],CoeffCodingContext::ctxOffsetAbs
[136],CoeffCodingContext::initSubblock
[101],CoeffCodingContext::sigCtxIdAbs
[129],CoeffCodingContext::templateAbsSum
[86],DQIntern::Quantizer::dequantBlock
[4],DecApp::decode
[251],DecApp::xFlushOutput
[42],DecApp::xWriteOutput
[9],DecCu::decompressCtu
[31],DecCu::xDecodeInterTU
[30],DecCu::xDecodeInterTexture
[46],DecCu::xDeriveCUMV
[68],DecCu::xIntraRecBlk
[69],DecCu::xIntraRecQT
[11],DecCu::xReconInter
[70],DecCu::xReconIntraQT
[6],DecLib::decode
[10],DecLib::executeLoopFilters
[124],DecLib::finishPicture
[49],DecLib::xActivateParameterSets
[7],DecLib::xDecodeSlice
[8],DecSlice::decompressSlice
[112],DepQuant::DepQuant
[98],DepQuant::`scalar deleting destructor'
[79],DepQuant::dequant
[279],DeriveCtx::CtxAffineFlag
[282],DeriveCtx::CtxPredModeFlag
[213],DeriveCtx::CtxSkipFlag
[186],DeriveCtx::CtxSplit
[188],InputBitstream::readByte
[61],InputByteStream::eofBeforeNBytes
[19],InterPrediction::motionCompensation
[20],InterPrediction::motionCompensation
[111],InterPrediction::motionCompensation4Triangle
[176],InterPrediction::resetVPDUforIBC
[299],InterPrediction::weightedTriangleBlk
[141],InterPrediction::xApplyBiPROF
[104],InterPrediction::xFillIBCBuffer
[36],InterPrediction::xPredAffineBlk
[21],InterPrediction::xPredInterBi
[34],InterPrediction::xPredInterBlk
[25],InterPrediction::xPredInterUni
[197],InterPrediction::xSubPuMC
[52],InterPrediction::xWeightedAverage
[71],"InterpolationFilter::filterCopy<1,0>"
[150],"InterpolationFilter::filterCopy<1,1>"
[35],InterpolationFilter::filterHor
[75],InterpolationFilter::filterHor<4>
[60],InterpolationFilter::filterHor<8>
[45],InterpolationFilter::filterVer
[94],InterpolationFilter::filterVer<4>
[62],InterpolationFilter::filterVer<8>
[110],IntraPrediction::geneIntrainterPred
[121],IntraPrediction::initIntraPatternChType
[227],IntraPrediction::initPredIntraParams
[134],IntraPrediction::predIntraAng
[270],IntraPrediction::predIntraMip
[130],IntraPrediction::xFillReferenceSamples
[206],IntraPrediction::xPredIntraPlanar
[15],LoopFilter::loopFilterPic
[17],LoopFilter::xDeblockCU
[93],LoopFilter::xEdgeFilterChroma
[38],LoopFilter::xEdgeFilterLuma
[39],LoopFilter::xGetBoundaryStrengthSingle
[304],LoopFilter::xPelFilterChroma
[58],LoopFilter::xPelFilterLuma
[221],LoopFilter::xSetEdgefilterMultiple
[127],LoopFilter::xSetLoopfilterParam
[237],LoopFilter::xSetMaxFilterLengthPQForCodingSubBlocks
[77],LoopFilter::xSetMaxFilterLengthPQFromTransformSizes
[250],LoopFilter::xUseStrongFiltering
[271],MatrixIntraPrediction::predBlock
[272],MatrixIntraPrediction::predictionUpsampling
[273],MatrixIntraPrediction::predictionUpsampling1D
[201],MergeCtx::setMergeInfo
[230],MvField::setMvField
[243],PU::addMergeHMVPCand
[159],PU::checkDMVRCondition
[238],PU::getAffineControlPointCand
[78],PU::getAffineMergeCand
[228],PU::getCoLocatedIntraLumaMode
[229],PU::getFinalIntraMode
[123],PU::getInterMergeCandidates
[100],PU::getInterMergeSubPuMvpCand
[182],PU::getTriangleMergeCandidates
[192],PU::setAllAffineMv
[198],PU::setAllAffineMvField
[99],PU::spanMotionInfo
[137],PartitionerImpl::getCUSubPartitions
[231],PartitionerImpl::getSbtTuTiling
[196],PelStorage::destroy
[183],PelStorage::getBuf
[300],PelStorage::getBuf
[252],Picture::destroy
[239],Picture::destroyTempBuffers
[214],Picture::extendPicBorder
[211],Picture::finalInit
[184],Picture::getBuf
[185],Picture::getRecoBuf
[234],PreCalcValues::getMaxTtSize
[235],PreCalcValues::getValIdx
[225],PredictionUnit::getMotionBuf
[241],PredictionUnit::getMotionInfo
[126],PredictionUnit::initData
[128],QTBTPartitioner::canSplit
[164],QTBTPartitioner::canSplit
[236],QTBTPartitioner::exitCurrSplit
[189],QTBTPartitioner::getImplicitSplit
[87],QTBTPartitioner::splitCurrArea
[131],QpParam::QpParam
[162],QpParam::QpParam
[148],Quant::Quant
[125],Quant::xDestroyScalingList
[149],Quant::xInitScalingList
[113],QuantRDOQ::QuantRDOQ
[157],QuantRDOQ::xDestroyScalingList
[169],QuantRDOQ::xInitScalingList
[158],QuantRDOQ::~QuantRDOQ
[2],RtlUserThreadStart
[179],SPS::getMappedChromaQpValue
[115],SampleAdaptiveOffset::SAOProcess
[258],SampleAdaptiveOffset::deriveLoopFilterBoundaryAvailibility
[174],SampleAdaptiveOffset::offsetBlock
[156],SampleAdaptiveOffset::offsetCTU
[253],Slice::applyReferencePictureListBasedMarking
[254],Slice::checkLeadingPictureRestrictions
[215],Slice::constructRefPicList
[40],TBinDecoder<class BinProbModel_Std>::decodeBin
[166],TU::getCbf
[181],TU::getCbfAtDepth
[59],TrQuant::init
[274],TrQuant::invRdpcmNxN
[32],TrQuant::invTransformNxN
[37],TrQuant::xIT
[267],TrQuant::xITransformSkip
[226],TransformUnit::getCoeffs
[265],UnitArea::UnitArea
[145],UnitArea::contains
[140],UnitBuf<short>::addAvg
[119],UnitBuf<short>::addWeightedAvg
[51],UnitBuf<short>::copyClip
[57],UnitBuf<short>::copyFrom
[177],UnitBuf<short>::fill
[195],UnitBuf<short>::operator struct UnitBuf<short const >
[204],UnitBuf<short>::reconstruct
[43],VideoIOYuv::write
[305],XUCache::~XUCache
[290],[Import thunk memcpy]
[283],_chkstk
[232],_fastInverseMM<8>
[3],_scrt_common_main_seh
[66],_security_check_cookie
[308],`dynamic initializer for 'g_reusedUniMVs''
[278],"addAvg_SSE<4,4>"
[161],"addAvg_SSE<4,8>"
[153],aligned_free
[289],"applyBiPROF_SSE<4,0>"
[163],"applyBiPROF_SSE<4,1>"
[53],byteStreamNALUnit
[54],byteStreamNALUnit
[281],clipColPos
[263],clipMv
[216],convertPayloadToRBSP
[144],deriveScaledMotionTemporal
[306],dynamic_cache<struct PredictionUnit>::deleteEntries
[307],exit
[107],fastInverseDCT2_B16
[63],fastInverseDCT2_B32
[180],fastInverseDCT2_B64
[108],fastInverseDCT2_B8
[276],fastInverseDCT8_B16
[233],fastInverseDCT8_B8
[293],fastInverseDST7_B16
[291],fastInverseDST7_B32
[97],free_base
[240],func@0x18000c9d8
[287],func@0x1800524df
[191],getAvailableAffineNeighboursForAbovePredictor
[284],"gradFilter_SSE<4,0>"
[309],initterm
[247],isAvailableLeft
[285],isBelowLeftAvailable
[5],main
[82],malloc_base
[48],memcpy
[41],memset
[83],operator new
[217],read
[269],"reco_SSE<4,8>"
[208],roundAffineMv
[56],simdDeriveClassificationBlk<4>
[72],simdFilter5x5Blk<4>
[33],simdFilter7x7Blk<4>
[76],"simdFilter<4,4,0,1,0>"
[147],"simdFilter<4,4,1,0,0>"
[302],"simdFilter<4,4,1,0,1>"
[133],"simdFilter<4,4,1,1,0>"
[64],"simdFilter<4,8,0,1,0>"
[85],"simdFilter<4,8,1,0,0>"
[245],"simdFilter<4,8,1,0,1>"
[178],"simdFilter<4,8,1,1,0>"
[106],"simdInterpolateHorM4<4,4,0>"
[109],"simdInterpolateHorM4<4,8,0>"
[171],"simdInterpolateHorM8_AVX2<4,4,0>"
[105],"simdInterpolateHorM8_AVX2<4,8,0>"
[102],"simdInterpolateVerM4<4,4,0>"
[116],"simdInterpolateVerM4<4,8,0>"
[170],"simdInterpolateVerM8_AVX2<4,8,0>"
[154],"static_vector<struct PartLevel,15>::push_back"
[255],std::_Deque_iterator<class std::_Deque_val<struct std::_Deque_simple_types<class Slice *> > >::operator+
[277],"std::_Sort_unchecked1<int *,__int64,struct std::less<void> >"
[310],"std::basic_ifstream<char,struct std::char_traits<char> >::basic_ifstream<char,struct std::char_traits<char> >"
[80],"std::basic_istream<char,struct std::char_traits<char> >::get"
[67],"std::basic_ostream<char,struct std::char_traits<char> >::write"
[202],std::bitset<1024>::operator[]
[209],"std::deque<class Slice *,class std::allocator<class Slice *> >::end"
[135],"std::vector<UnitArea,std::allocator<UnitArea> >::_Resize<<lambda_63dc83d50a1b614a535247b0b3d8cd3f> >"
[249],"std::vector<struct PredictionUnit *,class std::allocator<struct PredictionUnit *> >::_Insert_range<struct PredictionUnit * *>"
[260],"std::vector<struct PredictionUnit *,class std::allocator<struct PredictionUnit *> >::emplace_back<struct PredictionUnit * const &>"
[155],"std::vector<struct UnitArea,class std::allocator<struct UnitArea> >::operator="
[280],"std::vector<unsigned char,class std::allocator<unsigned char> >::emplace_back<unsigned char>"
[44],writePlane
[18],<cycle 1>
[13],<cycle 2>
[24],<cycle 3>
