Index,% CPU Time:Total,CPU Time:Self,CPU Time:Children,Name,Index
,,0.0,10.097545,  RtlUserThreadStart,[2]
[1],100.0,0.0,10.097545,BaseThreadInitThunk,[1]
,,0.0,10.097545,  _scrt_common_main_seh,[3]
,,,,,
,,,,  <spontaneous>,
[2],100.0,0.0,10.097545,RtlUserThreadStart,[2]
,,0.0,10.097545,  BaseThreadInitThunk,[1]
,,,,,
,,0.0,10.097545,  BaseThreadInitThunk,[1]
[3],100.0,0.0,10.097545,_scrt_common_main_seh,[3]
,,0.0,0.015603,  exit,[199]
,,0.0,0.002828,  initterm,[275]
,,0.0,10.079114,  main,[4]
,,,,,
,,0.0,10.079114,  _scrt_common_main_seh,[3]
[4],99.82,0.0,10.079114,main,[4]
,,0.0,0.012199,  DecApp::`scalar deleting destructor',[269]
,,0.0,10.066915,  DecApp::decode,[5]
,,,,,
,,0.0,10.066915,  main,[4]
[5],99.7,0.0,10.066915,DecApp::decode,[5]
,,0.008499,0.0,"  std::basic_ifstream<char,struct std::char_traits<char> >::basic_ifstream<char,struct std::char_traits<char> >",[272]
,,0.0,0.466194,  DecApp::xWriteOutput,[38]
,,0.0,5.453937,  DecLib::decode,[6]
,,0.0,3.941923,  DecLib::executeLoopFilters,[9]
,,0.0,0.156750,  DecLib::finishPicture,[80]
,,0.0,0.039611,  byteStreamNALUnit,[151]
,,,,,
,,0.0,5.453937,  DecApp::decode,[5]
[6],54.01,0.0,5.453937,DecLib::decode,[6]
,,0.0,5.453937,  DecLib::xDecodeSlice,[7]
,,,,,
,,0.0,5.453937,  DecLib::decode,[6]
[7],54.01,0.0,5.453937,DecLib::xDecodeSlice,[7]
,,0.0,0.333276,  DecLib::xActivateParameterSets,[47]
,,0.0,5.074029,  DecSlice::decompressSlice,[8]
,,0.0,0.046632,  Slice::constructRefPicList,[140]
,,,,,
,,0.0,5.074029,  DecLib::xDecodeSlice,[7]
[8],50.25,0.0,5.074029,DecSlice::decompressSlice,[8]
,,0.015615,3.692668,  DecCu::decompressCtu,[10]
,,0.015454,1.350293,  CABACReader::coding_tree_unit,[20]
,,,,,
,,0.0,3.941923,  DecApp::decode,[5]
[9],39.04,0.0,3.941923,DecLib::executeLoopFilters,[9]
,,0.046632,0.015549,  CS::setRefinedMotionField,[120]
,,0.0,1.661579,  AdaptiveLoopFilter::ALFProcess,[18]
,,0.0,1.891975,  LoopFilter::loopFilterPic,[12]
,,0.0,0.326188,  SampleAdaptiveOffset::SAOProcess,[48]
,,,,,
,,0.015615,3.692668,  DecSlice::decompressSlice,[8]
[10],36.72,0.015615,3.692668,DecCu::decompressCtu,[10]
,,0.031032,0.031082,  InterPrediction::xFillIBCBuffer,[124]
,,0.015550,0.0,  CU::isLosslessCoded,[207]
,,0.015517,2.932137,  DecCu::xReconInter,[11]
,,0.0,0.015539,  CodingStructure::traverseCUs,[168]
,,0.0,0.326043,  DecCu::xDeriveCUMV,[49]
,,0.0,0.294706,  DecCu::xReconIntraQT,[57]
,,0.0,0.031060,  InterPrediction::resetVPDUforIBC,[165]
,,,,,
,,0.015517,2.932137,  DecCu::decompressCtu,[10]
[11],29.19,0.015517,2.932137,DecCu::xReconInter,[11]
,,0.015537,0.0,  IntraPrediction::geneWeightedPred,[220]
,,0.015532,0.0,  UnitBuf<short>::operator struct UnitBuf<short const >,[228]
,,0.015527,0.0,  CodingStructure::addMiToLut,[230]
,,0.0,0.015485,  CodingStructure::getPredBuf,[192]
,,0.0,0.031045,  CodingStructure::getResiBuf,[177]
,,0.0,0.015494,  CodingStructure::setDecomp,[262]
,,0.0,0.666766,  DecCu::xDecodeInterTexture,[32]
,,0.0,1.784608,  InterPrediction::motionCompensation,[15]
,,0.0,0.124164,  InterPrediction::motionCompensation4Triangle,[96]
,,0.0,0.015535,  IntraPrediction::geneIntrainterPred,[222]
,,0.0,0.216901,  UnitBuf<short>::copyClip,[59]
,,0.0,0.015543,  UnitBuf<short>::copyFrom,[45]
,,,,,
,,0.0,1.891975,  DecLib::executeLoopFilters,[9]
[12],18.74,0.0,1.891975,LoopFilter::loopFilterPic,[12]
,,0.093174,0.0,  memset,[36]
,,0.093091,1.674685,  LoopFilter::xDeblockCU,[16]
,,0.015511,0.0,  CodingStructure::getCU,[65]
,,0.0,0.015514,  CodingStructure::traverseCUs,[168]
,,,,,
,,0.0,1.784608,  InterPrediction::motionCompensation,[15]
,,0.0,0.093134,  InterPrediction::motionCompensation4Triangle,[96]
[13],18.6,0.0,1.877742,<cycle 3 as a whole>,[13]
,,0.0,1.831091,  InterPrediction::motionCompensation <cycle 3>,[14]
,,0.0,0.046651,  InterPrediction::xSubPuMC <cycle 3>,[136]
,,,,,
,,0.0,1.784608,  InterPrediction::motionCompensation,[15]
,,0.0,0.093134,  InterPrediction::motionCompensation4Triangle,[96]
,,,,  InterPrediction::xSubPuMC <cycle 3>,[136]
[14],18.13,0.0,1.831091,InterPrediction::motionCompensation <cycle 3>,[14]
,,0.031052,1.675831,  InterPrediction::xPredInterBi,[17]
,,0.0,0.124207,  InterPrediction::xPredInterUni,[19]
,,,,  InterPrediction::xSubPuMC <cycle 3>,[136]
,,,,,
,,0.0,1.784608,  DecCu::xReconInter,[11]
[15],17.67,0.0,1.784608,InterPrediction::motionCompensation,[15]
,,0.0,1.784608,  InterPrediction::motionCompensation <cycle 3>,[14]
,,,,,
,,0.093091,1.674685,  LoopFilter::loopFilterPic,[12]
[16],17.51,0.093091,1.674685,LoopFilter::xDeblockCU,[16]
,,0.294541,0.325695,  LoopFilter::xGetBoundaryStrengthSingle,[35]
,,0.217120,0.434376,  LoopFilter::xEdgeFilterLuma,[33]
,,0.062084,0.0,  CU::traversePUs,[114]
,,0.046497,0.0,  CU::traverseTUs,[147]
,,0.046491,0.062096,  LoopFilter::xEdgeFilterChroma,[102]
,,0.031108,0.0,  LoopFilter::xSetEdgefilterMultiple,[154]
,,0.015510,0.0,  LoopFilter::xSetMaxFilterLengthPQForCodingSubBlocks,[249]
,,0.0,0.030980,  LoopFilter::xSetLoopfilterParam,[196]
,,0.0,0.108187,  LoopFilter::xSetMaxFilterLengthPQFromTransformSizes,[104]
,,,,,
,,0.031052,1.675831,  InterPrediction::motionCompensation <cycle 3>,[14]
[17],16.9,0.031052,1.675831,InterPrediction::xPredInterBi,[17]
,,0.015511,0.0,  CU::isInter,[248]
,,0.015454,1.334473,  InterPrediction::xPredInterUni,[19]
,,0.0,0.294843,  InterPrediction::xWeightedAverage,[54]
,,0.0,0.015550,  PU::checkDMVRCondition,[208]
,,,,,
,,0.0,1.661579,  DecLib::executeLoopFilters,[9]
[18],16.46,0.0,1.661579,AdaptiveLoopFilter::ALFProcess,[18]
,,0.978615,0.0,  simdFilter7x7Blk<4>,[24]
,,0.372392,0.0,  simdFilter5x5Blk<4>,[43]
,,0.0,0.124281,  AdaptiveLoopFilter::deriveClassification,[90]
,,0.0,0.186291,  UnitBuf<short>::copyFrom,[45]
,,,,,
,,0.0,0.124207,  InterPrediction::motionCompensation <cycle 3>,[14]
,,0.015454,1.334473,  InterPrediction::xPredInterBi,[17]
[19],14.6,0.015454,1.458681,InterPrediction::xPredInterUni,[19]
,,0.170558,0.651835,  InterPrediction::xPredAffineBlk,[25]
,,0.030994,0.605293,  InterPrediction::xPredInterBlk,[34]
,,,,,
,,0.015454,1.350293,  DecSlice::decompressSlice,[8]
[20],13.53,0.015454,1.350293,CABACReader::coding_tree_unit,[20]
,,0.031024,1.319268,  CABACReader::coding_tree <cycle 1>,[22]
,,,,,
,,0.031024,1.319268,  CABACReader::coding_tree_unit,[20]
[21],13.37,0.031024,1.319268,<cycle 1 as a whole>,[21]
,,0.031024,1.319268,  CABACReader::coding_tree <cycle 1>,[22]
,,,,,
,,,,  CABACReader::coding_tree <cycle 1>,[22]
,,0.031024,1.319268,  CABACReader::coding_tree_unit,[20]
[22],13.37,0.031024,1.319268,CABACReader::coding_tree <cycle 1>,[22]
,,0.031062,0.093124,  CABACReader::split_cu_mode,[93]
,,0.015546,0.0,  CS::getArea,[212]
,,0.015522,0.062040,  QTBTPartitioner::splitCurrArea,[117]
,,,,  CABACReader::coding_tree <cycle 1>,[22]
,,0.0,1.086462,  CABACReader::coding_unit,[23]
,,0.0,0.015512,  CodingStructure::addCU,[244]
,,,,,
,,0.0,1.086462,  CABACReader::coding_tree <cycle 1>,[22]
[23],10.76,0.0,1.086462,CABACReader::coding_unit,[23]
,,0.015544,0.015475,  CodingStructure::addTU,[118]
,,0.015525,0.0,  CABACReader::end_of_ctu,[231]
,,0.015513,0.062064,  CodingStructure::addPU,[116]
,,0.0,0.139622,  CABACReader::cu_pred_data,[87]
,,0.0,0.745087,  CABACReader::cu_residual,[27]
,,0.0,0.030995,  CABACReader::cu_skip_flag,[193]
,,0.0,0.046636,  CABACReader::prediction_unit,[85]
,,,,,
,,0.978615,0.0,  AdaptiveLoopFilter::ALFProcess,[18]
[24],9.69,0.978615,0.0,simdFilter7x7Blk<4>,[24]
,,,,,
,,0.170558,0.651835,  InterPrediction::xPredInterUni,[19]
[25],8.14,0.170558,0.651835,InterPrediction::xPredAffineBlk,[25]
,,0.015544,0.185985,  InterpolationFilter::filterVer,[42]
,,0.015523,0.015533,  AreaBuf<short>::copyFrom,[41]
,,0.015518,0.0,"  gradFilter_SSE<4,0>",[236]
,,0.015484,0.372705,  InterpolationFilter::filterHor,[26]
,,0.0,0.015543,  Picture::getRecoBuf,[161]
,,,,,
,,0.0,0.403422,  InterPrediction::xPredInterBlk,[34]
,,0.015484,0.372705,  InterPrediction::xPredAffineBlk,[25]
[26],7.84,0.015484,0.776127,InterpolationFilter::filterHor,[26]
,,0.201535,0.0,"  InterpolationFilter::filterCopy<1,0>",[68]
,,0.093146,0.0,"  InterpolationFilter::filterCopy<1,1>",[107]
,,0.0,0.186415,  InterpolationFilter::filterHor<4>,[71]
,,0.0,0.295031,  InterpolationFilter::filterHor<8>,[52]
,,,,,
,,0.0,0.745087,  CABACReader::coding_unit,[23]
[27],7.38,0.0,0.745087,CABACReader::cu_residual,[27]
,,0.031069,0.682992,  CABACReader::transform_tree <cycle 2>,[29]
,,0.0,0.015516,  AreaBuf<int>::fill,[63]
,,0.0,0.015511,  CABACReader::sbt_mode,[246]
,,,,,
,,0.031069,0.682992,  CABACReader::cu_residual,[27]
[28],7.07,0.031069,0.682992,<cycle 2 as a whole>,[28]
,,0.031069,0.682992,  CABACReader::transform_tree <cycle 2>,[29]
,,,,,
,,,,  CABACReader::transform_tree <cycle 2>,[29]
,,0.031069,0.682992,  CABACReader::cu_residual,[27]
[29],7.07,0.031069,0.682992,CABACReader::transform_tree <cycle 2>,[29]
,,0.046516,0.0,  CodingStructure::addTU,[118]
,,0.0,0.217343,  AreaBuf<int>::fill,[63]
,,0.0,0.077555,  AreaBuf<short>::fill,[97]
,,,,  CABACReader::transform_tree <cycle 2>,[29]
,,0.0,0.326033,  CABACReader::transform_unit,[50]
,,0.0,0.015545,  QTBTPartitioner::canSplit,[214]
,,,,,
,,0.0,0.093141,  DecCu::xIntraRecBlk,[55]
,,0.015457,0.604810,  DecCu::xDecodeInterTU,[31]
[30],7.07,0.015457,0.697951,TrQuant::invTransformNxN,[30]
,,0.061968,0.450051,  TrQuant::xIT,[37]
,,0.0,0.185933,  DepQuant::dequant,[74]
,,,,,
,,0.0,0.666766,  DecCu::xDecodeInterTexture,[32]
[31],6.6,0.0,0.666766,DecCu::xDecodeInterTU,[31]
,,0.015457,0.604810,  TrQuant::invTransformNxN,[30]
,,0.0,0.015523,  AreaBuf<short>::fill,[97]
,,0.0,0.015507,  CodingStructure::getResiBuf,[173]
,,0.0,0.015469,  TU::getCbf,[132]
,,,,,
,,0.0,0.666766,  DecCu::xReconInter,[11]
[32],6.6,0.0,0.666766,DecCu::xDecodeInterTexture,[32]
,,0.0,0.666766,  DecCu::xDecodeInterTU,[31]
,,,,,
,,0.217120,0.434376,  LoopFilter::xDeblockCU,[16]
[33],6.45,0.217120,0.434376,LoopFilter::xEdgeFilterLuma,[33]
,,0.341214,0.0,  LoopFilter::xPelFilterLuma,[46]
,,0.030991,0.0,  CodingStructure::getCU,[65]
,,0.015545,0.0,  LoopFilter::xUseStrongFiltering,[213]
,,0.015535,0.0,  _chkstk,[223]
,,0.015527,0.0,  isAvailableLeft,[229]
,,0.0,0.015563,  CodingStructure::getRecoBuf,[121]
,,,,,
,,0.030994,0.605293,  InterPrediction::xPredInterUni,[19]
[34],6.3,0.030994,0.605293,InterPrediction::xPredInterBlk,[34]
,,0.015521,0.0,  Picture::getRecoBuf,[161]
,,0.0,0.403422,  InterpolationFilter::filterHor,[26]
,,0.0,0.186350,  InterpolationFilter::filterVer,[42]
,,,,,
,,0.294541,0.325695,  LoopFilter::xDeblockCU,[16]
[35],6.14,0.294541,0.325695,LoopFilter::xGetBoundaryStrengthSingle,[35]
,,0.139591,0.0,  CodingStructure::getTU,[62]
,,0.108536,0.015477,  CodingStructure::getCU,[65]
,,0.015537,0.0,  CodingStructure::getMotionInfo,[167]
,,0.0,0.046554,  TU::getCbf,[132]
,,,,,
,,0.015494,0.0,  AreaBuf<bool>::fill,[261]
,,0.015517,0.0,  DQIntern::Quantizer::dequantBlock,[79]
,,0.031116,0.0,  CodingStructure::initStructData,[134]
,,0.031128,0.0,  CodingStructure::clearTUs,[153]
,,0.093078,0.0,  AreaBuf<short>::fill,[97]
,,0.093174,0.0,  LoopFilter::loopFilterPic,[12]
,,0.232860,0.0,  AreaBuf<int>::fill,[63]
[36],5.07,0.512366,0.0,memset,[36]
,,,,,
,,0.061968,0.450051,  TrQuant::invTransformNxN,[30]
[37],5.07,0.061968,0.450051,TrQuant::xIT,[37]
,,0.124132,0.0,  fastInverseDCT2_B32,[98]
,,0.108581,0.0,  fastInverseDCT2_B64,[103]
,,0.093184,0.0,  fastInverseDCT2_B16,[106]
,,0.046614,0.0,  fastInverseDST7_B16,[141]
,,0.031018,0.0,  fastInverseDCT2_B8,[183]
,,0.031014,0.0,  fastInverseDST7_B32,[189]
,,0.015509,0.0,  fastInverseDCT8_B32,[252]
,,,,,
,,0.0,0.466194,  DecApp::decode,[5]
[38],4.62,0.0,0.466194,DecApp::xWriteOutput,[38]
,,0.0,0.466194,  VideoIOYuv::write,[39]
,,,,,
,,0.0,0.466194,  DecApp::xWriteOutput,[38]
[39],4.62,0.0,0.466194,VideoIOYuv::write,[39]
,,0.155338,0.310856,  writePlane,[40]
,,,,,
,,0.155338,0.310856,  VideoIOYuv::write,[39]
[40],4.62,0.155338,0.310856,writePlane,[40]
,,0.310856,0.0,"  std::basic_ostream<char,struct std::char_traits<char> >::write",[51]
,,,,,
,,0.0,0.015545,  InterPrediction::xFillIBCBuffer,[124]
,,0.015501,0.326039,  UnitBuf<short>::copyFrom,[45]
,,0.015523,0.015533,  InterPrediction::xPredAffineBlk,[25]
[41],3.84,0.031024,0.357118,AreaBuf<short>::copyFrom,[41]
,,0.341604,0.0,  memcpy,[44]
,,0.015514,0.0,  [Import thunk memcpy],[242]
,,,,,
,,0.0,0.186350,  InterPrediction::xPredInterBlk,[34]
,,0.015544,0.185985,  InterPrediction::xPredAffineBlk,[25]
[42],3.84,0.015544,0.372335,InterpolationFilter::filterVer,[42]
,,0.0,0.139691,  InterpolationFilter::filterVer<4>,[86]
,,0.0,0.232644,  InterpolationFilter::filterVer<8>,[64]
,,,,,
,,0.372392,0.0,  AdaptiveLoopFilter::ALFProcess,[18]
[43],3.69,0.372392,0.0,simdFilter5x5Blk<4>,[43]
,,,,,
,,0.341604,0.0,  AreaBuf<short>::copyFrom,[41]
[44],3.38,0.341604,0.0,memcpy,[44]
,,,,,
,,0.0,0.186291,  AdaptiveLoopFilter::ALFProcess,[18]
,,0.0,0.015543,  DecCu::xReconInter,[11]
,,0.0,0.031015,  InterPrediction::xWeightedAverage,[54]
,,0.0,0.108691,  SampleAdaptiveOffset::SAOProcess,[48]
[45],3.38,0.0,0.341540,UnitBuf<short>::copyFrom,[45]
,,0.015501,0.326039,  AreaBuf<short>::copyFrom,[41]
,,,,,
,,0.341214,0.0,  LoopFilter::xEdgeFilterLuma,[33]
[46],3.38,0.341214,0.0,LoopFilter::xPelFilterLuma,[46]
,,,,,
,,0.0,0.333276,  DecLib::xDecodeSlice,[7]
[47],3.3,0.0,0.333276,DecLib::xActivateParameterSets,[47]
,,0.0,0.007791,  AdaptiveLoopFilter::create,[273]
,,0.0,0.046697,  Picture::finalInit,[135]
,,0.0,0.278788,  TrQuant::init,[61]
,,,,,
,,0.0,0.326188,  DecLib::executeLoopFilters,[9]
[48],3.23,0.0,0.326188,SampleAdaptiveOffset::SAOProcess,[48]
,,0.0,0.217497,  SampleAdaptiveOffset::offsetCTU,[67]
,,0.0,0.108691,  UnitBuf<short>::copyFrom,[45]
,,,,,
,,0.0,0.326043,  DecCu::decompressCtu,[10]
[49],3.23,0.0,0.326043,DecCu::xDeriveCUMV,[49]
,,0.031056,0.0,  PU::setAllAffineMv,[113]
,,0.015519,0.0,  PU::fillAffineMvpCand,[234]
,,0.0,0.170740,  PU::getAffineMergeCand,[78]
,,0.0,0.031101,  PU::getInterMergeCandidates,[122]
,,0.0,0.031047,  PU::getTriangleMergeCandidates,[174]
,,0.0,0.046580,  PU::setAllAffineMvField,[143]
,,,,,
,,0.0,0.326033,  CABACReader::transform_tree <cycle 2>,[29]
[50],3.23,0.0,0.326033,CABACReader::transform_unit,[50]
,,0.0,0.031064,  CABACReader::cbf_comp,[160]
,,0.0,0.294969,  CABACReader::residual_coding,[53]
,,,,,
,,0.310856,0.0,  writePlane,[40]
[51],3.08,0.310856,0.0,"std::basic_ostream<char,struct std::char_traits<char> >::write",[51]
,,,,,
,,0.0,0.295031,  InterpolationFilter::filterHor,[26]
[52],2.92,0.0,0.295031,InterpolationFilter::filterHor<8>,[52]
,,0.046612,0.232950,"  simdFilter<4,8,0,1,0>",[60]
,,0.0,0.015469,"  simdFilter<4,8,0,1,1>",[267]
,,,,,
,,0.0,0.294969,  CABACReader::transform_unit,[50]
[53],2.92,0.0,0.294969,CABACReader::residual_coding,[53]
,,0.062079,0.108735,  CABACReader::residual_coding_subblock,[76]
,,0.031017,0.0,  CoeffCodingContext::initSubblock,[185]
,,0.015538,0.0,  CoeffCodingContext::CoeffCodingContext,[219]
,,0.015532,0.015516,  CABACReader::last_sig_coeff,[172]
,,0.015502,0.0,  CABACReader::mts_coding,[258]
,,0.0,0.031051,  CABACReader::residual_codingTS,[170]
,,,,,
,,0.0,0.294843,  InterPrediction::xPredInterBi,[17]
[54],2.92,0.0,0.294843,InterPrediction::xWeightedAverage,[54]
,,0.0,0.031046,  InterPrediction::xApplyBiPROF,[175]
,,0.0,0.031013,  UnitBuf<short>::addAvg,[191]
,,0.0,0.124167,  UnitBuf<short>::addWeightedAvg,[95]
,,0.0,0.077603,  UnitBuf<short>::copyClip,[59]
,,0.0,0.031015,  UnitBuf<short>::copyFrom,[45]
,,,,,
,,0.015478,0.279229,  DecCu::xIntraRecQT,[56]
[55],2.92,0.015478,0.279229,DecCu::xIntraRecBlk,[55]
,,0.015541,0.0,  CodingStructure::getResiBuf,[173]
,,0.015533,0.0,  AreaBuf<short>::linearTransform,[227]
,,0.015512,0.046468,  IntraPrediction::predIntraAng,[119]
,,0.015469,0.0,  CodingStructure::getPU,[266]
,,0.0,0.015494,  IntraPrediction::initIntraMip,[264]
,,0.0,0.062072,  IntraPrediction::initIntraPatternChType,[128]
,,0.0,0.093141,  TrQuant::invTransformNxN,[30]
,,,,,
,,0.0,0.294706,  DecCu::xReconIntraQT,[57]
[56],2.92,0.0,0.294706,DecCu::xIntraRecQT,[56]
,,0.015478,0.279229,  DecCu::xIntraRecBlk,[55]
,,,,,
,,0.0,0.294706,  DecCu::decompressCtu,[10]
[57],2.92,0.0,0.294706,DecCu::xReconIntraQT,[57]
,,0.0,0.294706,  DecCu::xIntraRecQT,[56]
,,,,,
,,0.294504,0.0,  UnitBuf<short>::copyClip,[59]
[58],2.92,0.294504,0.0,AreaBuf<short>::copyClip,[58]
,,,,,
,,0.0,0.216901,  DecCu::xReconInter,[11]
,,0.0,0.077603,  InterPrediction::xWeightedAverage,[54]
[59],2.92,0.0,0.294504,UnitBuf<short>::copyClip,[59]
,,0.294504,0.0,  AreaBuf<short>::copyClip,[58]
,,,,,
,,0.046612,0.232950,  InterpolationFilter::filterHor<8>,[52]
[60],2.77,0.046612,0.232950,"simdFilter<4,8,0,1,0>",[60]
,,0.170809,0.0,"  simdInterpolateHorM4<4,8,0>",[77]
,,0.062141,0.0,"  simdInterpolateHorM8_AVX2<4,8,0>",[123]
,,,,,
,,0.0,0.278788,  DecLib::xActivateParameterSets,[47]
[61],2.76,0.0,0.278788,TrQuant::init,[61]
,,0.0,0.154732,  DepQuant::DepQuant,[82]
,,0.0,0.124055,  DepQuant::`scalar deleting destructor',[88]
,,,,,
,,0.092677,0.015510,  LoopFilter::xSetMaxFilterLengthPQFromTransformSizes,[104]
,,0.139591,0.0,  LoopFilter::xGetBoundaryStrengthSingle,[35]
[62],2.45,0.232268,0.015510,CodingStructure::getTU,[62]
,,0.015510,0.0,  _security_check_cookie,[109]
,,,,,
,,0.0,0.015516,  CABACReader::cu_residual,[27]
,,0.0,0.217343,  CABACReader::transform_tree <cycle 2>,[29]
[63],2.31,0.0,0.232860,AreaBuf<int>::fill,[63]
,,0.232860,0.0,  memset,[36]
,,,,,
,,0.0,0.232644,  InterpolationFilter::filterVer,[42]
[64],2.3,0.0,0.232644,InterpolationFilter::filterVer<8>,[64]
,,0.031066,0.154997,"  simdFilter<4,8,1,0,0>",[73]
,,0.0,0.031072,"  simdFilter<4,8,1,0,1>",[157]
,,0.0,0.015509,"  simdFilter<4,8,1,1,0>",[251]
,,,,,
,,0.0,0.015500,  LoopFilter::xEdgeFilterChroma,[102]
,,0.015511,0.0,  LoopFilter::loopFilterPic,[12]
,,0.015538,0.0,  CABACReader::cbf_comp,[160]
,,0.030980,0.0,  LoopFilter::xSetLoopfilterParam,[196]
,,0.030991,0.0,  LoopFilter::xEdgeFilterLuma,[33]
,,0.108536,0.015477,  LoopFilter::xGetBoundaryStrengthSingle,[35]
[65],2.3,0.201557,0.030977,CodingStructure::getCU,[65]
,,0.030977,0.0,  _security_check_cookie,[109]
,,,,,
,,0.217497,0.0,  SampleAdaptiveOffset::offsetCTU,[67]
[66],2.15,0.217497,0.0,SampleAdaptiveOffset::offsetBlock,[66]
,,,,,
,,0.0,0.217497,  SampleAdaptiveOffset::SAOProcess,[48]
[67],2.15,0.0,0.217497,SampleAdaptiveOffset::offsetCTU,[67]
,,0.217497,0.0,  SampleAdaptiveOffset::offsetBlock,[66]
,,,,,
,,0.201535,0.0,  InterpolationFilter::filterHor,[26]
[68],2.0,0.201535,0.0,"InterpolationFilter::filterCopy<1,0>",[68]
,,,,,
,,0.193607,0.0,  operator new,[70]
[69],1.92,0.193607,0.0,malloc_base,[69]
,,,,,
,,0.0,0.007791,  AdaptiveLoopFilter::create,[273]
,,0.0,0.062095,  Quant::xInitScalingList,[127]
,,0.0,0.092637,  QuantRDOQ::xInitScalingList,[110]
,,0.0,0.015555,"  std::_List_alloc<struct std::_List_base_types<class SEI *,class std::allocator<class SEI *> > >::_Buynode0",[205]
,,0.0,0.015529,"  std::vector<UnitArea,std::allocator<UnitArea> >::_Resize<<lambda_63dc83d50a1b614a535247b0b3d8cd3f> >",[182]
[70],1.92,0.0,0.193607,operator new,[70]
,,0.193607,0.0,  malloc_base,[69]
,,,,,
,,0.0,0.186415,  InterpolationFilter::filterHor,[26]
[71],1.85,0.0,0.186415,InterpolationFilter::filterHor<4>,[71]
,,0.062157,0.108720,"  simdFilter<4,4,0,1,0>",[75]
,,0.0,0.015539,"  simdFilter<4,4,0,1,1>",[217]
,,,,,
,,0.015488,0.015575,  CABACReader::subblock_merge_flag,[164]
,,0.015513,0.0,  CABACReader::mvd_coding,[243]
,,0.015516,0.0,  CABACReader::last_sig_coeff,[172]
,,0.015526,0.0,  CABACReader::cbf_comp,[160]
,,0.015533,0.015545,  CABACReader::split_cu_mode,[93]
,,0.062110,0.015530,  CABACReader::residual_coding_subblock,[76]
[72],1.85,0.139685,0.046649,TBinDecoder<class BinProbModel_Std>::decodeBin,[72]
,,0.046649,0.0,  BinProbModel_Std::update,[138]
,,,,,
,,0.031066,0.154997,  InterpolationFilter::filterVer<8>,[64]
[73],1.84,0.031066,0.154997,"simdFilter<4,8,1,0,0>",[73]
,,0.108393,0.0,"  simdInterpolateVerM4<4,8,0>",[99]
,,0.046604,0.0,"  simdInterpolateVerM8_AVX2<4,8,0>",[142]
,,,,,
,,0.0,0.185933,  TrQuant::invTransformNxN,[30]
[74],1.84,0.0,0.185933,DepQuant::dequant,[74]
,,0.154882,0.015517,  DQIntern::Quantizer::dequantBlock,[79]
,,0.015534,0.0,  DQIntern::DepQuant::dequant,[224]
,,,,,
,,0.062157,0.108720,  InterpolationFilter::filterHor<4>,[71]
[75],1.69,0.062157,0.108720,"simdFilter<4,4,0,1,0>",[75]
,,0.093222,0.0,"  simdInterpolateHorM4<4,4,0>",[105]
,,0.015498,0.0,"  simdInterpolateHorM8_AVX2<4,4,0>",[259]
,,,,,
,,0.062079,0.108735,  CABACReader::residual_coding,[53]
[76],1.69,0.062079,0.108735,CABACReader::residual_coding_subblock,[76]
,,0.062110,0.015530,  TBinDecoder<class BinProbModel_Std>::decodeBin,[72]
,,0.031095,0.0,  CoeffCodingContext::sigCtxIdAbs,[155]
,,,,,
,,0.170809,0.0,"  simdFilter<4,8,0,1,0>",[60]
[77],1.69,0.170809,0.0,"simdInterpolateHorM4<4,8,0>",[77]
,,,,,
,,0.0,0.170740,  DecCu::xDeriveCUMV,[49]
[78],1.69,0.0,0.170740,PU::getAffineMergeCand,[78]
,,0.015528,0.139709,  PU::getInterMergeSubPuMvpCand,[81]
,,0.015502,0.0,  PredictionUnit::getMotionInfo,[257]
,,,,,
,,0.154882,0.015517,  DepQuant::dequant,[74]
[79],1.69,0.154882,0.015517,DQIntern::Quantizer::dequantBlock,[79]
,,0.015517,0.0,  memset,[36]
,,,,,
,,0.0,0.156750,  DecApp::decode,[5]
[80],1.55,0.0,0.156750,DecLib::finishPicture,[80]
,,0.0,0.110140,  CodingStructure::destroyCoeffs,[100]
,,0.0,0.015547,  CodingStructure::releaseIntermediateData,[211]
,,0.0,0.015508,  Picture::destroyTempBuffers,[254]
,,0.0,0.015555,  getSeisByType,[204]
,,,,,
,,0.015528,0.139709,  PU::getAffineMergeCand,[78]
[81],1.54,0.015528,0.139709,PU::getInterMergeSubPuMvpCand,[81]
,,0.046521,0.015583,  deriveScaledMotionTemporal,[125]
,,0.031073,0.0,  clipColPos,[156]
,,0.015522,0.015493,  AreaBuf<struct MotionInfo>::fill,[129]
,,0.015518,0.0,  CodingStructure::getMotionInfo,[167]
,,,,,
,,0.0,0.154732,  TrQuant::init,[61]
[82],1.53,0.0,0.154732,DepQuant::DepQuant,[82]
,,0.0,0.154732,  QuantRDOQ::QuantRDOQ,[83]
,,,,,
,,0.0,0.154732,  DepQuant::DepQuant,[82]
[83],1.53,0.0,0.154732,QuantRDOQ::QuantRDOQ,[83]
,,0.0,0.062095,  Quant::Quant,[126]
,,0.0,0.092637,  QuantRDOQ::xInitScalingList,[110]
,,,,,
,,0.015603,0.0,  dynamic_cache<struct CodingUnit>::deleteEntries,[198]
,,0.046493,0.0,  Quant::xDestroyScalingList,[148]
,,0.089761,0.0,  QuantRDOQ::xDestroyScalingList,[111]
[84],1.5,0.151857,0.0,free_base,[84]
,,,,,
,,0.0,0.046636,  CABACReader::coding_unit,[23]
,,0.0,0.093075,  CABACReader::cu_pred_data,[87]
[85],1.38,0.0,0.139711,CABACReader::prediction_unit,[85]
,,0.031064,0.046562,  PU::spanMotionInfo,[115]
,,0.015510,0.0,  CABACReader::merge_idx,[250]
,,0.0,0.031063,  CABACReader::merge_data,[163]
,,0.0,0.015513,  CABACReader::mvd_coding,[243]
,,,,,
,,0.0,0.139691,  InterpolationFilter::filterVer,[42]
[86],1.38,0.0,0.139691,InterpolationFilter::filterVer<4>,[86]
,,0.015548,0.0,"  simdFilter<4,4,1,0,1>",[210]
,,0.015524,0.093094,"  simdFilter<4,4,1,0,0>",[101]
,,0.0,0.015525,"  simdFilter<4,4,1,1,1>",[232]
,,,,,
,,0.0,0.139622,  CABACReader::coding_unit,[23]
[87],1.38,0.0,0.139622,CABACReader::cu_pred_data,[87]
,,0.015533,0.0,  CABACReader::affine_amvr_mode,[226]
,,0.0,0.031014,  CABACReader::intra_luma_pred_modes,[187]
,,0.0,0.093075,  CABACReader::prediction_unit,[85]
,,,,,
,,0.0,0.124055,  TrQuant::init,[61]
,,0.0,0.012199,  TrQuant::~TrQuant,[271]
[88],1.35,0.0,0.136254,DepQuant::`scalar deleting destructor',[88]
,,0.0,0.046493,  Quant::xDestroyScalingList,[148]
,,0.0,0.089761,  QuantRDOQ::~QuantRDOQ,[112]
,,,,,
,,0.015508,0.0,  PelStorage::destroy,[253]
,,0.110140,0.0,  CodingStructure::destroyCoeffs,[100]
[89],1.24,0.125648,0.0,aligned_free,[89]
,,,,,
,,0.0,0.124281,  AdaptiveLoopFilter::ALFProcess,[18]
[90],1.23,0.0,0.124281,AdaptiveLoopFilter::deriveClassification,[90]
,,0.124281,0.0,  simdDeriveClassificationBlk<4>,[91]
,,,,,
,,0.124281,0.0,  AdaptiveLoopFilter::deriveClassification,[90]
[91],1.23,0.124281,0.0,simdDeriveClassificationBlk<4>,[91]
,,,,,
,,0.015507,0.0,  CodingStructure::getResiBuf,[173]
,,0.031022,0.015508,  CodingStructure::getBuf,[130]
,,0.046643,0.015520,  CodingStructure::getRecoBuf,[121]
[92],1.23,0.093172,0.031028,CodingStructure::getBuf,[92]
,,0.015520,0.0,  _security_check_cookie,[109]
,,0.015508,0.0,  PelStorage::getBuf,[158]
,,,,,
,,0.031062,0.093124,  CABACReader::coding_tree <cycle 1>,[22]
[93],1.23,0.031062,0.093124,CABACReader::split_cu_mode,[93]
,,0.031069,0.0,  DeriveCtx::CtxSplit,[159]
,,0.015533,0.015545,  TBinDecoder<class BinProbModel_Std>::decodeBin,[72]
,,0.015480,0.015498,  QTBTPartitioner::canSplit,[145]
,,,,,
,,0.124167,0.0,  UnitBuf<short>::addWeightedAvg,[95]
[94],1.23,0.124167,0.0,AreaBuf<short>::addWeightedAvg,[94]
,,,,,
,,0.0,0.124167,  InterPrediction::xWeightedAverage,[54]
[95],1.23,0.0,0.124167,UnitBuf<short>::addWeightedAvg,[95]
,,0.124167,0.0,  AreaBuf<short>::addWeightedAvg,[94]
,,,,,
,,0.0,0.124164,  DecCu::xReconInter,[11]
[96],1.23,0.0,0.124164,InterPrediction::motionCompensation4Triangle,[96]
,,0.0,0.015515,  CodingStructure::getPredBuf,[192]
,,0.0,0.093134,  InterPrediction::motionCompensation <cycle 3>,[14]
,,0.0,0.015515,  InterPrediction::weightedTriangleBlk,[238]
,,,,,
,,0.0,0.077555,  CABACReader::transform_tree <cycle 2>,[29]
,,0.0,0.015523,  DecCu::xDecodeInterTU,[31]
,,0.031060,0.0,  UnitBuf<short>::fill,[166]
[97],1.23,0.031060,0.093078,AreaBuf<short>::fill,[97]
,,0.093078,0.0,  memset,[36]
,,,,,
,,0.124132,0.0,  TrQuant::xIT,[37]
[98],1.23,0.124132,0.0,fastInverseDCT2_B32,[98]
,,,,,
,,0.015509,0.0,"  simdFilter<4,8,1,1,0>",[251]
,,0.108393,0.0,"  simdFilter<4,8,1,0,0>",[73]
[99],1.23,0.123902,0.0,"simdInterpolateVerM4<4,8,0>",[99]
,,,,,
,,0.0,0.110140,  DecLib::finishPicture,[80]
[100],1.09,0.0,0.110140,CodingStructure::destroyCoeffs,[100]
,,0.110140,0.0,  aligned_free,[89]
,,,,,
,,0.015524,0.093094,  InterpolationFilter::filterVer<4>,[86]
[101],1.08,0.015524,0.093094,"simdFilter<4,4,1,0,0>",[101]
,,0.093094,0.0,"  simdInterpolateVerM4<4,4,0>",[108]
,,,,,
,,0.046491,0.062096,  LoopFilter::xDeblockCU,[16]
[102],1.08,0.046491,0.062096,LoopFilter::xEdgeFilterChroma,[102]
,,0.015533,0.0,  LoopFilter::xPelFilterChroma,[225]
,,0.0,0.015500,  CodingStructure::getCU,[65]
,,0.0,0.031063,  CodingStructure::getRecoBuf,[121]
,,,,,
,,0.108581,0.0,  TrQuant::xIT,[37]
[103],1.08,0.108581,0.0,fastInverseDCT2_B64,[103]
,,,,,
,,0.0,0.108187,  LoopFilter::xDeblockCU,[16]
[104],1.07,0.0,0.108187,LoopFilter::xSetMaxFilterLengthPQFromTransformSizes,[104]
,,0.092677,0.015510,  CodingStructure::getTU,[62]
,,,,,
,,0.093222,0.0,"  simdFilter<4,4,0,1,0>",[75]
[105],0.92,0.093222,0.0,"simdInterpolateHorM4<4,4,0>",[105]
,,,,,
,,0.093184,0.0,  TrQuant::xIT,[37]
[106],0.92,0.093184,0.0,fastInverseDCT2_B16,[106]
,,,,,
,,0.093146,0.0,  InterpolationFilter::filterHor,[26]
[107],0.92,0.093146,0.0,"InterpolationFilter::filterCopy<1,1>",[107]
,,,,,
,,0.093094,0.0,"  simdFilter<4,4,1,0,0>",[101]
[108],0.92,0.093094,0.0,"simdInterpolateVerM4<4,4,0>",[108]
,,,,,
,,0.015485,0.0,"  simdFilter<4,8,1,0,1>",[157]
,,0.015493,0.0,  AreaBuf<struct MotionInfo>::fill,[129]
,,0.015510,0.0,  CodingStructure::getTU,[62]
,,0.015520,0.0,  CodingStructure::getBuf,[92]
,,0.030977,0.0,  CodingStructure::getCU,[65]
[109],0.92,0.092985,0.0,_security_check_cookie,[109]
,,,,,
,,0.0,0.092637,  QuantRDOQ::QuantRDOQ,[83]
[110],0.92,0.0,0.092637,QuantRDOQ::xInitScalingList,[110]
,,0.0,0.092637,  operator new,[70]
,,,,,
,,0.0,0.089761,  QuantRDOQ::~QuantRDOQ,[112]
[111],0.89,0.0,0.089761,QuantRDOQ::xDestroyScalingList,[111]
,,0.089761,0.0,  free_base,[84]
,,,,,
,,0.0,0.089761,  DepQuant::`scalar deleting destructor',[88]
[112],0.89,0.0,0.089761,QuantRDOQ::~QuantRDOQ,[112]
,,0.0,0.089761,  QuantRDOQ::xDestroyScalingList,[111]
,,,,,
,,0.031056,0.0,  DecCu::xDeriveCUMV,[49]
,,0.046580,0.0,  PU::setAllAffineMvField,[143]
[113],0.77,0.077636,0.0,PU::setAllAffineMv,[113]
,,,,,
,,0.015549,0.0,  CS::setRefinedMotionField,[120]
,,0.062084,0.0,  LoopFilter::xDeblockCU,[16]
[114],0.77,0.077633,0.0,CU::traversePUs,[114]
,,,,,
,,0.031064,0.046562,  CABACReader::prediction_unit,[85]
[115],0.77,0.031064,0.046562,PU::spanMotionInfo,[115]
,,0.031055,0.0,  AreaBuf<struct MotionInfo>::fill,[129]
,,0.0,0.015507,  PredictionUnit::getMotionBuf,[256]
,,,,,
,,0.015513,0.062064,  CABACReader::coding_unit,[23]
[116],0.77,0.015513,0.062064,CodingStructure::addPU,[116]
,,0.031048,0.0,  AreaBuf<unsigned int>::fill,[131]
,,0.031016,0.0,  PredictionUnit::initData,[186]
,,,,,
,,0.015522,0.062040,  CABACReader::coding_tree <cycle 1>,[22]
[117],0.77,0.015522,0.062040,QTBTPartitioner::splitCurrArea,[117]
,,0.0,0.031019,  PartitionerImpl::getCUSubPartitions,[181]
,,0.0,0.031021,"  static_vector<struct PartLevel,15>::push_back",[179]
,,,,,
,,0.015544,0.015475,  CABACReader::coding_unit,[23]
,,0.046516,0.0,  CABACReader::transform_tree <cycle 2>,[29]
[118],0.77,0.062060,0.015475,CodingStructure::addTU,[118]
,,0.015475,0.0,  AreaBuf<unsigned int>::fill,[131]
,,,,,
,,0.0,0.015535,  IntraPrediction::geneIntrainterPred,[222]
,,0.015512,0.046468,  DecCu::xIntraRecBlk,[55]
[119],0.77,0.015512,0.062003,IntraPrediction::predIntraAng,[119]
,,0.031017,0.0,  IntraPrediction::xPredIntraAng,[184]
,,0.030985,0.0,  IntraPrediction::xPredIntraPlanar,[195]
,,,,,
,,0.046632,0.015549,  DecLib::executeLoopFilters,[9]
[120],0.62,0.046632,0.015549,CS::setRefinedMotionField,[120]
,,0.015549,0.0,  CU::traversePUs,[114]
,,,,,
,,0.0,0.015537,  InterPrediction::xFillIBCBuffer,[124]
,,0.0,0.031063,  LoopFilter::xEdgeFilterChroma,[102]
,,0.0,0.015563,  LoopFilter::xEdgeFilterLuma,[33]
[121],0.62,0.0,0.062163,CodingStructure::getRecoBuf,[121]
,,0.046643,0.015520,  CodingStructure::getBuf,[92]
,,,,,
,,0.0,0.031101,  DecCu::xDeriveCUMV,[49]
,,0.015530,0.015517,  PU::getTriangleMergeCandidates,[174]
[122],0.62,0.015530,0.046617,PU::getInterMergeCandidates,[122]
,,0.015554,0.0,  PU::getColocatedMVP,[206]
,,0.015546,0.015517,  PU::addMergeHMVPCand,[162]
,,,,,
,,0.062141,0.0,"  simdFilter<4,8,0,1,0>",[60]
[123],0.62,0.062141,0.0,"simdInterpolateHorM8_AVX2<4,8,0>",[123]
,,,,,
,,0.031032,0.031082,  DecCu::decompressCtu,[10]
[124],0.62,0.031032,0.031082,InterPrediction::xFillIBCBuffer,[124]
,,0.0,0.015545,  AreaBuf<short>::copyFrom,[41]
,,0.0,0.015537,  CodingStructure::getRecoBuf,[121]
,,,,,
,,0.046521,0.015583,  PU::getInterMergeSubPuMvpCand,[81]
[125],0.62,0.046521,0.015583,deriveScaledMotionTemporal,[125]
,,0.015583,0.0,"  std::deque<class Slice *,class std::allocator<class Slice *> >::begin",[201]
,,,,,
,,0.0,0.062095,  QuantRDOQ::QuantRDOQ,[83]
[126],0.61,0.0,0.062095,Quant::Quant,[126]
,,0.0,0.062095,  Quant::xInitScalingList,[127]
,,,,,
,,0.0,0.062095,  Quant::Quant,[126]
[127],0.61,0.0,0.062095,Quant::xInitScalingList,[127]
,,0.0,0.062095,  operator new,[70]
,,,,,
,,0.0,0.062072,  DecCu::xIntraRecBlk,[55]
[128],0.61,0.0,0.062072,IntraPrediction::initIntraPatternChType,[128]
,,0.030949,0.015560,  IntraPrediction::xFillReferenceSamples,[146]
,,0.0,0.015563,  Picture::getRecoBuf,[203]
,,,,,
,,0.015522,0.015493,  PU::getInterMergeSubPuMvpCand,[81]
,,0.031055,0.0,  PU::spanMotionInfo,[115]
[129],0.61,0.046576,0.015493,AreaBuf<struct MotionInfo>::fill,[129]
,,0.015493,0.0,  _security_check_cookie,[109]
,,,,,
,,0.0,0.031000,  CodingStructure::getPredBuf,[192]
,,0.0,0.031045,  CodingStructure::getResiBuf,[177]
[130],0.61,0.0,0.062045,CodingStructure::getBuf,[130]
,,0.031022,0.015508,  CodingStructure::getBuf,[92]
,,0.015515,0.0,  UnitBuf<short>::UnitBuf<short>,[241]
,,,,,
,,0.015475,0.0,  CodingStructure::addTU,[118]
,,0.015512,0.0,  CodingStructure::addCU,[244]
,,0.031048,0.0,  CodingStructure::addPU,[116]
[131],0.61,0.062034,0.0,AreaBuf<unsigned int>::fill,[131]
,,,,,
,,0.0,0.015469,  DecCu::xDecodeInterTU,[31]
,,0.0,0.046554,  LoopFilter::xGetBoundaryStrengthSingle,[35]
[132],0.61,0.0,0.062022,TU::getCbf,[132]
,,0.062022,0.0,  TU::getCbfAtDepth,[133]
,,,,,
,,0.062022,0.0,  TU::getCbf,[132]
[133],0.61,0.062022,0.0,TU::getCbfAtDepth,[133]
,,,,,
,,0.0,0.046697,  Picture::finalInit,[135]
[134],0.46,0.0,0.046697,CodingStructure::initStructData,[134]
,,0.031116,0.0,  memset,[36]
,,0.0,0.015581,  CodingStructure::clearTUs,[153]
,,,,,
,,0.0,0.046697,  DecLib::xActivateParameterSets,[47]
[135],0.46,0.0,0.046697,Picture::finalInit,[135]
,,0.0,0.046697,  CodingStructure::initStructData,[134]
,,,,,
,,,,  InterPrediction::motionCompensation <cycle 3>,[14]
[136],0.46,0.0,0.046651,InterPrediction::xSubPuMC <cycle 3>,[136]
,,0.046651,0.0,  UnitArea::UnitArea,[137]
,,,,  InterPrediction::motionCompensation <cycle 3>,[14]
,,,,,
,,0.046651,0.0,  InterPrediction::xSubPuMC <cycle 3>,[136]
[137],0.46,0.046651,0.0,UnitArea::UnitArea,[137]
,,,,,
,,0.046649,0.0,  TBinDecoder<class BinProbModel_Std>::decodeBin,[72]
[138],0.46,0.046649,0.0,BinProbModel_Std::update,[138]
,,,,,
,,0.046632,0.0,  Slice::constructRefPicList,[140]
[139],0.46,0.046632,0.0,Picture::extendPicBorder,[139]
,,,,,
,,0.0,0.046632,  DecLib::xDecodeSlice,[7]
[140],0.46,0.0,0.046632,Slice::constructRefPicList,[140]
,,0.046632,0.0,  Picture::extendPicBorder,[139]
,,,,,
,,0.046614,0.0,  TrQuant::xIT,[37]
[141],0.46,0.046614,0.0,fastInverseDST7_B16,[141]
,,,,,
,,0.046604,0.0,"  simdFilter<4,8,1,0,0>",[73]
[142],0.46,0.046604,0.0,"simdInterpolateVerM8_AVX2<4,8,0>",[142]
,,,,,
,,0.0,0.046580,  DecCu::xDeriveCUMV,[49]
[143],0.46,0.0,0.046580,PU::setAllAffineMvField,[143]
,,0.046580,0.0,  PU::setAllAffineMv,[113]
,,,,,
,,0.0,0.030995,  DeriveCtx::CtxSkipFlag,[194]
,,0.0,0.015560,  IntraPrediction::xFillReferenceSamples,[146]
[144],0.46,0.0,0.046555,CodingStructure::getCURestricted,[144]
,,0.031036,0.0,  CodingStructure::getCU,[178]
,,0.015519,0.0,  CU::isSameSliceAndTile,[235]
,,,,,
,,0.015480,0.015498,  CABACReader::split_cu_mode,[93]
,,0.015545,0.0,  QTBTPartitioner::canSplit,[214]
[145],0.46,0.031025,0.015498,QTBTPartitioner::canSplit,[145]
,,0.015498,0.0,  QTBTPartitioner::getImplicitSplit,[260]
,,,,,
,,0.030949,0.015560,  IntraPrediction::initIntraPatternChType,[128]
[146],0.46,0.030949,0.015560,IntraPrediction::xFillReferenceSamples,[146]
,,0.0,0.015560,  CodingStructure::getCURestricted,[144]
,,,,,
,,0.046497,0.0,  LoopFilter::xDeblockCU,[16]
[147],0.46,0.046497,0.0,CU::traverseTUs,[147]
,,,,,
,,0.0,0.046493,  DepQuant::`scalar deleting destructor',[88]
[148],0.46,0.0,0.046493,Quant::xDestroyScalingList,[148]
,,0.046493,0.0,  free_base,[84]
,,,,,
,,0.0,0.039611,  byteStreamNALUnit,[150]
[149],0.39,0.0,0.039611,InputByteStream::eofBeforeNBytes,[149]
,,0.039611,0.0,"  std::basic_istream<char,struct std::char_traits<char> >::get",[152]
,,,,,
,,0.0,0.039611,  byteStreamNALUnit,[151]
[150],0.39,0.0,0.039611,byteStreamNALUnit,[150]
,,0.0,0.039611,  InputByteStream::eofBeforeNBytes,[149]
,,,,,
,,0.0,0.039611,  DecApp::decode,[5]
[151],0.39,0.0,0.039611,byteStreamNALUnit,[151]
,,0.0,0.039611,  byteStreamNALUnit,[150]
,,,,,
,,0.039611,0.0,  InputByteStream::eofBeforeNBytes,[149]
[152],0.39,0.039611,0.0,"std::basic_istream<char,struct std::char_traits<char> >::get",[152]
,,,,,
,,0.0,0.015581,  CodingStructure::initStructData,[134]
,,0.0,0.015547,  CodingStructure::releaseIntermediateData,[211]
[153],0.31,0.0,0.031128,CodingStructure::clearTUs,[153]
,,0.031128,0.0,  memset,[36]
,,,,,
,,0.031108,0.0,  LoopFilter::xDeblockCU,[16]
[154],0.31,0.031108,0.0,LoopFilter::xSetEdgefilterMultiple,[154]
,,,,,
,,0.031095,0.0,  CABACReader::residual_coding_subblock,[76]
[155],0.31,0.031095,0.0,CoeffCodingContext::sigCtxIdAbs,[155]
,,,,,
,,0.031073,0.0,  PU::getInterMergeSubPuMvpCand,[81]
[156],0.31,0.031073,0.0,clipColPos,[156]
,,,,,
,,0.0,0.031072,  InterpolationFilter::filterVer<8>,[64]
[157],0.31,0.0,0.031072,"simdFilter<4,8,1,0,1>",[157]
,,0.015587,0.0,"  simdInterpolateVerM8_AVX2<4,8,1>",[200]
,,0.015485,0.0,  _security_check_cookie,[109]
,,,,,
,,0.015508,0.0,  CodingStructure::getBuf,[92]
,,0.015563,0.0,  Picture::getBuf,[202]
[158],0.31,0.031071,0.0,PelStorage::getBuf,[158]
,,,,,
,,0.031069,0.0,  CABACReader::split_cu_mode,[93]
[159],0.31,0.031069,0.0,DeriveCtx::CtxSplit,[159]
,,,,,
,,0.0,0.031064,  CABACReader::transform_unit,[50]
[160],0.31,0.0,0.031064,CABACReader::cbf_comp,[160]
,,0.015538,0.0,  CodingStructure::getCU,[65]
,,0.015526,0.0,  TBinDecoder<class BinProbModel_Std>::decodeBin,[72]
,,,,,
,,0.0,0.015543,  InterPrediction::xPredAffineBlk,[25]
,,0.015521,0.0,  InterPrediction::xPredInterBlk,[34]
[161],0.31,0.015521,0.015543,Picture::getRecoBuf,[161]
,,0.015543,0.0,  Picture::getBuf,[215]
,,,,,
,,0.015546,0.015517,  PU::getInterMergeCandidates,[122]
[162],0.31,0.015546,0.015517,PU::addMergeHMVPCand,[162]
,,0.015517,0.0,  PU::xCheckSimilarMotion,[237]
,,,,,
,,0.0,0.031063,  CABACReader::prediction_unit,[85]
[163],0.31,0.0,0.031063,CABACReader::merge_data,[163]
,,0.0,0.031063,  CABACReader::subblock_merge_flag,[164]
,,,,,
,,0.0,0.031063,  CABACReader::merge_data,[163]
[164],0.31,0.0,0.031063,CABACReader::subblock_merge_flag,[164]
,,0.015488,0.015575,  TBinDecoder<class BinProbModel_Std>::decodeBin,[72]
,,,,,
,,0.0,0.031060,  DecCu::decompressCtu,[10]
[165],0.31,0.0,0.031060,InterPrediction::resetVPDUforIBC,[165]
,,0.0,0.031060,  UnitBuf<short>::fill,[166]
,,,,,
,,0.0,0.031060,  InterPrediction::resetVPDUforIBC,[165]
[166],0.31,0.0,0.031060,UnitBuf<short>::fill,[166]
,,0.031060,0.0,  AreaBuf<short>::fill,[97]
,,,,,
,,0.015518,0.0,  PU::getInterMergeSubPuMvpCand,[81]
,,0.015537,0.0,  LoopFilter::xGetBoundaryStrengthSingle,[35]
[167],0.31,0.031055,0.0,CodingStructure::getMotionInfo,[167]
,,,,,
,,0.0,0.015539,  DecCu::decompressCtu,[10]
,,0.0,0.015514,  LoopFilter::loopFilterPic,[12]
[168],0.31,0.0,0.031053,CodingStructure::traverseCUs,[168]
,,0.015514,0.015539,  UnitArea::contains,[169]
,,,,,
,,0.015514,0.015539,  CodingStructure::traverseCUs,[168]
[169],0.31,0.015514,0.015539,UnitArea::contains,[169]
,,0.015539,0.0,  Area::contains,[216]
,,,,,
,,0.0,0.031051,  CABACReader::residual_coding,[53]
[170],0.31,0.0,0.031051,CABACReader::residual_codingTS,[170]
,,0.015515,0.015537,  CABACReader::residual_coding_subblockTS,[171]
,,,,,
,,0.015515,0.015537,  CABACReader::residual_codingTS,[170]
[171],0.31,0.015515,0.015537,CABACReader::residual_coding_subblockTS,[171]
,,0.015537,0.0,  CoeffCodingContext::lrg1CtxIdAbsTS,[221]
,,,,,
,,0.015532,0.015516,  CABACReader::residual_coding,[53]
[172],0.31,0.015532,0.015516,CABACReader::last_sig_coeff,[172]
,,0.015516,0.0,  TBinDecoder<class BinProbModel_Std>::decodeBin,[72]
,,,,,
,,0.0,0.015507,  DecCu::xDecodeInterTU,[31]
,,0.015541,0.0,  DecCu::xIntraRecBlk,[55]
[173],0.31,0.015541,0.015507,CodingStructure::getResiBuf,[173]
,,0.015507,0.0,  CodingStructure::getBuf,[92]
,,,,,
,,0.0,0.031047,  DecCu::xDeriveCUMV,[49]
[174],0.31,0.0,0.031047,PU::getTriangleMergeCandidates,[174]
,,0.015530,0.015517,  PU::getInterMergeCandidates,[122]
,,,,,
,,0.0,0.031046,  InterPrediction::xWeightedAverage,[54]
[175],0.31,0.0,0.031046,InterPrediction::xApplyBiPROF,[175]
,,0.031046,0.0,"  applyBiPROF_SSE<4,1>",[176]
,,,,,
,,0.031046,0.0,  InterPrediction::xApplyBiPROF,[175]
[176],0.31,0.031046,0.0,"applyBiPROF_SSE<4,1>",[176]
,,,,,
,,0.0,0.031045,  DecCu::xReconInter,[11]
[177],0.31,0.0,0.031045,CodingStructure::getResiBuf,[177]
,,0.0,0.031045,  CodingStructure::getBuf,[130]
,,,,,
,,0.031036,0.0,  CodingStructure::getCURestricted,[144]
[178],0.31,0.031036,0.0,CodingStructure::getCU,[178]
,,,,,
,,0.0,0.031021,  QTBTPartitioner::splitCurrArea,[117]
[179],0.31,0.0,0.031021,"static_vector<struct PartLevel,15>::push_back",[179]
,,0.031021,0.0,"  std::vector<struct UnitArea,class std::allocator<struct UnitArea> >::operator=",[180]
,,,,,
,,0.031021,0.0,"  static_vector<struct PartLevel,15>::push_back",[179]
[180],0.31,0.031021,0.0,"std::vector<struct UnitArea,class std::allocator<struct UnitArea> >::operator=",[180]
,,,,,
,,0.0,0.031019,  QTBTPartitioner::splitCurrArea,[117]
[181],0.31,0.0,0.031019,PartitionerImpl::getCUSubPartitions,[181]
,,0.015491,0.015529,"  std::vector<UnitArea,std::allocator<UnitArea> >::_Resize<<lambda_63dc83d50a1b614a535247b0b3d8cd3f> >",[182]
,,,,,
,,0.015491,0.015529,  PartitionerImpl::getCUSubPartitions,[181]
[182],0.31,0.015491,0.015529,"std::vector<UnitArea,std::allocator<UnitArea> >::_Resize<<lambda_63dc83d50a1b614a535247b0b3d8cd3f> >",[182]
,,0.0,0.015529,  operator new,[70]
,,,,,
,,0.031018,0.0,  TrQuant::xIT,[37]
[183],0.31,0.031018,0.0,fastInverseDCT2_B8,[183]
,,,,,
,,0.031017,0.0,  IntraPrediction::predIntraAng,[119]
[184],0.31,0.031017,0.0,IntraPrediction::xPredIntraAng,[184]
,,,,,
,,0.031017,0.0,  CABACReader::residual_coding,[53]
[185],0.31,0.031017,0.0,CoeffCodingContext::initSubblock,[185]
,,,,,
,,0.031016,0.0,  CodingStructure::addPU,[116]
[186],0.31,0.031016,0.0,PredictionUnit::initData,[186]
,,,,,
,,0.0,0.031014,  CABACReader::cu_pred_data,[87]
[187],0.31,0.0,0.031014,CABACReader::intra_luma_pred_modes,[187]
,,0.015503,0.015512,  PU::getIntraMPMs,[188]
,,,,,
,,0.015503,0.015512,  CABACReader::intra_luma_pred_modes,[187]
[188],0.31,0.015503,0.015512,PU::getIntraMPMs,[188]
,,0.015512,0.0,  CU::isSameCtu,[245]
,,,,,
,,0.031014,0.0,  TrQuant::xIT,[37]
[189],0.31,0.031014,0.0,fastInverseDST7_B32,[189]
,,,,,
,,0.031013,0.0,  UnitBuf<short>::addAvg,[191]
[190],0.31,0.031013,0.0,AreaBuf<short>::addAvg,[190]
,,,,,
,,0.0,0.031013,  InterPrediction::xWeightedAverage,[54]
[191],0.31,0.0,0.031013,UnitBuf<short>::addAvg,[191]
,,0.031013,0.0,  AreaBuf<short>::addAvg,[190]
,,,,,
,,0.0,0.015485,  DecCu::xReconInter,[11]
,,0.0,0.015515,  InterPrediction::motionCompensation4Triangle,[96]
[192],0.31,0.0,0.031000,CodingStructure::getPredBuf,[192]
,,0.0,0.031000,  CodingStructure::getBuf,[130]
,,,,,
,,0.0,0.030995,  CABACReader::coding_unit,[23]
[193],0.31,0.0,0.030995,CABACReader::cu_skip_flag,[193]
,,0.0,0.030995,  DeriveCtx::CtxSkipFlag,[194]
,,,,,
,,0.0,0.030995,  CABACReader::cu_skip_flag,[193]
[194],0.31,0.0,0.030995,DeriveCtx::CtxSkipFlag,[194]
,,0.0,0.030995,  CodingStructure::getCURestricted,[144]
,,,,,
,,0.030985,0.0,  IntraPrediction::predIntraAng,[119]
[195],0.31,0.030985,0.0,IntraPrediction::xPredIntraPlanar,[195]
,,,,,
,,0.0,0.030980,  LoopFilter::xDeblockCU,[16]
[196],0.31,0.0,0.030980,LoopFilter::xSetLoopfilterParam,[196]
,,0.030980,0.0,  CodingStructure::getCU,[65]
,,,,,
,,0.0,0.015603,  exit,[199]
[197],0.15,0.0,0.015603,XUCache::~XUCache,[197]
,,0.0,0.015603,  dynamic_cache<struct CodingUnit>::deleteEntries,[198]
,,,,,
,,0.0,0.015603,  XUCache::~XUCache,[197]
[198],0.15,0.0,0.015603,dynamic_cache<struct CodingUnit>::deleteEntries,[198]
,,0.015603,0.0,  free_base,[84]
,,,,,
,,0.0,0.015603,  _scrt_common_main_seh,[3]
[199],0.15,0.0,0.015603,exit,[199]
,,0.0,0.015603,  XUCache::~XUCache,[197]
,,,,,
,,0.015587,0.0,"  simdFilter<4,8,1,0,1>",[157]
[200],0.15,0.015587,0.0,"simdInterpolateVerM8_AVX2<4,8,1>",[200]
,,,,,
,,0.015583,0.0,  deriveScaledMotionTemporal,[125]
[201],0.15,0.015583,0.0,"std::deque<class Slice *,class std::allocator<class Slice *> >::begin",[201]
,,,,,
,,0.0,0.015563,  Picture::getRecoBuf,[203]
[202],0.15,0.0,0.015563,Picture::getBuf,[202]
,,0.015563,0.0,  PelStorage::getBuf,[158]
,,,,,
,,0.0,0.015563,  IntraPrediction::initIntraPatternChType,[128]
[203],0.15,0.0,0.015563,Picture::getRecoBuf,[203]
,,0.0,0.015563,  Picture::getBuf,[202]
,,,,,
,,0.0,0.015555,  DecLib::finishPicture,[80]
[204],0.15,0.0,0.015555,getSeisByType,[204]
,,0.0,0.015555,"  std::_List_alloc<struct std::_List_base_types<class SEI *,class std::allocator<class SEI *> > >::_Buynode0",[205]
,,,,,
,,0.0,0.015555,  getSeisByType,[204]
[205],0.15,0.0,0.015555,"std::_List_alloc<struct std::_List_base_types<class SEI *,class std::allocator<class SEI *> > >::_Buynode0",[205]
,,0.0,0.015555,  operator new,[70]
,,,,,
,,0.015554,0.0,  PU::getInterMergeCandidates,[122]
[206],0.15,0.015554,0.0,PU::getColocatedMVP,[206]
,,,,,
,,0.015550,0.0,  DecCu::decompressCtu,[10]
[207],0.15,0.015550,0.0,CU::isLosslessCoded,[207]
,,,,,
,,0.0,0.015550,  InterPrediction::xPredInterBi,[17]
[208],0.15,0.0,0.015550,PU::checkDMVRCondition,[208]
,,0.015550,0.0,  Slice::getWpScaling,[209]
,,,,,
,,0.015550,0.0,  PU::checkDMVRCondition,[208]
[209],0.15,0.015550,0.0,Slice::getWpScaling,[209]
,,,,,
,,0.015548,0.0,  InterpolationFilter::filterVer<4>,[86]
[210],0.15,0.015548,0.0,"simdFilter<4,4,1,0,1>",[210]
,,,,,
,,0.0,0.015547,  DecLib::finishPicture,[80]
[211],0.15,0.0,0.015547,CodingStructure::releaseIntermediateData,[211]
,,0.0,0.015547,  CodingStructure::clearTUs,[153]
,,,,,
,,0.015546,0.0,  CABACReader::coding_tree <cycle 1>,[22]
[212],0.15,0.015546,0.0,CS::getArea,[212]
,,,,,
,,0.015545,0.0,  LoopFilter::xEdgeFilterLuma,[33]
[213],0.15,0.015545,0.0,LoopFilter::xUseStrongFiltering,[213]
,,,,,
,,0.0,0.015545,  CABACReader::transform_tree <cycle 2>,[29]
[214],0.15,0.0,0.015545,QTBTPartitioner::canSplit,[214]
,,0.015545,0.0,  QTBTPartitioner::canSplit,[145]
,,,,,
,,0.015543,0.0,  Picture::getRecoBuf,[161]
[215],0.15,0.015543,0.0,Picture::getBuf,[215]
,,,,,
,,0.015539,0.0,  UnitArea::contains,[169]
[216],0.15,0.015539,0.0,Area::contains,[216]
,,,,,
,,0.0,0.015539,  InterpolationFilter::filterHor<4>,[71]
[217],0.15,0.0,0.015539,"simdFilter<4,4,0,1,1>",[217]
,,0.015539,0.0,"  simdInterpolateHorM4<4,4,1>",[218]
,,,,,
,,0.015539,0.0,"  simdFilter<4,4,0,1,1>",[217]
[218],0.15,0.015539,0.0,"simdInterpolateHorM4<4,4,1>",[218]
,,,,,
,,0.015538,0.0,  CABACReader::residual_coding,[53]
[219],0.15,0.015538,0.0,CoeffCodingContext::CoeffCodingContext,[219]
,,,,,
,,0.015537,0.0,  DecCu::xReconInter,[11]
[220],0.15,0.015537,0.0,IntraPrediction::geneWeightedPred,[220]
,,,,,
,,0.015537,0.0,  CABACReader::residual_coding_subblockTS,[171]
[221],0.15,0.015537,0.0,CoeffCodingContext::lrg1CtxIdAbsTS,[221]
,,,,,
,,0.0,0.015535,  DecCu::xReconInter,[11]
[222],0.15,0.0,0.015535,IntraPrediction::geneIntrainterPred,[222]
,,0.0,0.015535,  IntraPrediction::predIntraAng,[119]
,,,,,
,,0.015535,0.0,  LoopFilter::xEdgeFilterLuma,[33]
[223],0.15,0.015535,0.0,_chkstk,[223]
,,,,,
,,0.015534,0.0,  DepQuant::dequant,[74]
[224],0.15,0.015534,0.0,DQIntern::DepQuant::dequant,[224]
,,,,,
,,0.015533,0.0,  LoopFilter::xEdgeFilterChroma,[102]
[225],0.15,0.015533,0.0,LoopFilter::xPelFilterChroma,[225]
,,,,,
,,0.015533,0.0,  CABACReader::cu_pred_data,[87]
[226],0.15,0.015533,0.0,CABACReader::affine_amvr_mode,[226]
,,,,,
,,0.015533,0.0,  DecCu::xIntraRecBlk,[55]
[227],0.15,0.015533,0.0,AreaBuf<short>::linearTransform,[227]
,,,,,
,,0.015532,0.0,  DecCu::xReconInter,[11]
[228],0.15,0.015532,0.0,UnitBuf<short>::operator struct UnitBuf<short const >,[228]
,,,,,
,,0.015527,0.0,  LoopFilter::xEdgeFilterLuma,[33]
[229],0.15,0.015527,0.0,isAvailableLeft,[229]
,,,,,
,,0.015527,0.0,  DecCu::xReconInter,[11]
[230],0.15,0.015527,0.0,CodingStructure::addMiToLut,[230]
,,,,,
,,0.015525,0.0,  CABACReader::coding_unit,[23]
[231],0.15,0.015525,0.0,CABACReader::end_of_ctu,[231]
,,,,,
,,0.0,0.015525,  InterpolationFilter::filterVer<4>,[86]
[232],0.15,0.0,0.015525,"simdFilter<4,4,1,1,1>",[232]
,,0.015525,0.0,"  simdInterpolateVerM4<4,4,1>",[233]
,,,,,
,,0.015525,0.0,"  simdFilter<4,4,1,1,1>",[232]
[233],0.15,0.015525,0.0,"simdInterpolateVerM4<4,4,1>",[233]
,,,,,
,,0.015519,0.0,  DecCu::xDeriveCUMV,[49]
[234],0.15,0.015519,0.0,PU::fillAffineMvpCand,[234]
,,,,,
,,0.015519,0.0,  CodingStructure::getCURestricted,[144]
[235],0.15,0.015519,0.0,CU::isSameSliceAndTile,[235]
,,,,,
,,0.015518,0.0,  InterPrediction::xPredAffineBlk,[25]
[236],0.15,0.015518,0.0,"gradFilter_SSE<4,0>",[236]
,,,,,
,,0.015517,0.0,  PU::addMergeHMVPCand,[162]
[237],0.15,0.015517,0.0,PU::xCheckSimilarMotion,[237]
,,,,,
,,0.0,0.015515,  InterPrediction::motionCompensation4Triangle,[96]
[238],0.15,0.0,0.015515,InterPrediction::weightedTriangleBlk,[238]
,,0.0,0.015515,  InterpolationFilter::weightedTriangleBlk,[239]
,,,,,
,,0.0,0.015515,  InterPrediction::weightedTriangleBlk,[238]
[239],0.15,0.0,0.015515,InterpolationFilter::weightedTriangleBlk,[239]
,,0.015515,0.0,  xWeightedTriangleBlk_SSE<4>,[240]
,,,,,
,,0.015515,0.0,  InterpolationFilter::weightedTriangleBlk,[239]
[240],0.15,0.015515,0.0,xWeightedTriangleBlk_SSE<4>,[240]
,,,,,
,,0.015515,0.0,  CodingStructure::getBuf,[130]
[241],0.15,0.015515,0.0,UnitBuf<short>::UnitBuf<short>,[241]
,,,,,
,,0.015514,0.0,  AreaBuf<short>::copyFrom,[41]
[242],0.15,0.015514,0.0,[Import thunk memcpy],[242]
,,,,,
,,0.0,0.015513,  CABACReader::prediction_unit,[85]
[243],0.15,0.0,0.015513,CABACReader::mvd_coding,[243]
,,0.015513,0.0,  TBinDecoder<class BinProbModel_Std>::decodeBin,[72]
,,,,,
,,0.0,0.015512,  CABACReader::coding_tree <cycle 1>,[22]
[244],0.15,0.0,0.015512,CodingStructure::addCU,[244]
,,0.015512,0.0,  AreaBuf<unsigned int>::fill,[131]
,,,,,
,,0.015512,0.0,  PU::getIntraMPMs,[188]
[245],0.15,0.015512,0.0,CU::isSameCtu,[245]
,,,,,
,,0.0,0.015511,  CABACReader::cu_residual,[27]
[246],0.15,0.0,0.015511,CABACReader::sbt_mode,[246]
,,0.015511,0.0,  CodingUnit::setSbtIdx,[247]
,,,,,
,,0.015511,0.0,  CABACReader::sbt_mode,[246]
[247],0.15,0.015511,0.0,CodingUnit::setSbtIdx,[247]
,,,,,
,,0.015511,0.0,  InterPrediction::xPredInterBi,[17]
[248],0.15,0.015511,0.0,CU::isInter,[248]
,,,,,
,,0.015510,0.0,  LoopFilter::xDeblockCU,[16]
[249],0.15,0.015510,0.0,LoopFilter::xSetMaxFilterLengthPQForCodingSubBlocks,[249]
,,,,,
,,0.015510,0.0,  CABACReader::prediction_unit,[85]
[250],0.15,0.015510,0.0,CABACReader::merge_idx,[250]
,,,,,
,,0.0,0.015509,  InterpolationFilter::filterVer<8>,[64]
[251],0.15,0.0,0.015509,"simdFilter<4,8,1,1,0>",[251]
,,0.015509,0.0,"  simdInterpolateVerM4<4,8,0>",[99]
,,,,,
,,0.015509,0.0,  TrQuant::xIT,[37]
[252],0.15,0.015509,0.0,fastInverseDCT8_B32,[252]
,,,,,
,,0.0,0.015508,  Picture::destroyTempBuffers,[254]
[253],0.15,0.0,0.015508,PelStorage::destroy,[253]
,,0.015508,0.0,  aligned_free,[89]
,,,,,
,,0.0,0.015508,  DecLib::finishPicture,[80]
[254],0.15,0.0,0.015508,Picture::destroyTempBuffers,[254]
,,0.0,0.015508,  PelStorage::destroy,[253]
,,,,,
,,0.015507,0.0,  PredictionUnit::getMotionBuf,[256]
[255],0.15,0.015507,0.0,CodingStructure::getMotionBuf,[255]
,,,,,
,,0.0,0.015507,  PU::spanMotionInfo,[115]
[256],0.15,0.0,0.015507,PredictionUnit::getMotionBuf,[256]
,,0.015507,0.0,  CodingStructure::getMotionBuf,[255]
,,,,,
,,0.015502,0.0,  PU::getAffineMergeCand,[78]
[257],0.15,0.015502,0.0,PredictionUnit::getMotionInfo,[257]
,,,,,
,,0.015502,0.0,  CABACReader::residual_coding,[53]
[258],0.15,0.015502,0.0,CABACReader::mts_coding,[258]
,,,,,
,,0.015498,0.0,"  simdFilter<4,4,0,1,0>",[75]
[259],0.15,0.015498,0.0,"simdInterpolateHorM8_AVX2<4,4,0>",[259]
,,,,,
,,0.015498,0.0,  QTBTPartitioner::canSplit,[145]
[260],0.15,0.015498,0.0,QTBTPartitioner::getImplicitSplit,[260]
,,,,,
,,0.0,0.015494,  CodingStructure::setDecomp,[263]
[261],0.15,0.0,0.015494,AreaBuf<bool>::fill,[261]
,,0.015494,0.0,  memset,[36]
,,,,,
,,0.0,0.015494,  DecCu::xReconInter,[11]
[262],0.15,0.0,0.015494,CodingStructure::setDecomp,[262]
,,0.0,0.015494,  CodingStructure::setDecomp,[263]
,,,,,
,,0.0,0.015494,  CodingStructure::setDecomp,[262]
[263],0.15,0.0,0.015494,CodingStructure::setDecomp,[263]
,,0.0,0.015494,  AreaBuf<bool>::fill,[261]
,,,,,
,,0.0,0.015494,  DecCu::xIntraRecBlk,[55]
[264],0.15,0.0,0.015494,IntraPrediction::initIntraMip,[264]
,,0.015494,0.0,  MatrixIntraPrediction::prepareInputForPred,[265]
,,,,,
,,0.015494,0.0,  IntraPrediction::initIntraMip,[264]
[265],0.15,0.015494,0.0,MatrixIntraPrediction::prepareInputForPred,[265]
,,,,,
,,0.015469,0.0,  DecCu::xIntraRecBlk,[55]
[266],0.15,0.015469,0.0,CodingStructure::getPU,[266]
,,,,,
,,0.0,0.015469,  InterpolationFilter::filterHor<8>,[52]
[267],0.15,0.0,0.015469,"simdFilter<4,8,0,1,1>",[267]
,,0.015469,0.0,"  simdInterpolateHorM8_AVX2<4,8,1>",[268]
,,,,,
,,0.015469,0.0,"  simdFilter<4,8,0,1,1>",[267]
[268],0.15,0.015469,0.0,"simdInterpolateHorM8_AVX2<4,8,1>",[268]
,,,,,
,,0.0,0.012199,  main,[4]
[269],0.12,0.0,0.012199,DecApp::`scalar deleting destructor',[269]
,,0.0,0.012199,  DecLib::~DecLib,[270]
,,,,,
,,0.0,0.012199,  DecApp::`scalar deleting destructor',[269]
[270],0.12,0.0,0.012199,DecLib::~DecLib,[270]
,,0.0,0.012199,  TrQuant::~TrQuant,[271]
,,,,,
,,0.0,0.012199,  DecLib::~DecLib,[270]
[271],0.12,0.0,0.012199,TrQuant::~TrQuant,[271]
,,0.0,0.012199,  DepQuant::`scalar deleting destructor',[88]
,,,,,
,,0.008499,0.0,  DecApp::decode,[5]
[272],0.08,0.008499,0.0,"std::basic_ifstream<char,struct std::char_traits<char> >::basic_ifstream<char,struct std::char_traits<char> >",[272]
,,,,,
,,0.0,0.007791,  DecLib::xActivateParameterSets,[47]
[273],0.08,0.0,0.007791,AdaptiveLoopFilter::create,[273]
,,0.0,0.007791,  operator new,[70]
,,,,,
,,0.002828,0.0,  initterm,[275]
[274],0.03,0.002828,0.0,`dynamic initializer for 'g_reusedUniMVs'',[274]
,,,,,
,,0.0,0.002828,  _scrt_common_main_seh,[3]
[275],0.03,0.0,0.002828,initterm,[275]
,,0.002828,0.0,  `dynamic initializer for 'g_reusedUniMVs'',[274]
,,,,,


Index by function name

Index,Function
[18],AdaptiveLoopFilter::ALFProcess
[273],AdaptiveLoopFilter::create
[90],AdaptiveLoopFilter::deriveClassification
[216],Area::contains
[261],AreaBuf<bool>::fill
[63],AreaBuf<int>::fill
[190],AreaBuf<short>::addAvg
[94],AreaBuf<short>::addWeightedAvg
[58],AreaBuf<short>::copyClip
[41],AreaBuf<short>::copyFrom
[97],AreaBuf<short>::fill
[227],AreaBuf<short>::linearTransform
[129],AreaBuf<struct MotionInfo>::fill
[131],AreaBuf<unsigned int>::fill
[1],BaseThreadInitThunk
[138],BinProbModel_Std::update
[226],CABACReader::affine_amvr_mode
[160],CABACReader::cbf_comp
[22],CABACReader::coding_tree
[20],CABACReader::coding_tree_unit
[23],CABACReader::coding_unit
[87],CABACReader::cu_pred_data
[27],CABACReader::cu_residual
[193],CABACReader::cu_skip_flag
[231],CABACReader::end_of_ctu
[187],CABACReader::intra_luma_pred_modes
[172],CABACReader::last_sig_coeff
[163],CABACReader::merge_data
[250],CABACReader::merge_idx
[258],CABACReader::mts_coding
[243],CABACReader::mvd_coding
[85],CABACReader::prediction_unit
[53],CABACReader::residual_coding
[170],CABACReader::residual_codingTS
[76],CABACReader::residual_coding_subblock
[171],CABACReader::residual_coding_subblockTS
[246],CABACReader::sbt_mode
[93],CABACReader::split_cu_mode
[164],CABACReader::subblock_merge_flag
[29],CABACReader::transform_tree
[50],CABACReader::transform_unit
[212],CS::getArea
[120],CS::setRefinedMotionField
[248],CU::isInter
[207],CU::isLosslessCoded
[245],CU::isSameCtu
[235],CU::isSameSliceAndTile
[114],CU::traversePUs
[147],CU::traverseTUs
[244],CodingStructure::addCU
[230],CodingStructure::addMiToLut
[116],CodingStructure::addPU
[118],CodingStructure::addTU
[153],CodingStructure::clearTUs
[100],CodingStructure::destroyCoeffs
[130],CodingStructure::getBuf
[92],CodingStructure::getBuf
[178],CodingStructure::getCU
[65],CodingStructure::getCU
[144],CodingStructure::getCURestricted
[255],CodingStructure::getMotionBuf
[167],CodingStructure::getMotionInfo
[266],CodingStructure::getPU
[192],CodingStructure::getPredBuf
[121],CodingStructure::getRecoBuf
[173],CodingStructure::getResiBuf
[177],CodingStructure::getResiBuf
[62],CodingStructure::getTU
[134],CodingStructure::initStructData
[211],CodingStructure::releaseIntermediateData
[262],CodingStructure::setDecomp
[263],CodingStructure::setDecomp
[168],CodingStructure::traverseCUs
[247],CodingUnit::setSbtIdx
[219],CoeffCodingContext::CoeffCodingContext
[185],CoeffCodingContext::initSubblock
[221],CoeffCodingContext::lrg1CtxIdAbsTS
[155],CoeffCodingContext::sigCtxIdAbs
[224],DQIntern::DepQuant::dequant
[79],DQIntern::Quantizer::dequantBlock
[269],DecApp::`scalar deleting destructor'
[5],DecApp::decode
[38],DecApp::xWriteOutput
[10],DecCu::decompressCtu
[31],DecCu::xDecodeInterTU
[32],DecCu::xDecodeInterTexture
[49],DecCu::xDeriveCUMV
[55],DecCu::xIntraRecBlk
[56],DecCu::xIntraRecQT
[11],DecCu::xReconInter
[57],DecCu::xReconIntraQT
[6],DecLib::decode
[9],DecLib::executeLoopFilters
[80],DecLib::finishPicture
[47],DecLib::xActivateParameterSets
[7],DecLib::xDecodeSlice
[270],DecLib::~DecLib
[8],DecSlice::decompressSlice
[82],DepQuant::DepQuant
[88],DepQuant::`scalar deleting destructor'
[74],DepQuant::dequant
[194],DeriveCtx::CtxSkipFlag
[159],DeriveCtx::CtxSplit
[149],InputByteStream::eofBeforeNBytes
[14],InterPrediction::motionCompensation
[15],InterPrediction::motionCompensation
[96],InterPrediction::motionCompensation4Triangle
[165],InterPrediction::resetVPDUforIBC
[238],InterPrediction::weightedTriangleBlk
[175],InterPrediction::xApplyBiPROF
[124],InterPrediction::xFillIBCBuffer
[25],InterPrediction::xPredAffineBlk
[17],InterPrediction::xPredInterBi
[34],InterPrediction::xPredInterBlk
[19],InterPrediction::xPredInterUni
[136],InterPrediction::xSubPuMC
[54],InterPrediction::xWeightedAverage
[68],"InterpolationFilter::filterCopy<1,0>"
[107],"InterpolationFilter::filterCopy<1,1>"
[26],InterpolationFilter::filterHor
[71],InterpolationFilter::filterHor<4>
[52],InterpolationFilter::filterHor<8>
[42],InterpolationFilter::filterVer
[86],InterpolationFilter::filterVer<4>
[64],InterpolationFilter::filterVer<8>
[239],InterpolationFilter::weightedTriangleBlk
[222],IntraPrediction::geneIntrainterPred
[220],IntraPrediction::geneWeightedPred
[264],IntraPrediction::initIntraMip
[128],IntraPrediction::initIntraPatternChType
[119],IntraPrediction::predIntraAng
[146],IntraPrediction::xFillReferenceSamples
[184],IntraPrediction::xPredIntraAng
[195],IntraPrediction::xPredIntraPlanar
[12],LoopFilter::loopFilterPic
[16],LoopFilter::xDeblockCU
[102],LoopFilter::xEdgeFilterChroma
[33],LoopFilter::xEdgeFilterLuma
[35],LoopFilter::xGetBoundaryStrengthSingle
[225],LoopFilter::xPelFilterChroma
[46],LoopFilter::xPelFilterLuma
[154],LoopFilter::xSetEdgefilterMultiple
[196],LoopFilter::xSetLoopfilterParam
[249],LoopFilter::xSetMaxFilterLengthPQForCodingSubBlocks
[104],LoopFilter::xSetMaxFilterLengthPQFromTransformSizes
[213],LoopFilter::xUseStrongFiltering
[265],MatrixIntraPrediction::prepareInputForPred
[162],PU::addMergeHMVPCand
[208],PU::checkDMVRCondition
[234],PU::fillAffineMvpCand
[78],PU::getAffineMergeCand
[206],PU::getColocatedMVP
[122],PU::getInterMergeCandidates
[81],PU::getInterMergeSubPuMvpCand
[188],PU::getIntraMPMs
[174],PU::getTriangleMergeCandidates
[113],PU::setAllAffineMv
[143],PU::setAllAffineMvField
[115],PU::spanMotionInfo
[237],PU::xCheckSimilarMotion
[181],PartitionerImpl::getCUSubPartitions
[253],PelStorage::destroy
[158],PelStorage::getBuf
[254],Picture::destroyTempBuffers
[139],Picture::extendPicBorder
[135],Picture::finalInit
[202],Picture::getBuf
[215],Picture::getBuf
[203],Picture::getRecoBuf
[161],Picture::getRecoBuf
[256],PredictionUnit::getMotionBuf
[257],PredictionUnit::getMotionInfo
[186],PredictionUnit::initData
[214],QTBTPartitioner::canSplit
[145],QTBTPartitioner::canSplit
[260],QTBTPartitioner::getImplicitSplit
[117],QTBTPartitioner::splitCurrArea
[126],Quant::Quant
[148],Quant::xDestroyScalingList
[127],Quant::xInitScalingList
[83],QuantRDOQ::QuantRDOQ
[111],QuantRDOQ::xDestroyScalingList
[110],QuantRDOQ::xInitScalingList
[112],QuantRDOQ::~QuantRDOQ
[2],RtlUserThreadStart
[48],SampleAdaptiveOffset::SAOProcess
[66],SampleAdaptiveOffset::offsetBlock
[67],SampleAdaptiveOffset::offsetCTU
[140],Slice::constructRefPicList
[209],Slice::getWpScaling
[72],TBinDecoder<class BinProbModel_Std>::decodeBin
[132],TU::getCbf
[133],TU::getCbfAtDepth
[61],TrQuant::init
[30],TrQuant::invTransformNxN
[37],TrQuant::xIT
[271],TrQuant::~TrQuant
[137],UnitArea::UnitArea
[169],UnitArea::contains
[241],UnitBuf<short>::UnitBuf<short>
[191],UnitBuf<short>::addAvg
[95],UnitBuf<short>::addWeightedAvg
[59],UnitBuf<short>::copyClip
[45],UnitBuf<short>::copyFrom
[166],UnitBuf<short>::fill
[228],UnitBuf<short>::operator struct UnitBuf<short const >
[39],VideoIOYuv::write
[197],XUCache::~XUCache
[242],[Import thunk memcpy]
[223],_chkstk
[3],_scrt_common_main_seh
[109],_security_check_cookie
[274],`dynamic initializer for 'g_reusedUniMVs''
[89],aligned_free
[176],"applyBiPROF_SSE<4,1>"
[150],byteStreamNALUnit
[151],byteStreamNALUnit
[156],clipColPos
[125],deriveScaledMotionTemporal
[198],dynamic_cache<struct CodingUnit>::deleteEntries
[199],exit
[106],fastInverseDCT2_B16
[98],fastInverseDCT2_B32
[103],fastInverseDCT2_B64
[183],fastInverseDCT2_B8
[252],fastInverseDCT8_B32
[141],fastInverseDST7_B16
[189],fastInverseDST7_B32
[84],free_base
[204],getSeisByType
[236],"gradFilter_SSE<4,0>"
[275],initterm
[229],isAvailableLeft
[4],main
[69],malloc_base
[44],memcpy
[36],memset
[70],operator new
[91],simdDeriveClassificationBlk<4>
[43],simdFilter5x5Blk<4>
[24],simdFilter7x7Blk<4>
[75],"simdFilter<4,4,0,1,0>"
[217],"simdFilter<4,4,0,1,1>"
[101],"simdFilter<4,4,1,0,0>"
[210],"simdFilter<4,4,1,0,1>"
[232],"simdFilter<4,4,1,1,1>"
[60],"simdFilter<4,8,0,1,0>"
[267],"simdFilter<4,8,0,1,1>"
[73],"simdFilter<4,8,1,0,0>"
[157],"simdFilter<4,8,1,0,1>"
[251],"simdFilter<4,8,1,1,0>"
[105],"simdInterpolateHorM4<4,4,0>"
[218],"simdInterpolateHorM4<4,4,1>"
[77],"simdInterpolateHorM4<4,8,0>"
[259],"simdInterpolateHorM8_AVX2<4,4,0>"
[123],"simdInterpolateHorM8_AVX2<4,8,0>"
[268],"simdInterpolateHorM8_AVX2<4,8,1>"
[108],"simdInterpolateVerM4<4,4,0>"
[233],"simdInterpolateVerM4<4,4,1>"
[99],"simdInterpolateVerM4<4,8,0>"
[142],"simdInterpolateVerM8_AVX2<4,8,0>"
[200],"simdInterpolateVerM8_AVX2<4,8,1>"
[179],"static_vector<struct PartLevel,15>::push_back"
[205],"std::_List_alloc<struct std::_List_base_types<class SEI *,class std::allocator<class SEI *> > >::_Buynode0"
[272],"std::basic_ifstream<char,struct std::char_traits<char> >::basic_ifstream<char,struct std::char_traits<char> >"
[152],"std::basic_istream<char,struct std::char_traits<char> >::get"
[51],"std::basic_ostream<char,struct std::char_traits<char> >::write"
[201],"std::deque<class Slice *,class std::allocator<class Slice *> >::begin"
[182],"std::vector<UnitArea,std::allocator<UnitArea> >::_Resize<<lambda_63dc83d50a1b614a535247b0b3d8cd3f> >"
[180],"std::vector<struct UnitArea,class std::allocator<struct UnitArea> >::operator="
[40],writePlane
[240],xWeightedTriangleBlk_SSE<4>
[21],<cycle 1>
[28],<cycle 2>
[13],<cycle 3>
