Index,% CPU Time:Total,CPU Time:Self,CPU Time:Children,Name,Index
,,0.0,7.179490,  RtlUserThreadStart,[2]
[1],100.0,0.0,7.179490,BaseThreadInitThunk,[1]
,,0.0,7.179490,  _scrt_common_main_seh,[3]
,,,,,
,,,,  <spontaneous>,
[2],100.0,0.0,7.179490,RtlUserThreadStart,[2]
,,0.0,7.179490,  BaseThreadInitThunk,[1]
,,,,,
,,0.0,7.179490,  BaseThreadInitThunk,[1]
[3],100.0,0.0,7.179490,_scrt_common_main_seh,[3]
,,0.0,0.009260,  initterm,[226]
,,0.0,7.170231,  main,[5]
,,,,,
,,0.0,7.170231,  main,[5]
[4],99.87,0.0,7.170231,DecApp::decode,[4]
,,0.0,0.013449,  DecApp::xDestroyDecLib,[222]
,,0.0,0.528540,  DecApp::xWriteOutput,[27]
,,0.0,3.816628,  DecLib::decode,[6]
,,0.0,2.702606,  DecLib::executeLoopFilters,[10]
,,0.0,0.109008,  DecLib::finishPicture,[76]
,,,,,
,,0.0,7.170231,  _scrt_common_main_seh,[3]
[5],99.87,0.0,7.170231,main,[5]
,,0.0,7.170231,  DecApp::decode,[4]
,,,,,
,,0.0,3.816628,  DecApp::decode,[4]
[6],53.16,0.0,3.816628,DecLib::decode,[6]
,,0.0,3.816628,  DecLib::xDecodeSlice,[7]
,,,,,
,,0.0,3.816628,  DecLib::decode,[6]
[7],53.16,0.0,3.816628,DecLib::xDecodeSlice,[7]
,,0.0,0.400301,  DecLib::xActivateParameterSets,[36]
,,0.0,3.385244,  DecSlice::decompressSlice,[8]
,,0.0,0.031084,  Slice::constructRefPicList,[139]
,,,,,
,,0.0,3.385244,  DecLib::xDecodeSlice,[7]
[8],47.15,0.0,3.385244,DecSlice::decompressSlice,[8]
,,0.015526,0.636854,  CABACReader::coding_tree_unit,[21]
,,0.0,0.015558,  CABACReader::initCtxModels,[179]
,,0.0,2.717306,  DecCu::decompressCtu,[9]
,,,,,
,,0.0,2.717306,  DecSlice::decompressSlice,[8]
[9],37.85,0.0,2.717306,DecCu::decompressCtu,[9]
,,0.031130,0.030988,  InterPrediction::xFillIBCBuffer,[110]
,,0.015498,2.173806,  DecCu::xReconInter,[11]
,,0.0,0.295179,  DecCu::xDeriveCUMV,[44]
,,0.0,0.124021,  DecCu::xReconIntraQT,[75]
,,0.0,0.046684,  InterPrediction::resetVPDUforIBC,[115]
,,,,,
,,0.0,2.702606,  DecApp::decode,[4]
[10],37.64,0.0,2.702606,DecLib::executeLoopFilters,[10]
,,0.015524,0.0,  CS::setRefinedMotionField,[194]
,,0.0,1.056757,  AdaptiveLoopFilter::ALFProcess,[18]
,,0.0,1.506037,  LoopFilter::loopFilterPic,[12]
,,0.0,0.124288,  SampleAdaptiveOffset::SAOProcess,[69]
,,,,,
,,0.015498,2.173806,  DecCu::decompressCtu,[9]
[11],30.49,0.015498,2.173806,DecCu::xReconInter,[11]
,,0.031131,0.0,  PU::spanTriangleMotionInfo,[135]
,,0.0,0.015515,  CodingStructure::getResiBuf,[200]
,,0.0,0.046608,  CodingStructure::setDecomp,[120]
,,0.0,0.403582,  DecCu::xDecodeInterTexture,[35]
,,0.0,1.211433,  InterPrediction::motionCompensation,[15]
,,0.0,0.031047,  InterPrediction::motionCompensation4Triangle,[144]
,,0.0,0.062145,  IntraPrediction::geneIntrainterPred,[106]
,,0.0,0.310295,  UnitBuf<short>::copyClip,[39]
,,0.0,0.046590,  UnitBuf<short>::copyFrom,[50]
,,0.0,0.015460,  UnitBuf<short>::reconstruct,[219]
,,,,,
,,0.0,1.506037,  DecLib::executeLoopFilters,[10]
[12],20.98,0.0,1.506037,LoopFilter::loopFilterPic,[12]
,,0.124337,0.0,  memset,[32]
,,0.062149,1.241851,  LoopFilter::xDeblockCU,[13]
,,0.031110,0.046589,  CodingStructure::traverseCUs,[92]
,,,,,
,,0.062149,1.241851,  LoopFilter::loopFilterPic,[12]
[13],18.16,0.062149,1.241851,LoopFilter::xDeblockCU,[13]
,,0.372462,0.279682,  LoopFilter::xGetBoundaryStrengthSingle,[22]
,,0.108616,0.201605,  LoopFilter::xEdgeFilterLuma,[41]
,,0.077750,0.031040,  LoopFilter::xEdgeFilterChroma,[78]
,,0.030992,0.0,  LoopFilter::xSetMaxFilterLengthPQForCodingSubBlocks,[156]
,,0.015567,0.108609,  LoopFilter::xSetMaxFilterLengthPQFromTransformSizes,[71]
,,0.015527,0.0,  CU::traverseTUs,[192]
,,,,,
,,0.0,0.031047,  InterPrediction::motionCompensation4Triangle,[144]
,,0.031054,1.180379,  InterPrediction::motionCompensation,[15]
[14],17.31,0.031054,1.211426,<cycle 3 as a whole>,[14]
,,0.015533,0.046702,  InterPrediction::xSubPuMC <cycle 3>,[103]
,,0.015521,1.164725,  InterPrediction::motionCompensation <cycle 3>,[16]
,,,,,
,,0.0,1.211433,  DecCu::xReconInter,[11]
[15],16.87,0.0,1.211433,InterPrediction::motionCompensation,[15]
,,0.031054,1.180379,  InterPrediction::motionCompensation <cycle 3>,[16]
,,,,,
,,0.0,0.031047,  InterPrediction::motionCompensation4Triangle,[144]
,,,,  InterPrediction::xSubPuMC <cycle 3>,[103]
,,0.031054,1.180379,  InterPrediction::motionCompensation,[15]
[16],16.44,0.015521,1.164725,InterPrediction::motionCompensation <cycle 3>,[16]
,,0.015525,0.947260,  InterPrediction::xPredInterBi,[19]
,,0.0,0.201940,  InterPrediction::xPredInterUni,[17]
,,,,  InterPrediction::xSubPuMC <cycle 3>,[103]
,,,,,
,,0.0,0.201940,  InterPrediction::motionCompensation <cycle 3>,[16]
,,0.0,0.916106,  InterPrediction::xPredInterBi,[19]
[17],15.57,0.0,1.118046,InterPrediction::xPredInterUni,[17]
,,0.170934,0.341698,  InterPrediction::xPredAffineBlk,[30]
,,0.0,0.605414,  InterPrediction::xPredInterBlk,[25]
,,,,,
,,0.0,1.056757,  DecLib::executeLoopFilters,[10]
[18],14.72,0.0,1.056757,AdaptiveLoopFilter::ALFProcess,[18]
,,0.636917,0.031186,  simdFilter7x7Blk<4>,[20]
,,0.062237,0.0,  simdFilter5x5Blk<4>,[102]
,,0.0,0.201955,  AdaptiveLoopFilter::deriveClassification,[55]
,,0.0,0.124462,  UnitBuf<short>::copyFrom,[50]
,,,,,
,,0.015525,0.947260,  InterPrediction::motionCompensation <cycle 3>,[16]
[19],13.41,0.015525,0.947260,InterPrediction::xPredInterBi,[19]
,,0.0,0.916106,  InterPrediction::xPredInterUni,[17]
,,0.0,0.031154,  InterPrediction::xWeightedAverage,[133]
,,,,,
,,0.636917,0.031186,  AdaptiveLoopFilter::ALFProcess,[18]
[20],9.31,0.636917,0.031186,simdFilter7x7Blk<4>,[20]
,,0.031186,0.0,  _security_check_cookie,[89]
,,,,,
,,0.015526,0.636854,  DecSlice::decompressSlice,[8]
[21],9.09,0.015526,0.636854,CABACReader::coding_tree_unit,[21]
,,0.015608,0.0,  CS::isDualITree,[137]
,,0.0,0.621246,  CABACReader::coding_tree <cycle 2>,[24]
,,,,,
,,0.372462,0.279682,  LoopFilter::xDeblockCU,[13]
[22],9.08,0.372462,0.279682,LoopFilter::xGetBoundaryStrengthSingle,[22]
,,0.155326,0.0,  CodingStructure::getCU,[58]
,,0.046625,0.015572,  CodingStructure::getTU,[60]
,,0.031076,0.0,  CodingStructure::getMotionInfo,[141]
,,0.015470,0.0,  _security_check_cookie,[89]
,,0.0,0.015612,  TU::getCbf,[165]
,,,,,
,,0.0,0.621246,  CABACReader::coding_tree_unit,[21]
[23],8.65,0.0,0.621246,<cycle 2 as a whole>,[23]
,,0.0,0.621246,  CABACReader::coding_tree <cycle 2>,[24]
,,,,,
,,,,  CABACReader::coding_tree <cycle 2>,[24]
,,0.0,0.621246,  CABACReader::coding_tree_unit,[21]
[24],8.65,0.0,0.621246,CABACReader::coding_tree <cycle 2>,[24]
,,,,  CABACReader::coding_tree <cycle 2>,[24]
,,0.0,0.496991,  CABACReader::coding_unit,[31]
,,0.0,0.046539,  CABACReader::split_cu_mode,[128]
,,0.0,0.077715,  CodingStructure::addCU,[90]
,,,,,
,,0.0,0.605414,  InterPrediction::xPredInterUni,[17]
[25],8.43,0.0,0.605414,InterPrediction::xPredInterBlk,[25]
,,0.015526,0.201736,  InterpolationFilter::filterVer,[45]
,,0.0,0.372642,  InterpolationFilter::filterHor,[26]
,,0.0,0.015509,  Picture::getRecoBuf,[203]
,,,,,
,,0.0,0.186457,  InterPrediction::xPredAffineBlk,[30]
,,0.0,0.372642,  InterPrediction::xPredInterBlk,[25]
[26],7.79,0.0,0.559099,InterpolationFilter::filterHor,[26]
,,0.170825,0.0,"  InterpolationFilter::filterCopy<1,1>",[59]
,,0.031042,0.0,"  InterpolationFilter::filterCopy<1,0>",[146]
,,0.031030,0.217456,  InterpolationFilter::filterHor<8>,[49]
,,0.015554,0.0,"  simdFilterCopy<4,1,1>",[182]
,,0.0,0.093193,  InterpolationFilter::filterHor<4>,[82]
,,,,,
,,0.0,0.528540,  DecApp::decode,[4]
[27],7.36,0.0,0.528540,DecApp::xWriteOutput,[27]
,,0.0,0.528540,  VideoIOYuv::write,[28]
,,,,,
,,0.0,0.528540,  DecApp::xWriteOutput,[27]
[28],7.36,0.0,0.528540,VideoIOYuv::write,[28]
,,0.233006,0.295534,  writePlane,[29]
,,,,,
,,0.233006,0.295534,  VideoIOYuv::write,[28]
[29],7.36,0.233006,0.295534,writePlane,[29]
,,0.295534,0.0,"  std::basic_ostream<char,struct std::char_traits<char> >::write",[42]
,,,,,
,,0.170934,0.341698,  InterPrediction::xPredInterUni,[17]
[30],7.14,0.170934,0.341698,InterPrediction::xPredAffineBlk,[30]
,,0.031052,0.046624,  InterpolationFilter::filterVer,[45]
,,0.015553,0.015545,  AreaBuf<short>::copyFrom,[43]
,,0.015505,0.0,  roundAffineMv,[207]
,,0.015485,0.0,  applyPROF_SSE<4>,[213]
,,0.015476,0.0,"  gradFilter_SSE<4,0>",[215]
,,0.0,0.186457,  InterpolationFilter::filterHor,[26]
,,,,,
,,0.0,0.496991,  CABACReader::coding_tree <cycle 2>,[24]
[31],6.92,0.0,0.496991,CABACReader::coding_unit,[31]
,,0.015558,0.031012,  CodingStructure::addTU,[126]
,,0.015532,0.015506,  CABACReader::cu_skip_flag,[149]
,,0.015464,0.015520,  CodingStructure::addPU,[157]
,,0.0,0.031163,  CABACReader::cu_pred_data,[132]
,,0.0,0.310628,  CABACReader::cu_residual,[40]
,,0.0,0.046609,  CABACReader::prediction_unit,[104]
,,,,,
,,0.015474,0.0,  AreaBuf<struct MotionInfo>::fill,[125]
,,0.015541,0.0,  DQIntern::Quantizer::dequantBlock,[93]
,,0.015615,0.0,  CodingStructure::clearPUs,[163]
,,0.031115,0.0,  CodingStructure::clearTUs,[136]
,,0.031132,0.0,  CodingStructure::clearCUs,[134]
,,0.046629,0.0,  AreaBuf<short>::fill,[81]
,,0.046694,0.0,  CodingStructure::initStructData,[80]
,,0.124337,0.0,  LoopFilter::loopFilterPic,[12]
,,0.139853,0.0,  AreaBuf<int>::fill,[67]
[32],6.5,0.466390,0.0,memset,[32]
,,,,,
,,0.0,0.372488,  DecCu::xDecodeInterTU,[34]
,,0.0,0.077504,  DecCu::xIntraRecBlk,[73]
[33],6.27,0.0,0.449992,TrQuant::invTransformNxN,[33]
,,0.015510,0.356804,  TrQuant::xIT,[37]
,,0.0,0.077678,  DepQuant::dequant,[94]
,,,,,
,,0.0,0.403582,  DecCu::xDecodeInterTexture,[35]
[34],5.62,0.0,0.403582,DecCu::xDecodeInterTU,[34]
,,0.0,0.031094,  CodingStructure::getResiBuf,[127]
,,0.0,0.372488,  TrQuant::invTransformNxN,[33]
,,,,,
,,0.0,0.403582,  DecCu::xReconInter,[11]
[35],5.62,0.0,0.403582,DecCu::xDecodeInterTexture,[35]
,,0.0,0.403582,  DecCu::xDecodeInterTU,[34]
,,,,,
,,0.0,0.400301,  DecLib::xDecodeSlice,[7]
[36],5.58,0.0,0.400301,DecLib::xActivateParameterSets,[36]
,,0.0,0.015604,  CodingStructure::createCoeffs,[167]
,,0.0,0.108954,  Picture::finalInit,[77]
,,0.0,0.015629,  SampleAdaptiveOffset::create,[162]
,,0.0,0.260114,  TrQuant::init,[48]
,,,,,
,,0.015510,0.356804,  TrQuant::invTransformNxN,[33]
[37],5.19,0.015510,0.356804,TrQuant::xIT,[37]
,,0.155294,0.0,  fastInverseDCT2_B64,[65]
,,0.093139,0.0,  fastInverseDCT2_B16,[85]
,,0.046494,0.0,  fastInverseDST7_B16,[130]
,,0.031026,0.0,  fastInverseDCT2_B32,[151]
,,0.015390,0.0,  fastInverseDST7_B32,[221]
,,0.0,0.015461,  fastInverseDST7_B8,[217]
,,,,,
,,0.341449,0.0,  UnitBuf<short>::copyClip,[39]
[38],4.76,0.341449,0.0,AreaBuf<short>::copyClip,[38]
,,,,,
,,0.0,0.310295,  DecCu::xReconInter,[11]
,,0.0,0.031154,  InterPrediction::xWeightedAverage,[133]
[39],4.76,0.0,0.341449,UnitBuf<short>::copyClip,[39]
,,0.341449,0.0,  AreaBuf<short>::copyClip,[38]
,,,,,
,,0.0,0.310628,  CABACReader::coding_unit,[31]
[40],4.33,0.0,0.310628,CABACReader::cu_residual,[40]
,,0.0,0.015501,  CABACReader::residual_lfnst_mode,[209]
,,0.0,0.015516,  CABACReader::sbt_mode,[197]
,,0.0,0.279611,  CABACReader::transform_tree <cycle 1>,[47]
,,,,,
,,0.108616,0.201605,  LoopFilter::xDeblockCU,[13]
[41],4.32,0.108616,0.201605,LoopFilter::xEdgeFilterLuma,[41]
,,0.155226,0.030828,  LoopFilter::xPelFilterLuma,[57]
,,0.015551,0.0,  CodingStructure::getCU,[58]
,,,,,
,,0.295534,0.0,  writePlane,[29]
[42],4.12,0.295534,0.0,"std::basic_ostream<char,struct std::char_traits<char> >::write",[42]
,,,,,
,,0.015553,0.015545,  InterPrediction::xPredAffineBlk,[30]
,,0.015635,0.217634,  UnitBuf<short>::copyFrom,[50]
,,0.030988,0.0,  InterPrediction::xFillIBCBuffer,[110]
[43],4.11,0.062176,0.233179,AreaBuf<short>::copyFrom,[43]
,,0.233179,0.0,  memcpy,[51]
,,,,,
,,0.0,0.295179,  DecCu::decompressCtu,[9]
[44],4.11,0.0,0.295179,DecCu::xDeriveCUMV,[44]
,,0.0,0.232968,  PU::getAffineMergeCand,[52]
,,0.0,0.046665,  PU::setAllAffineMvField,[118]
,,0.0,0.015546,  PU::spanMotionInfo,[105]
,,,,,
,,0.015526,0.201736,  InterPrediction::xPredInterBlk,[25]
,,0.031052,0.046624,  InterPrediction::xPredAffineBlk,[30]
[45],4.11,0.046579,0.248360,InterpolationFilter::filterVer,[45]
,,0.015542,0.108657,  InterpolationFilter::filterVer<8>,[70]
,,0.015507,0.108654,  InterpolationFilter::filterVer<4>,[72]
,,,,,
,,0.0,0.279611,  CABACReader::cu_residual,[40]
[46],3.89,0.0,0.279611,<cycle 1 as a whole>,[46]
,,0.0,0.279611,  CABACReader::transform_tree <cycle 1>,[47]
,,,,,
,,0.0,0.279611,  CABACReader::cu_residual,[40]
,,,,  CABACReader::transform_tree <cycle 1>,[47]
[47],3.89,0.0,0.279611,CABACReader::transform_tree <cycle 1>,[47]
,,0.015568,0.0,  QTBTPartitioner::splitCurrArea,[176]
,,0.015533,0.0,  TransformUnit::getCoeffs,[187]
,,0.015491,0.046537,  CABACReader::transform_unit,[114]
,,0.0,0.139853,  AreaBuf<int>::fill,[67]
,,0.0,0.046629,  AreaBuf<short>::fill,[81]
,,,,  CABACReader::transform_tree <cycle 1>,[47]
,,,,,
,,0.0,0.260114,  DecLib::xActivateParameterSets,[36]
[48],3.62,0.0,0.260114,TrQuant::init,[48]
,,0.0,0.166974,  DepQuant::DepQuant,[61]
,,0.0,0.093140,  DepQuant::`scalar deleting destructor',[84]
,,,,,
,,0.031030,0.217456,  InterpolationFilter::filterHor,[26]
[49],3.46,0.031030,0.217456,InterpolationFilter::filterHor<8>,[49]
,,0.0,0.217456,"  simdFilter<4,8,0,1,0>",[53]
,,,,,
,,0.0,0.124462,  AdaptiveLoopFilter::ALFProcess,[18]
,,0.0,0.046590,  DecCu::xReconInter,[11]
,,0.0,0.062218,  SampleAdaptiveOffset::SAOProcess,[69]
[50],3.25,0.0,0.233270,UnitBuf<short>::copyFrom,[50]
,,0.015635,0.217634,  AreaBuf<short>::copyFrom,[43]
,,,,,
,,0.233179,0.0,  AreaBuf<short>::copyFrom,[43]
[51],3.25,0.233179,0.0,memcpy,[51]
,,,,,
,,0.0,0.232968,  DecCu::xDeriveCUMV,[44]
[52],3.24,0.0,0.232968,PU::getAffineMergeCand,[52]
,,0.030996,0.170966,  PU::getInterMergeSubPuMvpCand,[54]
,,0.0,0.015474,  AreaBuf<struct MotionInfo>::fill,[125]
,,0.0,0.015531,  CodingStructure::getPURestricted,[189]
,,,,,
,,0.0,0.217456,  InterpolationFilter::filterHor<8>,[49]
[53],3.03,0.0,0.217456,"simdFilter<4,8,0,1,0>",[53]
,,0.139834,0.0,"  simdInterpolateHorM4<4,8,0>",[68]
,,0.077622,0.0,"  simdInterpolateHorM8_AVX2<4,8,0>",[98]
,,,,,
,,0.030996,0.170966,  PU::getAffineMergeCand,[52]
[54],2.81,0.030996,0.170966,PU::getInterMergeSubPuMvpCand,[54]
,,0.108814,0.031052,  deriveScaledMotionTemporal,[66]
,,0.031100,0.0,  AreaBuf<struct MotionInfo>::fill,[125]
,,,,,
,,0.0,0.201955,  AdaptiveLoopFilter::ALFProcess,[18]
[55],2.81,0.0,0.201955,AdaptiveLoopFilter::deriveClassification,[55]
,,0.201955,0.0,  simdDeriveClassificationBlk<4>,[56]
,,,,,
,,0.201955,0.0,  AdaptiveLoopFilter::deriveClassification,[55]
[56],2.81,0.201955,0.0,simdDeriveClassificationBlk<4>,[56]
,,,,,
,,0.155226,0.030828,  LoopFilter::xEdgeFilterLuma,[41]
[57],2.59,0.155226,0.030828,LoopFilter::xPelFilterLuma,[57]
,,0.0,0.030828,  LoopFilter::xFilteringPandQ,[160]
,,,,,
,,0.015551,0.0,  LoopFilter::xEdgeFilterLuma,[41]
,,0.155326,0.0,  LoopFilter::xGetBoundaryStrengthSingle,[22]
[58],2.38,0.170877,0.0,CodingStructure::getCU,[58]
,,,,,
,,0.170825,0.0,  InterpolationFilter::filterHor,[26]
[59],2.38,0.170825,0.0,"InterpolationFilter::filterCopy<1,1>",[59]
,,,,,
,,0.046625,0.015572,  LoopFilter::xGetBoundaryStrengthSingle,[22]
,,0.108609,0.0,  LoopFilter::xSetMaxFilterLengthPQFromTransformSizes,[71]
[60],2.38,0.155234,0.015572,CodingStructure::getTU,[60]
,,0.015572,0.0,  _security_check_cookie,[89]
,,,,,
,,0.0,0.166974,  TrQuant::init,[48]
[61],2.33,0.0,0.166974,DepQuant::DepQuant,[61]
,,0.0,0.166974,  QuantRDOQ::QuantRDOQ,[62]
,,,,,
,,0.0,0.166974,  DepQuant::DepQuant,[61]
[62],2.33,0.0,0.166974,QuantRDOQ::QuantRDOQ,[62]
,,0.0,0.089260,  Quant::Quant,[86]
,,0.0,0.077715,  QuantRDOQ::xInitScalingList,[91]
,,,,,
,,0.166974,0.0,  operator new,[64]
[63],2.33,0.166974,0.0,malloc_base,[63]
,,,,,
,,0.0,0.089260,  Quant::xInitScalingList,[87]
,,0.0,0.077715,  QuantRDOQ::xInitScalingList,[91]
[64],2.33,0.0,0.166974,operator new,[64]
,,0.166974,0.0,  malloc_base,[63]
,,,,,
,,0.155294,0.0,  TrQuant::xIT,[37]
[65],2.16,0.155294,0.0,fastInverseDCT2_B64,[65]
,,,,,
,,0.108814,0.031052,  PU::getInterMergeSubPuMvpCand,[54]
[66],1.95,0.108814,0.031052,deriveScaledMotionTemporal,[66]
,,0.015526,0.0,  roundMvComp,[193]
,,0.015526,0.0,  _security_check_cookie,[89]
,,,,,
,,0.0,0.139853,  CABACReader::transform_tree <cycle 1>,[47]
[67],1.95,0.0,0.139853,AreaBuf<int>::fill,[67]
,,0.139853,0.0,  memset,[32]
,,,,,
,,0.139834,0.0,"  simdFilter<4,8,0,1,0>",[53]
[68],1.95,0.139834,0.0,"simdInterpolateHorM4<4,8,0>",[68]
,,,,,
,,0.0,0.124288,  DecLib::executeLoopFilters,[10]
[69],1.73,0.0,0.124288,SampleAdaptiveOffset::SAOProcess,[69]
,,0.0,0.062070,  SampleAdaptiveOffset::offsetCTU,[113]
,,0.0,0.062218,  UnitBuf<short>::copyFrom,[50]
,,,,,
,,0.015542,0.108657,  InterpolationFilter::filterVer,[45]
[70],1.73,0.015542,0.108657,InterpolationFilter::filterVer<8>,[70]
,,0.015571,0.062066,"  simdFilter<4,8,1,0,0>",[97]
,,0.0,0.031021,"  simdFilter<4,8,1,1,0>",[152]
,,,,,
,,0.015567,0.108609,  LoopFilter::xDeblockCU,[13]
[71],1.73,0.015567,0.108609,LoopFilter::xSetMaxFilterLengthPQFromTransformSizes,[71]
,,0.108609,0.0,  CodingStructure::getTU,[60]
,,,,,
,,0.015507,0.108654,  InterpolationFilter::filterVer,[45]
[72],1.73,0.015507,0.108654,InterpolationFilter::filterVer<4>,[72]
,,0.031055,0.015541,"  simdFilter<4,4,1,0,0>",[122]
,,0.0,0.015497,"  simdFilter<4,4,1,0,1>",[210]
,,0.0,0.031046,"  simdFilter<4,4,1,1,0>",[145]
,,0.0,0.015515,"  simdFilter<4,4,1,1,1>",[198]
,,,,,
,,0.0,0.124021,  DecCu::xIntraRecQT,[74]
[73],1.73,0.0,0.124021,DecCu::xIntraRecBlk,[73]
,,0.0,0.015476,  CodingStructure::getResiBuf,[127]
,,0.0,0.031042,  IntraPrediction::initIntraPatternChType,[147]
,,0.0,0.077504,  TrQuant::invTransformNxN,[33]
,,,,,
,,0.0,0.124021,  DecCu::xReconIntraQT,[75]
[74],1.73,0.0,0.124021,DecCu::xIntraRecQT,[74]
,,0.0,0.124021,  DecCu::xIntraRecBlk,[73]
,,,,,
,,0.0,0.124021,  DecCu::decompressCtu,[9]
[75],1.73,0.0,0.124021,DecCu::xReconIntraQT,[75]
,,0.0,0.124021,  DecCu::xIntraRecQT,[74]
,,,,,
,,0.0,0.109008,  DecApp::decode,[4]
[76],1.52,0.0,0.109008,DecLib::finishPicture,[76]
,,0.015560,0.0,  free_base,[79]
,,0.0,0.015563,  CodingStructure::clearCUs,[134]
,,0.0,0.062271,  CodingStructure::destroyCoeffs,[101]
,,0.0,0.015615,  CodingStructure::releaseIntermediateData,[164]
,,,,,
,,0.0,0.108954,  DecLib::xActivateParameterSets,[36]
[77],1.52,0.0,0.108954,Picture::finalInit,[77]
,,0.0,0.015575,  CodingStructure::create,[172]
,,0.0,0.093379,  CodingStructure::initStructData,[80]
,,,,,
,,0.077750,0.031040,  LoopFilter::xDeblockCU,[13]
[78],1.52,0.077750,0.031040,LoopFilter::xEdgeFilterChroma,[78]
,,0.015536,0.0,  LoopFilter::xPelFilterChroma,[186]
,,0.0,0.015504,  CodingStructure::getRecoBuf,[208]
,,,,,
,,0.015560,0.0,  DecLib::finishPicture,[76]
,,0.031013,0.0,  Quant::xDestroyScalingList,[153]
,,0.062128,0.0,  QuantRDOQ::xDestroyScalingList,[108]
[79],1.51,0.108700,0.0,free_base,[79]
,,,,,
,,0.0,0.093379,  Picture::finalInit,[77]
[80],1.3,0.0,0.093379,CodingStructure::initStructData,[80]
,,0.046694,0.0,  memset,[32]
,,0.0,0.015570,  CodingStructure::clearCUs,[134]
,,0.0,0.031115,  CodingStructure::clearTUs,[136]
,,,,,
,,0.0,0.046629,  CABACReader::transform_tree <cycle 1>,[47]
,,0.046684,0.0,  UnitBuf<short>::fill,[116]
[81],1.3,0.046684,0.046629,AreaBuf<short>::fill,[81]
,,0.046629,0.0,  memset,[32]
,,,,,
,,0.0,0.093193,  InterpolationFilter::filterHor,[26]
[82],1.3,0.0,0.093193,InterpolationFilter::filterHor<4>,[82]
,,0.015519,0.077674,"  simdFilter<4,4,0,1,0>",[83]
,,,,,
,,0.015519,0.077674,  InterpolationFilter::filterHor<4>,[82]
[83],1.3,0.015519,0.077674,"simdFilter<4,4,0,1,0>",[83]
,,0.077674,0.0,"  simdInterpolateHorM4<4,4,0>",[95]
,,,,,
,,0.0,0.093140,  TrQuant::init,[48]
[84],1.3,0.0,0.093140,DepQuant::`scalar deleting destructor',[84]
,,0.0,0.031013,  Quant::xDestroyScalingList,[153]
,,0.0,0.062128,  QuantRDOQ::~QuantRDOQ,[109]
,,,,,
,,0.093139,0.0,  TrQuant::xIT,[37]
[85],1.3,0.093139,0.0,fastInverseDCT2_B16,[85]
,,,,,
,,0.0,0.089260,  QuantRDOQ::QuantRDOQ,[62]
[86],1.24,0.0,0.089260,Quant::Quant,[86]
,,0.0,0.089260,  Quant::xInitScalingList,[87]
,,,,,
,,0.0,0.089260,  Quant::Quant,[86]
[87],1.24,0.0,0.089260,Quant::xInitScalingList,[87]
,,0.0,0.089260,  operator new,[64]
,,,,,
,,0.015629,0.0,  PelStorage::destroy,[161]
,,0.062271,0.0,  CodingStructure::destroyCoeffs,[101]
[88],1.09,0.077900,0.0,aligned_free,[88]
,,,,,
,,0.015470,0.0,  LoopFilter::xGetBoundaryStrengthSingle,[22]
,,0.015526,0.0,  deriveScaledMotionTemporal,[66]
,,0.015572,0.0,  CodingStructure::getTU,[60]
,,0.031186,0.0,  simdFilter7x7Blk<4>,[20]
[89],1.08,0.077754,0.0,_security_check_cookie,[89]
,,,,,
,,0.0,0.077715,  CABACReader::coding_tree <cycle 2>,[24]
[90],1.08,0.0,0.077715,CodingStructure::addCU,[90]
,,0.046634,0.0,  AreaBuf<unsigned int>::fill,[96]
,,0.031081,0.0,  CodingUnit::initData,[140]
,,,,,
,,0.0,0.077715,  QuantRDOQ::QuantRDOQ,[62]
[91],1.08,0.0,0.077715,QuantRDOQ::xInitScalingList,[91]
,,0.0,0.077715,  operator new,[64]
,,,,,
,,0.031110,0.046589,  LoopFilter::loopFilterPic,[12]
[92],1.08,0.031110,0.046589,CodingStructure::traverseCUs,[92]
,,0.046589,0.0,  UnitArea::contains,[123]
,,,,,
,,0.062137,0.015541,  DepQuant::dequant,[94]
[93],1.08,0.062137,0.015541,DQIntern::Quantizer::dequantBlock,[93]
,,0.015541,0.0,  memset,[32]
,,,,,
,,0.0,0.077678,  TrQuant::invTransformNxN,[33]
[94],1.08,0.0,0.077678,DepQuant::dequant,[94]
,,0.062137,0.015541,  DQIntern::Quantizer::dequantBlock,[93]
,,,,,
,,0.077674,0.0,"  simdFilter<4,4,0,1,0>",[83]
[95],1.08,0.077674,0.0,"simdInterpolateHorM4<4,4,0>",[95]
,,,,,
,,0.031012,0.0,  CodingStructure::addTU,[126]
,,0.046634,0.0,  CodingStructure::addCU,[90]
[96],1.08,0.077646,0.0,AreaBuf<unsigned int>::fill,[96]
,,,,,
,,0.015571,0.062066,  InterpolationFilter::filterVer<8>,[70]
[97],1.08,0.015571,0.062066,"simdFilter<4,8,1,0,0>",[97]
,,0.046510,0.0,"  simdInterpolateVerM8_AVX2<4,8,0>",[100]
,,0.015556,0.0,"  simdInterpolateVerM4<4,8,0>",[181]
,,,,,
,,0.077622,0.0,"  simdFilter<4,8,0,1,0>",[53]
[98],1.08,0.077622,0.0,"simdInterpolateHorM8_AVX2<4,8,0>",[98]
,,,,,
,,0.0,0.015504,  CodingStructure::getRecoBuf,[208]
,,0.015515,0.0,  CodingStructure::getBuf,[199]
,,0.031094,0.015476,  CodingStructure::getResiBuf,[127]
[99],1.08,0.046608,0.030980,CodingStructure::getBuf,[99]
,,0.030980,0.0,  PelStorage::getBuf,[158]
,,,,,
,,0.031021,0.0,"  simdFilter<4,8,1,1,0>",[152]
,,0.046510,0.0,"  simdFilter<4,8,1,0,0>",[97]
[100],1.08,0.077531,0.0,"simdInterpolateVerM8_AVX2<4,8,0>",[100]
,,,,,
,,0.0,0.062271,  DecLib::finishPicture,[76]
[101],0.87,0.0,0.062271,CodingStructure::destroyCoeffs,[101]
,,0.062271,0.0,  aligned_free,[88]
,,,,,
,,0.062237,0.0,  AdaptiveLoopFilter::ALFProcess,[18]
[102],0.87,0.062237,0.0,simdFilter5x5Blk<4>,[102]
,,,,,
,,,,  InterPrediction::motionCompensation <cycle 3>,[16]
[103],0.87,0.015533,0.046702,InterPrediction::xSubPuMC <cycle 3>,[103]
,,0.031171,0.0,  UnitArea::UnitArea,[131]
,,0.015531,0.0,  InterPredictionData::InterPredictionData,[190]
,,,,  InterPrediction::motionCompensation <cycle 3>,[16]
,,,,,
,,0.0,0.046609,  CABACReader::coding_unit,[31]
,,0.0,0.015573,  CABACReader::cu_pred_data,[132]
[104],0.87,0.0,0.062182,CABACReader::prediction_unit,[104]
,,0.046609,0.0,  PU::spanMotionInfo,[105]
,,0.0,0.015573,  CABACReader::merge_data,[174]
,,,,,
,,0.0,0.015546,  DecCu::xDeriveCUMV,[44]
,,0.046609,0.0,  CABACReader::prediction_unit,[104]
[105],0.87,0.046609,0.015546,PU::spanMotionInfo,[105]
,,0.0,0.015546,  PredictionUnit::getMotionBuf,[184]
,,,,,
,,0.0,0.062145,  DecCu::xReconInter,[11]
[106],0.87,0.0,0.062145,IntraPrediction::geneIntrainterPred,[106]
,,0.046618,0.015527,  IntraPrediction::predIntraAng,[107]
,,,,,
,,0.046618,0.015527,  IntraPrediction::geneIntrainterPred,[106]
[107],0.87,0.046618,0.015527,IntraPrediction::predIntraAng,[107]
,,0.015527,0.0,  IntraPrediction::xPredIntraPlanar,[191]
,,,,,
,,0.0,0.062128,  QuantRDOQ::~QuantRDOQ,[109]
[108],0.87,0.0,0.062128,QuantRDOQ::xDestroyScalingList,[108]
,,0.062128,0.0,  free_base,[79]
,,,,,
,,0.0,0.062128,  DepQuant::`scalar deleting destructor',[84]
[109],0.87,0.0,0.062128,QuantRDOQ::~QuantRDOQ,[109]
,,0.0,0.062128,  QuantRDOQ::xDestroyScalingList,[108]
,,,,,
,,0.031130,0.030988,  DecCu::decompressCtu,[9]
[110],0.87,0.031130,0.030988,InterPrediction::xFillIBCBuffer,[110]
,,0.030988,0.0,  AreaBuf<short>::copyFrom,[43]
,,,,,
,,0.0,0.015479,  CABACReader::last_sig_coeff,[214]
,,0.0,0.015573,  CABACReader::subblock_merge_flag,[175]
,,0.015516,0.0,  CABACReader::sbt_mode,[197]
,,0.015520,0.0,  CABACReader::residual_coding_subblock,[142]
[111],0.86,0.031036,0.031052,TBinDecoder<class BinProbModel_Std>::decodeBin,[111]
,,0.031052,0.0,  BinProbModel_Std::update,[143]
,,,,,
,,0.062070,0.0,  SampleAdaptiveOffset::offsetCTU,[113]
[112],0.86,0.062070,0.0,SampleAdaptiveOffset::offsetBlock,[112]
,,,,,
,,0.0,0.062070,  SampleAdaptiveOffset::SAOProcess,[69]
[113],0.86,0.0,0.062070,SampleAdaptiveOffset::offsetCTU,[113]
,,0.062070,0.0,  SampleAdaptiveOffset::offsetBlock,[112]
,,,,,
,,0.015491,0.046537,  CABACReader::transform_tree <cycle 1>,[47]
[114],0.86,0.015491,0.046537,CABACReader::transform_unit,[114]
,,0.0,0.046537,  CABACReader::residual_coding,[129]
,,,,,
,,0.0,0.046684,  DecCu::decompressCtu,[9]
[115],0.65,0.0,0.046684,InterPrediction::resetVPDUforIBC,[115]
,,0.0,0.046684,  UnitBuf<short>::fill,[116]
,,,,,
,,0.0,0.046684,  InterPrediction::resetVPDUforIBC,[115]
[116],0.65,0.0,0.046684,UnitBuf<short>::fill,[116]
,,0.046684,0.0,  AreaBuf<short>::fill,[81]
,,,,,
,,0.046665,0.0,  PU::setAllAffineMvField,[118]
[117],0.65,0.046665,0.0,PU::setAllAffineMv,[117]
,,,,,
,,0.0,0.046665,  DecCu::xDeriveCUMV,[44]
[118],0.65,0.0,0.046665,PU::setAllAffineMvField,[118]
,,0.046665,0.0,  PU::setAllAffineMv,[117]
,,,,,
,,0.031030,0.015577,  CodingStructure::setDecomp,[121]
[119],0.65,0.031030,0.015577,AreaBuf<bool>::fill,[119]
,,0.015577,0.0,  [Import thunk memset],[171]
,,,,,
,,0.0,0.046608,  DecCu::xReconInter,[11]
[120],0.65,0.0,0.046608,CodingStructure::setDecomp,[120]
,,0.0,0.046608,  CodingStructure::setDecomp,[121]
,,,,,
,,0.0,0.046608,  CodingStructure::setDecomp,[120]
[121],0.65,0.0,0.046608,CodingStructure::setDecomp,[121]
,,0.031030,0.015577,  AreaBuf<bool>::fill,[119]
,,,,,
,,0.031055,0.015541,  InterpolationFilter::filterVer<4>,[72]
[122],0.65,0.031055,0.015541,"simdFilter<4,4,1,0,0>",[122]
,,0.015541,0.0,"  simdInterpolateVerM4<4,4,0>",[124]
,,,,,
,,0.046589,0.0,  CodingStructure::traverseCUs,[92]
[123],0.65,0.046589,0.0,UnitArea::contains,[123]
,,,,,
,,0.015541,0.0,"  simdFilter<4,4,1,0,0>",[122]
,,0.031046,0.0,"  simdFilter<4,4,1,1,0>",[145]
[124],0.65,0.046586,0.0,"simdInterpolateVerM4<4,4,0>",[124]
,,,,,
,,0.0,0.015474,  PU::getAffineMergeCand,[52]
,,0.031100,0.0,  PU::getInterMergeSubPuMvpCand,[54]
[125],0.65,0.031100,0.015474,AreaBuf<struct MotionInfo>::fill,[125]
,,0.015474,0.0,  memset,[32]
,,,,,
,,0.015558,0.031012,  CABACReader::coding_unit,[31]
[126],0.65,0.015558,0.031012,CodingStructure::addTU,[126]
,,0.031012,0.0,  AreaBuf<unsigned int>::fill,[96]
,,,,,
,,0.0,0.031094,  DecCu::xDecodeInterTU,[34]
,,0.0,0.015476,  DecCu::xIntraRecBlk,[73]
[127],0.65,0.0,0.046569,CodingStructure::getResiBuf,[127]
,,0.031094,0.015476,  CodingStructure::getBuf,[99]
,,,,,
,,0.0,0.046539,  CABACReader::coding_tree <cycle 2>,[24]
[128],0.65,0.0,0.046539,CABACReader::split_cu_mode,[128]
,,0.015510,0.0,  DeriveCtx::CtxSplit,[201]
,,0.0,0.031029,  QTBTPartitioner::canSplit,[150]
,,,,,
,,0.0,0.046537,  CABACReader::transform_unit,[114]
[129],0.65,0.0,0.046537,CABACReader::residual_coding,[129]
,,0.0,0.015479,  CABACReader::last_sig_coeff,[214]
,,0.0,0.031059,  CABACReader::residual_coding_subblock,[142]
,,,,,
,,0.046494,0.0,  TrQuant::xIT,[37]
[130],0.65,0.046494,0.0,fastInverseDST7_B16,[130]
,,,,,
,,0.031171,0.0,  InterPrediction::xSubPuMC <cycle 3>,[103]
[131],0.43,0.031171,0.0,UnitArea::UnitArea,[131]
,,,,,
,,0.0,0.031163,  CABACReader::coding_unit,[31]
[132],0.43,0.0,0.031163,CABACReader::cu_pred_data,[132]
,,0.0,0.015589,  CABACReader::intra_luma_pred_modes,[169]
,,0.0,0.015573,  CABACReader::prediction_unit,[104]
,,,,,
,,0.0,0.031154,  InterPrediction::xPredInterBi,[19]
[133],0.43,0.0,0.031154,InterPrediction::xWeightedAverage,[133]
,,0.0,0.031154,  UnitBuf<short>::copyClip,[39]
,,,,,
,,0.0,0.015570,  CodingStructure::initStructData,[80]
,,0.0,0.015563,  DecLib::finishPicture,[76]
[134],0.43,0.0,0.031132,CodingStructure::clearCUs,[134]
,,0.031132,0.0,  memset,[32]
,,,,,
,,0.031131,0.0,  DecCu::xReconInter,[11]
[135],0.43,0.031131,0.0,PU::spanTriangleMotionInfo,[135]
,,,,,
,,0.0,0.031115,  CodingStructure::initStructData,[80]
[136],0.43,0.0,0.031115,CodingStructure::clearTUs,[136]
,,0.031115,0.0,  memset,[32]
,,,,,
,,0.015501,0.0,  CABACReader::residual_lfnst_mode,[209]
,,0.015608,0.0,  CABACReader::coding_tree_unit,[21]
[137],0.43,0.031110,0.0,CS::isDualITree,[137]
,,,,,
,,0.031084,0.0,  Slice::constructRefPicList,[139]
[138],0.43,0.031084,0.0,Picture::extendPicBorder,[138]
,,,,,
,,0.0,0.031084,  DecLib::xDecodeSlice,[7]
[139],0.43,0.0,0.031084,Slice::constructRefPicList,[139]
,,0.031084,0.0,  Picture::extendPicBorder,[138]
,,,,,
,,0.031081,0.0,  CodingStructure::addCU,[90]
[140],0.43,0.031081,0.0,CodingUnit::initData,[140]
,,,,,
,,0.031076,0.0,  LoopFilter::xGetBoundaryStrengthSingle,[22]
[141],0.43,0.031076,0.0,CodingStructure::getMotionInfo,[141]
,,,,,
,,0.0,0.031059,  CABACReader::residual_coding,[129]
[142],0.43,0.0,0.031059,CABACReader::residual_coding_subblock,[142]
,,0.015538,0.0,  CoeffCodingContext::sigCtxIdAbs,[185]
,,0.015520,0.0,  TBinDecoder<class BinProbModel_Std>::decodeBin,[111]
,,,,,
,,0.031052,0.0,  TBinDecoder<class BinProbModel_Std>::decodeBin,[111]
[143],0.43,0.031052,0.0,BinProbModel_Std::update,[143]
,,,,,
,,0.0,0.031047,  DecCu::xReconInter,[11]
[144],0.43,0.0,0.031047,InterPrediction::motionCompensation4Triangle,[144]
,,0.0,0.031047,  InterPrediction::motionCompensation <cycle 3>,[16]
,,,,,
,,0.0,0.031046,  InterpolationFilter::filterVer<4>,[72]
[145],0.43,0.0,0.031046,"simdFilter<4,4,1,1,0>",[145]
,,0.031046,0.0,"  simdInterpolateVerM4<4,4,0>",[124]
,,,,,
,,0.031042,0.0,  InterpolationFilter::filterHor,[26]
[146],0.43,0.031042,0.0,"InterpolationFilter::filterCopy<1,0>",[146]
,,,,,
,,0.0,0.031042,  DecCu::xIntraRecBlk,[73]
[147],0.43,0.0,0.031042,IntraPrediction::initIntraPatternChType,[147]
,,0.015556,0.015486,  IntraPrediction::xFillReferenceSamples,[148]
,,,,,
,,0.015556,0.015486,  IntraPrediction::initIntraPatternChType,[147]
[148],0.43,0.015556,0.015486,IntraPrediction::xFillReferenceSamples,[148]
,,0.0,0.015486,  isLeftAvailable,[212]
,,,,,
,,0.015532,0.015506,  CABACReader::coding_unit,[31]
[149],0.43,0.015532,0.015506,CABACReader::cu_skip_flag,[149]
,,0.0,0.015506,  DeriveCtx::CtxSkipFlag,[206]
,,,,,
,,0.0,0.031029,  CABACReader::split_cu_mode,[128]
[150],0.43,0.0,0.031029,QTBTPartitioner::canSplit,[150]
,,0.015521,0.0,  PreCalcValues::getMinQtSize,[195]
,,0.0,0.015508,  PreCalcValues::getMinBtSize,[204]
,,,,,
,,0.031026,0.0,  TrQuant::xIT,[37]
[151],0.43,0.031026,0.0,fastInverseDCT2_B32,[151]
,,,,,
,,0.0,0.031021,  InterpolationFilter::filterVer<8>,[70]
[152],0.43,0.0,0.031021,"simdFilter<4,8,1,1,0>",[152]
,,0.031021,0.0,"  simdInterpolateVerM8_AVX2<4,8,0>",[100]
,,,,,
,,0.0,0.031013,  DepQuant::`scalar deleting destructor',[84]
[153],0.43,0.0,0.031013,Quant::xDestroyScalingList,[153]
,,0.031013,0.0,  free_base,[79]
,,,,,
,,0.015497,0.0,"  simdFilter<4,4,1,0,1>",[210]
,,0.015515,0.0,"  simdFilter<4,4,1,1,1>",[198]
[154],0.43,0.031012,0.0,"simdInterpolateVerM4<4,4,1>",[154]
,,,,,
,,0.0,0.015486,  isLeftAvailable,[212]
,,0.015506,0.0,  DeriveCtx::CtxSkipFlag,[206]
[155],0.43,0.015506,0.015486,CodingStructure::getCURestricted,[155]
,,0.015486,0.0,  CodingStructure::getCU,[211]
,,,,,
,,0.030992,0.0,  LoopFilter::xDeblockCU,[13]
[156],0.43,0.030992,0.0,LoopFilter::xSetMaxFilterLengthPQForCodingSubBlocks,[156]
,,,,,
,,0.015464,0.015520,  CABACReader::coding_unit,[31]
[157],0.43,0.015464,0.015520,CodingStructure::addPU,[157]
,,0.015520,0.0,  PredictionUnit::initData,[196]
,,,,,
,,0.030980,0.0,  CodingStructure::getBuf,[99]
[158],0.43,0.030980,0.0,PelStorage::getBuf,[158]
,,,,,
,,0.030828,0.0,  LoopFilter::xFilteringPandQ,[160]
[159],0.43,0.030828,0.0,LoopFilter::xBilinearFilter,[159]
,,,,,
,,0.0,0.030828,  LoopFilter::xPelFilterLuma,[57]
[160],0.43,0.0,0.030828,LoopFilter::xFilteringPandQ,[160]
,,0.030828,0.0,  LoopFilter::xBilinearFilter,[159]
,,,,,
,,0.0,0.015629,  SampleAdaptiveOffset::create,[162]
[161],0.22,0.0,0.015629,PelStorage::destroy,[161]
,,0.015629,0.0,  aligned_free,[88]
,,,,,
,,0.0,0.015629,  DecLib::xActivateParameterSets,[36]
[162],0.22,0.0,0.015629,SampleAdaptiveOffset::create,[162]
,,0.0,0.015629,  PelStorage::destroy,[161]
,,,,,
,,0.0,0.015615,  CodingStructure::releaseIntermediateData,[164]
[163],0.22,0.0,0.015615,CodingStructure::clearPUs,[163]
,,0.015615,0.0,  memset,[32]
,,,,,
,,0.0,0.015615,  DecLib::finishPicture,[76]
[164],0.22,0.0,0.015615,CodingStructure::releaseIntermediateData,[164]
,,0.0,0.015615,  CodingStructure::clearPUs,[163]
,,,,,
,,0.0,0.015612,  LoopFilter::xGetBoundaryStrengthSingle,[22]
[165],0.22,0.0,0.015612,TU::getCbf,[165]
,,0.015612,0.0,  TU::getCbfAtDepth,[166]
,,,,,
,,0.015612,0.0,  TU::getCbf,[165]
[166],0.22,0.015612,0.0,TU::getCbfAtDepth,[166]
,,,,,
,,0.0,0.015604,  DecLib::xActivateParameterSets,[36]
[167],0.22,0.0,0.015604,CodingStructure::createCoeffs,[167]
,,0.015604,0.0,  func@0x1800524df,[168]
,,,,,
,,0.015604,0.0,  CodingStructure::createCoeffs,[167]
[168],0.22,0.015604,0.0,func@0x1800524df,[168]
,,,,,
,,0.0,0.015589,  CABACReader::cu_pred_data,[132]
[169],0.22,0.0,0.015589,CABACReader::intra_luma_pred_modes,[169]
,,0.015589,0.0,  PU::getIntraMPMs,[170]
,,,,,
,,0.015589,0.0,  CABACReader::intra_luma_pred_modes,[169]
[170],0.22,0.015589,0.0,PU::getIntraMPMs,[170]
,,,,,
,,0.015577,0.0,  AreaBuf<bool>::fill,[119]
[171],0.22,0.015577,0.0,[Import thunk memset],[171]
,,,,,
,,0.0,0.015575,  Picture::finalInit,[77]
[172],0.22,0.0,0.015575,CodingStructure::create,[172]
,,0.015575,0.0,  CodingStructure::createInternals,[173]
,,,,,
,,0.015575,0.0,  CodingStructure::create,[172]
[173],0.22,0.015575,0.0,CodingStructure::createInternals,[173]
,,,,,
,,0.0,0.015573,  CABACReader::prediction_unit,[104]
[174],0.22,0.0,0.015573,CABACReader::merge_data,[174]
,,0.0,0.015573,  CABACReader::subblock_merge_flag,[175]
,,,,,
,,0.0,0.015573,  CABACReader::merge_data,[174]
[175],0.22,0.0,0.015573,CABACReader::subblock_merge_flag,[175]
,,0.0,0.015573,  TBinDecoder<class BinProbModel_Std>::decodeBin,[111]
,,,,,
,,0.015568,0.0,  CABACReader::transform_tree <cycle 1>,[47]
[176],0.22,0.015568,0.0,QTBTPartitioner::splitCurrArea,[176]
,,,,,
,,0.0,0.015558,  CABACReader::initCtxModels,[179]
[177],0.22,0.0,0.015558,BinDecoderBase::reset,[177]
,,0.0,0.015558,  CtxStore<class BinProbModel_Std>::init,[180]
,,,,,
,,0.015558,0.0,  CtxStore<class BinProbModel_Std>::init,[180]
[178],0.22,0.015558,0.0,BinProbModel_Std::setLog2WindowSize,[178]
,,,,,
,,0.0,0.015558,  DecSlice::decompressSlice,[8]
[179],0.22,0.0,0.015558,CABACReader::initCtxModels,[179]
,,0.0,0.015558,  BinDecoderBase::reset,[177]
,,,,,
,,0.0,0.015558,  BinDecoderBase::reset,[177]
[180],0.22,0.0,0.015558,CtxStore<class BinProbModel_Std>::init,[180]
,,0.015558,0.0,  BinProbModel_Std::setLog2WindowSize,[178]
,,,,,
,,0.015556,0.0,"  simdFilter<4,8,1,0,0>",[97]
[181],0.22,0.015556,0.0,"simdInterpolateVerM4<4,8,0>",[181]
,,,,,
,,0.015554,0.0,  InterpolationFilter::filterHor,[26]
[182],0.22,0.015554,0.0,"simdFilterCopy<4,1,1>",[182]
,,,,,
,,0.015546,0.0,  PredictionUnit::getMotionBuf,[184]
[183],0.22,0.015546,0.0,CodingStructure::getMotionBuf,[183]
,,,,,
,,0.0,0.015546,  PU::spanMotionInfo,[105]
[184],0.22,0.0,0.015546,PredictionUnit::getMotionBuf,[184]
,,0.015546,0.0,  CodingStructure::getMotionBuf,[183]
,,,,,
,,0.015538,0.0,  CABACReader::residual_coding_subblock,[142]
[185],0.22,0.015538,0.0,CoeffCodingContext::sigCtxIdAbs,[185]
,,,,,
,,0.015536,0.0,  LoopFilter::xEdgeFilterChroma,[78]
[186],0.22,0.015536,0.0,LoopFilter::xPelFilterChroma,[186]
,,,,,
,,0.015533,0.0,  CABACReader::transform_tree <cycle 1>,[47]
[187],0.22,0.015533,0.0,TransformUnit::getCoeffs,[187]
,,,,,
,,0.015531,0.0,  CodingStructure::getPURestricted,[189]
[188],0.22,0.015531,0.0,CU::isSameSliceAndTile,[188]
,,,,,
,,0.0,0.015531,  PU::getAffineMergeCand,[52]
[189],0.22,0.0,0.015531,CodingStructure::getPURestricted,[189]
,,0.015531,0.0,  CU::isSameSliceAndTile,[188]
,,,,,
,,0.015531,0.0,  InterPrediction::xSubPuMC <cycle 3>,[103]
[190],0.22,0.015531,0.0,InterPredictionData::InterPredictionData,[190]
,,,,,
,,0.015527,0.0,  IntraPrediction::predIntraAng,[107]
[191],0.22,0.015527,0.0,IntraPrediction::xPredIntraPlanar,[191]
,,,,,
,,0.015527,0.0,  LoopFilter::xDeblockCU,[13]
[192],0.22,0.015527,0.0,CU::traverseTUs,[192]
,,,,,
,,0.015526,0.0,  deriveScaledMotionTemporal,[66]
[193],0.22,0.015526,0.0,roundMvComp,[193]
,,,,,
,,0.015524,0.0,  DecLib::executeLoopFilters,[10]
[194],0.22,0.015524,0.0,CS::setRefinedMotionField,[194]
,,,,,
,,0.015521,0.0,  QTBTPartitioner::canSplit,[150]
[195],0.22,0.015521,0.0,PreCalcValues::getMinQtSize,[195]
,,,,,
,,0.015520,0.0,  CodingStructure::addPU,[157]
[196],0.22,0.015520,0.0,PredictionUnit::initData,[196]
,,,,,
,,0.0,0.015516,  CABACReader::cu_residual,[40]
[197],0.22,0.0,0.015516,CABACReader::sbt_mode,[197]
,,0.015516,0.0,  TBinDecoder<class BinProbModel_Std>::decodeBin,[111]
,,,,,
,,0.0,0.015515,  InterpolationFilter::filterVer<4>,[72]
[198],0.22,0.0,0.015515,"simdFilter<4,4,1,1,1>",[198]
,,0.015515,0.0,"  simdInterpolateVerM4<4,4,1>",[154]
,,,,,
,,0.0,0.015515,  CodingStructure::getResiBuf,[200]
[199],0.22,0.0,0.015515,CodingStructure::getBuf,[199]
,,0.015515,0.0,  CodingStructure::getBuf,[99]
,,,,,
,,0.0,0.015515,  DecCu::xReconInter,[11]
[200],0.22,0.0,0.015515,CodingStructure::getResiBuf,[200]
,,0.0,0.015515,  CodingStructure::getBuf,[199]
,,,,,
,,0.015510,0.0,  CABACReader::split_cu_mode,[128]
[201],0.22,0.015510,0.0,DeriveCtx::CtxSplit,[201]
,,,,,
,,0.015509,0.0,  Picture::getRecoBuf,[203]
[202],0.22,0.015509,0.0,Picture::getBuf,[202]
,,,,,
,,0.0,0.015509,  InterPrediction::xPredInterBlk,[25]
[203],0.22,0.0,0.015509,Picture::getRecoBuf,[203]
,,0.015509,0.0,  Picture::getBuf,[202]
,,,,,
,,0.0,0.015508,  QTBTPartitioner::canSplit,[150]
[204],0.22,0.0,0.015508,PreCalcValues::getMinBtSize,[204]
,,0.015508,0.0,  PreCalcValues::getValIdx,[205]
,,,,,
,,0.015508,0.0,  PreCalcValues::getMinBtSize,[204]
[205],0.22,0.015508,0.0,PreCalcValues::getValIdx,[205]
,,,,,
,,0.0,0.015506,  CABACReader::cu_skip_flag,[149]
[206],0.22,0.0,0.015506,DeriveCtx::CtxSkipFlag,[206]
,,0.015506,0.0,  CodingStructure::getCURestricted,[155]
,,,,,
,,0.015505,0.0,  InterPrediction::xPredAffineBlk,[30]
[207],0.22,0.015505,0.0,roundAffineMv,[207]
,,,,,
,,0.0,0.015504,  LoopFilter::xEdgeFilterChroma,[78]
[208],0.22,0.0,0.015504,CodingStructure::getRecoBuf,[208]
,,0.0,0.015504,  CodingStructure::getBuf,[99]
,,,,,
,,0.0,0.015501,  CABACReader::cu_residual,[40]
[209],0.22,0.0,0.015501,CABACReader::residual_lfnst_mode,[209]
,,0.015501,0.0,  CS::isDualITree,[137]
,,,,,
,,0.0,0.015497,  InterpolationFilter::filterVer<4>,[72]
[210],0.22,0.0,0.015497,"simdFilter<4,4,1,0,1>",[210]
,,0.015497,0.0,"  simdInterpolateVerM4<4,4,1>",[154]
,,,,,
,,0.015486,0.0,  CodingStructure::getCURestricted,[155]
[211],0.22,0.015486,0.0,CodingStructure::getCU,[211]
,,,,,
,,0.0,0.015486,  IntraPrediction::xFillReferenceSamples,[148]
[212],0.22,0.0,0.015486,isLeftAvailable,[212]
,,0.0,0.015486,  CodingStructure::getCURestricted,[155]
,,,,,
,,0.015485,0.0,  InterPrediction::xPredAffineBlk,[30]
[213],0.22,0.015485,0.0,applyPROF_SSE<4>,[213]
,,,,,
,,0.0,0.015479,  CABACReader::residual_coding,[129]
[214],0.22,0.0,0.015479,CABACReader::last_sig_coeff,[214]
,,0.0,0.015479,  TBinDecoder<class BinProbModel_Std>::decodeBin,[111]
,,,,,
,,0.015476,0.0,  InterPrediction::xPredAffineBlk,[30]
[215],0.22,0.015476,0.0,"gradFilter_SSE<4,0>",[215]
,,,,,
,,0.015461,0.0,  fastInverseDST7_B8,[217]
[216],0.22,0.015461,0.0,_fastInverseMM<8>,[216]
,,,,,
,,0.0,0.015461,  TrQuant::xIT,[37]
[217],0.22,0.0,0.015461,fastInverseDST7_B8,[217]
,,0.015461,0.0,  _fastInverseMM<8>,[216]
,,,,,
,,0.0,0.015460,  UnitBuf<short>::reconstruct,[219]
[218],0.22,0.0,0.015460,AreaBuf<short>::reconstruct,[218]
,,0.015460,0.0,"  reco_SSE<4,8>",[220]
,,,,,
,,0.0,0.015460,  DecCu::xReconInter,[11]
[219],0.22,0.0,0.015460,UnitBuf<short>::reconstruct,[219]
,,0.0,0.015460,  AreaBuf<short>::reconstruct,[218]
,,,,,
,,0.015460,0.0,  AreaBuf<short>::reconstruct,[218]
[220],0.22,0.015460,0.0,"reco_SSE<4,8>",[220]
,,,,,
,,0.015390,0.0,  TrQuant::xIT,[37]
[221],0.21,0.015390,0.0,fastInverseDST7_B32,[221]
,,,,,
,,0.0,0.013449,  DecApp::decode,[4]
[222],0.19,0.0,0.013449,DecApp::xDestroyDecLib,[222]
,,0.0,0.013449,  VideoIOYuv::close,[223]
,,,,,
,,0.0,0.013449,  DecApp::xDestroyDecLib,[222]
[223],0.19,0.0,0.013449,VideoIOYuv::close,[223]
,,0.013449,0.0,"  std::basic_filebuf<char,struct std::char_traits<char> >::close",[224]
,,,,,
,,0.013449,0.0,  VideoIOYuv::close,[223]
[224],0.19,0.013449,0.0,"std::basic_filebuf<char,struct std::char_traits<char> >::close",[224]
,,,,,
,,0.009260,0.0,  initterm,[226]
[225],0.13,0.009260,0.0,`dynamic initializer for 'g_reusedUniMVs'',[225]
,,,,,
,,0.0,0.009260,  _scrt_common_main_seh,[3]
[226],0.13,0.0,0.009260,initterm,[226]
,,0.009260,0.0,  `dynamic initializer for 'g_reusedUniMVs'',[225]
,,,,,


Index by function name

Index,Function
[18],AdaptiveLoopFilter::ALFProcess
[55],AdaptiveLoopFilter::deriveClassification
[119],AreaBuf<bool>::fill
[67],AreaBuf<int>::fill
[38],AreaBuf<short>::copyClip
[43],AreaBuf<short>::copyFrom
[81],AreaBuf<short>::fill
[218],AreaBuf<short>::reconstruct
[125],AreaBuf<struct MotionInfo>::fill
[96],AreaBuf<unsigned int>::fill
[1],BaseThreadInitThunk
[177],BinDecoderBase::reset
[178],BinProbModel_Std::setLog2WindowSize
[143],BinProbModel_Std::update
[24],CABACReader::coding_tree
[21],CABACReader::coding_tree_unit
[31],CABACReader::coding_unit
[132],CABACReader::cu_pred_data
[40],CABACReader::cu_residual
[149],CABACReader::cu_skip_flag
[179],CABACReader::initCtxModels
[169],CABACReader::intra_luma_pred_modes
[214],CABACReader::last_sig_coeff
[174],CABACReader::merge_data
[104],CABACReader::prediction_unit
[129],CABACReader::residual_coding
[142],CABACReader::residual_coding_subblock
[209],CABACReader::residual_lfnst_mode
[197],CABACReader::sbt_mode
[128],CABACReader::split_cu_mode
[175],CABACReader::subblock_merge_flag
[47],CABACReader::transform_tree
[114],CABACReader::transform_unit
[137],CS::isDualITree
[194],CS::setRefinedMotionField
[188],CU::isSameSliceAndTile
[192],CU::traverseTUs
[90],CodingStructure::addCU
[157],CodingStructure::addPU
[126],CodingStructure::addTU
[134],CodingStructure::clearCUs
[163],CodingStructure::clearPUs
[136],CodingStructure::clearTUs
[172],CodingStructure::create
[167],CodingStructure::createCoeffs
[173],CodingStructure::createInternals
[101],CodingStructure::destroyCoeffs
[199],CodingStructure::getBuf
[99],CodingStructure::getBuf
[58],CodingStructure::getCU
[211],CodingStructure::getCU
[155],CodingStructure::getCURestricted
[183],CodingStructure::getMotionBuf
[141],CodingStructure::getMotionInfo
[189],CodingStructure::getPURestricted
[208],CodingStructure::getRecoBuf
[200],CodingStructure::getResiBuf
[127],CodingStructure::getResiBuf
[60],CodingStructure::getTU
[80],CodingStructure::initStructData
[164],CodingStructure::releaseIntermediateData
[120],CodingStructure::setDecomp
[121],CodingStructure::setDecomp
[92],CodingStructure::traverseCUs
[140],CodingUnit::initData
[185],CoeffCodingContext::sigCtxIdAbs
[180],CtxStore<class BinProbModel_Std>::init
[93],DQIntern::Quantizer::dequantBlock
[4],DecApp::decode
[222],DecApp::xDestroyDecLib
[27],DecApp::xWriteOutput
[9],DecCu::decompressCtu
[34],DecCu::xDecodeInterTU
[35],DecCu::xDecodeInterTexture
[44],DecCu::xDeriveCUMV
[73],DecCu::xIntraRecBlk
[74],DecCu::xIntraRecQT
[11],DecCu::xReconInter
[75],DecCu::xReconIntraQT
[6],DecLib::decode
[10],DecLib::executeLoopFilters
[76],DecLib::finishPicture
[36],DecLib::xActivateParameterSets
[7],DecLib::xDecodeSlice
[8],DecSlice::decompressSlice
[61],DepQuant::DepQuant
[84],DepQuant::`scalar deleting destructor'
[94],DepQuant::dequant
[206],DeriveCtx::CtxSkipFlag
[201],DeriveCtx::CtxSplit
[16],InterPrediction::motionCompensation
[15],InterPrediction::motionCompensation
[144],InterPrediction::motionCompensation4Triangle
[115],InterPrediction::resetVPDUforIBC
[110],InterPrediction::xFillIBCBuffer
[30],InterPrediction::xPredAffineBlk
[19],InterPrediction::xPredInterBi
[25],InterPrediction::xPredInterBlk
[17],InterPrediction::xPredInterUni
[103],InterPrediction::xSubPuMC
[133],InterPrediction::xWeightedAverage
[190],InterPredictionData::InterPredictionData
[146],"InterpolationFilter::filterCopy<1,0>"
[59],"InterpolationFilter::filterCopy<1,1>"
[26],InterpolationFilter::filterHor
[82],InterpolationFilter::filterHor<4>
[49],InterpolationFilter::filterHor<8>
[45],InterpolationFilter::filterVer
[72],InterpolationFilter::filterVer<4>
[70],InterpolationFilter::filterVer<8>
[106],IntraPrediction::geneIntrainterPred
[147],IntraPrediction::initIntraPatternChType
[107],IntraPrediction::predIntraAng
[148],IntraPrediction::xFillReferenceSamples
[191],IntraPrediction::xPredIntraPlanar
[12],LoopFilter::loopFilterPic
[159],LoopFilter::xBilinearFilter
[13],LoopFilter::xDeblockCU
[78],LoopFilter::xEdgeFilterChroma
[41],LoopFilter::xEdgeFilterLuma
[160],LoopFilter::xFilteringPandQ
[22],LoopFilter::xGetBoundaryStrengthSingle
[186],LoopFilter::xPelFilterChroma
[57],LoopFilter::xPelFilterLuma
[156],LoopFilter::xSetMaxFilterLengthPQForCodingSubBlocks
[71],LoopFilter::xSetMaxFilterLengthPQFromTransformSizes
[52],PU::getAffineMergeCand
[54],PU::getInterMergeSubPuMvpCand
[170],PU::getIntraMPMs
[117],PU::setAllAffineMv
[118],PU::setAllAffineMvField
[105],PU::spanMotionInfo
[135],PU::spanTriangleMotionInfo
[161],PelStorage::destroy
[158],PelStorage::getBuf
[138],Picture::extendPicBorder
[77],Picture::finalInit
[202],Picture::getBuf
[203],Picture::getRecoBuf
[204],PreCalcValues::getMinBtSize
[195],PreCalcValues::getMinQtSize
[205],PreCalcValues::getValIdx
[184],PredictionUnit::getMotionBuf
[196],PredictionUnit::initData
[150],QTBTPartitioner::canSplit
[176],QTBTPartitioner::splitCurrArea
[86],Quant::Quant
[153],Quant::xDestroyScalingList
[87],Quant::xInitScalingList
[62],QuantRDOQ::QuantRDOQ
[108],QuantRDOQ::xDestroyScalingList
[91],QuantRDOQ::xInitScalingList
[109],QuantRDOQ::~QuantRDOQ
[2],RtlUserThreadStart
[69],SampleAdaptiveOffset::SAOProcess
[162],SampleAdaptiveOffset::create
[112],SampleAdaptiveOffset::offsetBlock
[113],SampleAdaptiveOffset::offsetCTU
[139],Slice::constructRefPicList
[111],TBinDecoder<class BinProbModel_Std>::decodeBin
[165],TU::getCbf
[166],TU::getCbfAtDepth
[48],TrQuant::init
[33],TrQuant::invTransformNxN
[37],TrQuant::xIT
[187],TransformUnit::getCoeffs
[131],UnitArea::UnitArea
[123],UnitArea::contains
[39],UnitBuf<short>::copyClip
[50],UnitBuf<short>::copyFrom
[116],UnitBuf<short>::fill
[219],UnitBuf<short>::reconstruct
[223],VideoIOYuv::close
[28],VideoIOYuv::write
[171],[Import thunk memset]
[216],_fastInverseMM<8>
[3],_scrt_common_main_seh
[89],_security_check_cookie
[225],`dynamic initializer for 'g_reusedUniMVs''
[88],aligned_free
[213],applyPROF_SSE<4>
[66],deriveScaledMotionTemporal
[85],fastInverseDCT2_B16
[151],fastInverseDCT2_B32
[65],fastInverseDCT2_B64
[130],fastInverseDST7_B16
[221],fastInverseDST7_B32
[217],fastInverseDST7_B8
[79],free_base
[168],func@0x1800524df
[215],"gradFilter_SSE<4,0>"
[226],initterm
[212],isLeftAvailable
[5],main
[63],malloc_base
[51],memcpy
[32],memset
[64],operator new
[220],"reco_SSE<4,8>"
[207],roundAffineMv
[193],roundMvComp
[56],simdDeriveClassificationBlk<4>
[102],simdFilter5x5Blk<4>
[20],simdFilter7x7Blk<4>
[83],"simdFilter<4,4,0,1,0>"
[122],"simdFilter<4,4,1,0,0>"
[210],"simdFilter<4,4,1,0,1>"
[145],"simdFilter<4,4,1,1,0>"
[198],"simdFilter<4,4,1,1,1>"
[53],"simdFilter<4,8,0,1,0>"
[97],"simdFilter<4,8,1,0,0>"
[152],"simdFilter<4,8,1,1,0>"
[182],"simdFilterCopy<4,1,1>"
[95],"simdInterpolateHorM4<4,4,0>"
[68],"simdInterpolateHorM4<4,8,0>"
[98],"simdInterpolateHorM8_AVX2<4,8,0>"
[124],"simdInterpolateVerM4<4,4,0>"
[154],"simdInterpolateVerM4<4,4,1>"
[181],"simdInterpolateVerM4<4,8,0>"
[100],"simdInterpolateVerM8_AVX2<4,8,0>"
[224],"std::basic_filebuf<char,struct std::char_traits<char> >::close"
[42],"std::basic_ostream<char,struct std::char_traits<char> >::write"
[29],writePlane
[46],<cycle 1>
[23],<cycle 2>
[14],<cycle 3>
