Index,% CPU Time:Total,CPU Time:Self,CPU Time:Children,Name,Index
,,0.0,3115.264393,  RtlUserThreadStart,[2]
[1],100.0,0.0,3115.264393,BaseThreadInitThunk,[1]
,,0.0,3115.264393,  _scrt_common_main_seh,[3]
,,,,,
,,,,  <spontaneous>,
[2],100.0,0.0,3115.264393,RtlUserThreadStart,[2]
,,0.0,3115.264393,  BaseThreadInitThunk,[1]
,,,,,
,,0.0,3115.264393,  BaseThreadInitThunk,[1]
[3],100.0,0.0,3115.264393,_scrt_common_main_seh,[3]
,,0.0,3115.264393,  main,[4]
,,,,,
,,0.0,3115.264393,  _scrt_common_main_seh,[3]
[4],100.0,0.0,3115.264393,main,[4]
,,0.0,0.000004,  TAppEncCfg::parseCfg,[317]
,,0.0,3115.264388,  TAppEncTop::encode,[5]
,,,,,
,,0.0,3115.264388,  main,[4]
[5],100.0,0.0,3115.264388,TAppEncTop::encode,[5]
,,0.0,0.077766,  TComPic::destroy,[266]
,,0.0,0.015759,  TEncTop::destroy,[297]
,,0.0,3114.713641,  TEncTop::encode,[6]
,,0.0,0.457223,  TVideoIOYuv::read,[196]
,,,,,
,,0.0,3114.713641,  TAppEncTop::encode,[5]
[6],99.98,0.0,3114.713641,TEncTop::encode,[6]
,,0.0,0.436008,  TComPicYuv::copyToPic,[189]
,,0.0,3114.168721,  TEncGOP::compressGOP,[7]
,,0.0,0.108911,  TEncTop::xGetNewPicBuffer,[251]
,,,,,
,,0.0,3114.168721,  TEncTop::encode,[6]
[7],99.96,0.0,3114.168721,TEncGOP::compressGOP,[7]
,,0.031209,3110.262413,  TEncSlice::compressSlice,[8]
,,0.0,0.404529,  TComLoopFilter::loopFilterPic,[203]
,,0.0,0.046670,  TComPic::compressMotion,[284]
,,0.0,0.077815,  TComPicYuv::copyToPic,[189]
,,0.0,0.031095,  TComSlice::setRefPicList,[292]
,,0.0,0.202366,  TEncGOP::xCalculateAddPSNRs,[229]
,,0.0,3.081552,  TEncSampleAdaptiveOffset::SAOProcess,[129]
,,0.0,0.031072,  TEncSlice::encodeSlice,[293]
,,,,,
,,0.031209,3110.262413,  TEncGOP::compressGOP,[7]
[8],99.84,0.031209,3110.262413,TEncSlice::compressSlice,[8]
,,0.186861,0.233218,  TComDataCU::initCtu,[184]
,,0.0,3109.749157,  TEncCu::compressCtu,[9]
,,0.0,0.093177,  TEncCu::xEncodeCU <cycle 1>,[245]
,,,,,
,,0.0,3109.749157,  TEncSlice::compressSlice,[8]
[9],99.82,0.0,3109.749157,TEncCu::compressCtu,[9]
,,1.447947,3108.021322,  TEncCu::xCompressCU <cycle 14>,[10]
,,0.093281,0.171055,  TComDataCU::initCtu,[184]
,,0.0,0.015553,  [Unknown stack frame(s)],[304]
,,,,,
,,,,  TEncCu::xCompressCU <cycle 14>,[10]
,,1.447947,3108.021322,  TEncCu::compressCtu,[9]
[10],99.81,1.447947,3108.021322,TEncCu::xCompressCU <cycle 14>,[10]
,,4.542119,1.913796,  TComDataCU::initEstData,[74]
,,1.305962,203.280097,  TEncCu::xCheckRDCostMerge2Nx2N,[30]
,,1.198025,1.229252,  TComDataCU::initSubCU,[136]
,,0.653435,1.089126,  TComDataCU::copyPartFrom,[148]
,,0.637864,2852.369981,  TEncCu::xCheckRDCostInter,[12]
,,0.497745,0.0,  memcpy,[53]
,,0.404587,1.695712,  TComDataCU::copyToPic,[143]
,,0.264460,0.404328,  TComYuv::copyFromPicComponent,[186]
,,0.139973,1.104582,  TEncCu::xCopyYuv2Tmp,[165]
,,0.108786,0.824879,  TEncCu::xCopyYuv2Pic,[173]
,,0.093388,0.0,  TEncBinCABAC::copyState,[109]
,,0.031208,0.0,  std::_Deque_iterator<class std::_Deque_val<struct std::_Deque_simple_types<class TComSlice *> > >::operator+,[289]
,,0.031158,0.109072,  TEncSbac::codeSplitFlag,[231]
,,0.031093,33.266933,  TEncCu::xCheckRDCostIntra,[57]
,,0.031076,0.684940,  TComYuv::copyToPicYuv,[153]
,,0.015583,0.015546,  TEncSbac::resetBits,[125]
,,0.015556,0.0,  TEncBinCABACCounter::getNumWrittenBits,[142]
,,0.015538,0.0,"  std::deque<class TComSlice *,class std::allocator<class TComSlice *> >::begin",[305]
,,0.015521,0.0,  TEncCu::xComputeQP,[309]
,,,,  TEncCu::xCompressCU <cycle 14>,[10]
,,,,,
,,1.447947,3108.021322,  TEncCu::compressCtu,[9]
[11],99.81,1.447947,3108.021322,<cycle 14 as a whole>,[11]
,,1.447947,3108.021322,  TEncCu::xCompressCU <cycle 14>,[10]
,,,,,
,,0.637864,2852.369981,  TEncCu::xCompressCU <cycle 14>,[10]
[12],91.58,0.637864,2852.369981,TEncCu::xCheckRDCostInter,[12]
,,11.511955,2498.412334,  TEncSearch::predInterSearch,[13]
,,1.741098,340.533226,  TEncSearch::encodeResAndCalcRdInterCU,[20]
,,0.109119,0.0,  memset,[44]
,,0.031168,0.0,  TComRdCost::calcRdCost,[230]
,,0.031081,0.0,  TEncCu::xCheckDQP,[238]
,,,,,
,,11.511955,2498.412334,  TEncCu::xCheckRDCostInter,[12]
[13],80.57,11.511955,2498.412334,TEncSearch::predInterSearch,[13]
,,7.701479,1959.763905,  TEncSearch::xMotionEstimation,[14]
,,3.842684,299.833123,  TEncSearch::xEstimateMvPredAMVP,[24]
,,3.314368,3.454640,  TEncSearch::xCheckBestMVP,[95]
,,2.023383,0.0,  TComCUMvField::setAll<class TComMv>,[123]
,,1.873405,129.151015,  TEncSearch::xMergeEstimation,[41]
,,1.338242,0.0,  memcpy,[53]
,,1.135597,0.0,  TComCUMvField::setAll<signed char>,[141]
,,0.995676,9.771826,  TComYuv::clear,[50]
,,0.979801,0.311313,  TComDataCU::setSubPart<signed char>,[117]
,,0.840268,0.0,  TComRdCost::getBitsOfVectorWithPredictor,[48]
,,0.606955,0.155664,  TComDataCU::setSubPart<unsigned char>,[171]
,,0.575833,23.597131,  TEncSearch::xGetInterPredictionError,[40]
,,0.420071,45.652321,  TComPrediction::motionCompensation,[38]
,,0.264572,0.0,  TEncSearch::xGetBlkBits,[214]
,,0.264488,0.0,  TComDataCU::getPartIndexAndSize,[118]
,,0.233271,0.0,  TComDataCU::getNumPartitions,[195]
,,0.217832,0.077889,  TComDataCU::setSubPart<bool>,[193]
,,0.015582,0.0,  _security_check_cookie,[107]
,,,,,
,,7.701479,1959.763905,  TEncSearch::predInterSearch,[13]
[14],63.16,7.701479,1959.763905,TEncSearch::xMotionEstimation,[14]
,,27.248567,677.715163,  TEncSearch::xPatternRefinement,[15]
,,14.950878,200.756868,  TEncSearch::xPatternSearch,[28]
,,7.951151,1.291907,  TComYuv::removeHighFreq,[81]
,,7.235390,554.050020,  TEncSearch::xExtDIFUpSamplingQ,[19]
,,4.497189,177.844728,  TEncSearch::xTZSearch,[35]
,,3.392215,272.996058,  TEncSearch::xExtDIFUpSamplingH,[26]
,,1.758667,0.0,  TEncSearch::xSetSearchRange,[127]
,,0.731049,5.150135,  TComYuv::copyPartToPartYuv,[68]
,,0.715917,0.0,  TComDataCU::getPartIndexAndSize,[118]
,,0.668915,0.0,  floor,[185]
,,0.560084,0.0,  TComRdCost::getBitsOfVectorWithPredictor,[48]
,,0.249005,0.0,  TEncSearch::setWpScalingDistParam,[218]
,,,,,
,,27.248567,677.715163,  TEncSearch::xMotionEstimation,[14]
[15],22.63,27.248567,677.715163,TEncSearch::xPatternRefinement,[15]
,,25.394150,631.530647,  TComRdCost::xGetHADs,[16]
,,20.790365,0.0,  TComRdCost::getBitsOfVectorWithPredictor,[48]
,,,,,
,,0.170963,3.357862,  TEncSearch::estIntraPredLumaQT,[59]
,,1.384747,20.929555,  TEncSearch::xGetInterPredictionError,[40]
,,25.394150,631.530647,  TEncSearch::xPatternRefinement,[15]
[16],21.92,26.949860,655.818064,TComRdCost::xGetHADs,[16]
,,600.662104,2.178015,  TComRdCost::xCalcHADs8x8,[18]
,,52.168951,0.808995,  TComRdCost::xCalcHADs4x4,[52]
,,,,,
,,73.158607,0.0,  TComInterpolationFilter::filterVer,[39]
,,131.065423,0.0,  TEncSearch::xExtDIFUpSamplingH,[26]
,,405.915226,0.0,  TEncSearch::xExtDIFUpSamplingQ,[19]
[17],19.59,610.139255,0.0,"TComInterpolationFilter::filter<8,1,0,1>",[17]
,,,,,
,,600.662104,2.178015,  TComRdCost::xGetHADs,[16]
[18],19.35,600.662104,2.178015,TComRdCost::xCalcHADs8x8,[18]
,,2.178015,0.0,  _security_check_cookie,[107]
,,,,,
,,7.235390,554.050020,  TEncSearch::xMotionEstimation,[14]
[19],18.02,7.235390,554.050020,TEncSearch::xExtDIFUpSamplingQ,[19]
,,405.915226,0.0,"  TComInterpolationFilter::filter<8,1,0,1>",[17]
,,119.934375,0.0,"  TComInterpolationFilter::filter<8,0,1,0>",[25]
,,28.200419,0.0,  TComInterpolationFilter::filterCopy,[43]
,,,,,
,,1.665054,142.771334,  TEncCu::xCheckRDCostMerge2Nx2N,[30]
,,1.741098,340.533226,  TEncCu::xCheckRDCostInter,[12]
[20],15.62,3.406152,483.304560,TEncSearch::encodeResAndCalcRdInterCU,[20]
,,46.528925,405.481350,  TEncSearch::xEstimateInterResidualQT <cycle 7>,[21]
,,8.339297,0.0,  TComYuv::addClip,[84]
,,3.438100,0.0,  TComYuv::subtract,[126]
,,3.158712,0.0,  memcpy,[53]
,,0.902542,6.397523,  TComRdCost::getDistPart,[62]
,,0.607261,3.220608,  TEncSearch::xAddSymbolBitsInter,[121]
,,0.482702,0.544636,  TComYuv::clear,[50]
,,0.435784,0.171164,  TEncBinCABAC::copyState,[109]
,,0.389291,0.0,  TComTU::TComTU,[197]
,,0.373529,0.871345,  TComYuv::copyToPartComponent,[139]
,,0.295663,0.0,  memset,[44]
,,0.155580,0.0,  TComRdCost::calcRdCost,[230]
,,0.093459,0.0,  TEncBinCABACCounter::encodeBin,[108]
,,0.093355,0.716901,  TEncSearch::xSetInterResidualQTData <cycle 5>,[180]
,,0.077848,0.046625,  TEncSbac::codeMergeIndex,[213]
,,0.062143,0.0,  TEncSbac::getNumberOfWrittenBits,[188]
,,0.046742,0.077834,  TEncBinCABACCounter::getNumWrittenBits,[142]
,,0.046720,0.046662,  TEncSbac::resetBits,[125]
,,0.046615,0.0,  TEncSbac::codeQtRootCbfZero,[286]
,,0.031092,0.093439,  TEncSbac::codeSkipFlag,[183]
,,0.015602,0.0,  _security_check_cookie,[107]
,,0.015512,0.0,  TComBitCounter::resetBits,[164]
,,,,,
,,,,  TEncSearch::xEstimateInterResidualQT <cycle 7>,[21]
,,46.528925,405.481350,  TEncSearch::encodeResAndCalcRdInterCU,[20]
[21],14.51,46.528925,405.481350,TEncSearch::xEstimateInterResidualQT <cycle 7>,[21]
,,30.927721,0.0,  memcpy,[53]
,,11.262947,0.0,  memset,[44]
,,8.291884,252.543901,  TComTrQuant::transformNxN,[27]
,,5.213637,0.0,  QpParam::QpParam,[103]
,,4.232087,13.164181,  TComRdCost::getDistPart,[62]
,,3.283321,5.977822,  TEncSearch::xEncodeInterResidualQT <cycle 6>,[80]
,,3.205745,0.0,  TComTU::TComTU,[114]
,,2.738560,0.949112,  TEncBinCABAC::copyState,[109]
,,2.598070,0.0,  TComTURecurse::nextSection,[104]
,,1.959665,0.0,  TEncBinCABACCounter::encodeBin,[108]
,,1.822169,0.606815,  TEncSbac::codeQtCbf,[120]
,,1.743505,1.509069,  TEncSbac::resetBits,[125]
,,1.602852,31.738043,  TEncSbac::estBit,[56]
,,1.384458,3.950245,  TEncEntropy::encodeCoeffNxN,[83]
,,1.338357,0.0,  TEncSbac::codeQtCbfZero,[162]
,,1.291012,0.0,  TComDataCU::getQuadtreeTULog2MinSizeInCU,[147]
,,1.260183,0.0,  TComBitCounter::resetBits,[164]
,,1.104183,0.855166,  TEncBinCABACCounter::getNumWrittenBits,[142]
,,0.917689,0.0,  TComYuv::getStride,[175]
,,0.528737,0.0,  TEncSbac::getNumberOfWrittenBits,[188]
,,0.404746,0.0,  _chkstk,[119]
,,0.139918,0.0,  TComDataCU::isLosslessCoded,[240]
,,0.108860,6.671122,  TComTrQuant::invTransformNxN,[76]
,,0.077791,0.0,  TEncSbac::codeTransformSubdivFlag,[232]
,,0.046743,0.0,  _security_check_cookie,[107]
,,0.031032,0.0,  TEncSbac::codeCrossComponentPrediction,[295]
,,,,  TEncSearch::xEstimateInterResidualQT <cycle 7>,[21]
,,,,,
,,46.528925,405.481350,  TEncSearch::encodeResAndCalcRdInterCU,[20]
[22],14.51,46.528925,405.481350,<cycle 7 as a whole>,[22]
,,46.528925,405.481350,  TEncSearch::xEstimateInterResidualQT <cycle 7>,[21]
,,,,,
,,8.308492,173.412960,  TEncSearch::xGetTemplateCost,[29]
,,9.678295,163.205583,  TComPrediction::xPredInterUni,[36]
[23],11.38,17.986787,336.618544,TComPrediction::xPredInterBlk,[23]
,,3.407751,0.0,  TComYuv::getAddr,[85]
,,2.676221,179.968930,  TComInterpolationFilter::filterHor,[34]
,,2.271939,148.293703,  TComInterpolationFilter::filterVer,[39]
,,,,,
,,3.842684,299.833123,  TEncSearch::predInterSearch,[13]
[24],9.75,3.842684,299.833123,TEncSearch::xEstimateMvPredAMVP,[24]
,,9.926188,202.258799,  TEncSearch::xGetTemplateCost,[29]
,,4.920889,33.714152,  TComDataCU::fillMvpCand,[55]
,,2.479008,42.365133,  TComYuv::clear,[50]
,,1.928939,0.902640,  TComDataCU::setSubPart<signed char>,[117]
,,1.337375,0.0,  TComDataCU::getPartIndexAndSize,[118]
,,,,,
,,62.055498,0.0,  TEncSearch::xExtDIFUpSamplingH,[26]
,,115.928900,0.0,  TComInterpolationFilter::filterHor,[34]
,,119.934375,0.0,  TEncSearch::xExtDIFUpSamplingQ,[19]
[25],9.56,297.918773,0.0,"TComInterpolationFilter::filter<8,0,1,0>",[25]
,,,,,
,,3.392215,272.996058,  TEncSearch::xMotionEstimation,[14]
[26],8.87,3.392215,272.996058,TEncSearch::xExtDIFUpSamplingH,[26]
,,131.065423,0.0,"  TComInterpolationFilter::filter<8,1,0,1>",[17]
,,79.875137,0.0,  TComInterpolationFilter::filterCopy,[43]
,,62.055498,0.0,"  TComInterpolationFilter::filter<8,0,1,0>",[25]
,,,,,
,,0.155232,11.786768,  TEncSearch::xIntraCodingTUBlock,[64]
,,8.291884,252.543901,  TEncSearch::xEstimateInterResidualQT <cycle 7>,[21]
[27],8.76,8.447116,264.330669,TComTrQuant::transformNxN,[27]
,,8.137045,51.153514,  TComTrQuant::xT,[49]
,,5.866091,0.0,  TComTrQuant::xTransformSkip,[101]
,,4.744303,2.100151,  TComTrQuant::rdpcmNxN,[94]
,,4.044401,188.285162,  TComTrQuant::xQuant,[31]
,,,,,
,,14.950878,200.756868,  TEncSearch::xMotionEstimation,[14]
[28],6.92,14.950878,200.756868,TEncSearch::xPatternSearch,[28]
,,58.491531,0.0,  TComRdCost::xGetSAD16,[45]
,,48.342582,0.0,  TComRdCost::xGetSAD8,[46]
,,41.325247,0.0,  TComRdCost::xGetSAD32,[47]
,,26.201810,0.0,  TComRdCost::getBitsOfVectorWithPredictor,[48]
,,25.070111,0.0,  TComRdCost::xGetSAD64,[51]
,,0.808536,0.0,  TComRdCost::xGetSAD24,[163]
,,0.377049,0.0,  TComRdCost::xGetSAD12,[190]
,,0.140002,0.0,  TComRdCost::xGetSAD4,[70]
,,,,,
,,9.926188,202.258799,  TEncSearch::xEstimateMvPredAMVP,[24]
[29],6.81,9.926188,202.258799,TEncSearch::xGetTemplateCost,[29]
,,8.308492,173.412960,  TComPrediction::xPredInterBlk,[23]
,,5.725910,0.0,  TComRdCost::xGetSAD8,[46]
,,5.429721,0.0,  TComRdCost::xGetSAD16,[45]
,,4.605022,0.0,  TComRdCost::xGetSAD32,[47]
,,2.473978,0.0,  TComRdCost::xGetSAD64,[51]
,,2.193638,0.0,  TComRdCost::xGetSAD4,[70]
,,0.109078,0.0,  TComRdCost::xGetSAD,[247]
,,,,,
,,1.305962,203.280097,  TEncCu::xCompressCU <cycle 14>,[10]
[30],6.57,1.305962,203.280097,TEncCu::xCheckRDCostMerge2Nx2N,[30]
,,4.031127,1.556608,  TComDataCU::initEstData,[74]
,,1.665054,142.771334,  TEncSearch::encodeResAndCalcRdInterCU,[20]
,,0.638060,0.731359,  TComDataCU::getInterMergeCandidates,[100]
,,0.545085,0.0,  TComCUMvField::setAll<class TComMv>,[123]
,,0.482409,0.295304,  TComPrediction::xCheckIdenticalMotion,[144]
,,0.326838,0.0,  TComCUMvField::setAll<signed char>,[141]
,,0.280084,0.0,  TComDataCU::getNumPartitions,[195]
,,0.264445,42.722507,  TComPrediction::xPredInterBi,[33]
,,0.264334,0.015538,  TComDataCU::setSubPart<unsigned char>,[171]
,,0.233405,0.031095,  TComDataCU::setSubPart<bool>,[193]
,,0.186642,5.460878,  TComPrediction::xPredInterUni,[36]
,,0.171297,0.280002,  TEncCu::xCheckBestMode,[198]
,,0.155567,0.0,  memset,[44]
,,0.108923,0.0,  TEncCu::xCheckDQP,[238]
,,0.062206,0.0,  TComDataCU::getPartIndexAndSize,[118]
,,,,,
,,4.044401,188.285162,  TComTrQuant::transformNxN,[27]
[31],6.17,4.044401,188.285162,TComTrQuant::xQuant,[31]
,,133.068105,53.941288,  TComTrQuant::xRateDistOptQuant,[32]
,,0.917781,0.0,  _chkstk,[119]
,,0.357988,0.0,  _security_check_cookie,[107]
,,,,,
,,133.068105,53.941288,  TComTrQuant::xQuant,[31]
[32],6.0,133.068105,53.941288,TComTrQuant::xRateDistOptQuant,[32]
,,31.339906,0.0,  memset,[44]
,,6.625967,0.512979,  TComTrQuant::xGetCodedLevel,[93]
,,5.927637,1.027169,  getTUEntropyCodingParameters,[92]
,,4.929465,0.0,  TComTrQuant::getSigCtxInc,[102]
,,1.430780,0.0,  TComTU::getGolombRiceStatisticsIndex,[154]
,,0.902127,0.0,  TComTrQuant::xGetICRate,[158]
,,0.856179,0.0,  _chkstk,[119]
,,0.389078,0.0,  _security_check_cookie,[107]
,,,,,
,,0.264445,42.722507,  TEncCu::xCheckRDCostMerge2Nx2N,[30]
,,1.633472,140.265942,  TComPrediction::motionCompensation,[38]
[33],5.93,1.897917,182.988449,TComPrediction::xPredInterBi,[33]
,,22.705194,1.789407,  TComYuv::addAvg,[63]
,,3.283122,144.957687,  TComPrediction::xPredInterUni,[36]
,,1.462685,8.790353,  TComYuv::copyPartToPartYuv,[68]
,,,,,
,,2.676221,179.968930,  TComPrediction::xPredInterBlk,[23]
[34],5.86,2.676221,179.968930,TComInterpolationFilter::filterHor,[34]
,,115.928900,0.0,"  TComInterpolationFilter::filter<8,0,1,0>",[25]
,,27.167301,0.0,"  TComInterpolationFilter::filter<8,0,1,1>",[60]
,,26.027441,0.0,"  TComInterpolationFilter::filter<4,0,1,0>",[61]
,,9.772105,0.0,  TComInterpolationFilter::filterCopy,[43]
,,1.073182,0.0,"  TComInterpolationFilter::filter<4,0,1,1>",[169]
,,,,,
,,4.497189,177.844728,  TEncSearch::xMotionEstimation,[14]
[35],5.85,4.497189,177.844728,TEncSearch::xTZSearch,[35]
,,3.920444,46.515548,  TEncSearch::xTZSearchHelp,[37]
,,3.376638,119.955117,  TEncSearch::xTZ8PointDiamondSearch,[42]
,,1.509542,0.0,  TEncSearch::xSetSearchRange,[127]
,,0.949008,0.0,  TComRdCost::getBitsOfVectorWithPredictor,[48]
,,0.280344,1.338085,  TEncSearch::xTZ2PointSearch,[151]
,,,,,
,,0.186642,5.460878,  TEncCu::xCheckRDCostMerge2Nx2N,[30]
,,0.575880,22.465313,  TComPrediction::motionCompensation,[38]
,,3.283122,144.957687,  TComPrediction::xPredInterBi,[33]
[36],5.68,4.045644,172.883878,TComPrediction::xPredInterUni,[36]
,,9.678295,163.205583,  TComPrediction::xPredInterBlk,[23]
,,,,,
,,0.108986,1.229099,  TEncSearch::xTZ2PointSearch,[151]
,,3.920444,46.515548,  TEncSearch::xTZSearch,[35]
,,13.693008,106.262109,  TEncSearch::xTZ8PointDiamondSearch,[42]
[37],5.51,17.722439,154.006757,TEncSearch::xTZSearchHelp,[37]
,,32.631444,0.0,  TComRdCost::xGetSAD8,[46]
,,29.982149,0.0,  TComRdCost::xGetSAD32,[47]
,,28.038334,0.0,  TComRdCost::xGetSAD16,[45]
,,26.856479,0.0,  TComRdCost::xGetSAD64,[51]
,,15.365756,0.0,  TComRdCost::getBitsOfVectorWithPredictor,[48]
,,12.492595,0.0,  TComRdCost::xGetSAD4,[70]
,,7.908573,0.0,  TComRdCost::setDistParam,[87]
,,0.497959,0.0,  TComRdCost::xGetSAD24,[163]
,,0.233468,0.0,  TComRdCost::xGetSAD12,[190]
,,,,,
,,0.420071,45.652321,  TEncSearch::predInterSearch,[13]
,,0.700600,121.279605,  TEncSearch::xGetInterPredictionError,[40]
[38],5.39,1.120671,166.931926,TComPrediction::motionCompensation,[38]
,,1.633472,140.265942,  TComPrediction::xPredInterBi,[33]
,,1.088919,0.233286,  TComPrediction::xCheckIdenticalMotion,[144]
,,0.669114,0.0,  TComDataCU::getPartIndexAndSize,[118]
,,0.575880,22.465313,  TComPrediction::xPredInterUni,[36]
,,,,,
,,2.271939,148.293703,  TComPrediction::xPredInterBlk,[23]
[39],4.83,2.271939,148.293703,TComInterpolationFilter::filterVer,[39]
,,73.158607,0.0,"  TComInterpolationFilter::filter<8,1,0,1>",[17]
,,28.831283,0.0,"  TComInterpolationFilter::filter<8,1,1,1>",[58]
,,17.954803,0.0,"  TComInterpolationFilter::filter<8,1,0,0>",[67]
,,9.506784,0.0,"  TComInterpolationFilter::filter<8,1,1,0>",[77]
,,7.888353,0.0,"  TComInterpolationFilter::filter<4,1,0,0>",[88]
,,7.875012,0.0,"  TComInterpolationFilter::filter<4,1,0,1>",[89]
,,1.617721,0.0,"  TComInterpolationFilter::filter<4,1,1,0>",[152]
,,1.461141,0.0,"  TComInterpolationFilter::filter<4,1,1,1>",[157]
,,,,,
,,0.575833,23.597131,  TEncSearch::predInterSearch,[13]
,,1.073659,121.522510,  TEncSearch::xMergeEstimation,[41]
[40],4.71,1.649492,145.119641,TEncSearch::xGetInterPredictionError,[40]
,,1.384747,20.929555,  TComRdCost::xGetHADs,[16]
,,0.825134,0.0,  TComDataCU::getPartIndexAndSize,[118]
,,0.700600,121.279605,  TComPrediction::motionCompensation,[38]
,,,,,
,,1.873405,129.151015,  TEncSearch::predInterSearch,[13]
[41],4.21,1.873405,129.151015,TEncSearch::xMergeEstimation,[41]
,,1.664663,2.960698,  TComDataCU::getInterMergeCandidates,[100]
,,1.073659,121.522510,  TEncSearch::xGetInterPredictionError,[40]
,,1.057968,0.0,  TComCUMvField::setAll<class TComMv>,[123]
,,0.793667,0.0,  TComCUMvField::setAll<signed char>,[141]
,,0.077849,0.0,  TComDataCU::getPartIndexAndSize,[118]
,,,,,
,,3.376638,119.955117,  TEncSearch::xTZSearch,[35]
[42],3.96,3.376638,119.955117,TEncSearch::xTZ8PointDiamondSearch,[42]
,,13.693008,106.262109,  TEncSearch::xTZSearchHelp,[37]
,,,,,
,,9.772105,0.0,  TComInterpolationFilter::filterHor,[34]
,,28.200419,0.0,  TEncSearch::xExtDIFUpSamplingQ,[19]
,,79.875137,0.0,  TEncSearch::xExtDIFUpSamplingH,[26]
[43],3.78,117.847661,0.0,TComInterpolationFilter::filterCopy,[43]
,,,,,
,,0.015528,0.0,  SAOOffset::SAOOffset,[307]
,,0.015544,0.0,  TEncSearch::xRecurIntraChromaCodingQT <cycle 10>,[115]
,,0.015548,0.0,  TComDataCU::create,[248]
,,0.015586,0.0,  TEncSearch::xRecurIntraCodingLumaQT <cycle 13>,[66]
,,0.031178,0.0,  TEncSampleAdaptiveOffset::getBlkStats,[132]
,,0.108983,0.0,  TComDataCU::setSubPart<bool>,[193]
,,0.109119,0.0,  TEncCu::xCheckRDCostInter,[12]
,,0.155567,0.0,  TEncCu::xCheckRDCostMerge2Nx2N,[30]
,,0.155584,0.0,  TEncSearch::xIntraCodingTUBlock,[64]
,,0.171202,0.0,  TComDataCU::setSubPart<unsigned char>,[171]
,,0.248587,0.0,  TEncSbac::codeCoeffNxN,[91]
,,0.295663,0.0,  TEncSearch::encodeResAndCalcRdInterCU,[20]
,,0.404273,0.0,  TComDataCU::initCtu,[184]
,,0.730927,0.0,  TComTrQuant::rdpcmNxN,[94]
,,1.213953,0.0,  TComDataCU::setSubPart<signed char>,[117]
,,1.229252,0.0,  TComDataCU::initSubCU,[136]
,,3.470404,0.0,  TComDataCU::initEstData,[74]
,,11.262947,0.0,  TEncSearch::xEstimateInterResidualQT <cycle 7>,[21]
,,31.339906,0.0,  TComTrQuant::xRateDistOptQuant,[32]
,,52.681595,0.0,  TComYuv::clear,[50]
[44],3.33,103.671345,0.0,memset,[44]
,,,,,
,,5.429721,0.0,  TEncSearch::xGetTemplateCost,[29]
,,28.038334,0.0,  TEncSearch::xTZSearchHelp,[37]
,,58.491531,0.0,  TEncSearch::xPatternSearch,[28]
[45],2.95,91.959586,0.0,TComRdCost::xGetSAD16,[45]
,,,,,
,,5.725910,0.0,  TEncSearch::xGetTemplateCost,[29]
,,32.631444,0.0,  TEncSearch::xTZSearchHelp,[37]
,,48.342582,0.0,  TEncSearch::xPatternSearch,[28]
[46],2.78,86.699935,0.0,TComRdCost::xGetSAD8,[46]
,,,,,
,,4.605022,0.0,  TEncSearch::xGetTemplateCost,[29]
,,29.982149,0.0,  TEncSearch::xTZSearchHelp,[37]
,,41.325247,0.0,  TEncSearch::xPatternSearch,[28]
[47],2.44,75.912417,0.0,TComRdCost::xGetSAD32,[47]
,,,,,
,,0.560084,0.0,  TEncSearch::xMotionEstimation,[14]
,,0.840268,0.0,  TEncSearch::predInterSearch,[13]
,,0.949008,0.0,  TEncSearch::xTZSearch,[35]
,,3.454640,0.0,  TEncSearch::xCheckBestMVP,[95]
,,15.365756,0.0,  TEncSearch::xTZSearchHelp,[37]
,,20.790365,0.0,  TEncSearch::xPatternRefinement,[15]
,,26.201810,0.0,  TEncSearch::xPatternSearch,[28]
[48],2.19,68.161932,0.0,TComRdCost::getBitsOfVectorWithPredictor,[48]
,,,,,
,,8.137045,51.153514,  TComTrQuant::transformNxN,[27]
[49],1.9,8.137045,51.153514,TComTrQuant::xT,[49]
,,2.583043,0.0,  memcpy,[53]
,,1.991979,45.956315,  xTrMxN,[54]
,,0.357770,0.0,  _chkstk,[119]
,,0.264408,0.0,  _security_check_cookie,[107]
,,,,,
,,0.482702,0.544636,  TEncSearch::encodeResAndCalcRdInterCU,[20]
,,0.995676,9.771826,  TEncSearch::predInterSearch,[13]
,,2.479008,42.365133,  TEncSearch::xEstimateMvPredAMVP,[24]
[50],1.82,3.957387,52.681595,TComYuv::clear,[50]
,,52.681595,0.0,  memset,[44]
,,,,,
,,2.473978,0.0,  TEncSearch::xGetTemplateCost,[29]
,,25.070111,0.0,  TEncSearch::xPatternSearch,[28]
,,26.856479,0.0,  TEncSearch::xTZSearchHelp,[37]
[51],1.75,54.400568,0.0,TComRdCost::xGetSAD64,[51]
,,,,,
,,52.168951,0.808995,  TComRdCost::xGetHADs,[16]
[52],1.7,52.168951,0.808995,TComRdCost::xCalcHADs4x4,[52]
,,0.808995,0.0,  _security_check_cookie,[107]
,,,,,
,,0.000004,0.0,"  std::basic_string<char,struct std::char_traits<char>,class std::allocator<char> >::assign",[318]
,,0.015485,0.0,  TEncCu::xCheckRDCostIntra,[57]
,,0.015635,0.0,  copyPlane,[299]
,,0.031077,0.0,  TComPrediction::xPredIntraAng,[135]
,,0.031095,0.0,  TComPicYuv::extendPicBorder,[254]
,,0.031119,0.0,  TEncSearch::xLoadIntraResultQT,[285]
,,0.046628,0.0,  TEncSearch::xSetIntraResultLumaQT <cycle 12>,[270]
,,0.046693,0.0,  TEncSearch::xStoreIntraResultQT,[227]
,,0.046735,0.0,  TEncSearch::xModeBitsIntra,[192]
,,0.062247,0.0,  TEncSearch::xRecurIntraChromaCodingQT <cycle 10>,[115]
,,0.077783,0.0,  TEncSearch::xSetIntraResultChromaQT <cycle 8>,[236]
,,0.108876,0.0,  TComTrQuant::xIT,[98]
,,0.139760,0.0,  TEncSearch::estIntraPredChromaQT,[106]
,,0.139898,0.0,  TEncSearch::estIntraPredLumaQT,[59]
,,0.140158,0.0,  TComYuv::copyPartToPartComponentMxN,[216]
,,0.264428,0.0,  TEncCu::xCheckBestMode,[198]
,,0.295052,0.0,  TEncSearch::xRecurIntraCodingLumaQT <cycle 13>,[66]
,,0.296937,0.0,  TEncSearch::xSetInterResidualQTData <cycle 5>,[180]
,,0.404328,0.0,  TComYuv::copyFromPicComponent,[186]
,,0.497745,0.0,  TEncCu::xCompressCU <cycle 14>,[10]
,,0.623273,0.0,  TComPicYuv::copyToPic,[189]
,,0.933666,0.0,  TComYuv::copyToPicComponent,[155]
,,0.949181,0.0,  TComYuv::copyToPartComponent,[139]
,,1.089126,0.0,  TComDataCU::copyPartFrom,[148]
,,1.338242,0.0,  TEncSearch::predInterSearch,[13]
,,1.695712,0.0,  TComDataCU::copyToPic,[143]
,,2.583043,0.0,  TComTrQuant::xT,[49]
,,3.158712,0.0,  TEncSearch::encodeResAndCalcRdInterCU,[20]
,,4.744751,0.0,  TComYuv::copyPartToPartComponent,[71]
,,30.927721,0.0,  TEncSearch::xEstimateInterResidualQT <cycle 7>,[21]
[53],1.63,50.735110,0.0,memcpy,[53]
,,,,,
,,1.991979,45.956315,  TComTrQuant::xT,[49]
[54],1.54,1.991979,45.956315,xTrMxN,[54]
,,13.876780,0.0,  partialButterfly32,[72]
,,13.727101,0.0,  partialButterfly16,[73]
,,9.462308,0.0,  partialButterfly8,[78]
,,8.018664,0.0,  partialButterfly4,[86]
,,0.451481,0.0,  _chkstk,[119]
,,0.264471,0.0,  fastForwardDst,[217]
,,0.155510,0.0,  _security_check_cookie,[107]
,,,,,
,,4.920889,33.714152,  TEncSearch::xEstimateMvPredAMVP,[24]
[55],1.24,4.920889,33.714152,TComDataCU::fillMvpCand,[55]
,,10.485612,5.274829,  TComDataCU::xAddMVPCandUnscaled,[69]
,,5.382284,1.587158,  TComDataCU::xGetColMVP,[82]
,,2.505013,1.835640,  TComDataCU::xAddMVPCandWithScaling,[113]
,,1.991217,0.062279,  TComDataCU::getPUBelowLeft,[122]
,,1.633425,0.0,  TComDataCU::deriveLeftRightTopIdx,[150]
,,0.933400,0.0,  TComDataCU::deriveLeftBottomIdx,[174]
,,0.903025,0.0,  TComDataCU::deriveRightBottomIdx,[168]
,,0.435897,0.046729,  TComDataCU::getPUAboveLeft,[187]
,,0.264427,0.0,  std::_Deque_const_iterator<class std::_Deque_val<struct std::_Deque_simple_types<class TComSlice *> > >::operator+,[124]
,,0.264236,0.0,  TComDataCU::getPULeft,[176]
,,0.077787,0.0,"  std::deque<class TComSlice *,class std::allocator<class TComSlice *> >::begin",[167]
,,0.031193,0.0,  TComDataCU::getPartIndexAndSize,[118]
,,,,,
,,0.124329,0.652608,  TEncSearch::xIntraCodingTUBlock,[64]
,,1.602852,31.738043,  TEncSearch::xEstimateInterResidualQT <cycle 7>,[21]
[56],1.1,1.727181,32.390650,TEncSbac::estBit,[56]
,,11.513306,0.0,  TEncSbac::estSignificantMapBit,[75]
,,7.747936,0.0,  TEncSbac::estLastSignificantPositionBit,[90]
,,6.736091,0.0,  TEncSbac::estSignificantCoefficientsBit,[96]
,,4.463832,0.0,  TEncSbac::estCBFBit,[110]
,,1.929486,0.0,  TEncSbac::estSignificantCoeffGroupMapBit,[146]
,,,,,
,,0.031093,33.266933,  TEncCu::xCompressCU <cycle 14>,[10]
[57],1.07,0.031093,33.266933,TEncCu::xCheckRDCostIntra,[57]
,,0.263984,27.669820,  TEncSearch::estIntraPredLumaQT,[59]
,,0.108879,0.186776,  TEncEntropy::xEncodeTransform <cycle 4>,[161]
,,0.015524,4.990947,  TEncSearch::estIntraPredChromaQT,[106]
,,0.015518,0.0,  TComTU::TComTU,[197]
,,0.015485,0.0,  memcpy,[53]
,,,,,
,,28.831283,0.0,  TComInterpolationFilter::filterVer,[39]
[58],0.93,28.831283,0.0,"TComInterpolationFilter::filter<8,1,1,1>",[58]
,,,,,
,,0.263984,27.669820,  TEncCu::xCheckRDCostIntra,[57]
[59],0.9,0.263984,27.669820,TEncSearch::estIntraPredLumaQT,[59]
,,0.341913,20.240017,  TEncSearch::xRecurIntraCodingLumaQT <cycle 13>,[66]
,,0.170963,3.357862,  TComRdCost::xGetHADs,[16]
,,0.139928,0.450894,  TEncSearch::xModeBitsIntra,[192]
,,0.139898,0.0,  memcpy,[53]
,,0.139736,0.0,  TEncSearch::xUpdateCandList,[241]
,,0.108707,2.253362,  TComPrediction::predIntraAng,[128]
,,0.062176,0.108970,  TComPrediction::initIntraPatternChType,[156]
,,0.031099,0.031033,  TEncBinCABACCounter::getNumWrittenBits,[142]
,,0.031066,0.046628,  TEncSearch::xSetIntraResultLumaQT <cycle 12>,[270]
,,0.015569,0.0,  TComYuv::getStride,[175]
,,,,,
,,27.167301,0.0,  TComInterpolationFilter::filterHor,[34]
[60],0.87,27.167301,0.0,"TComInterpolationFilter::filter<8,0,1,1>",[60]
,,,,,
,,26.027441,0.0,  TComInterpolationFilter::filterHor,[34]
[61],0.84,26.027441,0.0,"TComInterpolationFilter::filter<4,0,1,0>",[61]
,,,,,
,,0.108899,0.373336,  TEncSearch::xIntraCodingTUBlock,[64]
,,0.902542,6.397523,  TEncSearch::encodeResAndCalcRdInterCU,[20]
,,4.232087,13.164181,  TEncSearch::xEstimateInterResidualQT <cycle 7>,[21]
[62],0.81,5.243529,19.935040,TComRdCost::getDistPart,[62]
,,6.644870,0.0,  TComRdCost::xGetSSE4,[97]
,,5.041665,0.0,  TComRdCost::xGetSSE8,[105]
,,4.403007,0.0,  TComRdCost::xGetSSE16,[112]
,,2.974061,0.0,  TComRdCost::xGetSSE32,[130]
,,0.871436,0.0,  TComRdCost::xGetSSE64,[177]
,,,,,
,,22.705194,1.789407,  TComPrediction::xPredInterBi,[33]
[63],0.79,22.705194,1.789407,TComYuv::addAvg,[63]
,,1.120276,0.0,  TComYuv::getAddr,[111]
,,0.669132,0.0,  TComYuv::getAddr,[85]
,,,,,
,,0.528359,3.203277,  TEncSearch::xRecurIntraChromaCodingQT <cycle 10>,[115]
,,1.367736,15.671377,  TEncSearch::xRecurIntraCodingLumaQT <cycle 13>,[66]
[64],0.67,1.896095,18.874653,TEncSearch::xIntraCodingTUBlock,[64]
,,0.326516,0.979476,  TComPrediction::initIntraPatternChType,[156]
,,0.326257,0.0,  TComYuv::getAddr,[85]
,,0.155584,0.0,  memset,[44]
,,0.155565,0.0,  QpParam::QpParam,[103]
,,0.155232,11.786768,  TComTrQuant::transformNxN,[27]
,,0.124329,0.652608,  TEncSbac::estBit,[56]
,,0.108899,0.373336,  TComRdCost::getDistPart,[62]
,,0.108718,0.776835,  TComPrediction::predIntraAng,[128]
,,0.046697,0.0,  TComPrediction::filteringIntraReferenceSamples,[282]
,,0.031098,2.766735,  TComTrQuant::invTransformNxN,[76]
,,,,,
,,0.341913,20.240017,  TEncSearch::estIntraPredLumaQT,[59]
[65],0.66,0.341913,20.240017,<cycle 13 as a whole>,[65]
,,0.341913,20.240017,  TEncSearch::xRecurIntraCodingLumaQT <cycle 13>,[66]
,,,,,
,,,,  TEncSearch::xRecurIntraCodingLumaQT <cycle 13>,[66]
,,0.341913,20.240017,  TEncSearch::estIntraPredLumaQT,[59]
[66],0.66,0.341913,20.240017,TEncSearch::xRecurIntraCodingLumaQT <cycle 13>,[66]
,,1.367736,15.671377,  TEncSearch::xIntraCodingTUBlock,[64]
,,0.295052,0.0,  memcpy,[53]
,,0.093291,0.124310,  TEncSearch::xEncSubdivCbfQT <cycle 11>,[208]
,,0.046678,0.155443,  TEncSearch::xEncIntraHeader,[225]
,,0.015608,0.0,  TEncBinCABACCounter::getNumWrittenBits,[142]
,,0.015586,0.0,  memset,[44]
,,0.015581,0.0,  TComTURecurse::nextSection,[104]
,,0.015577,0.0,  TEncBinCABAC::copyState,[109]
,,0.015569,2.097686,  TEncSearch::xEncCoeffQT <cycle 9>,[138]
,,0.015541,0.0,  TEncSbac::getNumberOfWrittenBits,[188]
,,0.015523,0.0,  _security_check_cookie,[107]
,,0.015520,0.031119,  TEncSearch::xLoadIntraResultQT,[285]
,,0.015508,0.0,  TEncSbac::resetBits,[125]
,,,,  TEncSearch::xRecurIntraCodingLumaQT <cycle 13>,[66]
,,0.0,0.217313,  TEncSearch::xStoreIntraResultQT,[227]
,,,,,
,,17.954803,0.0,  TComInterpolationFilter::filterVer,[39]
[67],0.58,17.954803,0.0,"TComInterpolationFilter::filter<8,1,0,0>",[67]
,,,,,
,,0.731049,5.150135,  TEncSearch::xMotionEstimation,[14]
,,1.462685,8.790353,  TComPrediction::xPredInterBi,[33]
[68],0.52,2.193735,13.940488,TComYuv::copyPartToPartYuv,[68]
,,4.138774,9.801714,  TComYuv::copyPartToPartComponent,[71]
,,,,,
,,10.485612,5.274829,  TComDataCU::fillMvpCand,[55]
[69],0.51,10.485612,5.274829,TComDataCU::xAddMVPCandUnscaled,[69]
,,2.365590,0.0,  std::_Deque_const_iterator<class std::_Deque_val<struct std::_Deque_simple_types<class TComSlice *> > >::operator+,[124]
,,0.886705,0.108912,  TComDataCU::getPUAboveRight,[159]
,,0.777675,0.015482,  TComDataCU::getPUBelowLeft,[122]
,,0.669137,0.0,"  std::deque<class TComSlice *,class std::allocator<class TComSlice *> >::begin",[167]
,,0.451329,0.0,  TComDataCU::getPULeft,[176]
,,,,,
,,0.140002,0.0,  TEncSearch::xPatternSearch,[28]
,,2.193638,0.0,  TEncSearch::xGetTemplateCost,[29]
,,12.492595,0.0,  TEncSearch::xTZSearchHelp,[37]
[70],0.48,14.826236,0.0,TComRdCost::xGetSAD4,[70]
,,,,,
,,0.031029,0.139592,  TEncSearch::xStoreIntraResultQT,[227]
,,4.138774,9.801714,  TComYuv::copyPartToPartYuv,[68]
[71],0.45,4.169802,9.941306,TComYuv::copyPartToPartComponent,[71]
,,4.744751,0.0,  memcpy,[53]
,,2.660362,0.0,  TComYuv::getAddr,[111]
,,2.536193,0.0,  TComYuv::getAddr,[85]
,,,,,
,,13.876780,0.0,  xTrMxN,[54]
[72],0.45,13.876780,0.0,partialButterfly32,[72]
,,,,,
,,13.727101,0.0,  xTrMxN,[54]
[73],0.44,13.727101,0.0,partialButterfly16,[73]
,,,,,
,,4.031127,1.556608,  TEncCu::xCheckRDCostMerge2Nx2N,[30]
,,4.542119,1.913796,  TEncCu::xCompressCU <cycle 14>,[10]
[74],0.39,8.573246,3.470404,TComDataCU::initEstData,[74]
,,3.470404,0.0,  memset,[44]
,,,,,
,,11.513306,0.0,  TEncSbac::estBit,[56]
[75],0.37,11.513306,0.0,TEncSbac::estSignificantMapBit,[75]
,,,,,
,,0.031098,2.766735,  TEncSearch::xIntraCodingTUBlock,[64]
,,0.108860,6.671122,  TEncSearch::xEstimateInterResidualQT <cycle 7>,[21]
[76],0.31,0.139958,9.437857,TComTrQuant::invTransformNxN,[76]
,,2.704977,0.0,  TComTrQuant::xDeQuant,[134]
,,0.451121,6.110739,  TComTrQuant::xIT,[98]
,,0.093274,0.0,  TComTrQuant::xITransformSkip,[259]
,,0.077747,0.0,  TComTrQuant::invRdpcmNxN,[267]
,,,,,
,,9.506784,0.0,  TComInterpolationFilter::filterVer,[39]
[77],0.31,9.506784,0.0,"TComInterpolationFilter::filter<8,1,1,0>",[77]
,,,,,
,,9.462308,0.0,  xTrMxN,[54]
[78],0.3,9.462308,0.0,partialButterfly8,[78]
,,,,,
,,3.283321,5.977822,  TEncSearch::xEstimateInterResidualQT <cycle 7>,[21]
[79],0.3,3.283321,5.977822,<cycle 6 as a whole>,[79]
,,3.283321,5.977822,  TEncSearch::xEncodeInterResidualQT <cycle 6>,[80]
,,,,,
,,,,  TEncSearch::xEncodeInterResidualQT <cycle 6>,[80]
,,3.283321,5.977822,  TEncSearch::xEstimateInterResidualQT <cycle 7>,[21]
[80],0.3,3.283321,5.977822,TEncSearch::xEncodeInterResidualQT <cycle 6>,[80]
,,2.146451,0.0,  TComTURecurse::nextSection,[104]
,,1.026485,0.311089,  TEncSbac::codeQtCbf,[120]
,,0.762412,0.0,  TComTU::TComTU,[114]
,,0.455967,0.0,  TComDataCU::getQuadtreeTULog2MinSizeInCU,[147]
,,0.124585,0.0,  TEncBinCABACCounter::encodeBin,[108]
,,0.124386,0.0,  _security_check_cookie,[107]
,,0.062286,0.0,  TEncSbac::codeTransformSubdivFlag,[232]
,,0.015605,0.948557,  TEncEntropy::encodeCoeffNxN,[83]
,,,,  TEncSearch::xEncodeInterResidualQT <cycle 6>,[80]
,,,,,
,,7.951151,1.291907,  TEncSearch::xMotionEstimation,[14]
[81],0.3,7.951151,1.291907,TComYuv::removeHighFreq,[81]
,,0.653868,0.0,  TComYuv::getAddr,[111]
,,0.638039,0.0,  TComYuv::getAddr,[85]
,,,,,
,,1.217938,0.264445,  TComDataCU::getInterMergeCandidates,[100]
,,5.382284,1.587158,  TComDataCU::fillMvpCand,[55]
[82],0.27,6.600222,1.851603,TComDataCU::xGetColMVP,[82]
,,1.540518,0.0,  TComDataCU::xGetDistScaleFactor,[140]
,,0.233395,0.0,  std::_Deque_const_iterator<class std::_Deque_val<struct std::_Deque_simple_types<class TComSlice *> > >::operator+,[124]
,,0.077690,0.0,"  std::deque<class TComSlice *,class std::allocator<class TComSlice *> >::begin",[167]
,,,,,
,,0.015605,0.948557,  TEncSearch::xEncodeInterResidualQT <cycle 6>,[80]
,,0.077771,2.066519,  TEncSearch::xEncCoeffQT <cycle 9>,[138]
,,1.384458,3.950245,  TEncSearch::xEstimateInterResidualQT <cycle 7>,[21]
[83],0.27,1.477834,6.965321,TEncEntropy::encodeCoeffNxN,[83]
,,4.073668,2.720541,  TEncSbac::codeCoeffNxN,[91]
,,0.171113,0.0,  _security_check_cookie,[107]
,,,,,
,,8.339297,0.0,  TEncSearch::encodeResAndCalcRdInterCU,[20]
[84],0.27,8.339297,0.0,TComYuv::addClip,[84]
,,,,,
,,0.326257,0.0,  TEncSearch::xIntraCodingTUBlock,[64]
,,0.637870,0.0,  TComYuv::copyToPartComponent,[139]
,,0.638039,0.0,  TComYuv::removeHighFreq,[81]
,,0.669132,0.0,  TComYuv::addAvg,[63]
,,2.536193,0.0,  TComYuv::copyPartToPartComponent,[71]
,,3.407751,0.0,  TComPrediction::xPredInterBlk,[23]
[85],0.26,8.215242,0.0,TComYuv::getAddr,[85]
,,,,,
,,8.018664,0.0,  xTrMxN,[54]
[86],0.26,8.018664,0.0,partialButterfly4,[86]
,,,,,
,,7.908573,0.0,  TEncSearch::xTZSearchHelp,[37]
[87],0.25,7.908573,0.0,TComRdCost::setDistParam,[87]
,,,,,
,,7.888353,0.0,  TComInterpolationFilter::filterVer,[39]
[88],0.25,7.888353,0.0,"TComInterpolationFilter::filter<4,1,0,0>",[88]
,,,,,
,,7.875012,0.0,  TComInterpolationFilter::filterVer,[39]
[89],0.25,7.875012,0.0,"TComInterpolationFilter::filter<4,1,0,1>",[89]
,,,,,
,,7.747936,0.0,  TEncSbac::estBit,[56]
[90],0.25,7.747936,0.0,TEncSbac::estLastSignificantPositionBit,[90]
,,,,,
,,0.435750,0.388907,  TEncEntropy::xEncodeTransform <cycle 4>,[161]
,,4.073668,2.720541,  TEncEntropy::encodeCoeffNxN,[83]
[91],0.24,4.509418,3.109448,TEncSbac::codeCoeffNxN,[91]
,,0.886954,0.0,  TComTrQuant::getSigCtxInc,[102]
,,0.792901,0.0,  TEncBinCABACCounter::encodeBin,[108]
,,0.326269,0.201979,  TEncSbac::codeLastSignificantXY,[194]
,,0.310869,0.031040,  getTUEntropyCodingParameters,[92]
,,0.248587,0.0,  memset,[44]
,,0.093214,0.015508,  TEncSbac::xWriteCoefRemainExGolomb,[252]
,,0.077703,0.0,  TComTU::getGolombRiceStatisticsIndex,[154]
,,0.062214,0.0,  TEncSbac::codeTransformSkipFlags,[275]
,,0.046593,0.0,  TEncBinCABACCounter::encodeBinsEP,[276]
,,0.015618,0.0,  _security_check_cookie,[107]
,,,,,
,,0.310869,0.031040,  TEncSbac::codeCoeffNxN,[91]
,,5.927637,1.027169,  TComTrQuant::xRateDistOptQuant,[32]
[92],0.23,6.238506,1.058209,getTUEntropyCodingParameters,[92]
,,1.058209,0.0,  TComDataCU::getCoefScanIdx,[170]
,,,,,
,,6.625967,0.512979,  TComTrQuant::xRateDistOptQuant,[32]
[93],0.23,6.625967,0.512979,TComTrQuant::xGetCodedLevel,[93]
,,0.512979,0.0,  TComTrQuant::xGetICRate,[158]
,,,,,
,,4.744303,2.100151,  TComTrQuant::transformNxN,[27]
[94],0.22,4.744303,2.100151,TComTrQuant::rdpcmNxN,[94]
,,1.011255,0.0,  _chkstk,[119]
,,0.730927,0.0,  memset,[44]
,,0.357969,0.0,  _security_check_cookie,[107]
,,,,,
,,3.314368,3.454640,  TEncSearch::predInterSearch,[13]
[95],0.22,3.314368,3.454640,TEncSearch::xCheckBestMVP,[95]
,,3.454640,0.0,  TComRdCost::getBitsOfVectorWithPredictor,[48]
,,,,,
,,6.736091,0.0,  TEncSbac::estBit,[56]
[96],0.22,6.736091,0.0,TEncSbac::estSignificantCoefficientsBit,[96]
,,,,,
,,6.644870,0.0,  TComRdCost::getDistPart,[62]
[97],0.21,6.644870,0.0,TComRdCost::xGetSSE4,[97]
,,,,,
,,0.451121,6.110739,  TComTrQuant::invTransformNxN,[76]
[98],0.21,0.451121,6.110739,TComTrQuant::xIT,[98]
,,0.108876,0.0,  memcpy,[53]
,,0.108789,5.893074,  xITrMxN,[99]
,,,,,
,,0.108789,5.893074,  TComTrQuant::xIT,[98]
[99],0.19,0.108789,5.893074,xITrMxN,[99]
,,2.907907,0.0,  partialButterflyInverse32,[131]
,,1.944116,0.0,  partialButterflyInverse16,[145]
,,0.808148,0.0,  partialButterflyInverse8,[181]
,,0.124244,0.0,  partialButterflyInverse4,[246]
,,0.108658,0.0,  fastInverseDst,[253]
,,,,,
,,0.638060,0.731359,  TEncCu::xCheckRDCostMerge2Nx2N,[30]
,,1.664663,2.960698,  TEncSearch::xMergeEstimation,[41]
[100],0.19,2.302722,3.692057,TComDataCU::getInterMergeCandidates,[100]
,,1.217938,0.264445,  TComDataCU::xGetColMVP,[82]
,,0.420266,0.0,  TComDataCU::deriveLeftRightTopIdxGeneral,[200]
,,0.420186,0.0,  TComDataCU::hasEqualMotion,[201]
,,0.342413,0.0,  TComDataCU::getPartPosition,[209]
,,0.264502,0.0,  TComDataCU::deriveLeftBottomIdxGeneral,[215]
,,0.202315,0.015509,  TComDataCU::getPUBelowLeft,[122]
,,0.186715,0.0,  TComDataCU::deriveRightBottomIdx,[168]
,,0.155533,0.0,  TComDataCU::getPUAboveRight,[159]
,,0.124431,0.0,  TComDataCU::getPUAboveLeft,[187]
,,0.062237,0.0,  TComDataCU::getPartIndexAndSize,[118]
,,0.015567,0.0,  _security_check_cookie,[107]
,,,,,
,,5.866091,0.0,  TComTrQuant::transformNxN,[27]
[101],0.19,5.866091,0.0,TComTrQuant::xTransformSkip,[101]
,,,,,
,,0.886954,0.0,  TEncSbac::codeCoeffNxN,[91]
,,4.929465,0.0,  TComTrQuant::xRateDistOptQuant,[32]
[102],0.19,5.816419,0.0,TComTrQuant::getSigCtxInc,[102]
,,,,,
,,0.155565,0.0,  TEncSearch::xIntraCodingTUBlock,[64]
,,5.213637,0.0,  TEncSearch::xEstimateInterResidualQT <cycle 7>,[21]
[103],0.17,5.369203,0.0,QpParam::QpParam,[103]
,,,,,
,,0.015477,0.0,  TEncSearch::xSetIntraResultChromaQT <cycle 8>,[236]
,,0.015581,0.0,  TEncSearch::xRecurIntraCodingLumaQT <cycle 13>,[66]
,,0.031093,0.0,  TEncSearch::xEncSubdivCbfQT <cycle 11>,[208]
,,0.046673,0.0,  TEncEntropy::xEncodeTransform <cycle 4>,[161]
,,0.077729,0.0,  TEncSearch::xEncCoeffQT <cycle 9>,[138]
,,0.093423,0.0,  TEncSearch::xRecurIntraChromaCodingQT <cycle 10>,[115]
,,0.124345,0.0,  TEncSearch::xSetInterResidualQTData <cycle 5>,[180]
,,2.146451,0.0,  TEncSearch::xEncodeInterResidualQT <cycle 6>,[80]
,,2.598070,0.0,  TEncSearch::xEstimateInterResidualQT <cycle 7>,[21]
[104],0.17,5.148843,0.0,TComTURecurse::nextSection,[104]
,,,,,
,,5.041665,0.0,  TComRdCost::getDistPart,[62]
[105],0.16,5.041665,0.0,TComRdCost::xGetSSE8,[105]
,,,,,
,,0.015524,4.990947,  TEncCu::xCheckRDCostIntra,[57]
[106],0.16,0.015524,4.990947,TEncSearch::estIntraPredChromaQT,[106]
,,0.202097,4.011732,  TEncSearch::xRecurIntraChromaCodingQT <cycle 10>,[115]
,,0.139760,0.0,  memcpy,[53]
,,0.062222,0.077750,  TEncSearch::xEncSubdivCbfQT <cycle 11>,[208]
,,0.062210,0.202179,  TEncSearch::xEncCoeffQT <cycle 9>,[138]
,,0.062136,0.108790,  TEncSearch::xSetIntraResultChromaQT <cycle 8>,[236]
,,0.046567,0.0,  TEncBinCABAC::copyState,[109]
,,0.0,0.015505,  TEncSearch::xEncIntraHeader,[225]
,,,,,
,,0.015494,0.0,  TComPrediction::xPredIntraAng,[135]
,,0.015523,0.0,  TEncSearch::xRecurIntraCodingLumaQT <cycle 13>,[66]
,,0.015530,0.0,  TEncSearch::xSetIntraResultChromaQT <cycle 8>,[236]
,,0.015567,0.0,  TComDataCU::getInterMergeCandidates,[100]
,,0.015582,0.0,  TEncSearch::predInterSearch,[13]
,,0.015602,0.0,  TEncSearch::encodeResAndCalcRdInterCU,[20]
,,0.015618,0.0,  TEncSbac::codeCoeffNxN,[91]
,,0.031159,0.0,  TEncSearch::xEncCoeffQT <cycle 9>,[138]
,,0.046743,0.0,  TEncSearch::xEstimateInterResidualQT <cycle 7>,[21]
,,0.124386,0.0,  TEncSearch::xEncodeInterResidualQT <cycle 6>,[80]
,,0.155510,0.0,  xTrMxN,[54]
,,0.171113,0.0,  TEncEntropy::encodeCoeffNxN,[83]
,,0.264408,0.0,  TComTrQuant::xT,[49]
,,0.357969,0.0,  TComTrQuant::rdpcmNxN,[94]
,,0.357988,0.0,  TComTrQuant::xQuant,[31]
,,0.389078,0.0,  TComTrQuant::xRateDistOptQuant,[32]
,,0.808995,0.0,  TComRdCost::xCalcHADs4x4,[52]
,,2.178015,0.0,  TComRdCost::xCalcHADs8x8,[18]
[107],0.16,4.994280,0.0,_security_check_cookie,[107]
,,,,,
,,0.015552,0.0,  TEncSbac::codeRefFrmIdx,[274]
,,0.015561,0.0,  TEncSbac::xWriteUnaryMaxSymbol,[290]
,,0.015575,0.0,  TEncSbac::codeMvd,[265]
,,0.031088,0.0,  TEncSbac::codeIntraDirLumaAng,[205]
,,0.031168,0.0,  TEncSbac::codeInterDir,[255]
,,0.046679,0.0,  TEncEntropy::encodePUWise,[182]
,,0.077741,0.0,  TEncSbac::codeMergeIndex,[213]
,,0.093459,0.0,  TEncSearch::encodeResAndCalcRdInterCU,[20]
,,0.124585,0.0,  TEncSearch::xEncodeInterResidualQT <cycle 6>,[80]
,,0.139909,0.0,  TEncSbac::codePartSize,[211]
,,0.171047,0.0,  TEncSearch::xAddSymbolBitsInter,[121]
,,0.201979,0.0,  TEncSbac::codeLastSignificantXY,[194]
,,0.792901,0.0,  TEncSbac::codeCoeffNxN,[91]
,,0.948922,0.0,  TEncSbac::codeQtCbf,[120]
,,1.959665,0.0,  TEncSearch::xEstimateInterResidualQT <cycle 7>,[21]
[108],0.15,4.665832,0.0,TEncBinCABACCounter::encodeBin,[108]
,,,,,
,,0.015499,0.046609,  TEncSearch::xModeBitsIntra,[192]
,,0.015574,0.0,  TEncCu::xCheckBestMode,[198]
,,0.015577,0.0,  TEncSearch::xRecurIntraCodingLumaQT <cycle 13>,[66]
,,0.015608,0.0,  TEncSearch::xRecurIntraChromaCodingQT <cycle 10>,[115]
,,0.046567,0.0,  TEncSearch::estIntraPredChromaQT,[106]
,,0.093388,0.0,  TEncCu::xCompressCU <cycle 14>,[10]
,,0.435784,0.171164,  TEncSearch::encodeResAndCalcRdInterCU,[20]
,,2.738560,0.949112,  TEncSearch::xEstimateInterResidualQT <cycle 7>,[21]
[109],0.15,3.376556,1.166884,TEncBinCABAC::copyState,[109]
,,1.166884,0.0,  TEncBinCABAC::getTEncBinCABAC,[166]
,,,,,
,,4.463832,0.0,  TEncSbac::estBit,[56]
[110],0.14,4.463832,0.0,TEncSbac::estCBFBit,[110]
,,,,,
,,0.653868,0.0,  TComYuv::removeHighFreq,[81]
,,1.120276,0.0,  TComYuv::addAvg,[63]
,,2.660362,0.0,  TComYuv::copyPartToPartComponent,[71]
[111],0.14,4.434506,0.0,TComYuv::getAddr,[111]
,,,,,
,,4.403007,0.0,  TComRdCost::getDistPart,[62]
[112],0.14,4.403007,0.0,TComRdCost::xGetSSE16,[112]
,,,,,
,,2.505013,1.835640,  TComDataCU::fillMvpCand,[55]
[113],0.14,2.505013,1.835640,TComDataCU::xAddMVPCandWithScaling,[113]
,,0.746777,0.0,  TComDataCU::xGetDistScaleFactor,[140]
,,0.466497,0.015509,  TComDataCU::getPUBelowLeft,[122]
,,0.373406,0.0,  std::_Deque_const_iterator<class std::_Deque_val<struct std::_Deque_simple_types<class TComSlice *> > >::operator+,[124]
,,0.140040,0.0,  TComDataCU::getPULeft,[176]
,,0.093411,0.0,"  std::deque<class TComSlice *,class std::allocator<class TComSlice *> >::begin",[167]
,,,,,
,,0.031034,0.0,  TEncEntropy::xEncodeTransform <cycle 4>,[161]
,,0.031122,0.0,  TEncSearch::xSetInterResidualQTData <cycle 5>,[180]
,,0.046688,0.0,  TEncSearch::xEncCoeffQT <cycle 9>,[138]
,,0.077668,0.0,  TEncSearch::xEncSubdivCbfQT <cycle 11>,[208]
,,0.093275,0.0,  TEncSearch::xRecurIntraChromaCodingQT <cycle 10>,[115]
,,0.762412,0.0,  TEncSearch::xEncodeInterResidualQT <cycle 6>,[80]
,,3.205745,0.0,  TEncSearch::xEstimateInterResidualQT <cycle 7>,[21]
[114],0.14,4.247944,0.0,TComTU::TComTU,[114]
,,,,,
,,,,  TEncSearch::xRecurIntraChromaCodingQT <cycle 10>,[115]
,,0.202097,4.011732,  TEncSearch::estIntraPredChromaQT,[106]
[115],0.14,0.202097,4.011732,TEncSearch::xRecurIntraChromaCodingQT <cycle 10>,[115]
,,0.528359,3.203277,  TEncSearch::xIntraCodingTUBlock,[64]
,,0.093423,0.0,  TComTURecurse::nextSection,[104]
,,0.093275,0.0,  TComTU::TComTU,[114]
,,0.062247,0.0,  memcpy,[53]
,,0.015608,0.0,  TEncBinCABAC::copyState,[109]
,,0.015544,0.0,  memset,[44]
,,,,  TEncSearch::xRecurIntraChromaCodingQT <cycle 10>,[115]
,,,,,
,,0.202097,4.011732,  TEncSearch::estIntraPredChromaQT,[106]
[116],0.14,0.202097,4.011732,<cycle 10 as a whole>,[116]
,,0.202097,4.011732,  TEncSearch::xRecurIntraChromaCodingQT <cycle 10>,[115]
,,,,,
,,0.979801,0.311313,  TEncSearch::predInterSearch,[13]
,,1.928939,0.902640,  TEncSearch::xEstimateMvPredAMVP,[24]
[117],0.13,2.908740,1.213953,TComDataCU::setSubPart<signed char>,[117]
,,1.213953,0.0,  memset,[44]
,,,,,
,,0.031193,0.0,  TComDataCU::fillMvpCand,[55]
,,0.062206,0.0,  TEncCu::xCheckRDCostMerge2Nx2N,[30]
,,0.062237,0.0,  TComDataCU::getInterMergeCandidates,[100]
,,0.077849,0.0,  TEncSearch::xMergeEstimation,[41]
,,0.264488,0.0,  TEncSearch::predInterSearch,[13]
,,0.669114,0.0,  TComPrediction::motionCompensation,[38]
,,0.715917,0.0,  TEncSearch::xMotionEstimation,[14]
,,0.825134,0.0,  TEncSearch::xGetInterPredictionError,[40]
,,1.337375,0.0,  TEncSearch::xEstimateMvPredAMVP,[24]
[118],0.13,4.045512,0.0,TComDataCU::getPartIndexAndSize,[118]
,,,,,
,,0.031134,0.0,  TComPrediction::xPredIntraAng,[135]
,,0.357770,0.0,  TComTrQuant::xT,[49]
,,0.404746,0.0,  TEncSearch::xEstimateInterResidualQT <cycle 7>,[21]
,,0.451481,0.0,  xTrMxN,[54]
,,0.856179,0.0,  TComTrQuant::xRateDistOptQuant,[32]
,,0.917781,0.0,  TComTrQuant::xQuant,[31]
,,1.011255,0.0,  TComTrQuant::rdpcmNxN,[94]
[119],0.13,4.030346,0.0,_chkstk,[119]
,,,,,
,,0.031107,0.0,  TEncSearch::xEncSubdivCbfQT <cycle 11>,[208]
,,0.077722,0.031017,  TEncEntropy::xEncodeTransform <cycle 4>,[161]
,,1.026485,0.311089,  TEncSearch::xEncodeInterResidualQT <cycle 6>,[80]
,,1.822169,0.606815,  TEncSearch::xEstimateInterResidualQT <cycle 7>,[21]
[120],0.13,2.957482,0.948922,TEncSbac::codeQtCbf,[120]
,,0.948922,0.0,  TEncBinCABACCounter::encodeBin,[108]
,,,,,
,,0.607261,3.220608,  TEncSearch::encodeResAndCalcRdInterCU,[20]
[121],0.12,0.607261,3.220608,TEncSearch::xAddSymbolBitsInter,[121]
,,0.202349,0.762236,  TEncEntropy::xEncodeTransform <cycle 4>,[161]
,,0.171047,0.0,  TEncBinCABACCounter::encodeBin,[108]
,,0.155713,0.124388,  TEncSbac::codePartSize,[211]
,,0.139961,0.0,  TEncSbac::codeQtRootCbf,[239]
,,0.062234,0.482469,  TEncSbac::codeSkipFlag,[183]
,,0.046760,0.031045,  TEncSbac::resetBits,[125]
,,0.046760,0.0,  TComTU::TComTU,[197]
,,0.046646,0.793781,  TEncEntropy::encodePredInfo,[178]
,,0.046594,0.0,  TEncSbac::codePredMode,[287]
,,0.031060,0.0,  TEncSbac::getNumberOfWrittenBits,[188]
,,0.031040,0.0,  TEncSbac::codeMergeIndex,[213]
,,0.015526,0.0,  TComBitCounter::resetBits,[164]
,,0.015478,0.015521,  TEncBinCABACCounter::getNumWrittenBits,[142]
,,,,,
,,0.155543,0.015539,  TComPrediction::initIntraPatternChType,[156]
,,0.202315,0.015509,  TComDataCU::getInterMergeCandidates,[100]
,,0.466497,0.015509,  TComDataCU::xAddMVPCandWithScaling,[113]
,,0.777675,0.015482,  TComDataCU::xAddMVPCandUnscaled,[69]
,,1.991217,0.062279,  TComDataCU::fillMvpCand,[55]
[122],0.12,3.593246,0.124319,TComDataCU::getPUBelowLeft,[122]
,,0.124319,0.0,  TComDataCU::CUIsFromSameSliceAndTile,[212]
,,,,,
,,0.545085,0.0,  TEncCu::xCheckRDCostMerge2Nx2N,[30]
,,1.057968,0.0,  TEncSearch::xMergeEstimation,[41]
,,2.023383,0.0,  TEncSearch::predInterSearch,[13]
[123],0.12,3.626436,0.0,TComCUMvField::setAll<class TComMv>,[123]
,,,,,
,,0.233395,0.0,  TComDataCU::xGetColMVP,[82]
,,0.264427,0.0,  TComDataCU::fillMvpCand,[55]
,,0.342140,0.0,  TComPrediction::xCheckIdenticalMotion,[144]
,,0.373406,0.0,  TComDataCU::xAddMVPCandWithScaling,[113]
,,2.365590,0.0,  TComDataCU::xAddMVPCandUnscaled,[69]
[124],0.11,3.578958,0.0,std::_Deque_const_iterator<class std::_Deque_val<struct std::_Deque_simple_types<class TComSlice *> > >::operator+,[124]
,,,,,
,,0.015508,0.0,  TEncSearch::xRecurIntraCodingLumaQT <cycle 13>,[66]
,,0.015550,0.046657,  TEncSearch::xModeBitsIntra,[192]
,,0.015583,0.015546,  TEncCu::xCompressCU <cycle 14>,[10]
,,0.046720,0.046662,  TEncSearch::encodeResAndCalcRdInterCU,[20]
,,0.046760,0.031045,  TEncSearch::xAddSymbolBitsInter,[121]
,,1.743505,1.509069,  TEncSearch::xEstimateInterResidualQT <cycle 7>,[21]
[125],0.11,1.883627,1.648979,TEncSbac::resetBits,[125]
,,1.648979,0.0,  TEncBinCABAC::resetBits,[149]
,,,,,
,,3.438100,0.0,  TEncSearch::encodeResAndCalcRdInterCU,[20]
[126],0.11,3.438100,0.0,TComYuv::subtract,[126]
,,,,,
,,1.509542,0.0,  TEncSearch::xTZSearch,[35]
,,1.758667,0.0,  TEncSearch::xMotionEstimation,[14]
[127],0.1,3.268209,0.0,TEncSearch::xSetSearchRange,[127]
,,,,,
,,0.108707,2.253362,  TEncSearch::estIntraPredLumaQT,[59]
,,0.108718,0.776835,  TEncSearch::xIntraCodingTUBlock,[64]
[128],0.1,0.217426,3.030197,TComPrediction::predIntraAng,[128]
,,2.517103,0.170905,  TComPrediction::xPredIntraAng,[135]
,,0.326618,0.0,  TComPrediction::xPredIntraPlanar,[210]
,,0.015571,0.0,  TComPrediction::xDCPredFiltering,[302]
,,,,,
,,0.0,3.081552,  TEncGOP::compressGOP,[7]
[129],0.1,0.0,3.081552,TEncSampleAdaptiveOffset::SAOProcess,[129]
,,0.062527,0.0,  TComPicYuv::extendPicBorder,[254]
,,0.0,0.109450,  TComPicYuv::copyToPic,[189]
,,0.0,0.170889,  TEncSampleAdaptiveOffset::decideBlkParams,[237]
,,0.0,2.738686,  TEncSampleAdaptiveOffset::getStatistics,[133]
,,,,,
,,2.974061,0.0,  TComRdCost::getDistPart,[62]
[130],0.1,2.974061,0.0,TComRdCost::xGetSSE32,[130]
,,,,,
,,2.907907,0.0,  xITrMxN,[99]
[131],0.09,2.907907,0.0,partialButterflyInverse32,[131]
,,,,,
,,2.707508,0.031178,  TEncSampleAdaptiveOffset::getStatistics,[133]
[132],0.09,2.707508,0.031178,TEncSampleAdaptiveOffset::getBlkStats,[132]
,,0.031178,0.0,  memset,[44]
,,,,,
,,0.0,2.738686,  TEncSampleAdaptiveOffset::SAOProcess,[129]
[133],0.09,0.0,2.738686,TEncSampleAdaptiveOffset::getStatistics,[133]
,,2.707508,0.031178,  TEncSampleAdaptiveOffset::getBlkStats,[132]
,,,,,
,,2.704977,0.0,  TComTrQuant::invTransformNxN,[76]
[134],0.09,2.704977,0.0,TComTrQuant::xDeQuant,[134]
,,,,,
,,2.517103,0.170905,  TComPrediction::predIntraAng,[128]
[135],0.09,2.517103,0.170905,TComPrediction::xPredIntraAng,[135]
,,0.093201,0.0,  TComPrediction::predIntraGetPredValDC,[260]
,,0.031134,0.0,  _chkstk,[119]
,,0.031077,0.0,  memcpy,[53]
,,0.015494,0.0,  _security_check_cookie,[107]
,,,,,
,,1.198025,1.229252,  TEncCu::xCompressCU <cycle 14>,[10]
[136],0.08,1.198025,1.229252,TComDataCU::initSubCU,[136]
,,1.229252,0.0,  memset,[44]
,,,,,
,,0.015569,2.097686,  TEncSearch::xRecurIntraCodingLumaQT <cycle 13>,[66]
,,0.062210,0.202179,  TEncSearch::estIntraPredChromaQT,[106]
[137],0.08,0.077778,2.299865,<cycle 9 as a whole>,[137]
,,0.077778,2.299865,  TEncSearch::xEncCoeffQT <cycle 9>,[138]
,,,,,
,,,,  TEncSearch::xEncCoeffQT <cycle 9>,[138]
,,0.015569,2.097686,  TEncSearch::xRecurIntraCodingLumaQT <cycle 13>,[66]
,,0.062210,0.202179,  TEncSearch::estIntraPredChromaQT,[106]
[138],0.08,0.077778,2.299865,TEncSearch::xEncCoeffQT <cycle 9>,[138]
,,0.077771,2.066519,  TEncEntropy::encodeCoeffNxN,[83]
,,0.077729,0.0,  TComTURecurse::nextSection,[104]
,,0.046688,0.0,  TComTU::TComTU,[114]
,,0.031159,0.0,  _security_check_cookie,[107]
,,,,  TEncSearch::xEncCoeffQT <cycle 9>,[138]
,,,,,
,,0.373529,0.871345,  TEncSearch::encodeResAndCalcRdInterCU,[20]
,,0.388875,0.715707,  TEncCu::xCopyYuv2Tmp,[165]
[139],0.08,0.762404,1.587051,TComYuv::copyToPartComponent,[139]
,,0.949181,0.0,  memcpy,[53]
,,0.637870,0.0,  TComYuv::getAddr,[85]
,,,,,
,,0.746777,0.0,  TComDataCU::xAddMVPCandWithScaling,[113]
,,1.540518,0.0,  TComDataCU::xGetColMVP,[82]
[140],0.07,2.287295,0.0,TComDataCU::xGetDistScaleFactor,[140]
,,,,,
,,0.326838,0.0,  TEncCu::xCheckRDCostMerge2Nx2N,[30]
,,0.793667,0.0,  TEncSearch::xMergeEstimation,[41]
,,1.135597,0.0,  TEncSearch::predInterSearch,[13]
[141],0.07,2.256102,0.0,TComCUMvField::setAll<signed char>,[141]
,,,,,
,,0.015478,0.015521,  TEncSearch::xAddSymbolBitsInter,[121]
,,0.015556,0.0,  TEncCu::xCompressCU <cycle 14>,[10]
,,0.015608,0.0,  TEncSearch::xRecurIntraCodingLumaQT <cycle 13>,[66]
,,0.031099,0.031033,  TEncSearch::estIntraPredLumaQT,[59]
,,0.046742,0.077834,  TEncSearch::encodeResAndCalcRdInterCU,[20]
,,1.104183,0.855166,  TEncSearch::xEstimateInterResidualQT <cycle 7>,[21]
[142],0.07,1.228666,0.979554,TEncBinCABACCounter::getNumWrittenBits,[142]
,,0.979554,0.0,  TComBitCounter::getNumberOfWrittenBits,[172]
,,,,,
,,0.404587,1.695712,  TEncCu::xCompressCU <cycle 14>,[10]
[143],0.07,0.404587,1.695712,TComDataCU::copyToPic,[143]
,,1.695712,0.0,  memcpy,[53]
,,,,,
,,0.482409,0.295304,  TEncCu::xCheckRDCostMerge2Nx2N,[30]
,,1.088919,0.233286,  TComPrediction::motionCompensation,[38]
[144],0.07,1.571327,0.528590,TComPrediction::xCheckIdenticalMotion,[144]
,,0.342140,0.0,  std::_Deque_const_iterator<class std::_Deque_val<struct std::_Deque_simple_types<class TComSlice *> > >::operator+,[124]
,,0.186450,0.0,"  std::deque<class TComSlice *,class std::allocator<class TComSlice *> >::begin",[167]
,,,,,
,,1.944116,0.0,  xITrMxN,[99]
[145],0.06,1.944116,0.0,partialButterflyInverse16,[145]
,,,,,
,,1.929486,0.0,  TEncSbac::estBit,[56]
[146],0.06,1.929486,0.0,TEncSbac::estSignificantCoeffGroupMapBit,[146]
,,,,,
,,0.015559,0.0,  TEncEntropy::xEncodeTransform <cycle 4>,[161]
,,0.030997,0.0,  TEncSearch::xEncSubdivCbfQT <cycle 11>,[208]
,,0.455967,0.0,  TEncSearch::xEncodeInterResidualQT <cycle 6>,[80]
,,1.291012,0.0,  TEncSearch::xEstimateInterResidualQT <cycle 7>,[21]
[147],0.06,1.793534,0.0,TComDataCU::getQuadtreeTULog2MinSizeInCU,[147]
,,,,,
,,0.653435,1.089126,  TEncCu::xCompressCU <cycle 14>,[10]
[148],0.06,0.653435,1.089126,TComDataCU::copyPartFrom,[148]
,,1.089126,0.0,  memcpy,[53]
,,,,,
,,1.648979,0.0,  TEncSbac::resetBits,[125]
[149],0.05,1.648979,0.0,TEncBinCABAC::resetBits,[149]
,,,,,
,,1.633425,0.0,  TComDataCU::fillMvpCand,[55]
[150],0.05,1.633425,0.0,TComDataCU::deriveLeftRightTopIdx,[150]
,,,,,
,,0.280344,1.338085,  TEncSearch::xTZSearch,[35]
[151],0.05,0.280344,1.338085,TEncSearch::xTZ2PointSearch,[151]
,,0.108986,1.229099,  TEncSearch::xTZSearchHelp,[37]
,,,,,
,,1.617721,0.0,  TComInterpolationFilter::filterVer,[39]
[152],0.05,1.617721,0.0,"TComInterpolationFilter::filter<4,1,1,0>",[152]
,,,,,
,,0.031076,0.684940,  TEncCu::xCompressCU <cycle 14>,[10]
,,0.031133,0.793746,  TEncCu::xCopyYuv2Pic,[173]
[153],0.05,0.062208,1.478686,TComYuv::copyToPicYuv,[153]
,,0.545020,0.933666,  TComYuv::copyToPicComponent,[155]
,,,,,
,,0.077703,0.0,  TEncSbac::codeCoeffNxN,[91]
,,1.430780,0.0,  TComTrQuant::xRateDistOptQuant,[32]
[154],0.05,1.508483,0.0,TComTU::getGolombRiceStatisticsIndex,[154]
,,,,,
,,0.545020,0.933666,  TComYuv::copyToPicYuv,[153]
[155],0.05,0.545020,0.933666,TComYuv::copyToPicComponent,[155]
,,0.933666,0.0,  memcpy,[53]
,,,,,
,,0.062176,0.108970,  TEncSearch::estIntraPredLumaQT,[59]
,,0.326516,0.979476,  TEncSearch::xIntraCodingTUBlock,[64]
[156],0.05,0.388692,1.088446,TComPrediction::initIntraPatternChType,[156]
,,0.388539,0.0,  fillReferenceSamples,[206]
,,0.233358,0.0,  TComDataCU::getPUAboveRight,[159]
,,0.171088,0.0,  isAboveAvailable,[234]
,,0.155543,0.015539,  TComDataCU::getPUBelowLeft,[122]
,,0.077688,0.0,  isLeftAvailable,[271]
,,0.046691,0.0,  TComDataCU::getPUAboveLeft,[187]
,,,,,
,,1.461141,0.0,  TComInterpolationFilter::filterVer,[39]
[157],0.05,1.461141,0.0,"TComInterpolationFilter::filter<4,1,1,1>",[157]
,,,,,
,,0.512979,0.0,  TComTrQuant::xGetCodedLevel,[93]
,,0.902127,0.0,  TComTrQuant::xRateDistOptQuant,[32]
[158],0.05,1.415107,0.0,TComTrQuant::xGetICRate,[158]
,,,,,
,,0.155533,0.0,  TComDataCU::getInterMergeCandidates,[100]
,,0.233358,0.0,  TComPrediction::initIntraPatternChType,[156]
,,0.886705,0.108912,  TComDataCU::xAddMVPCandUnscaled,[69]
[159],0.04,1.275596,0.108912,TComDataCU::getPUAboveRight,[159]
,,0.108912,0.0,  TComDataCU::CUIsFromSameSliceAndTile,[212]
,,,,,
,,0.015513,0.077652,  TEncEntropy::encodeCoeff,[263]
,,0.108879,0.186776,  TEncCu::xCheckRDCostIntra,[57]
,,0.202349,0.762236,  TEncSearch::xAddSymbolBitsInter,[121]
[160],0.04,0.326740,1.026664,<cycle 4 as a whole>,[160]
,,0.326740,1.026664,  TEncEntropy::xEncodeTransform <cycle 4>,[161]
,,,,,
,,,,  TEncEntropy::xEncodeTransform <cycle 4>,[161]
,,0.015513,0.077652,  TEncEntropy::encodeCoeff,[263]
,,0.108879,0.186776,  TEncCu::xCheckRDCostIntra,[57]
,,0.202349,0.762236,  TEncSearch::xAddSymbolBitsInter,[121]
[161],0.04,0.326740,1.026664,TEncEntropy::xEncodeTransform <cycle 4>,[161]
,,0.435750,0.388907,  TEncSbac::codeCoeffNxN,[91]
,,0.077722,0.031017,  TEncSbac::codeQtCbf,[120]
,,0.046673,0.0,  TComTURecurse::nextSection,[104]
,,0.031034,0.0,  TComTU::TComTU,[114]
,,0.015559,0.0,  TComDataCU::getQuadtreeTULog2MinSizeInCU,[147]
,,,,  TEncEntropy::xEncodeTransform <cycle 4>,[161]
,,,,,
,,1.338357,0.0,  TEncSearch::xEstimateInterResidualQT <cycle 7>,[21]
[162],0.04,1.338357,0.0,TEncSbac::codeQtCbfZero,[162]
,,,,,
,,0.497959,0.0,  TEncSearch::xTZSearchHelp,[37]
,,0.808536,0.0,  TEncSearch::xPatternSearch,[28]
[163],0.04,1.306495,0.0,TComRdCost::xGetSAD24,[163]
,,,,,
,,0.015512,0.0,  TEncSearch::encodeResAndCalcRdInterCU,[20]
,,0.015526,0.0,  TEncSearch::xAddSymbolBitsInter,[121]
,,1.260183,0.0,  TEncSearch::xEstimateInterResidualQT <cycle 7>,[21]
[164],0.04,1.291221,0.0,TComBitCounter::resetBits,[164]
,,,,,
,,0.139973,1.104582,  TEncCu::xCompressCU <cycle 14>,[10]
[165],0.04,0.139973,1.104582,TEncCu::xCopyYuv2Tmp,[165]
,,0.388875,0.715707,  TComYuv::copyToPartComponent,[139]
,,,,,
,,1.166884,0.0,  TEncBinCABAC::copyState,[109]
[166],0.04,1.166884,0.0,TEncBinCABAC::getTEncBinCABAC,[166]
,,,,,
,,0.077690,0.0,  TComDataCU::xGetColMVP,[82]
,,0.077787,0.0,  TComDataCU::fillMvpCand,[55]
,,0.093411,0.0,  TComDataCU::xAddMVPCandWithScaling,[113]
,,0.186450,0.0,  TComPrediction::xCheckIdenticalMotion,[144]
,,0.669137,0.0,  TComDataCU::xAddMVPCandUnscaled,[69]
[167],0.04,1.104475,0.0,"std::deque<class TComSlice *,class std::allocator<class TComSlice *> >::begin",[167]
,,,,,
,,0.186715,0.0,  TComDataCU::getInterMergeCandidates,[100]
,,0.903025,0.0,  TComDataCU::fillMvpCand,[55]
[168],0.03,1.089740,0.0,TComDataCU::deriveRightBottomIdx,[168]
,,,,,
,,1.073182,0.0,  TComInterpolationFilter::filterHor,[34]
[169],0.03,1.073182,0.0,"TComInterpolationFilter::filter<4,0,1,1>",[169]
,,,,,
,,1.058209,0.0,  getTUEntropyCodingParameters,[92]
[170],0.03,1.058209,0.0,TComDataCU::getCoefScanIdx,[170]
,,,,,
,,0.264334,0.015538,  TEncCu::xCheckRDCostMerge2Nx2N,[30]
,,0.606955,0.155664,  TEncSearch::predInterSearch,[13]
[171],0.03,0.871289,0.171202,TComDataCU::setSubPart<unsigned char>,[171]
,,0.171202,0.0,  memset,[44]
,,,,,
,,0.979554,0.0,  TEncBinCABACCounter::getNumWrittenBits,[142]
[172],0.03,0.979554,0.0,TComBitCounter::getNumberOfWrittenBits,[172]
,,,,,
,,0.108786,0.824879,  TEncCu::xCompressCU <cycle 14>,[10]
[173],0.03,0.108786,0.824879,TEncCu::xCopyYuv2Pic,[173]
,,0.031133,0.793746,  TComYuv::copyToPicYuv,[153]
,,,,,
,,0.933400,0.0,  TComDataCU::fillMvpCand,[55]
[174],0.03,0.933400,0.0,TComDataCU::deriveLeftBottomIdx,[174]
,,,,,
,,0.015569,0.0,  TEncSearch::estIntraPredLumaQT,[59]
,,0.917689,0.0,  TEncSearch::xEstimateInterResidualQT <cycle 7>,[21]
[175],0.03,0.933258,0.0,TComYuv::getStride,[175]
,,,,,
,,0.031114,0.0,  TComLoopFilter::xGetBoundaryStrengthSingle,[233]
,,0.140040,0.0,  TComDataCU::xAddMVPCandWithScaling,[113]
,,0.264236,0.0,  TComDataCU::fillMvpCand,[55]
,,0.451329,0.0,  TComDataCU::xAddMVPCandUnscaled,[69]
[176],0.03,0.886718,0.0,TComDataCU::getPULeft,[176]
,,,,,
,,0.871436,0.0,  TComRdCost::getDistPart,[62]
[177],0.03,0.871436,0.0,TComRdCost::xGetSSE64,[177]
,,,,,
,,0.046646,0.793781,  TEncSearch::xAddSymbolBitsInter,[121]
[178],0.03,0.046646,0.793781,TEncEntropy::encodePredInfo,[178]
,,0.342499,0.451282,  TEncEntropy::encodePUWise,[182]
,,,,,
,,0.093355,0.716901,  TEncSearch::encodeResAndCalcRdInterCU,[20]
[179],0.03,0.093355,0.716901,<cycle 5 as a whole>,[179]
,,0.093355,0.716901,  TEncSearch::xSetInterResidualQTData <cycle 5>,[180]
,,,,,
,,,,  TEncSearch::xSetInterResidualQTData <cycle 5>,[180]
,,0.093355,0.716901,  TEncSearch::encodeResAndCalcRdInterCU,[20]
[180],0.03,0.093355,0.716901,TEncSearch::xSetInterResidualQTData <cycle 5>,[180]
,,0.296937,0.0,  memcpy,[53]
,,0.124345,0.0,  TComTURecurse::nextSection,[104]
,,0.124339,0.140158,  TComYuv::copyPartToPartComponentMxN,[216]
,,0.031122,0.0,  TComTU::TComTU,[114]
,,,,  TEncSearch::xSetInterResidualQTData <cycle 5>,[180]
,,,,,
,,0.808148,0.0,  xITrMxN,[99]
[181],0.03,0.808148,0.0,partialButterflyInverse8,[181]
,,,,,
,,0.342499,0.451282,  TEncEntropy::encodePredInfo,[178]
[182],0.03,0.342499,0.451282,TEncEntropy::encodePUWise,[182]
,,0.077678,0.046632,  TEncSbac::codeMergeIndex,[213]
,,0.062269,0.031168,  TEncSbac::codeInterDir,[255]
,,0.062268,0.015575,  TEncSbac::codeMvd,[265]
,,0.046728,0.015552,  TEncSbac::codeRefFrmIdx,[274]
,,0.046679,0.0,  TEncBinCABACCounter::encodeBin,[108]
,,0.015551,0.031182,  TEncSbac::codeMVPIdx,[279]
,,,,,
,,0.0,0.031132,  TEncSearch::xEncIntraHeader,[225]
,,0.031092,0.093439,  TEncSearch::encodeResAndCalcRdInterCU,[20]
,,0.062234,0.482469,  TEncSearch::xAddSymbolBitsInter,[121]
[183],0.02,0.093327,0.607040,TEncSbac::codeSkipFlag,[183]
,,0.607040,0.0,  TComDataCU::getCtxSkipFlag,[191]
,,,,,
,,0.093281,0.171055,  TEncCu::compressCtu,[9]
,,0.186861,0.233218,  TEncSlice::compressSlice,[8]
[184],0.02,0.280141,0.404273,TComDataCU::initCtu,[184]
,,0.404273,0.0,  memset,[44]
,,,,,
,,0.668915,0.0,  TEncSearch::xMotionEstimation,[14]
[185],0.02,0.668915,0.0,floor,[185]
,,,,,
,,0.264460,0.404328,  TEncCu::xCompressCU <cycle 14>,[10]
[186],0.02,0.264460,0.404328,TComYuv::copyFromPicComponent,[186]
,,0.404328,0.0,  memcpy,[53]
,,,,,
,,0.046691,0.0,  TComPrediction::initIntraPatternChType,[156]
,,0.124431,0.0,  TComDataCU::getInterMergeCandidates,[100]
,,0.435897,0.046729,  TComDataCU::fillMvpCand,[55]
[187],0.02,0.607019,0.046729,TComDataCU::getPUAboveLeft,[187]
,,0.046729,0.0,  TComDataCU::CUIsFromSameSliceAndTile,[212]
,,,,,
,,0.015541,0.0,  TEncSearch::xRecurIntraCodingLumaQT <cycle 13>,[66]
,,0.031060,0.0,  TEncSearch::xAddSymbolBitsInter,[121]
,,0.062143,0.0,  TEncSearch::encodeResAndCalcRdInterCU,[20]
,,0.528737,0.0,  TEncSearch::xEstimateInterResidualQT <cycle 7>,[21]
[188],0.02,0.637481,0.0,TEncSbac::getNumberOfWrittenBits,[188]
,,,,,
,,0.0,0.077815,  TEncGOP::compressGOP,[7]
,,0.0,0.109450,  TEncSampleAdaptiveOffset::SAOProcess,[129]
,,0.0,0.436008,  TEncTop::encode,[6]
[189],0.02,0.0,0.623273,TComPicYuv::copyToPic,[189]
,,0.623273,0.0,  memcpy,[53]
,,,,,
,,0.233468,0.0,  TEncSearch::xTZSearchHelp,[37]
,,0.377049,0.0,  TEncSearch::xPatternSearch,[28]
[190],0.02,0.610517,0.0,TComRdCost::xGetSAD12,[190]
,,,,,
,,0.607040,0.0,  TEncSbac::codeSkipFlag,[183]
[191],0.02,0.607040,0.0,TComDataCU::getCtxSkipFlag,[191]
,,,,,
,,0.015553,0.0,  [Unknown stack frame(s)],[304]
,,0.139928,0.450894,  TEncSearch::estIntraPredLumaQT,[59]
[192],0.02,0.155480,0.450894,TEncSearch::xModeBitsIntra,[192]
,,0.077792,0.202052,  TEncSbac::codeIntraDirLumaAng,[205]
,,0.046735,0.0,  memcpy,[53]
,,0.015550,0.046657,  TEncSbac::resetBits,[125]
,,0.015499,0.046609,  TEncBinCABAC::copyState,[109]
,,,,,
,,0.217832,0.077889,  TEncSearch::predInterSearch,[13]
,,0.233405,0.031095,  TEncCu::xCheckRDCostMerge2Nx2N,[30]
[193],0.02,0.451237,0.108983,TComDataCU::setSubPart<bool>,[193]
,,0.108983,0.0,  memset,[44]
,,,,,
,,0.326269,0.201979,  TEncSbac::codeCoeffNxN,[91]
[194],0.02,0.326269,0.201979,TEncSbac::codeLastSignificantXY,[194]
,,0.201979,0.0,  TEncBinCABACCounter::encodeBin,[108]
,,,,,
,,0.233271,0.0,  TEncSearch::predInterSearch,[13]
,,0.280084,0.0,  TEncCu::xCheckRDCostMerge2Nx2N,[30]
[195],0.02,0.513356,0.0,TComDataCU::getNumPartitions,[195]
,,,,,
,,0.0,0.457223,  TAppEncTop::encode,[5]
[196],0.01,0.0,0.457223,TVideoIOYuv::read,[196]
,,0.192828,0.248760,  readPlane,[199]
,,0.0,0.015635,  TVideoIOYuv::ColourSpaceConvert,[298]
,,,,,
,,0.015518,0.0,  TEncCu::xCheckRDCostIntra,[57]
,,0.046760,0.0,  TEncSearch::xAddSymbolBitsInter,[121]
,,0.389291,0.0,  TEncSearch::encodeResAndCalcRdInterCU,[20]
[197],0.01,0.451569,0.0,TComTU::TComTU,[197]
,,,,,
,,0.171297,0.280002,  TEncCu::xCheckRDCostMerge2Nx2N,[30]
[198],0.01,0.171297,0.280002,TEncCu::xCheckBestMode,[198]
,,0.264428,0.0,  memcpy,[53]
,,0.015574,0.0,  TEncBinCABAC::copyState,[109]
,,,,,
,,0.192828,0.248760,  TVideoIOYuv::read,[196]
[199],0.01,0.192828,0.248760,readPlane,[199]
,,0.0,0.248760,"  std::basic_istream<char,struct std::char_traits<char> >::read",[224]
,,,,,
,,0.420266,0.0,  TComDataCU::getInterMergeCandidates,[100]
[200],0.01,0.420266,0.0,TComDataCU::deriveLeftRightTopIdxGeneral,[200]
,,,,,
,,0.420186,0.0,  TComDataCU::getInterMergeCandidates,[100]
[201],0.01,0.420186,0.0,TComDataCU::hasEqualMotion,[201]
,,,,,
,,0.046645,0.357884,  TComLoopFilter::loopFilterPic,[203]
[202],0.01,0.046645,0.357884,<cycle 3 as a whole>,[202]
,,0.046645,0.357884,  TComLoopFilter::xDeblockCU <cycle 3>,[204]
,,,,,
,,0.0,0.404529,  TEncGOP::compressGOP,[7]
[203],0.01,0.0,0.404529,TComLoopFilter::loopFilterPic,[203]
,,0.046645,0.357884,  TComLoopFilter::xDeblockCU <cycle 3>,[204]
,,,,,
,,,,  TComLoopFilter::xDeblockCU <cycle 3>,[204]
,,0.046645,0.357884,  TComLoopFilter::loopFilterPic,[203]
[204],0.01,0.046645,0.357884,TComLoopFilter::xDeblockCU <cycle 3>,[204]
,,0.124459,0.046693,  TComLoopFilter::xGetBoundaryStrengthSingle,[233]
,,0.093349,0.031111,  TComLoopFilter::xEdgeFilterLuma,[243]
,,0.046700,0.0,  TComLoopFilter::xSetEdgefilterTU <cycle 2>,[281]
,,0.015571,0.0,  TComLoopFilter::xEdgeFilterChroma,[301]
,,,,  TComLoopFilter::xDeblockCU <cycle 3>,[204]
,,,,,
,,0.046621,0.062169,  TEncSearch::xEncIntraHeader,[225]
,,0.077792,0.202052,  TEncSearch::xModeBitsIntra,[192]
[205],0.01,0.124413,0.264221,TEncSbac::codeIntraDirLumaAng,[205]
,,0.217624,0.0,  TComDataCU::getIntraDirPredictor,[226]
,,0.031088,0.0,  TEncBinCABACCounter::encodeBin,[108]
,,0.015509,0.0,  TEncBinCABACCounter::encodeBinEP,[296]
,,,,,
,,0.388539,0.0,  TComPrediction::initIntraPatternChType,[156]
[206],0.01,0.388539,0.0,fillReferenceSamples,[206]
,,,,,
,,0.062222,0.077750,  TEncSearch::estIntraPredChromaQT,[106]
,,0.093291,0.124310,  TEncSearch::xRecurIntraCodingLumaQT <cycle 13>,[66]
[207],0.01,0.155513,0.202059,<cycle 11 as a whole>,[207]
,,0.155513,0.202059,  TEncSearch::xEncSubdivCbfQT <cycle 11>,[208]
,,,,,
,,,,  TEncSearch::xEncSubdivCbfQT <cycle 11>,[208]
,,0.062222,0.077750,  TEncSearch::estIntraPredChromaQT,[106]
,,0.093291,0.124310,  TEncSearch::xRecurIntraCodingLumaQT <cycle 13>,[66]
[208],0.01,0.155513,0.202059,TEncSearch::xEncSubdivCbfQT <cycle 11>,[208]
,,0.077668,0.0,  TComTU::TComTU,[114]
,,0.031194,0.0,  TEncSbac::codeTransformSubdivFlag,[232]
,,0.031107,0.0,  TEncSbac::codeQtCbf,[120]
,,0.031093,0.0,  TComTURecurse::nextSection,[104]
,,0.030997,0.0,  TComDataCU::getQuadtreeTULog2MinSizeInCU,[147]
,,,,  TEncSearch::xEncSubdivCbfQT <cycle 11>,[208]
,,,,,
,,0.342413,0.0,  TComDataCU::getInterMergeCandidates,[100]
[209],0.01,0.342413,0.0,TComDataCU::getPartPosition,[209]
,,,,,
,,0.326618,0.0,  TComPrediction::predIntraAng,[128]
[210],0.01,0.326618,0.0,TComPrediction::xPredIntraPlanar,[210]
,,,,,
,,0.0,0.015521,  TEncSearch::xEncIntraHeader,[225]
,,0.155713,0.124388,  TEncSearch::xAddSymbolBitsInter,[121]
[211],0.01,0.155713,0.139909,TEncSbac::codePartSize,[211]
,,0.139909,0.0,  TEncBinCABACCounter::encodeBin,[108]
,,,,,
,,0.046729,0.0,  TComDataCU::getPUAboveLeft,[187]
,,0.108912,0.0,  TComDataCU::getPUAboveRight,[159]
,,0.124319,0.0,  TComDataCU::getPUBelowLeft,[122]
[212],0.01,0.279959,0.0,TComDataCU::CUIsFromSameSliceAndTile,[212]
,,,,,
,,0.031040,0.0,  TEncSearch::xAddSymbolBitsInter,[121]
,,0.077678,0.046632,  TEncEntropy::encodePUWise,[182]
,,0.077848,0.046625,  TEncSearch::encodeResAndCalcRdInterCU,[20]
[213],0.01,0.186566,0.093257,TEncSbac::codeMergeIndex,[213]
,,0.077741,0.0,  TEncBinCABACCounter::encodeBin,[108]
,,0.015515,0.0,  TEncBinCABACCounter::encodeBinEP,[296]
,,,,,
,,0.264572,0.0,  TEncSearch::predInterSearch,[13]
[214],0.01,0.264572,0.0,TEncSearch::xGetBlkBits,[214]
,,,,,
,,0.264502,0.0,  TComDataCU::getInterMergeCandidates,[100]
[215],0.01,0.264502,0.0,TComDataCU::deriveLeftBottomIdxGeneral,[215]
,,,,,
,,0.124339,0.140158,  TEncSearch::xSetInterResidualQTData <cycle 5>,[180]
[216],0.01,0.124339,0.140158,TComYuv::copyPartToPartComponentMxN,[216]
,,0.140158,0.0,  memcpy,[53]
,,,,,
,,0.264471,0.0,  xTrMxN,[54]
[217],0.01,0.264471,0.0,fastForwardDst,[217]
,,,,,
,,0.249005,0.0,  TEncSearch::xMotionEstimation,[14]
[218],0.01,0.249005,0.0,TEncSearch::setWpScalingDistParam,[218]
,,,,,
,,0.248760,0.0,  read_nolock,[223]
[219],0.01,0.248760,0.0,ReadFile,[219]
,,,,,
,,0.0,0.248760,  fgetc,[221]
[220],0.01,0.0,0.248760,common_refill_and_read_nolock<char>,[220]
,,0.0,0.248760,  read,[222]
,,,,,
,,0.0,0.248760,"  std::basic_istream<char,struct std::char_traits<char> >::read",[224]
[221],0.01,0.0,0.248760,fgetc,[221]
,,0.0,0.248760,  common_refill_and_read_nolock<char>,[220]
,,,,,
,,0.0,0.248760,  common_refill_and_read_nolock<char>,[220]
[222],0.01,0.0,0.248760,read,[222]
,,0.0,0.248760,  read_nolock,[223]
,,,,,
,,0.0,0.248760,  read,[222]
[223],0.01,0.0,0.248760,read_nolock,[223]
,,0.248760,0.0,  ReadFile,[219]
,,,,,
,,0.0,0.248760,  readPlane,[199]
[224],0.01,0.0,0.248760,"std::basic_istream<char,struct std::char_traits<char> >::read",[224]
,,0.0,0.248760,  fgetc,[221]
,,,,,
,,0.0,0.015505,  TEncSearch::estIntraPredChromaQT,[106]
,,0.046678,0.155443,  TEncSearch::xRecurIntraCodingLumaQT <cycle 13>,[66]
[225],0.01,0.046678,0.170949,TEncSearch::xEncIntraHeader,[225]
,,0.046621,0.062169,  TEncSbac::codeIntraDirLumaAng,[205]
,,0.015505,0.0,  TEncSbac::codeIntraDirChroma,[311]
,,0.0,0.015521,  TEncSbac::codePartSize,[211]
,,0.0,0.031132,  TEncSbac::codeSkipFlag,[183]
,,,,,
,,0.217624,0.0,  TEncSbac::codeIntraDirLumaAng,[205]
[226],0.01,0.217624,0.0,TComDataCU::getIntraDirPredictor,[226]
,,,,,
,,0.0,0.217313,  TEncSearch::xRecurIntraCodingLumaQT <cycle 13>,[66]
[227],0.01,0.0,0.217313,TEncSearch::xStoreIntraResultQT,[227]
,,0.046693,0.0,  memcpy,[53]
,,0.031029,0.139592,  TComYuv::copyPartToPartComponent,[71]
,,,,,
,,0.186875,0.015491,  TEncGOP::xCalculateAddPSNRs,[229]
[228],0.01,0.186875,0.015491,TEncGOP::xCalculateAddPSNR,[228]
,,0.0,0.015491,  printf,[316]
,,,,,
,,0.0,0.202366,  TEncGOP::compressGOP,[7]
[229],0.01,0.0,0.202366,TEncGOP::xCalculateAddPSNRs,[229]
,,0.186875,0.015491,  TEncGOP::xCalculateAddPSNR,[228]
,,,,,
,,0.031168,0.0,  TEncCu::xCheckRDCostInter,[12]
,,0.155580,0.0,  TEncSearch::encodeResAndCalcRdInterCU,[20]
[230],0.01,0.186748,0.0,TComRdCost::calcRdCost,[230]
,,,,,
,,0.015574,0.015510,  TEncCu::xEncodeCU <cycle 1>,[245]
,,0.031158,0.109072,  TEncCu::xCompressCU <cycle 14>,[10]
[231],0.01,0.046732,0.124582,TEncSbac::codeSplitFlag,[231]
,,0.124582,0.0,  TComDataCU::getCtxSplitFlag,[242]
,,,,,
,,0.031194,0.0,  TEncSearch::xEncSubdivCbfQT <cycle 11>,[208]
,,0.062286,0.0,  TEncSearch::xEncodeInterResidualQT <cycle 6>,[80]
,,0.077791,0.0,  TEncSearch::xEstimateInterResidualQT <cycle 7>,[21]
[232],0.01,0.171271,0.0,TEncSbac::codeTransformSubdivFlag,[232]
,,,,,
,,0.124459,0.046693,  TComLoopFilter::xDeblockCU <cycle 3>,[204]
[233],0.01,0.124459,0.046693,TComLoopFilter::xGetBoundaryStrengthSingle,[233]
,,0.031114,0.0,  TComDataCU::getPULeft,[176]
,,0.015579,0.0,  TComDataCU::getPUAbove,[291]
,,,,,
,,0.171088,0.0,  TComPrediction::initIntraPatternChType,[156]
[234],0.01,0.171088,0.0,isAboveAvailable,[234]
,,,,,
,,0.062136,0.108790,  TEncSearch::estIntraPredChromaQT,[106]
[235],0.01,0.062136,0.108790,<cycle 8 as a whole>,[235]
,,0.062136,0.108790,  TEncSearch::xSetIntraResultChromaQT <cycle 8>,[236]
,,,,,
,,,,  TEncSearch::xSetIntraResultChromaQT <cycle 8>,[236]
,,0.062136,0.108790,  TEncSearch::estIntraPredChromaQT,[106]
[236],0.01,0.062136,0.108790,TEncSearch::xSetIntraResultChromaQT <cycle 8>,[236]
,,0.077783,0.0,  memcpy,[53]
,,0.015530,0.0,  _security_check_cookie,[107]
,,0.015477,0.0,  TComTURecurse::nextSection,[104]
,,,,  TEncSearch::xSetIntraResultChromaQT <cycle 8>,[236]
,,,,,
,,0.0,0.170889,  TEncSampleAdaptiveOffset::SAOProcess,[129]
[237],0.01,0.0,0.170889,TEncSampleAdaptiveOffset::decideBlkParams,[237]
,,0.0,0.093187,  TComSampleAdaptiveOffset::offsetCTU,[262]
,,0.0,0.077702,  TEncSampleAdaptiveOffset::deriveModeNewRDO,[268]
,,,,,
,,0.031081,0.0,  TEncCu::xCheckRDCostInter,[12]
,,0.108923,0.0,  TEncCu::xCheckRDCostMerge2Nx2N,[30]
[238],0.0,0.140003,0.0,TEncCu::xCheckDQP,[238]
,,,,,
,,0.139961,0.0,  TEncSearch::xAddSymbolBitsInter,[121]
[239],0.0,0.139961,0.0,TEncSbac::codeQtRootCbf,[239]
,,,,,
,,0.139918,0.0,  TEncSearch::xEstimateInterResidualQT <cycle 7>,[21]
[240],0.0,0.139918,0.0,TComDataCU::isLosslessCoded,[240]
,,,,,
,,0.139736,0.0,  TEncSearch::estIntraPredLumaQT,[59]
[241],0.0,0.139736,0.0,TEncSearch::xUpdateCandList,[241]
,,,,,
,,0.124582,0.0,  TEncSbac::codeSplitFlag,[231]
[242],0.0,0.124582,0.0,TComDataCU::getCtxSplitFlag,[242]
,,,,,
,,0.093349,0.031111,  TComLoopFilter::xDeblockCU <cycle 3>,[204]
[243],0.0,0.093349,0.031111,TComLoopFilter::xEdgeFilterLuma,[243]
,,0.015564,0.0,  TComLoopFilter::xPelFilterLuma,[303]
,,0.015547,0.0,  TComDataCU::getPUAbove,[291]
,,,,,
,,0.0,0.093177,  TEncSlice::compressSlice,[8]
,,0.0,0.031072,  TEncSlice::encodeSlice,[293]
[244],0.0,0.0,0.124249,<cycle 1 as a whole>,[244]
,,0.0,0.124249,  TEncCu::xEncodeCU <cycle 1>,[245]
,,,,,
,,,,  TEncCu::xEncodeCU <cycle 1>,[245]
,,0.0,0.093177,  TEncSlice::compressSlice,[8]
,,0.0,0.031072,  TEncSlice::encodeSlice,[293]
[245],0.0,0.0,0.124249,TEncCu::xEncodeCU <cycle 1>,[245]
,,0.015574,0.015510,  TEncSbac::codeSplitFlag,[231]
,,,,  TEncCu::xEncodeCU <cycle 1>,[245]
,,0.0,0.093165,  TEncEntropy::encodeCoeff,[263]
,,,,,
,,0.124244,0.0,  xITrMxN,[99]
[246],0.0,0.124244,0.0,partialButterflyInverse4,[246]
,,,,,
,,0.109078,0.0,  TEncSearch::xGetTemplateCost,[29]
[247],0.0,0.109078,0.0,TComRdCost::xGetSAD,[247]
,,,,,
,,0.0,0.108911,  TComPicSym::create,[250]
[248],0.0,0.0,0.108911,TComDataCU::create,[248]
,,0.015548,0.0,  memset,[44]
,,0.0,0.093363,  aligned_offset_malloc_base,[257]
,,,,,
,,0.0,0.108911,  TEncTop::xGetNewPicBuffer,[251]
[249],0.0,0.0,0.108911,TComPic::create,[249]
,,0.0,0.108911,  TComPicSym::create,[250]
,,,,,
,,0.0,0.108911,  TComPic::create,[249]
[250],0.0,0.0,0.108911,TComPicSym::create,[250]
,,0.0,0.108911,  TComDataCU::create,[248]
,,,,,
,,0.0,0.108911,  TEncTop::encode,[6]
[251],0.0,0.0,0.108911,TEncTop::xGetNewPicBuffer,[251]
,,0.0,0.108911,  TComPic::create,[249]
,,,,,
,,0.093214,0.015508,  TEncSbac::codeCoeffNxN,[91]
[252],0.0,0.093214,0.015508,TEncSbac::xWriteCoefRemainExGolomb,[252]
,,0.015508,0.0,  TEncBinCABACCounter::encodeBinsEP,[276]
,,,,,
,,0.108658,0.0,  xITrMxN,[99]
[253],0.0,0.108658,0.0,fastInverseDst,[253]
,,,,,
,,0.0,0.031095,  TComSlice::setRefPicList,[292]
,,0.062527,0.0,  TEncSampleAdaptiveOffset::SAOProcess,[129]
[254],0.0,0.062527,0.031095,TComPicYuv::extendPicBorder,[254]
,,0.031095,0.0,  memcpy,[53]
,,,,,
,,0.062269,0.031168,  TEncEntropy::encodePUWise,[182]
[255],0.0,0.062269,0.031168,TEncSbac::codeInterDir,[255]
,,0.031168,0.0,  TEncBinCABACCounter::encodeBin,[108]
,,,,,
,,0.093363,0.0,  malloc_base,[258]
[256],0.0,0.093363,0.0,RtlAllocateHeap,[256]
,,,,,
,,0.0,0.093363,  TComDataCU::create,[248]
[257],0.0,0.0,0.093363,aligned_offset_malloc_base,[257]
,,0.0,0.093363,  malloc_base,[258]
,,,,,
,,0.0,0.093363,  aligned_offset_malloc_base,[257]
[258],0.0,0.0,0.093363,malloc_base,[258]
,,0.093363,0.0,  RtlAllocateHeap,[256]
,,,,,
,,0.093274,0.0,  TComTrQuant::invTransformNxN,[76]
[259],0.0,0.093274,0.0,TComTrQuant::xITransformSkip,[259]
,,,,,
,,0.093201,0.0,  TComPrediction::xPredIntraAng,[135]
[260],0.0,0.093201,0.0,TComPrediction::predIntraGetPredValDC,[260]
,,,,,
,,0.093187,0.0,  TComSampleAdaptiveOffset::offsetCTU,[262]
[261],0.0,0.093187,0.0,TComSampleAdaptiveOffset::offsetBlock,[261]
,,,,,
,,0.0,0.093187,  TEncSampleAdaptiveOffset::decideBlkParams,[237]
[262],0.0,0.0,0.093187,TComSampleAdaptiveOffset::offsetCTU,[262]
,,0.093187,0.0,  TComSampleAdaptiveOffset::offsetBlock,[261]
,,,,,
,,0.0,0.093165,  TEncCu::xEncodeCU <cycle 1>,[245]
[263],0.0,0.0,0.093165,TEncEntropy::encodeCoeff,[263]
,,0.015513,0.077652,  TEncEntropy::xEncodeTransform <cycle 4>,[161]
,,,,,
,,0.0,0.031446,  TComPicYuv::destroy,[288]
,,0.030996,0.015548,  TComDataCU::destroy,[277]
[264],0.0,0.030996,0.046994,aligned_free,[264]
,,0.0,0.046994,  free_base,[273]
,,,,,
,,0.062268,0.015575,  TEncEntropy::encodePUWise,[182]
[265],0.0,0.062268,0.015575,TEncSbac::codeMvd,[265]
,,0.015575,0.0,  TEncBinCABACCounter::encodeBin,[108]
,,,,,
,,0.0,0.077766,  TAppEncTop::encode,[5]
[266],0.0,0.0,0.077766,TComPic::destroy,[266]
,,0.0,0.062078,  TComPicSym::destroy,[278]
,,0.0,0.015687,  TComPicYuv::destroy,[288]
,,,,,
,,0.077747,0.0,  TComTrQuant::invTransformNxN,[76]
[267],0.0,0.077747,0.0,TComTrQuant::invRdpcmNxN,[267]
,,,,,
,,0.0,0.077702,  TEncSampleAdaptiveOffset::decideBlkParams,[237]
[268],0.0,0.0,0.077702,TEncSampleAdaptiveOffset::deriveModeNewRDO,[268]
,,0.015589,0.0,  TEncSampleAdaptiveOffset::getDistortion,[300]
,,0.015533,0.015520,  TEncSampleAdaptiveOffset::deriveOffsets,[294]
,,0.015532,0.0,  TEncSbac::codeSAOOffsetParam,[306]
,,0.0,0.015528,  `eh vector constructor iterator',[308]
,,,,,
,,0.031066,0.046628,  TEncSearch::estIntraPredLumaQT,[59]
[269],0.0,0.031066,0.046628,<cycle 12 as a whole>,[269]
,,0.031066,0.046628,  TEncSearch::xSetIntraResultLumaQT <cycle 12>,[270]
,,,,,
,,,,  TEncSearch::xSetIntraResultLumaQT <cycle 12>,[270]
,,0.031066,0.046628,  TEncSearch::estIntraPredLumaQT,[59]
[270],0.0,0.031066,0.046628,TEncSearch::xSetIntraResultLumaQT <cycle 12>,[270]
,,0.046628,0.0,  memcpy,[53]
,,,,  TEncSearch::xSetIntraResultLumaQT <cycle 12>,[270]
,,,,,
,,0.077688,0.0,  TComPrediction::initIntraPatternChType,[156]
[271],0.0,0.077688,0.0,isLeftAvailable,[271]
,,,,,
,,0.062528,0.0,  free_base,[273]
[272],0.0,0.062528,0.0,RtlFreeHeap,[272]
,,,,,
,,0.0,0.015534,  TComDataCU::destroy,[277]
,,0.0,0.046994,  aligned_free,[264]
[273],0.0,0.0,0.062528,free_base,[273]
,,0.062528,0.0,  RtlFreeHeap,[272]
,,,,,
,,0.046728,0.015552,  TEncEntropy::encodePUWise,[182]
[274],0.0,0.046728,0.015552,TEncSbac::codeRefFrmIdx,[274]
,,0.015552,0.0,  TEncBinCABACCounter::encodeBin,[108]
,,,,,
,,0.062214,0.0,  TEncSbac::codeCoeffNxN,[91]
[275],0.0,0.062214,0.0,TEncSbac::codeTransformSkipFlags,[275]
,,,,,
,,0.015508,0.0,  TEncSbac::xWriteCoefRemainExGolomb,[252]
,,0.046593,0.0,  TEncSbac::codeCoeffNxN,[91]
[276],0.0,0.062101,0.0,TEncBinCABACCounter::encodeBinsEP,[276]
,,,,,
,,0.0,0.062078,  TComPicSym::destroy,[278]
[277],0.0,0.0,0.062078,TComDataCU::destroy,[277]
,,0.030996,0.015548,  aligned_free,[264]
,,0.0,0.015534,  free_base,[273]
,,,,,
,,0.0,0.062078,  TComPic::destroy,[266]
[278],0.0,0.0,0.062078,TComPicSym::destroy,[278]
,,0.0,0.062078,  TComDataCU::destroy,[277]
,,,,,
,,0.015551,0.031182,  TEncEntropy::encodePUWise,[182]
[279],0.0,0.015551,0.031182,TEncSbac::codeMVPIdx,[279]
,,0.015621,0.015561,  TEncSbac::xWriteUnaryMaxSymbol,[290]
,,,,,
,,0.046700,0.0,  TComLoopFilter::xDeblockCU <cycle 3>,[204]
[280],0.0,0.046700,0.0,<cycle 2 as a whole>,[280]
,,0.046700,0.0,  TComLoopFilter::xSetEdgefilterTU <cycle 2>,[281]
,,,,,
,,,,  TComLoopFilter::xSetEdgefilterTU <cycle 2>,[281]
,,0.046700,0.0,  TComLoopFilter::xDeblockCU <cycle 3>,[204]
[281],0.0,0.046700,0.0,TComLoopFilter::xSetEdgefilterTU <cycle 2>,[281]
,,,,  TComLoopFilter::xSetEdgefilterTU <cycle 2>,[281]
,,,,,
,,0.046697,0.0,  TEncSearch::xIntraCodingTUBlock,[64]
[282],0.0,0.046697,0.0,TComPrediction::filteringIntraReferenceSamples,[282]
,,,,,
,,0.046670,0.0,  TComPic::compressMotion,[284]
[283],0.0,0.046670,0.0,TComCUMvField::compress,[283]
,,,,,
,,0.0,0.046670,  TEncGOP::compressGOP,[7]
[284],0.0,0.0,0.046670,TComPic::compressMotion,[284]
,,0.046670,0.0,  TComCUMvField::compress,[283]
,,,,,
,,0.015520,0.031119,  TEncSearch::xRecurIntraCodingLumaQT <cycle 13>,[66]
[285],0.0,0.015520,0.031119,TEncSearch::xLoadIntraResultQT,[285]
,,0.031119,0.0,  memcpy,[53]
,,,,,
,,0.046615,0.0,  TEncSearch::encodeResAndCalcRdInterCU,[20]
[286],0.0,0.046615,0.0,TEncSbac::codeQtRootCbfZero,[286]
,,,,,
,,0.046594,0.0,  TEncSearch::xAddSymbolBitsInter,[121]
[287],0.0,0.046594,0.0,TEncSbac::codePredMode,[287]
,,,,,
,,0.0,0.015687,  TComPic::destroy,[266]
,,0.0,0.015759,  TEncTop::destroy,[297]
[288],0.0,0.0,0.031446,TComPicYuv::destroy,[288]
,,0.0,0.031446,  aligned_free,[264]
,,,,,
,,0.031208,0.0,  TEncCu::xCompressCU <cycle 14>,[10]
[289],0.0,0.031208,0.0,std::_Deque_iterator<class std::_Deque_val<struct std::_Deque_simple_types<class TComSlice *> > >::operator+,[289]
,,,,,
,,0.015621,0.015561,  TEncSbac::codeMVPIdx,[279]
[290],0.0,0.015621,0.015561,TEncSbac::xWriteUnaryMaxSymbol,[290]
,,0.015561,0.0,  TEncBinCABACCounter::encodeBin,[108]
,,,,,
,,0.015547,0.0,  TComLoopFilter::xEdgeFilterLuma,[243]
,,0.015579,0.0,  TComLoopFilter::xGetBoundaryStrengthSingle,[233]
[291],0.0,0.031126,0.0,TComDataCU::getPUAbove,[291]
,,,,,
,,0.0,0.031095,  TEncGOP::compressGOP,[7]
[292],0.0,0.0,0.031095,TComSlice::setRefPicList,[292]
,,0.0,0.031095,  TComPicYuv::extendPicBorder,[254]
,,,,,
,,0.0,0.031072,  TEncGOP::compressGOP,[7]
[293],0.0,0.0,0.031072,TEncSlice::encodeSlice,[293]
,,0.0,0.031072,  TEncCu::xEncodeCU <cycle 1>,[245]
,,,,,
,,0.015533,0.015520,  TEncSampleAdaptiveOffset::deriveModeNewRDO,[268]
[294],0.0,0.015533,0.015520,TEncSampleAdaptiveOffset::deriveOffsets,[294]
,,0.015520,0.0,  TEncSampleAdaptiveOffset::estIterOffset,[310]
,,,,,
,,0.031032,0.0,  TEncSearch::xEstimateInterResidualQT <cycle 7>,[21]
[295],0.0,0.031032,0.0,TEncSbac::codeCrossComponentPrediction,[295]
,,,,,
,,0.015509,0.0,  TEncSbac::codeIntraDirLumaAng,[205]
,,0.015515,0.0,  TEncSbac::codeMergeIndex,[213]
[296],0.0,0.031024,0.0,TEncBinCABACCounter::encodeBinEP,[296]
,,,,,
,,0.0,0.015759,  TAppEncTop::encode,[5]
[297],0.0,0.0,0.015759,TEncTop::destroy,[297]
,,0.0,0.015759,  TComPicYuv::destroy,[288]
,,,,,
,,0.0,0.015635,  TVideoIOYuv::read,[196]
[298],0.0,0.0,0.015635,TVideoIOYuv::ColourSpaceConvert,[298]
,,0.0,0.015635,  copyPlane,[299]
,,,,,
,,0.0,0.015635,  TVideoIOYuv::ColourSpaceConvert,[298]
[299],0.0,0.0,0.015635,copyPlane,[299]
,,0.015635,0.0,  memcpy,[53]
,,,,,
,,0.015589,0.0,  TEncSampleAdaptiveOffset::deriveModeNewRDO,[268]
[300],0.0,0.015589,0.0,TEncSampleAdaptiveOffset::getDistortion,[300]
,,,,,
,,0.015571,0.0,  TComLoopFilter::xDeblockCU <cycle 3>,[204]
[301],0.0,0.015571,0.0,TComLoopFilter::xEdgeFilterChroma,[301]
,,,,,
,,0.015571,0.0,  TComPrediction::predIntraAng,[128]
[302],0.0,0.015571,0.0,TComPrediction::xDCPredFiltering,[302]
,,,,,
,,0.015564,0.0,  TComLoopFilter::xEdgeFilterLuma,[243]
[303],0.0,0.015564,0.0,TComLoopFilter::xPelFilterLuma,[303]
,,,,,
,,0.0,0.015553,  TEncCu::compressCtu,[9]
[304],0.0,0.0,0.015553,[Unknown stack frame(s)],[304]
,,0.015553,0.0,  TEncSearch::xModeBitsIntra,[192]
,,,,,
,,0.015538,0.0,  TEncCu::xCompressCU <cycle 14>,[10]
[305],0.0,0.015538,0.0,"std::deque<class TComSlice *,class std::allocator<class TComSlice *> >::begin",[305]
,,,,,
,,0.015532,0.0,  TEncSampleAdaptiveOffset::deriveModeNewRDO,[268]
[306],0.0,0.015532,0.0,TEncSbac::codeSAOOffsetParam,[306]
,,,,,
,,0.0,0.015528,  `eh vector constructor iterator',[308]
[307],0.0,0.0,0.015528,SAOOffset::SAOOffset,[307]
,,0.015528,0.0,  memset,[44]
,,,,,
,,0.0,0.015528,  TEncSampleAdaptiveOffset::deriveModeNewRDO,[268]
[308],0.0,0.0,0.015528,`eh vector constructor iterator',[308]
,,0.0,0.015528,  SAOOffset::SAOOffset,[307]
,,,,,
,,0.015521,0.0,  TEncCu::xCompressCU <cycle 14>,[10]
[309],0.0,0.015521,0.0,TEncCu::xComputeQP,[309]
,,,,,
,,0.015520,0.0,  TEncSampleAdaptiveOffset::deriveOffsets,[294]
[310],0.0,0.015520,0.0,TEncSampleAdaptiveOffset::estIterOffset,[310]
,,,,,
,,0.015505,0.0,  TEncSearch::xEncIntraHeader,[225]
[311],0.0,0.015505,0.0,TEncSbac::codeIntraDirChroma,[311]
,,,,,
,,0.0,0.015491,"  __crt_seh_guarded_call<int>::operator()<class <lambda_a62c933ada0517137acf5807a1eeac1f>,class <lambda_a31071773b9a94e445cbd5d04ef99106> &,class <lambda_56065050dbf3ada7e59a83db45153de3> >",[313]
[312],0.0,0.0,0.015491,<lambda_a31071773b9a94e445cbd5d04ef99106>::operator(),[312]
,,0.015491,0.0,"  __crt_stdio_output::output_processor<char,class __crt_stdio_output::stream_output_adapter<char>,class __crt_stdio_output::standard_base<char,class __crt_stdio_output::stream_output_adapter<char> > >::process",[314]
,,,,,
,,0.0,0.015491,  _stdio_common_vfprintf,[315]
[313],0.0,0.0,0.015491,"__crt_seh_guarded_call<int>::operator()<class <lambda_a62c933ada0517137acf5807a1eeac1f>,class <lambda_a31071773b9a94e445cbd5d04ef99106> &,class <lambda_56065050dbf3ada7e59a83db45153de3> >",[313]
,,0.0,0.015491,  <lambda_a31071773b9a94e445cbd5d04ef99106>::operator(),[312]
,,,,,
,,0.015491,0.0,  <lambda_a31071773b9a94e445cbd5d04ef99106>::operator(),[312]
[314],0.0,0.015491,0.0,"__crt_stdio_output::output_processor<char,class __crt_stdio_output::stream_output_adapter<char>,class __crt_stdio_output::standard_base<char,class __crt_stdio_output::stream_output_adapter<char> > >::process",[314]
,,,,,
,,0.0,0.015491,  printf,[316]
[315],0.0,0.0,0.015491,_stdio_common_vfprintf,[315]
,,0.0,0.015491,"  __crt_seh_guarded_call<int>::operator()<class <lambda_a62c933ada0517137acf5807a1eeac1f>,class <lambda_a31071773b9a94e445cbd5d04ef99106> &,class <lambda_56065050dbf3ada7e59a83db45153de3> >",[313]
,,,,,
,,0.0,0.015491,  TEncGOP::xCalculateAddPSNR,[228]
[316],0.0,0.0,0.015491,printf,[316]
,,0.0,0.015491,  _stdio_common_vfprintf,[315]
,,,,,
,,0.0,0.000004,  main,[4]
[317],0.0,0.0,0.000004,TAppEncCfg::parseCfg,[317]
,,0.0,0.000004,"  std::basic_string<char,struct std::char_traits<char>,class std::allocator<char> >::assign",[318]
,,,,,
,,0.0,0.000004,  TAppEncCfg::parseCfg,[317]
[318],0.0,0.0,0.000004,"std::basic_string<char,struct std::char_traits<char>,class std::allocator<char> >::assign",[318]
,,0.000004,0.0,  memcpy,[53]
,,,,,


Index by function name

Index,Function
[312],<lambda_a31071773b9a94e445cbd5d04ef99106>::operator()
[1],BaseThreadInitThunk
[103],QpParam::QpParam
[219],ReadFile
[256],RtlAllocateHeap
[272],RtlFreeHeap
[2],RtlUserThreadStart
[307],SAOOffset::SAOOffset
[317],TAppEncCfg::parseCfg
[5],TAppEncTop::encode
[172],TComBitCounter::getNumberOfWrittenBits
[164],TComBitCounter::resetBits
[283],TComCUMvField::compress
[123],TComCUMvField::setAll<class TComMv>
[141],TComCUMvField::setAll<signed char>
[212],TComDataCU::CUIsFromSameSliceAndTile
[148],TComDataCU::copyPartFrom
[143],TComDataCU::copyToPic
[248],TComDataCU::create
[174],TComDataCU::deriveLeftBottomIdx
[215],TComDataCU::deriveLeftBottomIdxGeneral
[150],TComDataCU::deriveLeftRightTopIdx
[200],TComDataCU::deriveLeftRightTopIdxGeneral
[168],TComDataCU::deriveRightBottomIdx
[277],TComDataCU::destroy
[55],TComDataCU::fillMvpCand
[170],TComDataCU::getCoefScanIdx
[191],TComDataCU::getCtxSkipFlag
[242],TComDataCU::getCtxSplitFlag
[100],TComDataCU::getInterMergeCandidates
[226],TComDataCU::getIntraDirPredictor
[195],TComDataCU::getNumPartitions
[291],TComDataCU::getPUAbove
[187],TComDataCU::getPUAboveLeft
[159],TComDataCU::getPUAboveRight
[122],TComDataCU::getPUBelowLeft
[176],TComDataCU::getPULeft
[118],TComDataCU::getPartIndexAndSize
[209],TComDataCU::getPartPosition
[147],TComDataCU::getQuadtreeTULog2MinSizeInCU
[201],TComDataCU::hasEqualMotion
[184],TComDataCU::initCtu
[74],TComDataCU::initEstData
[136],TComDataCU::initSubCU
[240],TComDataCU::isLosslessCoded
[193],TComDataCU::setSubPart<bool>
[117],TComDataCU::setSubPart<signed char>
[171],TComDataCU::setSubPart<unsigned char>
[69],TComDataCU::xAddMVPCandUnscaled
[113],TComDataCU::xAddMVPCandWithScaling
[82],TComDataCU::xGetColMVP
[140],TComDataCU::xGetDistScaleFactor
[61],"TComInterpolationFilter::filter<4,0,1,0>"
[169],"TComInterpolationFilter::filter<4,0,1,1>"
[88],"TComInterpolationFilter::filter<4,1,0,0>"
[89],"TComInterpolationFilter::filter<4,1,0,1>"
[152],"TComInterpolationFilter::filter<4,1,1,0>"
[157],"TComInterpolationFilter::filter<4,1,1,1>"
[25],"TComInterpolationFilter::filter<8,0,1,0>"
[60],"TComInterpolationFilter::filter<8,0,1,1>"
[67],"TComInterpolationFilter::filter<8,1,0,0>"
[17],"TComInterpolationFilter::filter<8,1,0,1>"
[77],"TComInterpolationFilter::filter<8,1,1,0>"
[58],"TComInterpolationFilter::filter<8,1,1,1>"
[43],TComInterpolationFilter::filterCopy
[34],TComInterpolationFilter::filterHor
[39],TComInterpolationFilter::filterVer
[203],TComLoopFilter::loopFilterPic
[204],TComLoopFilter::xDeblockCU
[301],TComLoopFilter::xEdgeFilterChroma
[243],TComLoopFilter::xEdgeFilterLuma
[233],TComLoopFilter::xGetBoundaryStrengthSingle
[303],TComLoopFilter::xPelFilterLuma
[281],TComLoopFilter::xSetEdgefilterTU
[284],TComPic::compressMotion
[249],TComPic::create
[266],TComPic::destroy
[250],TComPicSym::create
[278],TComPicSym::destroy
[189],TComPicYuv::copyToPic
[288],TComPicYuv::destroy
[254],TComPicYuv::extendPicBorder
[282],TComPrediction::filteringIntraReferenceSamples
[156],TComPrediction::initIntraPatternChType
[38],TComPrediction::motionCompensation
[128],TComPrediction::predIntraAng
[260],TComPrediction::predIntraGetPredValDC
[144],TComPrediction::xCheckIdenticalMotion
[302],TComPrediction::xDCPredFiltering
[33],TComPrediction::xPredInterBi
[23],TComPrediction::xPredInterBlk
[36],TComPrediction::xPredInterUni
[135],TComPrediction::xPredIntraAng
[210],TComPrediction::xPredIntraPlanar
[230],TComRdCost::calcRdCost
[48],TComRdCost::getBitsOfVectorWithPredictor
[62],TComRdCost::getDistPart
[87],TComRdCost::setDistParam
[52],TComRdCost::xCalcHADs4x4
[18],TComRdCost::xCalcHADs8x8
[16],TComRdCost::xGetHADs
[247],TComRdCost::xGetSAD
[190],TComRdCost::xGetSAD12
[45],TComRdCost::xGetSAD16
[163],TComRdCost::xGetSAD24
[47],TComRdCost::xGetSAD32
[70],TComRdCost::xGetSAD4
[51],TComRdCost::xGetSAD64
[46],TComRdCost::xGetSAD8
[112],TComRdCost::xGetSSE16
[130],TComRdCost::xGetSSE32
[97],TComRdCost::xGetSSE4
[177],TComRdCost::xGetSSE64
[105],TComRdCost::xGetSSE8
[261],TComSampleAdaptiveOffset::offsetBlock
[262],TComSampleAdaptiveOffset::offsetCTU
[292],TComSlice::setRefPicList
[114],TComTU::TComTU
[197],TComTU::TComTU
[154],TComTU::getGolombRiceStatisticsIndex
[104],TComTURecurse::nextSection
[102],TComTrQuant::getSigCtxInc
[267],TComTrQuant::invRdpcmNxN
[76],TComTrQuant::invTransformNxN
[94],TComTrQuant::rdpcmNxN
[27],TComTrQuant::transformNxN
[134],TComTrQuant::xDeQuant
[93],TComTrQuant::xGetCodedLevel
[158],TComTrQuant::xGetICRate
[98],TComTrQuant::xIT
[259],TComTrQuant::xITransformSkip
[31],TComTrQuant::xQuant
[32],TComTrQuant::xRateDistOptQuant
[49],TComTrQuant::xT
[101],TComTrQuant::xTransformSkip
[63],TComYuv::addAvg
[84],TComYuv::addClip
[50],TComYuv::clear
[186],TComYuv::copyFromPicComponent
[71],TComYuv::copyPartToPartComponent
[216],TComYuv::copyPartToPartComponentMxN
[68],TComYuv::copyPartToPartYuv
[139],TComYuv::copyToPartComponent
[155],TComYuv::copyToPicComponent
[153],TComYuv::copyToPicYuv
[111],TComYuv::getAddr
[85],TComYuv::getAddr
[175],TComYuv::getStride
[81],TComYuv::removeHighFreq
[126],TComYuv::subtract
[109],TEncBinCABAC::copyState
[166],TEncBinCABAC::getTEncBinCABAC
[149],TEncBinCABAC::resetBits
[108],TEncBinCABACCounter::encodeBin
[296],TEncBinCABACCounter::encodeBinEP
[276],TEncBinCABACCounter::encodeBinsEP
[142],TEncBinCABACCounter::getNumWrittenBits
[9],TEncCu::compressCtu
[198],TEncCu::xCheckBestMode
[238],TEncCu::xCheckDQP
[12],TEncCu::xCheckRDCostInter
[57],TEncCu::xCheckRDCostIntra
[30],TEncCu::xCheckRDCostMerge2Nx2N
[10],TEncCu::xCompressCU
[309],TEncCu::xComputeQP
[173],TEncCu::xCopyYuv2Pic
[165],TEncCu::xCopyYuv2Tmp
[245],TEncCu::xEncodeCU
[263],TEncEntropy::encodeCoeff
[83],TEncEntropy::encodeCoeffNxN
[182],TEncEntropy::encodePUWise
[178],TEncEntropy::encodePredInfo
[161],TEncEntropy::xEncodeTransform
[7],TEncGOP::compressGOP
[228],TEncGOP::xCalculateAddPSNR
[229],TEncGOP::xCalculateAddPSNRs
[129],TEncSampleAdaptiveOffset::SAOProcess
[237],TEncSampleAdaptiveOffset::decideBlkParams
[268],TEncSampleAdaptiveOffset::deriveModeNewRDO
[294],TEncSampleAdaptiveOffset::deriveOffsets
[310],TEncSampleAdaptiveOffset::estIterOffset
[132],TEncSampleAdaptiveOffset::getBlkStats
[300],TEncSampleAdaptiveOffset::getDistortion
[133],TEncSampleAdaptiveOffset::getStatistics
[91],TEncSbac::codeCoeffNxN
[295],TEncSbac::codeCrossComponentPrediction
[255],TEncSbac::codeInterDir
[311],TEncSbac::codeIntraDirChroma
[205],TEncSbac::codeIntraDirLumaAng
[194],TEncSbac::codeLastSignificantXY
[279],TEncSbac::codeMVPIdx
[213],TEncSbac::codeMergeIndex
[265],TEncSbac::codeMvd
[211],TEncSbac::codePartSize
[287],TEncSbac::codePredMode
[120],TEncSbac::codeQtCbf
[162],TEncSbac::codeQtCbfZero
[239],TEncSbac::codeQtRootCbf
[286],TEncSbac::codeQtRootCbfZero
[274],TEncSbac::codeRefFrmIdx
[306],TEncSbac::codeSAOOffsetParam
[183],TEncSbac::codeSkipFlag
[231],TEncSbac::codeSplitFlag
[275],TEncSbac::codeTransformSkipFlags
[232],TEncSbac::codeTransformSubdivFlag
[56],TEncSbac::estBit
[110],TEncSbac::estCBFBit
[90],TEncSbac::estLastSignificantPositionBit
[146],TEncSbac::estSignificantCoeffGroupMapBit
[96],TEncSbac::estSignificantCoefficientsBit
[75],TEncSbac::estSignificantMapBit
[188],TEncSbac::getNumberOfWrittenBits
[125],TEncSbac::resetBits
[252],TEncSbac::xWriteCoefRemainExGolomb
[290],TEncSbac::xWriteUnaryMaxSymbol
[20],TEncSearch::encodeResAndCalcRdInterCU
[106],TEncSearch::estIntraPredChromaQT
[59],TEncSearch::estIntraPredLumaQT
[13],TEncSearch::predInterSearch
[218],TEncSearch::setWpScalingDistParam
[121],TEncSearch::xAddSymbolBitsInter
[95],TEncSearch::xCheckBestMVP
[138],TEncSearch::xEncCoeffQT
[225],TEncSearch::xEncIntraHeader
[208],TEncSearch::xEncSubdivCbfQT
[80],TEncSearch::xEncodeInterResidualQT
[21],TEncSearch::xEstimateInterResidualQT
[24],TEncSearch::xEstimateMvPredAMVP
[26],TEncSearch::xExtDIFUpSamplingH
[19],TEncSearch::xExtDIFUpSamplingQ
[214],TEncSearch::xGetBlkBits
[40],TEncSearch::xGetInterPredictionError
[29],TEncSearch::xGetTemplateCost
[64],TEncSearch::xIntraCodingTUBlock
[285],TEncSearch::xLoadIntraResultQT
[41],TEncSearch::xMergeEstimation
[192],TEncSearch::xModeBitsIntra
[14],TEncSearch::xMotionEstimation
[15],TEncSearch::xPatternRefinement
[28],TEncSearch::xPatternSearch
[115],TEncSearch::xRecurIntraChromaCodingQT
[66],TEncSearch::xRecurIntraCodingLumaQT
[180],TEncSearch::xSetInterResidualQTData
[236],TEncSearch::xSetIntraResultChromaQT
[270],TEncSearch::xSetIntraResultLumaQT
[127],TEncSearch::xSetSearchRange
[227],TEncSearch::xStoreIntraResultQT
[151],TEncSearch::xTZ2PointSearch
[42],TEncSearch::xTZ8PointDiamondSearch
[35],TEncSearch::xTZSearch
[37],TEncSearch::xTZSearchHelp
[241],TEncSearch::xUpdateCandList
[8],TEncSlice::compressSlice
[293],TEncSlice::encodeSlice
[297],TEncTop::destroy
[6],TEncTop::encode
[251],TEncTop::xGetNewPicBuffer
[298],TVideoIOYuv::ColourSpaceConvert
[196],TVideoIOYuv::read
[304],[Unknown stack frame(s)]
[313],"__crt_seh_guarded_call<int>::operator()<class <lambda_a62c933ada0517137acf5807a1eeac1f>,class <lambda_a31071773b9a94e445cbd5d04ef99106> &,class <lambda_56065050dbf3ada7e59a83db45153de3> >"
[314],"__crt_stdio_output::output_processor<char,class __crt_stdio_output::stream_output_adapter<char>,class __crt_stdio_output::standard_base<char,class __crt_stdio_output::stream_output_adapter<char> > >::process"
[119],_chkstk
[3],_scrt_common_main_seh
[107],_security_check_cookie
[315],_stdio_common_vfprintf
[308],`eh vector constructor iterator'
[264],aligned_free
[257],aligned_offset_malloc_base
[220],common_refill_and_read_nolock<char>
[299],copyPlane
[217],fastForwardDst
[253],fastInverseDst
[221],fgetc
[206],fillReferenceSamples
[185],floor
[273],free_base
[92],getTUEntropyCodingParameters
[234],isAboveAvailable
[271],isLeftAvailable
[4],main
[258],malloc_base
[53],memcpy
[44],memset
[73],partialButterfly16
[72],partialButterfly32
[86],partialButterfly4
[78],partialButterfly8
[145],partialButterflyInverse16
[131],partialButterflyInverse32
[246],partialButterflyInverse4
[181],partialButterflyInverse8
[316],printf
[222],read
[199],readPlane
[223],read_nolock
[124],std::_Deque_const_iterator<class std::_Deque_val<struct std::_Deque_simple_types<class TComSlice *> > >::operator+
[289],std::_Deque_iterator<class std::_Deque_val<struct std::_Deque_simple_types<class TComSlice *> > >::operator+
[224],"std::basic_istream<char,struct std::char_traits<char> >::read"
[318],"std::basic_string<char,struct std::char_traits<char>,class std::allocator<char> >::assign"
[305],"std::deque<class TComSlice *,class std::allocator<class TComSlice *> >::begin"
[167],"std::deque<class TComSlice *,class std::allocator<class TComSlice *> >::begin"
[99],xITrMxN
[54],xTrMxN
[244],<cycle 1>
[280],<cycle 2>
[202],<cycle 3>
[160],<cycle 4>
[179],<cycle 5>
[79],<cycle 6>
[22],<cycle 7>
[235],<cycle 8>
[137],<cycle 9>
[116],<cycle 10>
[207],<cycle 11>
[269],<cycle 12>
[65],<cycle 13>
[11],<cycle 14>
