Index,% CPU Time:Total,CPU Time:Self,CPU Time:Children,Name,Index
,,0.0,11.327264,  RtlUserThreadStart,[2]
[1],100.0,0.0,11.327264,BaseThreadInitThunk,[1]
,,0.0,11.327264,  _scrt_common_main_seh,[3]
,,,,,
,,,,  <spontaneous>,
[2],100.0,0.0,11.327264,RtlUserThreadStart,[2]
,,0.0,11.327264,  BaseThreadInitThunk,[1]
,,,,,
,,0.0,11.327264,  BaseThreadInitThunk,[1]
[3],100.0,0.0,11.327264,_scrt_common_main_seh,[3]
,,0.0,0.010405,  exit,[291]
,,0.0,0.006362,  initterm,[293]
,,0.0,11.310497,  main,[5]
,,,,,
,,0.0,11.310497,  main,[5]
[4],99.85,0.0,11.310497,DecApp::decode,[4]
,,0.004587,0.0,"  std::basic_ifstream<char,struct std::char_traits<char> >::basic_ifstream<char,struct std::char_traits<char> >",[294]
,,0.0,0.015536,  DecApp::xFlushOutput,[253]
,,0.0,0.466178,  DecApp::xWriteOutput,[41]
,,0.0,6.207986,  DecLib::decode,[6]
,,0.0,4.423682,  DecLib::executeLoopFilters,[9]
,,0.0,0.124907,  DecLib::finishPicture,[99]
,,0.0,0.067622,  byteStreamNALUnit,[127]
,,,,,
,,0.0,11.310497,  _scrt_common_main_seh,[3]
[5],99.85,0.0,11.310497,main,[5]
,,0.0,11.310497,  DecApp::decode,[4]
,,,,,
,,0.0,6.207986,  DecApp::decode,[4]
[6],54.81,0.0,6.207986,DecLib::decode,[6]
,,0.0,6.207986,  DecLib::xDecodeSlice,[7]
,,,,,
,,0.0,6.207986,  DecLib::decode,[6]
[7],54.81,0.0,6.207986,DecLib::xDecodeSlice,[7]
,,0.0,0.372640,  DecLib::xActivateParameterSets,[51]
,,0.0,5.788730,  DecSlice::decompressSlice,[8]
,,0.0,0.046616,  Slice::constructRefPicList,[154]
,,,,,
,,0.0,5.788730,  DecLib::xDecodeSlice,[7]
[8],51.1,0.0,5.788730,DecSlice::decompressSlice,[8]
,,0.015579,0.0,  UnitArea::UnitArea,[208]
,,0.015546,4.064396,  DecCu::decompressCtu,[10]
,,0.0,1.693208,  CABACReader::coding_tree_unit,[17]
,,,,,
,,0.0,4.423682,  DecApp::decode,[4]
[9],39.05,0.0,4.423682,DecLib::executeLoopFilters,[9]
,,0.015593,0.031088,  CS::setRefinedMotionField,[145]
,,0.0,1.726409,  AdaptiveLoopFilter::ALFProcess,[15]
,,0.0,1.936052,  LoopFilter::loopFilterPic,[12]
,,0.0,0.714540,  SampleAdaptiveOffset::SAOProcess,[32]
,,,,,
,,0.015546,4.064396,  DecSlice::decompressSlice,[8]
[10],36.02,0.015546,4.064396,DecCu::decompressCtu,[10]
,,0.046626,0.093214,  InterPrediction::xFillIBCBuffer,[92]
,,0.015531,2.946001,  DecCu::xReconInter,[11]
,,0.0,0.015561,  CodingStructure::traverseCUs,[113]
,,0.0,0.341932,  DecCu::xDeriveCUMV,[55]
,,0.0,0.450330,  DecCu::xReconIntraQT,[47]
,,0.0,0.015529,  InterPrediction::resetIBCBuffer,[267]
,,0.0,0.139671,  InterPrediction::resetVPDUforIBC,[94]
,,,,,
,,0.015531,2.946001,  DecCu::decompressCtu,[10]
[11],26.15,0.015531,2.946001,DecCu::xReconInter,[11]
,,0.031109,0.0,  UnitBuf<short>::operator struct UnitBuf<short const >,[169]
,,0.031032,0.0,  PU::spanTriangleMotionInfo,[192]
,,0.015516,0.0,  CodingStructure::addMiToLut,[277]
,,0.0,0.015558,  CodingStructure::getPredBuf,[230]
,,0.0,0.031128,  CodingStructure::getResiBuf,[168]
,,0.0,0.031105,  CodingStructure::setDecomp,[175]
,,0.0,0.744030,  DecCu::xDecodeInterTexture,[30]
,,0.0,1.689276,  InterPrediction::motionCompensation,[18]
,,0.0,0.062051,  InterPrediction::motionCompensation4Triangle,[138]
,,0.0,0.046560,  IntraPrediction::geneIntrainterPred,[160]
,,0.0,0.139960,  UnitBuf<short>::copyClip,[75]
,,0.0,0.062121,  UnitBuf<short>::copyFrom,[52]
,,0.0,0.046557,  UnitBuf<short>::reconstruct,[161]
,,,,,
,,0.0,1.936052,  DecLib::executeLoopFilters,[9]
[12],17.09,0.0,1.936052,LoopFilter::loopFilterPic,[12]
,,0.170579,1.547931,  LoopFilter::xDeblockCU,[16]
,,0.124212,0.0,  memset,[40]
,,0.046652,0.031108,  CodingStructure::traverseCUs,[113]
,,0.0,0.015570,  CS::getArea,[220]
,,,,,
,,0.0,1.673750,  InterPrediction::motionCompensation,[18]
,,,,  InterPrediction::xSubPuMC <cycle 3>,[295]
,,0.015539,0.046512,  InterPrediction::motionCompensation4Triangle,[138]
[13],15.32,0.015539,1.720262,InterPrediction::motionCompensation <cycle 3>,[13]
,,0.015535,1.549453,  InterPrediction::xPredInterBi,[21]
,,0.0,0.155274,  InterPrediction::xPredInterUni,[22]
,,,,  InterPrediction::xSubPuMC <cycle 3>,[295]
,,,,,
,,0.0,1.673750,  InterPrediction::motionCompensation,[18]
,,0.015539,0.046512,  InterPrediction::motionCompensation4Triangle,[138]
[14],15.32,0.015539,1.720262,<cycle 3 as a whole>,[14]
,,0.015539,1.720262,  InterPrediction::motionCompensation <cycle 3>,[13]
,,0.0,0.0,  InterPrediction::xSubPuMC <cycle 3>,[295]
,,,,,
,,0.0,1.726409,  DecLib::executeLoopFilters,[9]
[15],15.24,0.0,1.726409,AdaptiveLoopFilter::ALFProcess,[15]
,,0.995403,0.0,  simdFilter7x7Blk<4>,[24]
,,0.357549,0.0,  simdFilter5x5Blk<4>,[53]
,,0.0,0.264237,  AdaptiveLoopFilter::deriveClassification,[62]
,,0.0,0.093637,  UnitBuf<short>::copyFrom,[52]
,,0.0,0.015582,  UnitBuf<short>::extendBorderPel,[207]
,,,,,
,,0.170579,1.547931,  LoopFilter::loopFilterPic,[12]
[16],15.17,0.170579,1.547931,LoopFilter::xDeblockCU,[16]
,,0.202013,0.248067,  LoopFilter::xGetBoundaryStrengthSingle,[48]
,,0.139864,0.321310,  LoopFilter::xEdgeFilterLuma,[44]
,,0.139739,0.077710,  LoopFilter::xEdgeFilterChroma,[72]
,,0.077646,0.0,  CU::traverseTUs,[117]
,,0.062039,0.170887,  LoopFilter::xSetMaxFilterLengthPQFromTransformSizes,[71]
,,0.046506,0.0,  LoopFilter::xSetMaxFilterLengthPQForCodingSubBlocks,[165]
,,0.031085,0.0,  LoopFilter::xSetEdgefilterMultiple,[177]
,,0.0,0.031065,  LoopFilter::xSetLoopfilterParam,[184]
,,,,,
,,0.0,1.693208,  DecSlice::decompressSlice,[8]
[17],14.95,0.0,1.693208,CABACReader::coding_tree_unit,[17]
,,0.062131,1.615545,  CABACReader::coding_tree <cycle 2>,[19]
,,0.0,0.015532,  PartitionerFactory::get,[261]
,,,,,
,,0.0,1.689276,  DecCu::xReconInter,[11]
[18],14.91,0.0,1.689276,InterPrediction::motionCompensation,[18]
,,0.015526,0.0,  CU::traversePUs,[149]
,,0.0,1.673750,  InterPrediction::motionCompensation <cycle 3>,[13]
,,,,,
,,,,  CABACReader::coding_tree <cycle 2>,[19]
,,0.062131,1.615545,  CABACReader::coding_tree_unit,[17]
[19],14.81,0.062131,1.615545,CABACReader::coding_tree <cycle 2>,[19]
,,0.155328,0.062079,  CodingStructure::addCU,[73]
,,0.031099,0.0,  QTBTPartitioner::nextPart,[176]
,,0.015591,0.0,  CodingUnit::isSepTree,[197]
,,0.015585,0.093147,  QTBTPartitioner::splitCurrArea,[103]
,,0.015539,0.0,  CABACReader::mode_constraint,[250]
,,,,  CABACReader::coding_tree <cycle 2>,[19]
,,0.0,1.103142,  CABACReader::coding_unit,[23]
,,0.0,0.108505,  CABACReader::split_cu_mode,[109]
,,0.0,0.015531,  Partitioner::setCUData,[263]
,,,,,
,,0.062131,1.615545,  CABACReader::coding_tree_unit,[17]
[20],14.81,0.062131,1.615545,<cycle 2 as a whole>,[20]
,,0.062131,1.615545,  CABACReader::coding_tree <cycle 2>,[19]
,,,,,
,,0.015535,1.549453,  InterPrediction::motionCompensation <cycle 3>,[13]
[21],13.82,0.015535,1.549453,InterPrediction::xPredInterBi,[21]
,,0.015538,1.332068,  InterPrediction::xPredInterUni,[22]
,,0.015533,0.0,  PU::checkDMVRCondition,[180]
,,0.0,0.186314,  InterPrediction::xWeightedAverage,[80]
,,,,,
,,0.0,0.155274,  InterPrediction::motionCompensation <cycle 3>,[13]
,,0.015538,1.332068,  InterPrediction::xPredInterBi,[21]
[22],13.27,0.015538,1.487342,InterPrediction::xPredInterUni,[22]
,,0.155197,0.633626,  InterPrediction::xPredAffineBlk,[27]
,,0.046658,0.651861,  InterPrediction::xPredInterBlk,[33]
,,,,,
,,0.0,1.103142,  CABACReader::coding_tree <cycle 2>,[19]
[23],9.74,0.0,1.103142,CABACReader::coding_unit,[23]
,,0.046599,0.031177,  CodingStructure::addTU,[87]
,,0.015558,0.0,  CABACReader::end_of_ctu,[229]
,,0.015555,0.046577,  CodingStructure::addPU,[132]
,,0.015547,0.0,  MergeCtx::MergeCtx,[239]
,,0.0,0.046526,  CABACReader::cu_pred_data,[162]
,,0.0,0.807879,  CABACReader::cu_residual,[26]
,,0.0,0.031020,  CABACReader::cu_skip_flag,[193]
,,0.0,0.015539,  CABACReader::pred_mode,[246]
,,0.0,0.031164,  CABACReader::prediction_unit,[121]
,,,,,
,,0.995403,0.0,  AdaptiveLoopFilter::ALFProcess,[15]
[24],8.79,0.995403,0.0,simdFilter7x7Blk<4>,[24]
,,,,,
,,0.015481,0.093276,  DecCu::xIntraRecBlk,[45]
,,0.015540,0.697405,  DecCu::xDecodeInterTU,[31]
[25],7.25,0.031021,0.790681,TrQuant::invTransformNxN,[25]
,,0.031017,0.604331,  TrQuant::xIT,[34]
,,0.0,0.155333,  DepQuant::dequant,[89]
,,,,,
,,0.0,0.807879,  CABACReader::coding_unit,[23]
[26],7.13,0.0,0.807879,CABACReader::cu_residual,[26]
,,0.015459,0.0,  CABACReader::residual_lfnst_mode,[288]
,,0.0,0.015532,  AreaBuf<int>::fill,[67]
,,0.0,0.776888,  CABACReader::transform_tree <cycle 1>,[29]
,,,,,
,,0.155197,0.633626,  InterPrediction::xPredInterUni,[22]
[27],6.96,0.155197,0.633626,InterPrediction::xPredAffineBlk,[27]
,,0.062098,0.0,"  gradFilter_SSE<4,0>",[135]
,,0.062067,0.186436,  InterpolationFilter::filterVer,[35]
,,0.031030,0.0,  AreaBuf<short>::copyFrom,[39]
,,0.015551,0.0,  applyPROF_SSE<4>,[236]
,,0.015481,0.229908,  InterpolationFilter::filterHor,[36]
,,0.0,0.031056,  Picture::getRecoBuf,[157]
,,,,,
,,0.0,0.776888,  CABACReader::cu_residual,[26]
[28],6.86,0.0,0.776888,<cycle 1 as a whole>,[28]
,,0.0,0.776888,  CABACReader::transform_tree <cycle 1>,[29]
,,,,,
,,0.0,0.776888,  CABACReader::cu_residual,[26]
,,,,  CABACReader::transform_tree <cycle 1>,[29]
[29],6.86,0.0,0.776888,CABACReader::transform_tree <cycle 1>,[29]
,,0.077578,0.0,  CodingStructure::addTU,[87]
,,0.0,0.232946,  AreaBuf<int>::fill,[67]
,,0.0,0.031066,  AreaBuf<short>::fill,[84]
,,,,  CABACReader::transform_tree <cycle 1>,[29]
,,0.0,0.388603,  CABACReader::transform_unit,[50]
,,0.0,0.015550,  CodingStructure::getCU,[100]
,,0.0,0.015554,  QTBTPartitioner::splitCurrArea,[103]
,,0.0,0.015590,  TUIntraSubPartitioner::splitCurrArea,[199]
,,,,,
,,0.0,0.744030,  DecCu::xReconInter,[11]
[30],6.57,0.0,0.744030,DecCu::xDecodeInterTexture,[30]
,,0.015514,0.0,  CU::traverseTUs,[117]
,,0.0,0.728515,  DecCu::xDecodeInterTU,[31]
,,,,,
,,0.0,0.728515,  DecCu::xDecodeInterTexture,[30]
[31],6.43,0.0,0.728515,DecCu::xDecodeInterTU,[31]
,,0.015540,0.697405,  TrQuant::invTransformNxN,[25]
,,0.0,0.015570,  QpParam::QpParam,[218]
,,,,,
,,0.0,0.714540,  DecLib::executeLoopFilters,[9]
[32],6.31,0.0,0.714540,SampleAdaptiveOffset::SAOProcess,[32]
,,0.0,0.512547,  SampleAdaptiveOffset::offsetCTU,[38]
,,0.0,0.201993,  UnitBuf<short>::copyFrom,[52]
,,,,,
,,0.046658,0.651861,  InterPrediction::xPredInterUni,[22]
[33],6.17,0.046658,0.651861,InterPrediction::xPredInterBlk,[33]
,,0.0,0.310198,  InterpolationFilter::filterHor,[36]
,,0.0,0.326119,  InterpolationFilter::filterVer,[35]
,,0.0,0.015543,  Picture::getRecoBuf,[157]
,,,,,
,,0.031017,0.604331,  TrQuant::invTransformNxN,[25]
[34],5.61,0.031017,0.604331,TrQuant::xIT,[34]
,,0.324634,0.0,  fastInverseDCT2_B64,[58]
,,0.155401,0.0,  fastInverseDCT2_B32,[86]
,,0.062101,0.0,  fastInverseDCT2_B16,[134]
,,0.015588,0.0,  _chkstk,[200]
,,0.015562,0.0,  fastInverseDST7_B32,[224]
,,0.015526,0.0,  fastInverseDCT2_B8,[269]
,,0.015518,0.0,  fastInverseDCT8_B4,[275]
,,,,,
,,0.0,0.326119,  InterPrediction::xPredInterBlk,[33]
,,0.062067,0.186436,  InterPrediction::xPredAffineBlk,[27]
[35],5.07,0.062067,0.512555,InterpolationFilter::filterVer,[35]
,,0.015557,0.155266,  InterpolationFilter::filterVer<4>,[83]
,,0.0,0.341732,  InterpolationFilter::filterVer<8>,[56]
,,,,,
,,0.0,0.310198,  InterPrediction::xPredInterBlk,[33]
,,0.015481,0.229908,  InterPrediction::xPredAffineBlk,[27]
[36],4.9,0.015481,0.540106,InterpolationFilter::filterHor,[36]
,,0.108530,0.0,"  InterpolationFilter::filterCopy<1,0>",[108]
,,0.015585,0.260939,  InterpolationFilter::filterHor<8>,[61]
,,0.015483,0.0,"  InterpolationFilter::filterCopy<1,1>",[287]
,,0.0,0.139568,  InterpolationFilter::filterHor<4>,[96]
,,,,,
,,0.419352,0.093195,  SampleAdaptiveOffset::offsetCTU,[38]
[37],4.52,0.419352,0.093195,SampleAdaptiveOffset::offsetBlock,[37]
,,0.093195,0.0,  sgn<int>,[115]
,,,,,
,,0.0,0.512547,  SampleAdaptiveOffset::SAOProcess,[32]
[38],4.52,0.0,0.512547,SampleAdaptiveOffset::offsetCTU,[38]
,,0.419352,0.093195,  SampleAdaptiveOffset::offsetBlock,[37]
,,,,,
,,0.0,0.015504,  DecCu::xIntraRecBlk,[45]
,,0.015437,0.077777,  InterPrediction::xFillIBCBuffer,[92]
,,0.015530,0.342221,  UnitBuf<short>::copyFrom,[52]
,,0.031030,0.0,  InterPrediction::xPredAffineBlk,[27]
[39],4.39,0.061997,0.435503,AreaBuf<short>::copyFrom,[39]
,,0.419925,0.0,  memcpy,[49]
,,0.015578,0.0,  _security_check_cookie,[82]
,,,,,
,,0.015547,0.0,  DQIntern::Quantizer::dequantBlock,[88]
,,0.015562,0.0,  AreaBuf<bool>::fill,[173]
,,0.015572,0.0,  CodingStructure::clearPUs,[211]
,,0.031066,0.0,  AreaBuf<short>::fill,[84]
,,0.031109,0.0,  CodingStructure::clearCUs,[170]
,,0.124212,0.0,  LoopFilter::loopFilterPic,[12]
,,0.248478,0.0,  AreaBuf<int>::fill,[67]
[40],4.25,0.481546,0.0,memset,[40]
,,,,,
,,0.0,0.466178,  DecApp::decode,[4]
[41],4.12,0.0,0.466178,DecApp::xWriteOutput,[41]
,,0.0,0.466178,  VideoIOYuv::write,[42]
,,,,,
,,0.0,0.466178,  DecApp::xWriteOutput,[41]
[42],4.12,0.0,0.466178,VideoIOYuv::write,[42]
,,0.233013,0.233165,  writePlane,[43]
,,,,,
,,0.233013,0.233165,  VideoIOYuv::write,[42]
[43],4.12,0.233013,0.233165,writePlane,[43]
,,0.233165,0.0,"  std::basic_ostream<char,struct std::char_traits<char> >::write",[69]
,,,,,
,,0.139864,0.321310,  LoopFilter::xDeblockCU,[16]
[44],4.07,0.139864,0.321310,LoopFilter::xEdgeFilterLuma,[44]
,,0.274688,0.015505,  LoopFilter::xPelFilterLuma,[59]
,,0.015570,0.0,  CodingStructure::getCU,[100]
,,0.015546,0.0,  isAvailableAbove,[241]
,,,,,
,,0.0,0.450330,  DecCu::xIntraRecQT,[46]
[45],3.98,0.0,0.450330,DecCu::xIntraRecBlk,[45]
,,0.030981,0.031054,  IntraPrediction::predIntraAng,[139]
,,0.015540,0.170843,  IntraPrediction::initIntraPatternChType,[70]
,,0.015481,0.093276,  TrQuant::invTransformNxN,[25]
,,0.0,0.015504,  AreaBuf<short>::copyFrom,[39]
,,0.0,0.015510,  AreaBuf<short>::reconstruct,[136]
,,0.0,0.015538,  CodingStructure::getRecoBuf,[251]
,,0.0,0.015504,  IntraPrediction::initIntraMip,[283]
,,0.0,0.015514,  IntraPrediction::initIntraPatternChTypeISP,[278]
,,0.0,0.015584,  TrQuant::invTransformICT,[202]
,,,,,
,,0.0,0.450330,  DecCu::xReconIntraQT,[47]
[46],3.98,0.0,0.450330,DecCu::xIntraRecQT,[46]
,,0.0,0.450330,  DecCu::xIntraRecBlk,[45]
,,,,,
,,0.0,0.450330,  DecCu::decompressCtu,[10]
[47],3.98,0.0,0.450330,DecCu::xReconIntraQT,[47]
,,0.0,0.450330,  DecCu::xIntraRecQT,[46]
,,,,,
,,0.202013,0.248067,  LoopFilter::xDeblockCU,[16]
[48],3.97,0.202013,0.248067,LoopFilter::xGetBoundaryStrengthSingle,[48]
,,0.092813,0.015527,  CodingStructure::getTU,[60]
,,0.062109,0.0,  CodingStructure::getCU,[100]
,,0.015551,0.0,  _security_check_cookie,[82]
,,0.015544,0.0,  CodingStructure::getMotionInfo,[182]
,,0.0,0.046524,  TU::getCbf,[163]
,,,,,
,,0.419925,0.0,  AreaBuf<short>::copyFrom,[39]
[49],3.71,0.419925,0.0,memcpy,[49]
,,,,,
,,0.0,0.388603,  CABACReader::transform_tree <cycle 1>,[29]
[50],3.43,0.0,0.388603,CABACReader::transform_unit,[50]
,,0.015523,0.310969,  CABACReader::residual_coding,[57]
,,0.0,0.062110,  CABACReader::cbf_comp,[133]
,,,,,
,,0.0,0.372640,  DecLib::xDecodeSlice,[7]
[51],3.29,0.0,0.372640,DecLib::xActivateParameterSets,[51]
,,0.0,0.015572,  Picture::finalInit,[215]
,,0.0,0.357067,  TrQuant::init,[54]
,,,,,
,,0.0,0.093637,  AdaptiveLoopFilter::ALFProcess,[15]
,,0.0,0.062121,  DecCu::xReconInter,[11]
,,0.0,0.201993,  SampleAdaptiveOffset::SAOProcess,[32]
[52],3.16,0.0,0.357751,UnitBuf<short>::copyFrom,[52]
,,0.015530,0.342221,  AreaBuf<short>::copyFrom,[39]
,,,,,
,,0.357549,0.0,  AdaptiveLoopFilter::ALFProcess,[15]
[53],3.16,0.357549,0.0,simdFilter5x5Blk<4>,[53]
,,,,,
,,0.0,0.357067,  DecLib::xActivateParameterSets,[51]
[54],3.15,0.0,0.357067,TrQuant::init,[54]
,,0.0,0.201919,  DepQuant::DepQuant,[76]
,,0.0,0.155149,  DepQuant::`scalar deleting destructor',[91]
,,,,,
,,0.0,0.341932,  DecCu::decompressCtu,[10]
[55],3.02,0.0,0.341932,DecCu::xDeriveCUMV,[55]
,,0.015595,0.0,  PU::setAllAffineMv,[143]
,,0.015566,0.0,  CU::traversePUs,[149]
,,0.015539,0.0,  PU::spanMotionInfo,[130]
,,0.015531,0.0,  PU::getInterMMVDMergeCandidates,[264]
,,0.015511,0.0,  CU::isIBC,[280]
,,0.015500,0.0,  MergeCtx::setMmvdMergeCandiInfo,[286]
,,0.0,0.015559,  MergeCtx::setMergeInfo,[226]
,,0.0,0.015553,  PU::applyImv,[234]
,,0.0,0.015543,  PU::fillMvpCand,[243]
,,0.0,0.108794,  PU::getAffineMergeCand,[105]
,,0.0,0.046628,  PU::getInterMergeCandidates,[131]
,,0.0,0.015506,  PU::getTriangleMergeCandidates,[281]
,,0.0,0.031106,  PU::setAllAffineMvField,[172]
,,,,,
,,0.0,0.341732,  InterpolationFilter::filterVer,[35]
[56],3.02,0.0,0.341732,InterpolationFilter::filterVer<8>,[56]
,,0.046647,0.139750,"  simdFilter<4,8,1,0,0>",[79]
,,0.015540,0.031092,"  simdFilter<4,8,1,0,1>",[150]
,,0.0,0.093185,"  simdFilter<4,8,1,1,0>",[116]
,,0.0,0.015519,"  simdFilter<4,8,1,1,1>",[274]
,,,,,
,,0.015523,0.310969,  CABACReader::transform_unit,[50]
[57],2.88,0.015523,0.310969,CABACReader::residual_coding,[57]
,,0.077700,0.170908,  CABACReader::residual_coding_subblock,[66]
,,0.015614,0.0,  CoeffCodingContext::CoeffCodingContext,[196]
,,0.015593,0.015572,  CoeffCodingContext::initSubblock,[166]
,,0.0,0.015583,  CABACReader::mts_coding,[205]
,,,,,
,,0.324634,0.0,  TrQuant::xIT,[34]
[58],2.87,0.324634,0.0,fastInverseDCT2_B64,[58]
,,,,,
,,0.274688,0.015505,  LoopFilter::xEdgeFilterLuma,[44]
[59],2.56,0.274688,0.015505,LoopFilter::xPelFilterLuma,[59]
,,0.015505,0.0,  LoopFilter::xFilteringPandQ,[282]
,,,,,
,,0.092813,0.015527,  LoopFilter::xGetBoundaryStrengthSingle,[48]
,,0.170887,0.0,  LoopFilter::xSetMaxFilterLengthPQFromTransformSizes,[71]
[60],2.47,0.263700,0.015527,CodingStructure::getTU,[60]
,,0.015527,0.0,  _security_check_cookie,[82]
,,,,,
,,0.015585,0.260939,  InterpolationFilter::filterHor,[36]
[61],2.44,0.015585,0.260939,InterpolationFilter::filterHor<8>,[61]
,,0.031068,0.229871,"  simdFilter<4,8,0,1,0>",[65]
,,,,,
,,0.0,0.264237,  AdaptiveLoopFilter::ALFProcess,[15]
[62],2.33,0.0,0.264237,AdaptiveLoopFilter::deriveClassification,[62]
,,0.264237,0.0,  simdDeriveClassificationBlk<4>,[63]
,,,,,
,,0.264237,0.0,  AdaptiveLoopFilter::deriveClassification,[62]
[63],2.33,0.264237,0.0,simdDeriveClassificationBlk<4>,[63]
,,,,,
,,0.0,0.031034,  CodingStructure::addCU,[73]
,,0.0,0.015532,  PartitionerFactory::get,[261]
,,0.0,0.077624,  QuantRDOQ::xInitScalingList,[123]
,,0.0,0.015554,"  std::vector<UnitArea,std::allocator<UnitArea> >::_Resize<<lambda_63dc83d50a1b614a535247b0b3d8cd3f> >",[181]
,,0.015569,0.108726,  Quant::xInitScalingList,[102]
[64],2.33,0.015569,0.248469,operator new,[64]
,,0.248469,0.0,  malloc_base,[68]
,,,,,
,,0.031068,0.229871,  InterpolationFilter::filterHor<8>,[61]
[65],2.3,0.031068,0.229871,"simdFilter<4,8,0,1,0>",[65]
,,0.136760,0.0,"  simdInterpolateHorM4<4,8,0>",[98]
,,0.093111,0.0,"  simdInterpolateHorM8_AVX2<4,8,0>",[118]
,,,,,
,,0.077700,0.170908,  CABACReader::residual_coding,[57]
[66],2.19,0.077700,0.170908,CABACReader::residual_coding_subblock,[66]
,,0.077659,0.0,  TBinDecoder<class BinProbModel_Std>::decodeBin,[93]
,,0.046576,0.0,  CoeffCodingContext::sigCtxIdAbs,[159]
,,0.015610,0.0,  _security_check_cookie,[82]
,,0.015547,0.0,  BinDecoderBase::decodeBinsEP,[240]
,,0.015517,0.0,  CoeffCodingContext::ctxOffsetAbs,[276]
,,,,,
,,0.0,0.015532,  CABACReader::cu_residual,[26]
,,0.0,0.232946,  CABACReader::transform_tree <cycle 1>,[29]
[67],2.19,0.0,0.248478,AreaBuf<int>::fill,[67]
,,0.248478,0.0,  memset,[40]
,,,,,
,,0.248469,0.0,  operator new,[64]
[68],2.19,0.248469,0.0,malloc_base,[68]
,,,,,
,,0.233165,0.0,  writePlane,[43]
[69],2.06,0.233165,0.0,"std::basic_ostream<char,struct std::char_traits<char> >::write",[69]
,,,,,
,,0.0,0.046560,  IntraPrediction::geneIntrainterPred,[160]
,,0.015540,0.170843,  DecCu::xIntraRecBlk,[45]
[70],2.06,0.015540,0.217403,IntraPrediction::initIntraPatternChType,[70]
,,0.077689,0.108647,  IntraPrediction::xFillReferenceSamples,[78]
,,0.0,0.031066,  IntraPrediction::initPredIntraParams,[183]
,,,,,
,,0.062039,0.170887,  LoopFilter::xDeblockCU,[16]
[71],2.06,0.062039,0.170887,LoopFilter::xSetMaxFilterLengthPQFromTransformSizes,[71]
,,0.170887,0.0,  CodingStructure::getTU,[60]
,,,,,
,,0.139739,0.077710,  LoopFilter::xDeblockCU,[16]
[72],1.92,0.139739,0.077710,LoopFilter::xEdgeFilterChroma,[72]
,,0.077710,0.0,  LoopFilter::xPelFilterChroma,[120]
,,,,,
,,0.155328,0.062079,  CABACReader::coding_tree <cycle 2>,[19]
[73],1.92,0.155328,0.062079,CodingStructure::addCU,[73]
,,0.015523,0.0,  CodingUnit::initData,[270]
,,0.015522,0.0,  AreaBuf<unsigned int>::fill,[129]
,,0.0,0.031034,  operator new,[64]
,,,,,
,,0.202114,0.0,  UnitBuf<short>::copyClip,[75]
[74],1.78,0.202114,0.0,AreaBuf<short>::copyClip,[74]
,,,,,
,,0.0,0.139960,  DecCu::xReconInter,[11]
,,0.0,0.062154,  InterPrediction::xWeightedAverage,[80]
[75],1.78,0.0,0.202114,UnitBuf<short>::copyClip,[75]
,,0.202114,0.0,  AreaBuf<short>::copyClip,[74]
,,,,,
,,0.0,0.201919,  TrQuant::init,[54]
[76],1.78,0.0,0.201919,DepQuant::DepQuant,[76]
,,0.0,0.201919,  QuantRDOQ::QuantRDOQ,[77]
,,,,,
,,0.0,0.201919,  DepQuant::DepQuant,[76]
[77],1.78,0.0,0.201919,QuantRDOQ::QuantRDOQ,[77]
,,0.0,0.124295,  Quant::Quant,[101]
,,0.0,0.077624,  QuantRDOQ::xInitScalingList,[123]
,,,,,
,,0.0,0.015514,  IntraPrediction::initIntraPatternChTypeISP,[278]
,,0.077689,0.108647,  IntraPrediction::initIntraPatternChType,[70]
[78],1.78,0.077689,0.124161,IntraPrediction::xFillReferenceSamples,[78]
,,0.031022,0.015514,  CodingStructure::getCURestricted,[85]
,,0.015548,0.031037,  isBelowLeftAvailable,[158]
,,0.0,0.031040,  isLeftAvailable,[189]
,,,,,
,,0.046647,0.139750,  InterpolationFilter::filterVer<8>,[56]
[79],1.65,0.046647,0.139750,"simdFilter<4,8,1,0,0>",[79]
,,0.062116,0.015578,"  simdInterpolateVerM4<4,8,0>",[106]
,,0.062056,0.0,"  simdInterpolateVerM8_AVX2<4,8,0>",[104]
,,,,,
,,0.0,0.186314,  InterPrediction::xPredInterBi,[21]
[80],1.64,0.0,0.186314,InterPrediction::xWeightedAverage,[80]
,,0.0,0.015554,  InterPrediction::xApplyBiPROF,[232]
,,0.0,0.031079,  UnitBuf<short>::addAvg,[179]
,,0.0,0.077528,  UnitBuf<short>::addWeightedAvg,[126]
,,0.0,0.062154,  UnitBuf<short>::copyClip,[75]
,,,,,
,,0.010405,0.0,  dynamic_cache<struct PredictionUnit>::deleteEntries,[290]
,,0.015536,0.0,  CodingStructure::destroy,[252]
,,0.015564,0.0,  QuantRDOQ::xDestroyScalingList,[222]
,,0.139585,0.0,  Quant::xDestroyScalingList,[95]
[81],1.6,0.181089,0.0,free_base,[81]
,,,,,
,,0.015501,0.0,  TU::getCbfAtDepth,[164]
,,0.015527,0.0,  CodingStructure::getTU,[60]
,,0.015538,0.0,  CodingStructure::getBuf,[147]
,,0.015551,0.0,  LoopFilter::xGetBoundaryStrengthSingle,[48]
,,0.015578,0.0,  AreaBuf<short>::copyFrom,[39]
,,0.015578,0.0,"  simdInterpolateVerM4<4,8,0>",[106]
,,0.015610,0.0,  CABACReader::residual_coding_subblock,[66]
,,0.030993,0.0,  CodingStructure::getCU,[107]
,,0.031110,0.0,  CodingStructure::getCU,[100]
[82],1.51,0.170986,0.0,_security_check_cookie,[82]
,,,,,
,,0.015557,0.155266,  InterpolationFilter::filterVer,[35]
[83],1.51,0.015557,0.155266,InterpolationFilter::filterVer<4>,[83]
,,0.031022,0.046585,"  simdFilter<4,4,1,0,0>",[124]
,,0.0,0.046617,"  simdFilter<4,4,1,0,1>",[151]
,,0.0,0.031042,"  simdFilter<4,4,1,1,0>",[188]
,,,,,
,,0.0,0.031066,  CABACReader::transform_tree <cycle 1>,[29]
,,0.139665,0.0,  UnitBuf<short>::fill,[90]
[84],1.51,0.139665,0.031066,AreaBuf<short>::fill,[84]
,,0.031066,0.0,  memset,[40]
,,,,,
,,0.0,0.015535,  DeriveCtx::CtxAffineFlag,[258]
,,0.0,0.015539,  DeriveCtx::CtxPredModeFlag,[248]
,,0.0,0.031037,  isBelowLeftAvailable,[158]
,,0.0,0.031040,  isLeftAvailable,[189]
,,0.015502,0.015518,  DeriveCtx::CtxSkipFlag,[194]
,,0.031022,0.015514,  IntraPrediction::xFillReferenceSamples,[78]
[85],1.51,0.046524,0.124183,CodingStructure::getCURestricted,[85]
,,0.077651,0.030993,  CodingStructure::getCU,[107]
,,0.015539,0.0,  CU::isSameSliceAndTile,[247]
,,,,,
,,0.155401,0.0,  TrQuant::xIT,[34]
[86],1.37,0.155401,0.0,fastInverseDCT2_B32,[86]
,,,,,
,,0.046599,0.031177,  CABACReader::coding_unit,[23]
,,0.077578,0.0,  CABACReader::transform_tree <cycle 1>,[29]
[87],1.37,0.124176,0.031177,CodingStructure::addTU,[87]
,,0.031177,0.0,  AreaBuf<unsigned int>::fill,[129]
,,,,,
,,0.139786,0.015547,  DepQuant::dequant,[89]
[88],1.37,0.139786,0.015547,DQIntern::Quantizer::dequantBlock,[88]
,,0.015547,0.0,  memset,[40]
,,,,,
,,0.0,0.155333,  TrQuant::invTransformNxN,[25]
[89],1.37,0.0,0.155333,DepQuant::dequant,[89]
,,0.139786,0.015547,  DQIntern::Quantizer::dequantBlock,[88]
,,,,,
,,0.0,0.015529,  InterPrediction::resetIBCBuffer,[267]
,,0.015535,0.124136,  InterPrediction::resetVPDUforIBC,[94]
[90],1.37,0.015535,0.139665,UnitBuf<short>::fill,[90]
,,0.139665,0.0,  AreaBuf<short>::fill,[84]
,,,,,
,,0.0,0.155149,  TrQuant::init,[54]
[91],1.37,0.0,0.155149,DepQuant::`scalar deleting destructor',[91]
,,0.0,0.139585,  Quant::xDestroyScalingList,[95]
,,0.0,0.015564,  QuantRDOQ::~QuantRDOQ,[223]
,,,,,
,,0.046626,0.093214,  DecCu::decompressCtu,[10]
[92],1.23,0.046626,0.093214,InterPrediction::xFillIBCBuffer,[92]
,,0.015437,0.077777,  AreaBuf<short>::copyFrom,[39]
,,,,,
,,0.0,0.015583,  CABACReader::mts_coding,[205]
,,0.046551,0.0,  CABACReader::cbf_comp,[133]
,,0.077659,0.0,  CABACReader::residual_coding_subblock,[66]
[93],1.23,0.124210,0.015583,TBinDecoder<class BinProbModel_Std>::decodeBin,[93]
,,0.015583,0.0,  BinProbModel_Std::update,[204]
,,,,,
,,0.0,0.139671,  DecCu::decompressCtu,[10]
[94],1.23,0.0,0.139671,InterPrediction::resetVPDUforIBC,[94]
,,0.015535,0.124136,  UnitBuf<short>::fill,[90]
,,,,,
,,0.0,0.139585,  DepQuant::`scalar deleting destructor',[91]
[95],1.23,0.0,0.139585,Quant::xDestroyScalingList,[95]
,,0.139585,0.0,  free_base,[81]
,,,,,
,,0.0,0.139568,  InterpolationFilter::filterHor,[36]
[96],1.23,0.0,0.139568,InterpolationFilter::filterHor<4>,[96]
,,0.015528,0.124040,"  simdFilter<4,4,0,1,0>",[97]
,,,,,
,,0.015528,0.124040,  InterpolationFilter::filterHor<4>,[96]
[97],1.23,0.015528,0.124040,"simdFilter<4,4,0,1,0>",[97]
,,0.092979,0.0,"  simdInterpolateHorM4<4,4,0>",[119]
,,0.031061,0.0,"  simdInterpolateHorM8_AVX2<4,4,0>",[185]
,,,,,
,,0.136760,0.0,"  simdFilter<4,8,0,1,0>",[65]
[98],1.21,0.136760,0.0,"simdInterpolateHorM4<4,8,0>",[98]
,,,,,
,,0.0,0.124907,  DecApp::decode,[4]
[99],1.1,0.0,0.124907,DecLib::finishPicture,[99]
,,0.0,0.031109,  CodingStructure::clearCUs,[170]
,,0.0,0.093798,  CodingStructure::destroyCoeffs,[111]
,,,,,
,,0.0,0.015560,  CABACReader::cbf_comp,[133]
,,0.0,0.015550,  CABACReader::transform_tree <cycle 1>,[29]
,,0.015535,0.0,  LoopFilter::xSetLoopfilterParam,[184]
,,0.015570,0.0,  LoopFilter::xEdgeFilterLuma,[44]
,,0.062109,0.0,  LoopFilter::xGetBoundaryStrengthSingle,[48]
[100],1.1,0.093214,0.031110,CodingStructure::getCU,[100]
,,0.031110,0.0,  _security_check_cookie,[82]
,,,,,
,,0.0,0.124295,  QuantRDOQ::QuantRDOQ,[77]
[101],1.1,0.0,0.124295,Quant::Quant,[101]
,,0.0,0.124295,  Quant::xInitScalingList,[102]
,,,,,
,,0.0,0.124295,  Quant::Quant,[101]
[102],1.1,0.0,0.124295,Quant::xInitScalingList,[102]
,,0.015569,0.108726,  operator new,[64]
,,,,,
,,0.0,0.015554,  CABACReader::transform_tree <cycle 1>,[29]
,,0.015585,0.093147,  CABACReader::coding_tree <cycle 2>,[19]
[103],1.1,0.015585,0.108701,QTBTPartitioner::splitCurrArea,[103]
,,0.015543,0.0,  PartLevel::PartLevel,[244]
,,0.015539,0.0,  QTBTPartitioner::isSplitImplicit,[249]
,,0.0,0.015521,  PartitionerImpl::getCUSubPartitions,[273]
,,0.0,0.015554,  PartitionerImpl::getMaxTuTiling,[231]
,,0.0,0.015512,  QTBTPartitioner::canSplit,[279]
,,0.0,0.031032,"  static_vector<struct PartLevel,15>::push_back",[190]
,,,,,
,,0.062056,0.0,"  simdFilter<4,8,1,0,0>",[79]
,,0.062127,0.0,"  simdFilter<4,8,1,1,0>",[116]
[104],1.1,0.124183,0.0,"simdInterpolateVerM8_AVX2<4,8,0>",[104]
,,,,,
,,0.0,0.108794,  DecCu::xDeriveCUMV,[55]
[105],0.96,0.0,0.108794,PU::getAffineMergeCand,[105]
,,0.046554,0.046655,  PU::getInterMergeSubPuMvpCand,[114]
,,0.0,0.015586,  getAvailableAffineNeighboursForLeftPredictor,[201]
,,,,,
,,0.031058,0.0,"  simdFilter<4,8,1,1,0>",[116]
,,0.062116,0.015578,"  simdFilter<4,8,1,0,0>",[79]
[106],0.96,0.093174,0.015578,"simdInterpolateVerM4<4,8,0>",[106]
,,0.015578,0.0,  _security_check_cookie,[82]
,,,,,
,,0.077651,0.030993,  CodingStructure::getCURestricted,[85]
[107],0.96,0.077651,0.030993,CodingStructure::getCU,[107]
,,0.030993,0.0,  _security_check_cookie,[82]
,,,,,
,,0.108530,0.0,  InterpolationFilter::filterHor,[36]
[108],0.96,0.108530,0.0,"InterpolationFilter::filterCopy<1,0>",[108]
,,,,,
,,0.0,0.108505,  CABACReader::coding_tree <cycle 2>,[19]
[109],0.96,0.0,0.108505,CABACReader::split_cu_mode,[109]
,,0.030989,0.061988,  QTBTPartitioner::canSplit,[110]
,,0.015529,0.0,  DeriveCtx::CtxSplit,[268]
,,,,,
,,0.015512,0.0,  QTBTPartitioner::canSplit,[279]
,,0.030989,0.061988,  CABACReader::split_cu_mode,[109]
[110],0.96,0.046500,0.061988,QTBTPartitioner::canSplit,[110]
,,0.046445,0.015542,  QTBTPartitioner::getImplicitSplit,[140]
,,,,,
,,0.0,0.093798,  DecLib::finishPicture,[99]
[111],0.83,0.0,0.093798,CodingStructure::destroyCoeffs,[111]
,,0.093798,0.0,  aligned_free,[112]
,,,,,
,,0.093798,0.0,  CodingStructure::destroyCoeffs,[111]
[112],0.83,0.093798,0.0,aligned_free,[112]
,,,,,
,,0.0,0.015561,  DecCu::decompressCtu,[10]
,,0.046652,0.031108,  LoopFilter::loopFilterPic,[12]
[113],0.82,0.046652,0.046669,CodingStructure::traverseCUs,[113]
,,0.046669,0.0,  UnitArea::contains,[146]
,,,,,
,,0.046554,0.046655,  PU::getAffineMergeCand,[105]
[114],0.82,0.046554,0.046655,PU::getInterMergeSubPuMvpCand,[114]
,,0.031106,0.0,  clipColPos,[171]
,,0.015548,0.0,  deriveScaledMotionTemporal,[238]
,,,,,
,,0.093195,0.0,  SampleAdaptiveOffset::offsetBlock,[37]
[115],0.82,0.093195,0.0,sgn<int>,[115]
,,,,,
,,0.0,0.093185,  InterpolationFilter::filterVer<8>,[56]
[116],0.82,0.0,0.093185,"simdFilter<4,8,1,1,0>",[116]
,,0.062127,0.0,"  simdInterpolateVerM8_AVX2<4,8,0>",[104]
,,0.031058,0.0,"  simdInterpolateVerM4<4,8,0>",[106]
,,,,,
,,0.015514,0.0,  DecCu::xDecodeInterTexture,[30]
,,0.077646,0.0,  LoopFilter::xDeblockCU,[16]
[117],0.82,0.093161,0.0,CU::traverseTUs,[117]
,,,,,
,,0.093111,0.0,"  simdFilter<4,8,0,1,0>",[65]
[118],0.82,0.093111,0.0,"simdInterpolateHorM8_AVX2<4,8,0>",[118]
,,,,,
,,0.092979,0.0,"  simdFilter<4,4,0,1,0>",[97]
[119],0.82,0.092979,0.0,"simdInterpolateHorM4<4,4,0>",[119]
,,,,,
,,0.077710,0.0,  LoopFilter::xEdgeFilterChroma,[72]
[120],0.69,0.077710,0.0,LoopFilter::xPelFilterChroma,[120]
,,,,,
,,0.0,0.031164,  CABACReader::coding_unit,[23]
,,0.0,0.046526,  CABACReader::cu_pred_data,[162]
[121],0.69,0.0,0.077690,CABACReader::prediction_unit,[121]
,,0.015523,0.0,  CABACReader::mmvd_merge_idx,[271]
,,0.015468,0.015590,  PU::spanMotionInfo,[130]
,,0.0,0.015535,  CABACReader::merge_data,[256]
,,0.0,0.015575,  CABACReader::merge_idx,[210]
,,,,,
,,0.031042,0.0,"  simdFilter<4,4,1,1,0>",[188]
,,0.046585,0.0,"  simdFilter<4,4,1,0,0>",[124]
[122],0.69,0.077627,0.0,"simdInterpolateVerM4<4,4,0>",[122]
,,,,,
,,0.0,0.077624,  QuantRDOQ::QuantRDOQ,[77]
[123],0.69,0.0,0.077624,QuantRDOQ::xInitScalingList,[123]
,,0.0,0.077624,  operator new,[64]
,,,,,
,,0.031022,0.046585,  InterpolationFilter::filterVer<4>,[83]
[124],0.69,0.031022,0.046585,"simdFilter<4,4,1,0,0>",[124]
,,0.046585,0.0,"  simdInterpolateVerM4<4,4,0>",[122]
,,,,,
,,0.077528,0.0,  UnitBuf<short>::addWeightedAvg,[126]
[125],0.68,0.077528,0.0,AreaBuf<short>::addWeightedAvg,[125]
,,,,,
,,0.0,0.077528,  InterPrediction::xWeightedAverage,[80]
[126],0.68,0.0,0.077528,UnitBuf<short>::addWeightedAvg,[126]
,,0.077528,0.0,  AreaBuf<short>::addWeightedAvg,[125]
,,,,,
,,0.0,0.067622,  DecApp::decode,[4]
[127],0.6,0.0,0.067622,byteStreamNALUnit,[127]
,,0.0,0.067622,  byteStreamNALUnit,[128]
,,,,,
,,0.0,0.067622,  byteStreamNALUnit,[127]
[128],0.6,0.0,0.067622,byteStreamNALUnit,[128]
,,0.015561,0.0,"  std::vector<unsigned char,class std::allocator<unsigned char> >::emplace_back<unsigned char>",[225]
,,0.0,0.052061,  InputByteStream::eofBeforeNBytes,[141]
,,,,,
,,0.015522,0.0,  CodingStructure::addCU,[73]
,,0.015579,0.0,  CodingStructure::addPU,[132]
,,0.031177,0.0,  CodingStructure::addTU,[87]
[129],0.55,0.062279,0.0,AreaBuf<unsigned int>::fill,[129]
,,,,,
,,0.0,0.015553,  PU::applyImv,[234]
,,0.015468,0.015590,  CABACReader::prediction_unit,[121]
,,0.015539,0.0,  DecCu::xDeriveCUMV,[55]
[130],0.55,0.031007,0.031143,PU::spanMotionInfo,[130]
,,0.031143,0.0,  AreaBuf<struct MotionInfo>::fill,[167]
,,,,,
,,0.0,0.046628,  DecCu::xDeriveCUMV,[55]
,,0.0,0.015506,  PU::getTriangleMergeCandidates,[281]
[131],0.55,0.0,0.062134,PU::getInterMergeCandidates,[131]
,,0.015552,0.0,  PredictionUnit::getMotionInfo,[235]
,,0.015526,0.0,  CodingStructure::getMotionInfo,[182]
,,0.0,0.031056,  CodingStructure::getPURestricted,[148]
,,,,,
,,0.015555,0.046577,  CABACReader::coding_unit,[23]
[132],0.55,0.015555,0.046577,CodingStructure::addPU,[132]
,,0.030998,0.0,  PredictionUnit::initData,[195]
,,0.015579,0.0,  AreaBuf<unsigned int>::fill,[129]
,,,,,
,,0.0,0.062110,  CABACReader::transform_unit,[50]
[133],0.55,0.0,0.062110,CABACReader::cbf_comp,[133]
,,0.046551,0.0,  TBinDecoder<class BinProbModel_Std>::decodeBin,[93]
,,0.0,0.015560,  CodingStructure::getCU,[100]
,,,,,
,,0.062101,0.0,  TrQuant::xIT,[34]
[134],0.55,0.062101,0.0,fastInverseDCT2_B16,[134]
,,,,,
,,0.062098,0.0,  InterPrediction::xPredAffineBlk,[27]
[135],0.55,0.062098,0.0,"gradFilter_SSE<4,0>",[135]
,,,,,
,,0.0,0.015510,  DecCu::xIntraRecBlk,[45]
,,0.0,0.046557,  UnitBuf<short>::reconstruct,[161]
[136],0.55,0.0,0.062067,AreaBuf<short>::reconstruct,[136]
,,0.062067,0.0,"  reco_SSE<4,8>",[137]
,,,,,
,,0.062067,0.0,  AreaBuf<short>::reconstruct,[136]
[137],0.55,0.062067,0.0,"reco_SSE<4,8>",[137]
,,,,,
,,0.0,0.062051,  DecCu::xReconInter,[11]
[138],0.55,0.0,0.062051,InterPrediction::motionCompensation4Triangle,[138]
,,0.015539,0.046512,  InterPrediction::motionCompensation <cycle 3>,[13]
,,,,,
,,0.030981,0.031054,  DecCu::xIntraRecBlk,[45]
[139],0.55,0.030981,0.031054,IntraPrediction::predIntraAng,[139]
,,0.031054,0.0,  IntraPrediction::xPredIntraAng,[187]
,,,,,
,,0.046445,0.015542,  QTBTPartitioner::canSplit,[110]
[140],0.55,0.046445,0.015542,QTBTPartitioner::getImplicitSplit,[140]
,,0.015542,0.0,  PreCalcValues::getMinQtSize,[245]
,,,,,
,,0.0,0.052061,  byteStreamNALUnit,[128]
[141],0.46,0.0,0.052061,InputByteStream::eofBeforeNBytes,[141]
,,0.052061,0.0,"  std::basic_istream<char,struct std::char_traits<char> >::get",[142]
,,,,,
,,0.052061,0.0,  InputByteStream::eofBeforeNBytes,[141]
[142],0.46,0.052061,0.0,"std::basic_istream<char,struct std::char_traits<char> >::get",[142]
,,,,,
,,0.015595,0.0,  DecCu::xDeriveCUMV,[55]
,,0.031106,0.0,  PU::setAllAffineMvField,[172]
[143],0.41,0.046701,0.0,PU::setAllAffineMv,[143]
,,,,,
,,0.0,0.015558,  CodingStructure::getPredBuf,[230]
,,0.015579,0.015549,  CodingStructure::getResiBuf,[168]
[144],0.41,0.015579,0.031107,CodingStructure::getBuf,[144]
,,0.015558,0.015549,  CodingStructure::getBuf,[147]
,,,,,
,,0.015593,0.031088,  DecLib::executeLoopFilters,[9]
[145],0.41,0.015593,0.031088,CS::setRefinedMotionField,[145]
,,0.015545,0.0,  PU::checkDMVRCondition,[180]
,,0.015543,0.0,  CU::traversePUs,[149]
,,,,,
,,0.046669,0.0,  CodingStructure::traverseCUs,[113]
[146],0.41,0.046669,0.0,UnitArea::contains,[146]
,,,,,
,,0.0,0.015538,  CodingStructure::getRecoBuf,[251]
,,0.015558,0.015549,  CodingStructure::getBuf,[144]
[147],0.41,0.015558,0.031087,CodingStructure::getBuf,[147]
,,0.015549,0.0,  PelStorage::getBuf,[237]
,,0.015538,0.0,  _security_check_cookie,[82]
,,,,,
,,0.0,0.031056,  PU::getInterMergeCandidates,[131]
,,0.015586,0.0,  getAvailableAffineNeighboursForLeftPredictor,[201]
[148],0.41,0.015586,0.031056,CodingStructure::getPURestricted,[148]
,,0.031056,0.0,  CodingStructure::getPU,[186]
,,,,,
,,0.015526,0.0,  InterPrediction::motionCompensation,[18]
,,0.015543,0.0,  CS::setRefinedMotionField,[145]
,,0.015566,0.0,  DecCu::xDeriveCUMV,[55]
[149],0.41,0.046635,0.0,CU::traversePUs,[149]
,,,,,
,,0.015540,0.031092,  InterpolationFilter::filterVer<8>,[56]
[150],0.41,0.015540,0.031092,"simdFilter<4,8,1,0,1>",[150]
,,0.031092,0.0,"  simdInterpolateVerM8_AVX2<4,8,1>",[155]
,,,,,
,,0.0,0.046617,  InterpolationFilter::filterVer<4>,[83]
[151],0.41,0.0,0.046617,"simdFilter<4,4,1,0,1>",[151]
,,0.046617,0.0,"  simdInterpolateVerM4<4,4,1>",[152]
,,,,,
,,0.046617,0.0,"  simdFilter<4,4,1,0,1>",[151]
[152],0.41,0.046617,0.0,"simdInterpolateVerM4<4,4,1>",[152]
,,,,,
,,0.046616,0.0,  Slice::constructRefPicList,[154]
[153],0.41,0.046616,0.0,Picture::extendPicBorder,[153]
,,,,,
,,0.0,0.046616,  DecLib::xDecodeSlice,[7]
[154],0.41,0.0,0.046616,Slice::constructRefPicList,[154]
,,0.046616,0.0,  Picture::extendPicBorder,[153]
,,,,,
,,0.015519,0.0,"  simdFilter<4,8,1,1,1>",[274]
,,0.031092,0.0,"  simdFilter<4,8,1,0,1>",[150]
[155],0.41,0.046610,0.0,"simdInterpolateVerM8_AVX2<4,8,1>",[155]
,,,,,
,,0.046599,0.0,  Picture::getRecoBuf,[157]
[156],0.41,0.046599,0.0,Picture::getBuf,[156]
,,,,,
,,0.0,0.031056,  InterPrediction::xPredAffineBlk,[27]
,,0.0,0.015543,  InterPrediction::xPredInterBlk,[33]
[157],0.41,0.0,0.046599,Picture::getRecoBuf,[157]
,,0.046599,0.0,  Picture::getBuf,[156]
,,,,,
,,0.015548,0.031037,  IntraPrediction::xFillReferenceSamples,[78]
[158],0.41,0.015548,0.031037,isBelowLeftAvailable,[158]
,,0.0,0.031037,  CodingStructure::getCURestricted,[85]
,,,,,
,,0.046576,0.0,  CABACReader::residual_coding_subblock,[66]
[159],0.41,0.046576,0.0,CoeffCodingContext::sigCtxIdAbs,[159]
,,,,,
,,0.0,0.046560,  DecCu::xReconInter,[11]
[160],0.41,0.0,0.046560,IntraPrediction::geneIntrainterPred,[160]
,,0.0,0.046560,  IntraPrediction::initIntraPatternChType,[70]
,,,,,
,,0.0,0.046557,  DecCu::xReconInter,[11]
[161],0.41,0.0,0.046557,UnitBuf<short>::reconstruct,[161]
,,0.0,0.046557,  AreaBuf<short>::reconstruct,[136]
,,,,,
,,0.0,0.046526,  CABACReader::coding_unit,[23]
[162],0.41,0.0,0.046526,CABACReader::cu_pred_data,[162]
,,0.0,0.046526,  CABACReader::prediction_unit,[121]
,,,,,
,,0.0,0.046524,  LoopFilter::xGetBoundaryStrengthSingle,[48]
[163],0.41,0.0,0.046524,TU::getCbf,[163]
,,0.031022,0.015501,  TU::getCbfAtDepth,[164]
,,,,,
,,0.031022,0.015501,  TU::getCbf,[163]
[164],0.41,0.031022,0.015501,TU::getCbfAtDepth,[164]
,,0.015501,0.0,  _security_check_cookie,[82]
,,,,,
,,0.046506,0.0,  LoopFilter::xDeblockCU,[16]
[165],0.41,0.046506,0.0,LoopFilter::xSetMaxFilterLengthPQForCodingSubBlocks,[165]
,,,,,
,,0.015593,0.015572,  CABACReader::residual_coding,[57]
[166],0.28,0.015593,0.015572,CoeffCodingContext::initSubblock,[166]
,,0.015572,0.0,  std::bitset<1024>::operator[],[216]
,,,,,
,,0.031143,0.0,  PU::spanMotionInfo,[130]
[167],0.27,0.031143,0.0,AreaBuf<struct MotionInfo>::fill,[167]
,,,,,
,,0.0,0.031128,  DecCu::xReconInter,[11]
[168],0.27,0.0,0.031128,CodingStructure::getResiBuf,[168]
,,0.015579,0.015549,  CodingStructure::getBuf,[144]
,,,,,
,,0.031109,0.0,  DecCu::xReconInter,[11]
[169],0.27,0.031109,0.0,UnitBuf<short>::operator struct UnitBuf<short const >,[169]
,,,,,
,,0.0,0.031109,  DecLib::finishPicture,[99]
[170],0.27,0.0,0.031109,CodingStructure::clearCUs,[170]
,,0.031109,0.0,  memset,[40]
,,,,,
,,0.031106,0.0,  PU::getInterMergeSubPuMvpCand,[114]
[171],0.27,0.031106,0.0,clipColPos,[171]
,,,,,
,,0.0,0.031106,  DecCu::xDeriveCUMV,[55]
[172],0.27,0.0,0.031106,PU::setAllAffineMvField,[172]
,,0.031106,0.0,  PU::setAllAffineMv,[143]
,,,,,
,,0.015543,0.015562,  CodingStructure::setDecomp,[174]
[173],0.27,0.015543,0.015562,AreaBuf<bool>::fill,[173]
,,0.015562,0.0,  memset,[40]
,,,,,
,,0.0,0.031105,  CodingStructure::setDecomp,[175]
[174],0.27,0.0,0.031105,CodingStructure::setDecomp,[174]
,,0.015543,0.015562,  AreaBuf<bool>::fill,[173]
,,,,,
,,0.0,0.031105,  DecCu::xReconInter,[11]
[175],0.27,0.0,0.031105,CodingStructure::setDecomp,[175]
,,0.0,0.031105,  CodingStructure::setDecomp,[174]
,,,,,
,,0.031099,0.0,  CABACReader::coding_tree <cycle 2>,[19]
[176],0.27,0.031099,0.0,QTBTPartitioner::nextPart,[176]
,,,,,
,,0.031085,0.0,  LoopFilter::xDeblockCU,[16]
[177],0.27,0.031085,0.0,LoopFilter::xSetEdgefilterMultiple,[177]
,,,,,
,,0.015543,0.015535,  UnitBuf<short>::addAvg,[179]
[178],0.27,0.015543,0.015535,AreaBuf<short>::addAvg,[178]
,,0.015535,0.0,"  addAvg_SSE<4,8>",[255]
,,,,,
,,0.0,0.031079,  InterPrediction::xWeightedAverage,[80]
[179],0.27,0.0,0.031079,UnitBuf<short>::addAvg,[179]
,,0.015543,0.015535,  AreaBuf<short>::addAvg,[178]
,,,,,
,,0.015533,0.0,  InterPrediction::xPredInterBi,[21]
,,0.015545,0.0,  CS::setRefinedMotionField,[145]
[180],0.27,0.031078,0.0,PU::checkDMVRCondition,[180]
,,,,,
,,0.0,0.015554,  PartitionerImpl::getMaxTuTiling,[231]
,,0.015521,0.0,  PartitionerImpl::getCUSubPartitions,[273]
[181],0.27,0.015521,0.015554,"std::vector<UnitArea,std::allocator<UnitArea> >::_Resize<<lambda_63dc83d50a1b614a535247b0b3d8cd3f> >",[181]
,,0.0,0.015554,  operator new,[64]
,,,,,
,,0.015526,0.0,  PU::getInterMergeCandidates,[131]
,,0.015544,0.0,  LoopFilter::xGetBoundaryStrengthSingle,[48]
[182],0.27,0.031070,0.0,CodingStructure::getMotionInfo,[182]
,,,,,
,,0.0,0.031066,  IntraPrediction::initIntraPatternChType,[70]
[183],0.27,0.0,0.031066,IntraPrediction::initPredIntraParams,[183]
,,0.015534,0.0,  IntraPrediction::getWideAngle,[259]
,,0.015533,0.0,  floorLog2,[260]
,,,,,
,,0.0,0.031065,  LoopFilter::xDeblockCU,[16]
[184],0.27,0.0,0.031065,LoopFilter::xSetLoopfilterParam,[184]
,,0.015535,0.0,  CodingStructure::getCU,[100]
,,0.0,0.015530,  isAvailableLeft,[266]
,,,,,
,,0.031061,0.0,"  simdFilter<4,4,0,1,0>",[97]
[185],0.27,0.031061,0.0,"simdInterpolateHorM8_AVX2<4,4,0>",[185]
,,,,,
,,0.031056,0.0,  CodingStructure::getPURestricted,[148]
[186],0.27,0.031056,0.0,CodingStructure::getPU,[186]
,,,,,
,,0.031054,0.0,  IntraPrediction::predIntraAng,[139]
[187],0.27,0.031054,0.0,IntraPrediction::xPredIntraAng,[187]
,,,,,
,,0.0,0.031042,  InterpolationFilter::filterVer<4>,[83]
[188],0.27,0.0,0.031042,"simdFilter<4,4,1,1,0>",[188]
,,0.031042,0.0,"  simdInterpolateVerM4<4,4,0>",[122]
,,,,,
,,0.0,0.031040,  IntraPrediction::xFillReferenceSamples,[78]
[189],0.27,0.0,0.031040,isLeftAvailable,[189]
,,0.0,0.031040,  CodingStructure::getCURestricted,[85]
,,,,,
,,0.0,0.031032,  QTBTPartitioner::splitCurrArea,[103]
[190],0.27,0.0,0.031032,"static_vector<struct PartLevel,15>::push_back",[190]
,,0.015511,0.015522,"  std::vector<struct UnitArea,class std::allocator<struct UnitArea> >::operator=",[191]
,,,,,
,,0.015511,0.015522,"  static_vector<struct PartLevel,15>::push_back",[190]
[191],0.27,0.015511,0.015522,"std::vector<struct UnitArea,class std::allocator<struct UnitArea> >::operator=",[191]
,,0.015522,0.0,  operator delete,[272]
,,,,,
,,0.031032,0.0,  DecCu::xReconInter,[11]
[192],0.27,0.031032,0.0,PU::spanTriangleMotionInfo,[192]
,,,,,
,,0.0,0.031020,  CABACReader::coding_unit,[23]
[193],0.27,0.0,0.031020,CABACReader::cu_skip_flag,[193]
,,0.0,0.031020,  DeriveCtx::CtxSkipFlag,[194]
,,,,,
,,0.0,0.031020,  CABACReader::cu_skip_flag,[193]
[194],0.27,0.0,0.031020,DeriveCtx::CtxSkipFlag,[194]
,,0.015502,0.015518,  CodingStructure::getCURestricted,[85]
,,,,,
,,0.030998,0.0,  CodingStructure::addPU,[132]
[195],0.27,0.030998,0.0,PredictionUnit::initData,[195]
,,,,,
,,0.015614,0.0,  CABACReader::residual_coding,[57]
[196],0.14,0.015614,0.0,CoeffCodingContext::CoeffCodingContext,[196]
,,,,,
,,0.015591,0.0,  CABACReader::coding_tree <cycle 2>,[19]
[197],0.14,0.015591,0.0,CodingUnit::isSepTree,[197]
,,,,,
,,0.015590,0.0,  TUIntraSubPartitioner::splitCurrArea,[199]
[198],0.14,0.015590,0.0,PartitionerImpl::getTUIntraSubPartitions,[198]
,,,,,
,,0.0,0.015590,  CABACReader::transform_tree <cycle 1>,[29]
[199],0.14,0.0,0.015590,TUIntraSubPartitioner::splitCurrArea,[199]
,,0.015590,0.0,  PartitionerImpl::getTUIntraSubPartitions,[198]
,,,,,
,,0.015588,0.0,  TrQuant::xIT,[34]
[200],0.14,0.015588,0.0,_chkstk,[200]
,,,,,
,,0.0,0.015586,  PU::getAffineMergeCand,[105]
[201],0.14,0.0,0.015586,getAvailableAffineNeighboursForLeftPredictor,[201]
,,0.015586,0.0,  CodingStructure::getPURestricted,[148]
,,,,,
,,0.0,0.015584,  DecCu::xIntraRecBlk,[45]
[202],0.14,0.0,0.015584,TrQuant::invTransformICT,[202]
,,0.015584,0.0,  invTransformCbCr<-1>,[203]
,,,,,
,,0.015584,0.0,  TrQuant::invTransformICT,[202]
[203],0.14,0.015584,0.0,invTransformCbCr<-1>,[203]
,,,,,
,,0.015583,0.0,  TBinDecoder<class BinProbModel_Std>::decodeBin,[93]
[204],0.14,0.015583,0.0,BinProbModel_Std::update,[204]
,,,,,
,,0.0,0.015583,  CABACReader::residual_coding,[57]
[205],0.14,0.0,0.015583,CABACReader::mts_coding,[205]
,,0.0,0.015583,  TBinDecoder<class BinProbModel_Std>::decodeBin,[93]
,,,,,
,,0.015582,0.0,  UnitBuf<short>::extendBorderPel,[207]
[206],0.14,0.015582,0.0,AreaBuf<short>::extendBorderPel,[206]
,,,,,
,,0.0,0.015582,  AdaptiveLoopFilter::ALFProcess,[15]
[207],0.14,0.0,0.015582,UnitBuf<short>::extendBorderPel,[207]
,,0.015582,0.0,  AreaBuf<short>::extendBorderPel,[206]
,,,,,
,,0.015579,0.0,  DecSlice::decompressSlice,[8]
[208],0.14,0.015579,0.0,UnitArea::UnitArea,[208]
,,,,,
,,0.015575,0.0,  CABACReader::merge_idx,[210]
[209],0.14,0.015575,0.0,BinDecoderBase::decodeBinEP,[209]
,,,,,
,,0.0,0.015575,  CABACReader::prediction_unit,[121]
[210],0.14,0.0,0.015575,CABACReader::merge_idx,[210]
,,0.015575,0.0,  BinDecoderBase::decodeBinEP,[209]
,,,,,
,,0.0,0.015572,  CodingStructure::initStructData,[214]
[211],0.14,0.0,0.015572,CodingStructure::clearPUs,[211]
,,0.015572,0.0,  memset,[40]
,,,,,
,,0.0,0.015572,  Picture::finalInit,[215]
[212],0.14,0.0,0.015572,CodingStructure::create,[212]
,,0.0,0.015572,  CodingStructure::createInternals,[213]
,,,,,
,,0.0,0.015572,  CodingStructure::create,[212]
[213],0.14,0.0,0.015572,CodingStructure::createInternals,[213]
,,0.0,0.015572,  CodingStructure::initStructData,[214]
,,,,,
,,0.0,0.015572,  CodingStructure::createInternals,[213]
[214],0.14,0.0,0.015572,CodingStructure::initStructData,[214]
,,0.0,0.015572,  CodingStructure::clearPUs,[211]
,,,,,
,,0.0,0.015572,  DecLib::xActivateParameterSets,[51]
[215],0.14,0.0,0.015572,Picture::finalInit,[215]
,,0.0,0.015572,  CodingStructure::create,[212]
,,,,,
,,0.015572,0.0,  CoeffCodingContext::initSubblock,[166]
[216],0.14,0.015572,0.0,std::bitset<1024>::operator[],[216]
,,,,,
,,0.0,0.015570,  QpParam::QpParam,[218]
[217],0.14,0.0,0.015570,QpParam::QpParam,[217]
,,0.015570,0.0,  SPS::getMappedChromaQpValue,[219]
,,,,,
,,0.0,0.015570,  DecCu::xDecodeInterTU,[31]
[218],0.14,0.0,0.015570,QpParam::QpParam,[218]
,,0.0,0.015570,  QpParam::QpParam,[217]
,,,,,
,,0.015570,0.0,  QpParam::QpParam,[217]
[219],0.14,0.015570,0.0,SPS::getMappedChromaQpValue,[219]
,,,,,
,,0.0,0.015570,  LoopFilter::loopFilterPic,[12]
[220],0.14,0.0,0.015570,CS::getArea,[220]
,,0.015570,0.0,  CS::isDualITree,[221]
,,,,,
,,0.015570,0.0,  CS::getArea,[220]
[221],0.14,0.015570,0.0,CS::isDualITree,[221]
,,,,,
,,0.0,0.015564,  QuantRDOQ::~QuantRDOQ,[223]
[222],0.14,0.0,0.015564,QuantRDOQ::xDestroyScalingList,[222]
,,0.015564,0.0,  free_base,[81]
,,,,,
,,0.0,0.015564,  DepQuant::`scalar deleting destructor',[91]
[223],0.14,0.0,0.015564,QuantRDOQ::~QuantRDOQ,[223]
,,0.0,0.015564,  QuantRDOQ::xDestroyScalingList,[222]
,,,,,
,,0.015562,0.0,  TrQuant::xIT,[34]
[224],0.14,0.015562,0.0,fastInverseDST7_B32,[224]
,,,,,
,,0.015561,0.0,  byteStreamNALUnit,[128]
[225],0.14,0.015561,0.0,"std::vector<unsigned char,class std::allocator<unsigned char> >::emplace_back<unsigned char>",[225]
,,,,,
,,0.0,0.015559,  DecCu::xDeriveCUMV,[55]
[226],0.14,0.0,0.015559,MergeCtx::setMergeInfo,[226]
,,0.0,0.015559,  PU::restrictBiPredMergeCandsOne,[228]
,,,,,
,,0.015559,0.0,  PU::restrictBiPredMergeCandsOne,[228]
[227],0.14,0.015559,0.0,PU::isBipredRestriction,[227]
,,,,,
,,0.0,0.015559,  MergeCtx::setMergeInfo,[226]
[228],0.14,0.0,0.015559,PU::restrictBiPredMergeCandsOne,[228]
,,0.015559,0.0,  PU::isBipredRestriction,[227]
,,,,,
,,0.015558,0.0,  CABACReader::coding_unit,[23]
[229],0.14,0.015558,0.0,CABACReader::end_of_ctu,[229]
,,,,,
,,0.0,0.015558,  DecCu::xReconInter,[11]
[230],0.14,0.0,0.015558,CodingStructure::getPredBuf,[230]
,,0.0,0.015558,  CodingStructure::getBuf,[144]
,,,,,
,,0.0,0.015554,  QTBTPartitioner::splitCurrArea,[103]
[231],0.14,0.0,0.015554,PartitionerImpl::getMaxTuTiling,[231]
,,0.0,0.015554,"  std::vector<UnitArea,std::allocator<UnitArea> >::_Resize<<lambda_63dc83d50a1b614a535247b0b3d8cd3f> >",[181]
,,,,,
,,0.0,0.015554,  InterPrediction::xWeightedAverage,[80]
[232],0.14,0.0,0.015554,InterPrediction::xApplyBiPROF,[232]
,,0.015554,0.0,"  applyBiPROF_SSE<4,1>",[233]
,,,,,
,,0.015554,0.0,  InterPrediction::xApplyBiPROF,[232]
[233],0.14,0.015554,0.0,"applyBiPROF_SSE<4,1>",[233]
,,,,,
,,0.0,0.015553,  DecCu::xDeriveCUMV,[55]
[234],0.14,0.0,0.015553,PU::applyImv,[234]
,,0.0,0.015553,  PU::spanMotionInfo,[130]
,,,,,
,,0.015552,0.0,  PU::getInterMergeCandidates,[131]
[235],0.14,0.015552,0.0,PredictionUnit::getMotionInfo,[235]
,,,,,
,,0.015551,0.0,  InterPrediction::xPredAffineBlk,[27]
[236],0.14,0.015551,0.0,applyPROF_SSE<4>,[236]
,,,,,
,,0.015549,0.0,  CodingStructure::getBuf,[147]
[237],0.14,0.015549,0.0,PelStorage::getBuf,[237]
,,,,,
,,0.015548,0.0,  PU::getInterMergeSubPuMvpCand,[114]
[238],0.14,0.015548,0.0,deriveScaledMotionTemporal,[238]
,,,,,
,,0.015547,0.0,  CABACReader::coding_unit,[23]
[239],0.14,0.015547,0.0,MergeCtx::MergeCtx,[239]
,,,,,
,,0.015547,0.0,  CABACReader::residual_coding_subblock,[66]
[240],0.14,0.015547,0.0,BinDecoderBase::decodeBinsEP,[240]
,,,,,
,,0.015546,0.0,  LoopFilter::xEdgeFilterLuma,[44]
[241],0.14,0.015546,0.0,isAvailableAbove,[241]
,,,,,
,,0.015543,0.0,  PU::fillMvpCand,[243]
[242],0.14,0.015543,0.0,PU::addMVPCandUnscaled,[242]
,,,,,
,,0.0,0.015543,  DecCu::xDeriveCUMV,[55]
[243],0.14,0.0,0.015543,PU::fillMvpCand,[243]
,,0.015543,0.0,  PU::addMVPCandUnscaled,[242]
,,,,,
,,0.015543,0.0,  QTBTPartitioner::splitCurrArea,[103]
[244],0.14,0.015543,0.0,PartLevel::PartLevel,[244]
,,,,,
,,0.015542,0.0,  QTBTPartitioner::getImplicitSplit,[140]
[245],0.14,0.015542,0.0,PreCalcValues::getMinQtSize,[245]
,,,,,
,,0.0,0.015539,  CABACReader::coding_unit,[23]
[246],0.14,0.0,0.015539,CABACReader::pred_mode,[246]
,,0.0,0.015539,  DeriveCtx::CtxPredModeFlag,[248]
,,,,,
,,0.015539,0.0,  CodingStructure::getCURestricted,[85]
[247],0.14,0.015539,0.0,CU::isSameSliceAndTile,[247]
,,,,,
,,0.0,0.015539,  CABACReader::pred_mode,[246]
[248],0.14,0.0,0.015539,DeriveCtx::CtxPredModeFlag,[248]
,,0.0,0.015539,  CodingStructure::getCURestricted,[85]
,,,,,
,,0.015539,0.0,  QTBTPartitioner::splitCurrArea,[103]
[249],0.14,0.015539,0.0,QTBTPartitioner::isSplitImplicit,[249]
,,,,,
,,0.015539,0.0,  CABACReader::coding_tree <cycle 2>,[19]
[250],0.14,0.015539,0.0,CABACReader::mode_constraint,[250]
,,,,,
,,0.0,0.015538,  DecCu::xIntraRecBlk,[45]
[251],0.14,0.0,0.015538,CodingStructure::getRecoBuf,[251]
,,0.0,0.015538,  CodingStructure::getBuf,[147]
,,,,,
,,0.0,0.015536,  Picture::destroy,[254]
[252],0.14,0.0,0.015536,CodingStructure::destroy,[252]
,,0.015536,0.0,  free_base,[81]
,,,,,
,,0.0,0.015536,  DecApp::decode,[4]
[253],0.14,0.0,0.015536,DecApp::xFlushOutput,[253]
,,0.0,0.015536,  Picture::destroy,[254]
,,,,,
,,0.0,0.015536,  DecApp::xFlushOutput,[253]
[254],0.14,0.0,0.015536,Picture::destroy,[254]
,,0.0,0.015536,  CodingStructure::destroy,[252]
,,,,,
,,0.015535,0.0,  AreaBuf<short>::addAvg,[178]
[255],0.14,0.015535,0.0,"addAvg_SSE<4,8>",[255]
,,,,,
,,0.0,0.015535,  CABACReader::prediction_unit,[121]
[256],0.14,0.0,0.015535,CABACReader::merge_data,[256]
,,0.0,0.015535,  CABACReader::subblock_merge_flag,[257]
,,,,,
,,0.0,0.015535,  CABACReader::merge_data,[256]
[257],0.14,0.0,0.015535,CABACReader::subblock_merge_flag,[257]
,,0.0,0.015535,  DeriveCtx::CtxAffineFlag,[258]
,,,,,
,,0.0,0.015535,  CABACReader::subblock_merge_flag,[257]
[258],0.14,0.0,0.015535,DeriveCtx::CtxAffineFlag,[258]
,,0.0,0.015535,  CodingStructure::getCURestricted,[85]
,,,,,
,,0.015534,0.0,  IntraPrediction::initPredIntraParams,[183]
[259],0.14,0.015534,0.0,IntraPrediction::getWideAngle,[259]
,,,,,
,,0.015533,0.0,  IntraPrediction::initPredIntraParams,[183]
[260],0.14,0.015533,0.0,floorLog2,[260]
,,,,,
,,0.0,0.015532,  CABACReader::coding_tree_unit,[17]
[261],0.14,0.0,0.015532,PartitionerFactory::get,[261]
,,0.0,0.015532,  operator new,[64]
,,,,,
,,0.015531,0.0,  Partitioner::setCUData,[263]
[262],0.14,0.015531,0.0,Partitioner::getSplitSeries,[262]
,,,,,
,,0.0,0.015531,  CABACReader::coding_tree <cycle 2>,[19]
[263],0.14,0.0,0.015531,Partitioner::setCUData,[263]
,,0.015531,0.0,  Partitioner::getSplitSeries,[262]
,,,,,
,,0.015531,0.0,  DecCu::xDeriveCUMV,[55]
[264],0.14,0.015531,0.0,PU::getInterMMVDMergeCandidates,[264]
,,,,,
,,0.015530,0.0,  isAvailableLeft,[266]
[265],0.14,0.015530,0.0,CU::isSameSlice,[265]
,,,,,
,,0.0,0.015530,  LoopFilter::xSetLoopfilterParam,[184]
[266],0.14,0.0,0.015530,isAvailableLeft,[266]
,,0.015530,0.0,  CU::isSameSlice,[265]
,,,,,
,,0.0,0.015529,  DecCu::decompressCtu,[10]
[267],0.14,0.0,0.015529,InterPrediction::resetIBCBuffer,[267]
,,0.0,0.015529,  UnitBuf<short>::fill,[90]
,,,,,
,,0.015529,0.0,  CABACReader::split_cu_mode,[109]
[268],0.14,0.015529,0.0,DeriveCtx::CtxSplit,[268]
,,,,,
,,0.015526,0.0,  TrQuant::xIT,[34]
[269],0.14,0.015526,0.0,fastInverseDCT2_B8,[269]
,,,,,
,,0.015523,0.0,  CodingStructure::addCU,[73]
[270],0.14,0.015523,0.0,CodingUnit::initData,[270]
,,,,,
,,0.015523,0.0,  CABACReader::prediction_unit,[121]
[271],0.14,0.015523,0.0,CABACReader::mmvd_merge_idx,[271]
,,,,,
,,0.015522,0.0,"  std::vector<struct UnitArea,class std::allocator<struct UnitArea> >::operator=",[191]
[272],0.14,0.015522,0.0,operator delete,[272]
,,,,,
,,0.0,0.015521,  QTBTPartitioner::splitCurrArea,[103]
[273],0.14,0.0,0.015521,PartitionerImpl::getCUSubPartitions,[273]
,,0.015521,0.0,"  std::vector<UnitArea,std::allocator<UnitArea> >::_Resize<<lambda_63dc83d50a1b614a535247b0b3d8cd3f> >",[181]
,,,,,
,,0.0,0.015519,  InterpolationFilter::filterVer<8>,[56]
[274],0.14,0.0,0.015519,"simdFilter<4,8,1,1,1>",[274]
,,0.015519,0.0,"  simdInterpolateVerM8_AVX2<4,8,1>",[155]
,,,,,
,,0.015518,0.0,  TrQuant::xIT,[34]
[275],0.14,0.015518,0.0,fastInverseDCT8_B4,[275]
,,,,,
,,0.015517,0.0,  CABACReader::residual_coding_subblock,[66]
[276],0.14,0.015517,0.0,CoeffCodingContext::ctxOffsetAbs,[276]
,,,,,
,,0.015516,0.0,  DecCu::xReconInter,[11]
[277],0.14,0.015516,0.0,CodingStructure::addMiToLut,[277]
,,,,,
,,0.0,0.015514,  DecCu::xIntraRecBlk,[45]
[278],0.14,0.0,0.015514,IntraPrediction::initIntraPatternChTypeISP,[278]
,,0.0,0.015514,  IntraPrediction::xFillReferenceSamples,[78]
,,,,,
,,0.0,0.015512,  QTBTPartitioner::splitCurrArea,[103]
[279],0.14,0.0,0.015512,QTBTPartitioner::canSplit,[279]
,,0.015512,0.0,  QTBTPartitioner::canSplit,[110]
,,,,,
,,0.015511,0.0,  DecCu::xDeriveCUMV,[55]
[280],0.14,0.015511,0.0,CU::isIBC,[280]
,,,,,
,,0.0,0.015506,  DecCu::xDeriveCUMV,[55]
[281],0.14,0.0,0.015506,PU::getTriangleMergeCandidates,[281]
,,0.0,0.015506,  PU::getInterMergeCandidates,[131]
,,,,,
,,0.015505,0.0,  LoopFilter::xPelFilterLuma,[59]
[282],0.14,0.015505,0.0,LoopFilter::xFilteringPandQ,[282]
,,,,,
,,0.0,0.015504,  DecCu::xIntraRecBlk,[45]
[283],0.14,0.0,0.015504,IntraPrediction::initIntraMip,[283]
,,0.0,0.015504,  MatrixIntraPrediction::prepareInputForPred,[285]
,,,,,
,,0.015504,0.0,  MatrixIntraPrediction::prepareInputForPred,[285]
[284],0.14,0.015504,0.0,MatrixIntraPrediction::boundaryDownsampling1D,[284]
,,,,,
,,0.0,0.015504,  IntraPrediction::initIntraMip,[283]
[285],0.14,0.0,0.015504,MatrixIntraPrediction::prepareInputForPred,[285]
,,0.015504,0.0,  MatrixIntraPrediction::boundaryDownsampling1D,[284]
,,,,,
,,0.015500,0.0,  DecCu::xDeriveCUMV,[55]
[286],0.14,0.015500,0.0,MergeCtx::setMmvdMergeCandiInfo,[286]
,,,,,
,,0.015483,0.0,  InterpolationFilter::filterHor,[36]
[287],0.14,0.015483,0.0,"InterpolationFilter::filterCopy<1,1>",[287]
,,,,,
,,0.015459,0.0,  CABACReader::cu_residual,[26]
[288],0.14,0.015459,0.0,CABACReader::residual_lfnst_mode,[288]
,,,,,
,,0.0,0.010405,  exit,[291]
[289],0.09,0.0,0.010405,XUCache::~XUCache,[289]
,,0.0,0.010405,  dynamic_cache<struct PredictionUnit>::deleteEntries,[290]
,,,,,
,,0.0,0.010405,  XUCache::~XUCache,[289]
[290],0.09,0.0,0.010405,dynamic_cache<struct PredictionUnit>::deleteEntries,[290]
,,0.010405,0.0,  free_base,[81]
,,,,,
,,0.0,0.010405,  _scrt_common_main_seh,[3]
[291],0.09,0.0,0.010405,exit,[291]
,,0.0,0.010405,  XUCache::~XUCache,[289]
,,,,,
,,0.006362,0.0,  initterm,[293]
[292],0.06,0.006362,0.0,`dynamic initializer for 'g_reusedUniMVs'',[292]
,,,,,
,,0.0,0.006362,  _scrt_common_main_seh,[3]
[293],0.06,0.0,0.006362,initterm,[293]
,,0.006362,0.0,  `dynamic initializer for 'g_reusedUniMVs'',[292]
,,,,,
,,0.004587,0.0,  DecApp::decode,[4]
[294],0.04,0.004587,0.0,"std::basic_ifstream<char,struct std::char_traits<char> >::basic_ifstream<char,struct std::char_traits<char> >",[294]
,,,,,
,,,,  InterPrediction::motionCompensation <cycle 3>,[13]
[295],0.0,0.0,0.0,InterPrediction::xSubPuMC <cycle 3>,[295]
,,,,  InterPrediction::motionCompensation <cycle 3>,[13]
,,,,,


Index by function name

Index,Function
[15],AdaptiveLoopFilter::ALFProcess
[62],AdaptiveLoopFilter::deriveClassification
[173],AreaBuf<bool>::fill
[67],AreaBuf<int>::fill
[178],AreaBuf<short>::addAvg
[125],AreaBuf<short>::addWeightedAvg
[74],AreaBuf<short>::copyClip
[39],AreaBuf<short>::copyFrom
[206],AreaBuf<short>::extendBorderPel
[84],AreaBuf<short>::fill
[136],AreaBuf<short>::reconstruct
[167],AreaBuf<struct MotionInfo>::fill
[129],AreaBuf<unsigned int>::fill
[1],BaseThreadInitThunk
[209],BinDecoderBase::decodeBinEP
[240],BinDecoderBase::decodeBinsEP
[204],BinProbModel_Std::update
[133],CABACReader::cbf_comp
[19],CABACReader::coding_tree
[17],CABACReader::coding_tree_unit
[23],CABACReader::coding_unit
[162],CABACReader::cu_pred_data
[26],CABACReader::cu_residual
[193],CABACReader::cu_skip_flag
[229],CABACReader::end_of_ctu
[256],CABACReader::merge_data
[210],CABACReader::merge_idx
[271],CABACReader::mmvd_merge_idx
[250],CABACReader::mode_constraint
[205],CABACReader::mts_coding
[246],CABACReader::pred_mode
[121],CABACReader::prediction_unit
[57],CABACReader::residual_coding
[66],CABACReader::residual_coding_subblock
[288],CABACReader::residual_lfnst_mode
[109],CABACReader::split_cu_mode
[257],CABACReader::subblock_merge_flag
[29],CABACReader::transform_tree
[50],CABACReader::transform_unit
[220],CS::getArea
[221],CS::isDualITree
[145],CS::setRefinedMotionField
[280],CU::isIBC
[265],CU::isSameSlice
[247],CU::isSameSliceAndTile
[149],CU::traversePUs
[117],CU::traverseTUs
[73],CodingStructure::addCU
[277],CodingStructure::addMiToLut
[132],CodingStructure::addPU
[87],CodingStructure::addTU
[170],CodingStructure::clearCUs
[211],CodingStructure::clearPUs
[212],CodingStructure::create
[213],CodingStructure::createInternals
[252],CodingStructure::destroy
[111],CodingStructure::destroyCoeffs
[144],CodingStructure::getBuf
[147],CodingStructure::getBuf
[107],CodingStructure::getCU
[100],CodingStructure::getCU
[85],CodingStructure::getCURestricted
[182],CodingStructure::getMotionInfo
[186],CodingStructure::getPU
[148],CodingStructure::getPURestricted
[230],CodingStructure::getPredBuf
[251],CodingStructure::getRecoBuf
[168],CodingStructure::getResiBuf
[60],CodingStructure::getTU
[214],CodingStructure::initStructData
[174],CodingStructure::setDecomp
[175],CodingStructure::setDecomp
[113],CodingStructure::traverseCUs
[270],CodingUnit::initData
[197],CodingUnit::isSepTree
[196],CoeffCodingContext::CoeffCodingContext
[276],CoeffCodingContext::ctxOffsetAbs
[166],CoeffCodingContext::initSubblock
[159],CoeffCodingContext::sigCtxIdAbs
[88],DQIntern::Quantizer::dequantBlock
[4],DecApp::decode
[253],DecApp::xFlushOutput
[41],DecApp::xWriteOutput
[10],DecCu::decompressCtu
[31],DecCu::xDecodeInterTU
[30],DecCu::xDecodeInterTexture
[55],DecCu::xDeriveCUMV
[45],DecCu::xIntraRecBlk
[46],DecCu::xIntraRecQT
[11],DecCu::xReconInter
[47],DecCu::xReconIntraQT
[6],DecLib::decode
[9],DecLib::executeLoopFilters
[99],DecLib::finishPicture
[51],DecLib::xActivateParameterSets
[7],DecLib::xDecodeSlice
[8],DecSlice::decompressSlice
[76],DepQuant::DepQuant
[91],DepQuant::`scalar deleting destructor'
[89],DepQuant::dequant
[258],DeriveCtx::CtxAffineFlag
[248],DeriveCtx::CtxPredModeFlag
[194],DeriveCtx::CtxSkipFlag
[268],DeriveCtx::CtxSplit
[141],InputByteStream::eofBeforeNBytes
[13],InterPrediction::motionCompensation
[18],InterPrediction::motionCompensation
[138],InterPrediction::motionCompensation4Triangle
[267],InterPrediction::resetIBCBuffer
[94],InterPrediction::resetVPDUforIBC
[232],InterPrediction::xApplyBiPROF
[92],InterPrediction::xFillIBCBuffer
[27],InterPrediction::xPredAffineBlk
[21],InterPrediction::xPredInterBi
[33],InterPrediction::xPredInterBlk
[22],InterPrediction::xPredInterUni
[295],InterPrediction::xSubPuMC
[80],InterPrediction::xWeightedAverage
[108],"InterpolationFilter::filterCopy<1,0>"
[287],"InterpolationFilter::filterCopy<1,1>"
[36],InterpolationFilter::filterHor
[96],InterpolationFilter::filterHor<4>
[61],InterpolationFilter::filterHor<8>
[35],InterpolationFilter::filterVer
[83],InterpolationFilter::filterVer<4>
[56],InterpolationFilter::filterVer<8>
[160],IntraPrediction::geneIntrainterPred
[259],IntraPrediction::getWideAngle
[283],IntraPrediction::initIntraMip
[70],IntraPrediction::initIntraPatternChType
[278],IntraPrediction::initIntraPatternChTypeISP
[183],IntraPrediction::initPredIntraParams
[139],IntraPrediction::predIntraAng
[78],IntraPrediction::xFillReferenceSamples
[187],IntraPrediction::xPredIntraAng
[12],LoopFilter::loopFilterPic
[16],LoopFilter::xDeblockCU
[72],LoopFilter::xEdgeFilterChroma
[44],LoopFilter::xEdgeFilterLuma
[282],LoopFilter::xFilteringPandQ
[48],LoopFilter::xGetBoundaryStrengthSingle
[120],LoopFilter::xPelFilterChroma
[59],LoopFilter::xPelFilterLuma
[177],LoopFilter::xSetEdgefilterMultiple
[184],LoopFilter::xSetLoopfilterParam
[165],LoopFilter::xSetMaxFilterLengthPQForCodingSubBlocks
[71],LoopFilter::xSetMaxFilterLengthPQFromTransformSizes
[284],MatrixIntraPrediction::boundaryDownsampling1D
[285],MatrixIntraPrediction::prepareInputForPred
[239],MergeCtx::MergeCtx
[226],MergeCtx::setMergeInfo
[286],MergeCtx::setMmvdMergeCandiInfo
[242],PU::addMVPCandUnscaled
[234],PU::applyImv
[180],PU::checkDMVRCondition
[243],PU::fillMvpCand
[105],PU::getAffineMergeCand
[264],PU::getInterMMVDMergeCandidates
[131],PU::getInterMergeCandidates
[114],PU::getInterMergeSubPuMvpCand
[281],PU::getTriangleMergeCandidates
[227],PU::isBipredRestriction
[228],PU::restrictBiPredMergeCandsOne
[143],PU::setAllAffineMv
[172],PU::setAllAffineMvField
[130],PU::spanMotionInfo
[192],PU::spanTriangleMotionInfo
[244],PartLevel::PartLevel
[262],Partitioner::getSplitSeries
[263],Partitioner::setCUData
[261],PartitionerFactory::get
[273],PartitionerImpl::getCUSubPartitions
[231],PartitionerImpl::getMaxTuTiling
[198],PartitionerImpl::getTUIntraSubPartitions
[237],PelStorage::getBuf
[254],Picture::destroy
[153],Picture::extendPicBorder
[215],Picture::finalInit
[156],Picture::getBuf
[157],Picture::getRecoBuf
[245],PreCalcValues::getMinQtSize
[235],PredictionUnit::getMotionInfo
[195],PredictionUnit::initData
[279],QTBTPartitioner::canSplit
[110],QTBTPartitioner::canSplit
[140],QTBTPartitioner::getImplicitSplit
[249],QTBTPartitioner::isSplitImplicit
[176],QTBTPartitioner::nextPart
[103],QTBTPartitioner::splitCurrArea
[217],QpParam::QpParam
[218],QpParam::QpParam
[101],Quant::Quant
[95],Quant::xDestroyScalingList
[102],Quant::xInitScalingList
[77],QuantRDOQ::QuantRDOQ
[222],QuantRDOQ::xDestroyScalingList
[123],QuantRDOQ::xInitScalingList
[223],QuantRDOQ::~QuantRDOQ
[2],RtlUserThreadStart
[219],SPS::getMappedChromaQpValue
[32],SampleAdaptiveOffset::SAOProcess
[37],SampleAdaptiveOffset::offsetBlock
[38],SampleAdaptiveOffset::offsetCTU
[154],Slice::constructRefPicList
[93],TBinDecoder<class BinProbModel_Std>::decodeBin
[163],TU::getCbf
[164],TU::getCbfAtDepth
[199],TUIntraSubPartitioner::splitCurrArea
[54],TrQuant::init
[202],TrQuant::invTransformICT
[25],TrQuant::invTransformNxN
[34],TrQuant::xIT
[208],UnitArea::UnitArea
[146],UnitArea::contains
[179],UnitBuf<short>::addAvg
[126],UnitBuf<short>::addWeightedAvg
[75],UnitBuf<short>::copyClip
[52],UnitBuf<short>::copyFrom
[207],UnitBuf<short>::extendBorderPel
[90],UnitBuf<short>::fill
[169],UnitBuf<short>::operator struct UnitBuf<short const >
[161],UnitBuf<short>::reconstruct
[42],VideoIOYuv::write
[289],XUCache::~XUCache
[200],_chkstk
[3],_scrt_common_main_seh
[82],_security_check_cookie
[292],`dynamic initializer for 'g_reusedUniMVs''
[255],"addAvg_SSE<4,8>"
[112],aligned_free
[233],"applyBiPROF_SSE<4,1>"
[236],applyPROF_SSE<4>
[127],byteStreamNALUnit
[128],byteStreamNALUnit
[171],clipColPos
[238],deriveScaledMotionTemporal
[290],dynamic_cache<struct PredictionUnit>::deleteEntries
[291],exit
[134],fastInverseDCT2_B16
[86],fastInverseDCT2_B32
[58],fastInverseDCT2_B64
[269],fastInverseDCT2_B8
[275],fastInverseDCT8_B4
[224],fastInverseDST7_B32
[260],floorLog2
[81],free_base
[201],getAvailableAffineNeighboursForLeftPredictor
[135],"gradFilter_SSE<4,0>"
[293],initterm
[203],invTransformCbCr<-1>
[241],isAvailableAbove
[266],isAvailableLeft
[158],isBelowLeftAvailable
[189],isLeftAvailable
[5],main
[68],malloc_base
[49],memcpy
[40],memset
[272],operator delete
[64],operator new
[137],"reco_SSE<4,8>"
[115],sgn<int>
[63],simdDeriveClassificationBlk<4>
[53],simdFilter5x5Blk<4>
[24],simdFilter7x7Blk<4>
[97],"simdFilter<4,4,0,1,0>"
[124],"simdFilter<4,4,1,0,0>"
[151],"simdFilter<4,4,1,0,1>"
[188],"simdFilter<4,4,1,1,0>"
[65],"simdFilter<4,8,0,1,0>"
[79],"simdFilter<4,8,1,0,0>"
[150],"simdFilter<4,8,1,0,1>"
[116],"simdFilter<4,8,1,1,0>"
[274],"simdFilter<4,8,1,1,1>"
[119],"simdInterpolateHorM4<4,4,0>"
[98],"simdInterpolateHorM4<4,8,0>"
[185],"simdInterpolateHorM8_AVX2<4,4,0>"
[118],"simdInterpolateHorM8_AVX2<4,8,0>"
[122],"simdInterpolateVerM4<4,4,0>"
[152],"simdInterpolateVerM4<4,4,1>"
[106],"simdInterpolateVerM4<4,8,0>"
[104],"simdInterpolateVerM8_AVX2<4,8,0>"
[155],"simdInterpolateVerM8_AVX2<4,8,1>"
[190],"static_vector<struct PartLevel,15>::push_back"
[294],"std::basic_ifstream<char,struct std::char_traits<char> >::basic_ifstream<char,struct std::char_traits<char> >"
[142],"std::basic_istream<char,struct std::char_traits<char> >::get"
[69],"std::basic_ostream<char,struct std::char_traits<char> >::write"
[216],std::bitset<1024>::operator[]
[181],"std::vector<UnitArea,std::allocator<UnitArea> >::_Resize<<lambda_63dc83d50a1b614a535247b0b3d8cd3f> >"
[191],"std::vector<struct UnitArea,class std::allocator<struct UnitArea> >::operator="
[225],"std::vector<unsigned char,class std::allocator<unsigned char> >::emplace_back<unsigned char>"
[43],writePlane
[28],<cycle 1>
[20],<cycle 2>
[14],<cycle 3>
