Index,% CPU Time:Total,CPU Time:Self,CPU Time:Children,Name,Index
,,0.0,2908.571740,  RtlUserThreadStart,[2]
[1],100.0,0.0,2908.571740,BaseThreadInitThunk,[1]
,,0.0,2908.571740,  _scrt_common_main_seh,[4]
,,,,,
,,,,  <spontaneous>,
[2],100.0,0.0,2908.571740,RtlUserThreadStart,[2]
,,0.0,2908.571740,  BaseThreadInitThunk,[1]
,,,,,
,,0.0,2908.571740,  main,[5]
[3],100.0,0.0,2908.571740,TAppEncTop::encode,[3]
,,0.0,0.015604,  AccessUnit::~AccessUnit,[241]
,,0.0,1.647480,  TAppEncTop::xWriteOutput,[142]
,,0.0,0.093100,  TComPic::destroy,[215]
,,0.0,0.015857,  TComPicYuv::destroy,[231]
,,0.0,2905.824943,  TEncTop::encode,[6]
,,0.0,0.965130,  TVideoIOYuv::read,[167]
,,0.0,0.009627,"  std::basic_fstream<char,struct std::char_traits<char> >::~basic_fstream<char,struct std::char_traits<char> >",[258]
,,,,,
,,0.0,2908.571740,  BaseThreadInitThunk,[1]
[4],100.0,0.0,2908.571740,_scrt_common_main_seh,[4]
,,0.0,2908.571740,  main,[5]
,,,,,
,,0.0,2908.571740,  _scrt_common_main_seh,[4]
[5],100.0,0.0,2908.571740,main,[5]
,,0.0,2908.571740,  TAppEncTop::encode,[3]
,,,,,
,,0.0,2905.824943,  TAppEncTop::encode,[3]
[6],99.91,0.0,2905.824943,TEncTop::encode,[6]
,,0.093484,2905.047170,  TEncGOP::compressGOP,[7]
,,0.0,0.560156,  TComPicYuv::copyToPic,[159]
,,0.0,0.124133,  TEncTop::xGetNewPicBuffer,[209]
,,,,,
,,0.093484,2905.047170,  TEncTop::encode,[6]
[7],99.88,0.093484,2905.047170,TEncGOP::compressGOP,[7]
,,0.537104,0.342511,  TComOutputBitstream::write,[126]
,,0.124754,0.202732,  write,[180]
,,0.062229,0.825497,  TComOutputBitstream::addSubstream,[168]
,,0.030986,2874.357376,  TEncSlice::compressSlice,[8]
,,0.015561,16.810831,  TEncSlice::encodeSlice,[68]
,,0.0,4.467972,  TComLoopFilter::loopFilterPic,[104]
,,0.0,0.031377,  TComOutputBitstream::`scalar deleting destructor',[224]
,,0.0,0.140067,  TComPic::compressMotion,[202]
,,0.0,0.295330,  TComPicYuv::copyToPic,[159]
,,0.0,0.233745,  TEncGOP::xCalculateAddPSNRs,[193]
,,0.0,6.365510,  TEncSampleAdaptiveOffset::SAOProcess,[96]
,,0.0,0.031066,  [Unknown stack frame(s)],[124]
,,0.0,0.062404,"  std::basic_ostringstream<char,struct std::char_traits<char>,class std::allocator<char> >::str",[190]
,,0.0,0.031587,"  std::basic_string<char,struct std::char_traits<char>,class std::allocator<char> >::_Tidy_deallocate",[223]
,,0.0,0.015848,"  std::vector<class TComOutputBitstream,class std::allocator<class TComOutputBitstream> >::_Tidy",[236]
,,0.0,0.062683,"  std::vector<unsigned char,class std::allocator<unsigned char> >::_Tidy",[203]
,,,,,
,,0.030986,2874.357376,  TEncGOP::compressGOP,[7]
[8],98.82,0.030986,2874.357376,TEncSlice::compressSlice,[8]
,,0.093008,0.232575,  TComDataCU::initCtu,[172]
,,0.062064,10.799571,  TEncCu::xEncodeCU <cycle 1>,[52]
,,0.031066,0.0,  memcpy,[42]
,,0.030920,0.0,  TEncBinCABAC::init,[235]
,,0.015541,0.0,  TEncSbac::setBitstream,[248]
,,0.0,2863.077123,  TEncCu::compressCtu,[9]
,,0.0,0.015508,  TEncSbac::resetBits,[98]
,,,,,
,,0.0,2863.077123,  TEncSlice::compressSlice,[8]
[9],98.44,0.0,2863.077123,TEncCu::compressCtu,[9]
,,1.396680,2860.098149,  TEncCu::xCompressCU <cycle 11>,[10]
,,0.108491,0.310092,  TComDataCU::initCtu,[172]
,,0.0,1.163711,  [Unknown stack frame(s)],[124]
,,,,,
,,,,  TEncCu::xCompressCU <cycle 11>,[10]
,,1.396680,2860.098149,  TEncCu::compressCtu,[9]
[10],98.38,1.396680,2860.098149,TEncCu::xCompressCU <cycle 11>,[10]
,,4.825855,2.311777,  TComDataCU::initEstData,[92]
,,2.202657,1.721170,  TComDataCU::initSubCU,[114]
,,1.582780,2833.428725,  TEncCu::xCheckRDCostIntra,[12]
,,0.962087,0.0,  memcpy,[42]
,,0.915214,1.349865,  TComDataCU::copyPartFrom,[130]
,,0.589574,2.249383,  TComDataCU::copyToPic,[122]
,,0.418553,0.737225,  TComYuv::copyFromPicComponent,[154]
,,0.387929,2.063484,  TEncCu::xCopyYuv2Tmp,[129]
,,0.155135,0.031022,  TEncBinCABAC::copyState,[90]
,,0.139821,0.0,  std::_Deque_iterator<class std::_Deque_val<struct std::_Deque_simple_types<class TComSlice *> > >::operator+,[195]
,,0.139646,1.062563,  TEncCu::xCopyYuv2Pic,[152]
,,0.108452,0.124107,  TEncSbac::codeSplitFlag,[176]
,,0.077579,0.0,"  std::deque<class TComSlice *,class std::allocator<class TComSlice *> >::begin",[217]
,,0.077547,0.0,  TEncCu::xComputeQP,[218]
,,0.062072,0.0,  TEncBinCABACCounter::getNumWrittenBits,[107]
,,0.062038,0.0,  TEncSbac::resetBits,[98]
,,0.031016,1.039826,  TComYuv::copyToPicYuv,[131]
,,,,  TEncCu::xCompressCU <cycle 11>,[10]
,,0.0,1.241049,  [Unknown stack frame(s)],[124]
,,,,,
,,1.396680,2860.098149,  TEncCu::compressCtu,[9]
[11],98.38,1.396680,2860.098149,<cycle 11 as a whole>,[11]
,,1.396680,2860.098149,  TEncCu::xCompressCU <cycle 11>,[10]
,,,,,
,,1.582780,2833.428725,  TEncCu::xCompressCU <cycle 11>,[10]
[12],97.47,1.582780,2833.428725,TEncCu::xCheckRDCostIntra,[12]
,,15.964077,2111.851075,  TEncSearch::estIntraPredLumaQT,[13]
,,3.320419,642.353589,  TEncSearch::estIntraPredChromaQT,[21]
,,2.544762,53.322683,  TEncEntropy::xEncodeTransform <cycle 2>,[41]
,,1.388186,0.0,  memcpy,[42]
,,0.279265,0.0,  TComTU::TComTU,[158]
,,0.170651,0.0,  memset,[45]
,,0.108635,0.0,  _chkstk,[84]
,,0.093274,1.287706,  TEncEntropy::encodePredInfo,[127]
,,0.093092,0.031032,  TEncBinCABAC::copyState,[90]
,,0.092937,0.031021,  TEncSbac::codePartSize,[140]
,,0.077557,0.015509,  TEncSbac::resetBits,[98]
,,0.061992,0.0,  TEncCu::xCheckDQP,[222]
,,0.030986,0.015569,  TEncBinCABACCounter::getNumWrittenBits,[107]
,,0.0,0.294708,  [Unknown stack frame(s)],[124]
,,,,,
,,15.964077,2111.851075,  TEncCu::xCheckRDCostIntra,[12]
[13],73.16,15.964077,2111.851075,TEncSearch::estIntraPredLumaQT,[13]
,,20.758664,1798.497082,  TEncSearch::xRecurIntraCodingLumaQT <cycle 10>,[15]
,,10.796573,0.0,  memcpy,[42]
,,9.352736,108.994168,  TComRdCost::xGetHADs,[33]
,,7.742063,0.0,  TEncSearch::xUpdateCandList,[89]
,,7.663729,95.932031,  TComPrediction::predIntraAng,[31]
,,6.570621,27.181375,  TEncSearch::xModeBitsIntra,[49]
,,2.062956,4.235801,  TComPrediction::initIntraPatternChType,[43]
,,1.784381,0.0,  TEncSbac::getNumberOfWrittenBits,[115]
,,1.264089,3.103044,  TEncSearch::xSetIntraResultLumaQT <cycle 9>,[109]
,,1.210767,0.682579,  TEncBinCABACCounter::getNumWrittenBits,[107]
,,0.977644,0.0,  memset,[45]
,,0.853842,0.341124,  TEncBinCABAC::copyState,[90]
,,0.620431,0.0,  TComTURecurse::nextSection,[70]
,,0.542753,0.0,  TComDataCU::getIntraDirPredictor,[71]
,,0.480948,0.0,  TComTU::TComTU,[81]
,,0.155055,0.0,  TComTU::TComTU,[158]
,,0.046622,0.0,  TComYuv::getStride,[229]
,,,,,
,,20.758664,1798.497082,  TEncSearch::estIntraPredLumaQT,[13]
[14],62.55,20.758664,1798.497082,<cycle 10 as a whole>,[14]
,,20.758664,1798.497082,  TEncSearch::xRecurIntraCodingLumaQT <cycle 10>,[15]
,,,,,
,,,,  TEncSearch::xRecurIntraCodingLumaQT <cycle 10>,[15]
,,20.758664,1798.497082,  TEncSearch::estIntraPredLumaQT,[13]
[15],62.55,20.758664,1798.497082,TEncSearch::xRecurIntraCodingLumaQT <cycle 10>,[15]
,,67.192945,1199.685902,  TEncSearch::xIntraCodingTUBlock,[16]
,,21.581867,0.0,  memcpy,[42]
,,5.865103,8.355844,  TEncSearch::xEncSubdivCbfQT <cycle 6>,[58]
,,4.708455,444.431290,  TEncSearch::xEncCoeffQT <cycle 8>,[23]
,,2.761723,15.598694,  TEncSearch::xEncIntraHeader,[63]
,,1.940019,1.125640,  TEncSbac::resetBits,[98]
,,1.908448,0.340916,  TEncBinCABAC::copyState,[90]
,,1.877485,7.083153,  TEncSearch::xStoreIntraResultQT,[76]
,,1.753002,0.0,  memset,[45]
,,1.721904,0.0,  TComTURecurse::nextSection,[70]
,,1.567243,1.992879,  TEncSearch::xLoadIntraResultQT,[102]
,,1.504795,0.0,  TEncSbac::getNumberOfWrittenBits,[115]
,,1.256972,0.0,  TComDataCU::getQuadtreeTULog2MinSizeInCU,[125]
,,1.156674,0.791239,  TEncBinCABACCounter::getNumWrittenBits,[107]
,,0.760013,0.0,  TComTU::TComTU,[81]
,,0.745107,0.0,  TComBitCounter::resetBits,[136]
,,0.634562,0.0,  _chkstk,[84]
,,0.155207,0.0,  _security_check_cookie,[79]
,,,,  TEncSearch::xRecurIntraCodingLumaQT <cycle 10>,[15]
,,,,,
,,24.737577,413.205763,  TEncSearch::xRecurIntraChromaCodingQT <cycle 7>,[25]
,,67.192945,1199.685902,  TEncSearch::xRecurIntraCodingLumaQT <cycle 10>,[15]
[16],58.61,91.930522,1612.891665,TEncSearch::xIntraCodingTUBlock,[16]
,,19.465857,0.0,  TComYuv::getAddr,[59]
,,17.182428,46.372428,  TComPrediction::initIntraPatternChType,[43]
,,9.929740,1218.932505,  TComTrQuant::transformNxN,[17]
,,9.432358,0.0,  QpParam::QpParam,[80]
,,8.199521,166.577319,  TComTrQuant::invTransformNxN,[29]
,,5.817275,14.342555,  TComRdCost::getDistPart,[61]
,,5.321318,33.678960,  TComPrediction::predIntraAng,[31]
,,3.406672,49.306999,  TEncSbac::estBit,[47]
,,3.148956,0.0,  memset,[45]
,,1.776776,0.0,  TComPrediction::filteringIntraReferenceSamples,[138]
,,,,,
,,9.929740,1218.932505,  TEncSearch::xIntraCodingTUBlock,[16]
[17],42.25,9.929740,1218.932505,TComTrQuant::transformNxN,[17]
,,10.402663,71.599686,  TComTrQuant::xT,[39]
,,6.315267,0.0,  TComTrQuant::xTransformSkip,[97]
,,6.284209,1117.627942,  TComTrQuant::xQuant,[18]
,,4.607596,2.095141,  TComTrQuant::rdpcmNxN,[95]
,,,,,
,,6.284209,1117.627942,  TComTrQuant::transformNxN,[17]
[18],38.64,6.284209,1117.627942,TComTrQuant::xQuant,[18]
,,585.791825,530.300098,  TComTrQuant::xRateDistOptQuant,[19]
,,1.055275,0.0,  _chkstk,[84]
,,0.480744,0.0,  _security_check_cookie,[79]
,,,,,
,,585.791825,530.300098,  TComTrQuant::xQuant,[18]
[19],38.37,585.791825,530.300098,TComTrQuant::xRateDistOptQuant,[19]
,,213.995681,87.278210,  TComTrQuant::xGetCodedLevel,[27]
,,114.149088,0.0,  TComTrQuant::xGetICRate,[28]
,,63.504590,0.0,  TComTrQuant::getSigCtxInc,[30]
,,34.914123,0.0,  memset,[45]
,,6.670958,6.142288,  getTUEntropyCodingParameters,[54]
,,1.985490,0.0,  TComTU::getGolombRiceStatisticsIndex,[106]
,,0.930719,0.0,  _chkstk,[84]
,,0.728951,0.0,  _security_check_cookie,[79]
,,,,,
,,34.301104,39.548409,  TEncEntropy::xEncodeTransform <cycle 2>,[41]
,,276.497840,302.024360,  TEncEntropy::encodeCoeffNxN,[24]
[20],22.43,310.798943,341.572769,TEncSbac::codeCoeffNxN,[20]
,,95.677747,18.436397,  TEncSbac::xWriteCoefRemainExGolomb,[34]
,,79.365801,0.0,  TComTrQuant::getSigCtxInc,[30]
,,76.041501,0.0,  TEncBinCABACCounter::encodeBin,[36]
,,14.694750,11.729930,  TEncSbac::codeLastSignificantXY,[55]
,,11.961229,0.0,  TEncBinCABACCounter::encodeBinsEP,[50]
,,7.074434,6.748722,  getTUEntropyCodingParameters,[54]
,,6.910834,0.0,  memset,[45]
,,3.331247,0.0,  TEncBinCABAC::encodeBin,[112]
,,2.667865,2.195488,  TEncSbac::codeTransformSkipFlags,[100]
,,2.451531,0.0,  TComTU::getGolombRiceStatisticsIndex,[106]
,,0.931259,0.0,  _security_check_cookie,[79]
,,0.420342,0.513626,  TEncBinCABAC::encodeBinsEP,[137]
,,0.108922,0.280006,  TEncBinCABAC::writeOut,[147]
,,0.015562,0.015576,  TEncBinCABAC::encodeAlignedBinsEP,[226]
,,,,,
,,3.320419,642.353589,  TEncCu::xCheckRDCostIntra,[12]
[21],22.2,3.320419,642.353589,TEncSearch::estIntraPredChromaQT,[21]
,,10.938538,501.499783,  TEncSearch::xRecurIntraChromaCodingQT <cycle 7>,[25]
,,5.087320,0.0,  memcpy,[42]
,,3.319753,5.283371,  TEncSearch::xEncSubdivCbfQT <cycle 6>,[58]
,,2.793601,102.293869,  TEncSearch::xEncCoeffQT <cycle 8>,[23]
,,1.986472,5.094884,  TEncSearch::xSetIntraResultChromaQT <cycle 5>,[94]
,,0.651558,0.0,  TComTU::TComTU,[81]
,,0.395955,0.0,  TEncSbac::getNumberOfWrittenBits,[115]
,,0.388081,0.0,  TComTU::TComTU,[158]
,,0.388032,0.124035,  TEncBinCABAC::copyState,[90]
,,0.263549,1.007900,  TEncSearch::xEncIntraHeader,[63]
,,0.170768,0.0,  TComBitCounter::resetBits,[136]
,,0.170561,0.0,  memset,[45]
,,0.170481,0.077641,  TEncSbac::resetBits,[98]
,,0.123224,0.031023,  TEncBinCABACCounter::getNumWrittenBits,[107]
,,0.046572,0.0,  TComTURecurse::nextSection,[70]
,,0.031036,0.0,  _security_check_cookie,[79]
,,0.0,0.015583,  [Unknown stack frame(s)],[124]
,,,,,
,,0.760139,42.611787,  TEncSearch::xRecurIntraChromaCodingQT <cycle 7>,[25]
,,2.793601,102.293869,  TEncSearch::estIntraPredChromaQT,[21]
,,4.708455,444.431290,  TEncSearch::xRecurIntraCodingLumaQT <cycle 10>,[15]
[22],20.55,8.262195,589.336946,<cycle 8 as a whole>,[22]
,,8.262195,589.336946,  TEncSearch::xEncCoeffQT <cycle 8>,[23]
,,,,,
,,,,  TEncSearch::xEncCoeffQT <cycle 8>,[23]
,,0.760139,42.611787,  TEncSearch::xRecurIntraChromaCodingQT <cycle 7>,[25]
,,2.793601,102.293869,  TEncSearch::estIntraPredChromaQT,[21]
,,4.708455,444.431290,  TEncSearch::xRecurIntraCodingLumaQT <cycle 10>,[15]
[23],20.55,8.262195,589.336946,TEncSearch::xEncCoeffQT <cycle 8>,[23]
,,4.733039,0.0,  TComTURecurse::nextSection,[70]
,,3.490543,578.972280,  TEncEntropy::encodeCoeffNxN,[24]
,,1.675295,0.0,  TComTU::TComTU,[81]
,,0.465789,0.0,  _security_check_cookie,[79]
,,,,  TEncSearch::xEncCoeffQT <cycle 8>,[23]
,,,,,
,,3.490543,578.972280,  TEncSearch::xEncCoeffQT <cycle 8>,[23]
[24],20.03,3.490543,578.972280,TEncEntropy::encodeCoeffNxN,[24]
,,276.497840,302.024360,  TEncSbac::codeCoeffNxN,[20]
,,0.450080,0.0,  _security_check_cookie,[79]
,,,,,
,,,,  TEncSearch::xRecurIntraChromaCodingQT <cycle 7>,[25]
,,10.938538,501.499783,  TEncSearch::estIntraPredChromaQT,[21]
[25],17.62,10.938538,501.499783,TEncSearch::xRecurIntraChromaCodingQT <cycle 7>,[25]
,,24.737577,413.205763,  TEncSearch::xIntraCodingTUBlock,[16]
,,7.308055,0.0,  memcpy,[42]
,,2.962592,0.0,  TComTU::TComTU,[81]
,,2.396736,0.0,  TComTURecurse::nextSection,[70]
,,1.133001,0.0,  memset,[45]
,,0.822321,0.155031,  TEncBinCABAC::copyState,[90]
,,0.760139,42.611787,  TEncSearch::xEncCoeffQT <cycle 8>,[23]
,,0.651712,2.342858,  TEncSearch::xStoreIntraResultQT,[76]
,,0.419083,0.170567,  TEncSbac::resetBits,[98]
,,0.356720,0.581297,  TEncSearch::xLoadIntraResultQT,[102]
,,0.279223,0.0,  _security_check_cookie,[79]
,,0.201857,0.077503,  TEncBinCABACCounter::getNumWrittenBits,[107]
,,0.201835,0.0,  TComBitCounter::resetBits,[136]
,,0.124126,0.0,  TEncSbac::getNumberOfWrittenBits,[115]
,,,,  TEncSearch::xRecurIntraChromaCodingQT <cycle 7>,[25]
,,,,,
,,10.938538,501.499783,  TEncSearch::estIntraPredChromaQT,[21]
[26],17.62,10.938538,501.499783,<cycle 7 as a whole>,[26]
,,10.938538,501.499783,  TEncSearch::xRecurIntraChromaCodingQT <cycle 7>,[25]
,,,,,
,,213.995681,87.278210,  TComTrQuant::xRateDistOptQuant,[19]
[27],10.36,213.995681,87.278210,TComTrQuant::xGetCodedLevel,[27]
,,87.278210,0.0,  TComTrQuant::xGetICRate,[28]
,,,,,
,,87.278210,0.0,  TComTrQuant::xGetCodedLevel,[27]
,,114.149088,0.0,  TComTrQuant::xRateDistOptQuant,[19]
[28],6.93,201.427298,0.0,TComTrQuant::xGetICRate,[28]
,,,,,
,,8.199521,166.577319,  TEncSearch::xIntraCodingTUBlock,[16]
[29],6.01,8.199521,166.577319,TComTrQuant::invTransformNxN,[29]
,,54.475179,0.0,  TComTrQuant::xDeQuant,[46]
,,10.722898,91.441538,  TComTrQuant::xIT,[35]
,,6.174840,0.0,  TComTrQuant::xITransformSkip,[99]
,,3.530243,0.0,  TComTrQuant::invRdpcmNxN,[117]
,,0.232621,0.0,  _security_check_cookie,[79]
,,,,,
,,63.504590,0.0,  TComTrQuant::xRateDistOptQuant,[19]
,,79.365801,0.0,  TEncSbac::codeCoeffNxN,[20]
[30],4.91,142.870392,0.0,TComTrQuant::getSigCtxInc,[30]
,,,,,
,,5.321318,33.678960,  TEncSearch::xIntraCodingTUBlock,[16]
,,7.663729,95.932031,  TEncSearch::estIntraPredLumaQT,[13]
[31],4.9,12.985046,129.610991,TComPrediction::predIntraAng,[31]
,,112.164068,8.704264,  TComPrediction::xPredIntraAng,[32]
,,7.827200,0.046625,  TComPrediction::xPredIntraPlanar,[86]
,,0.868834,0.0,  TComPrediction::xDCPredFiltering,[169]
,,,,,
,,112.164068,8.704264,  TComPrediction::predIntraAng,[31]
[32],4.16,112.164068,8.704264,TComPrediction::xPredIntraAng,[32]
,,3.863844,0.0,  memcpy,[42]
,,1.970072,0.0,  TComPrediction::predIntraGetPredValDC,[135]
,,1.861574,0.0,  _chkstk,[84]
,,1.008774,0.0,  _security_check_cookie,[79]
,,,,,
,,9.352736,108.994168,  TEncSearch::estIntraPredLumaQT,[13]
[33],4.07,9.352736,108.994168,TComRdCost::xGetHADs,[33]
,,90.407957,0.418705,  TComRdCost::xCalcHADs8x8,[37]
,,17.903927,0.263579,  TComRdCost::xCalcHADs4x4,[66]
,,,,,
,,2.451332,0.0,  [Unknown stack frame(s)],[124]
,,95.677747,18.436397,  TEncSbac::codeCoeffNxN,[20]
[34],4.01,98.129079,18.436397,TEncSbac::xWriteCoefRemainExGolomb,[34]
,,17.580045,0.0,  TEncBinCABACCounter::encodeBinsEP,[50]
,,0.482534,0.358230,  TEncBinCABAC::encodeBinsEP,[137]
,,0.0,0.015588,  TEncBinCABAC::encodeAlignedBinsEP,[226]
,,,,,
,,10.722898,91.441538,  TComTrQuant::invTransformNxN,[29]
[35],3.51,10.722898,91.441538,TComTrQuant::xIT,[35]
,,3.505772,83.978780,  xITrMxN,[38]
,,2.529109,0.0,  memcpy,[42]
,,0.884767,0.0,  _chkstk,[84]
,,0.543110,0.0,  _security_check_cookie,[79]
,,,,,
,,0.030981,0.0,  TEncSbac::codeSplitFlag,[176]
,,0.031021,0.0,  TEncEntropy::xEncodeTransform <cycle 2>,[41]
,,0.217116,0.0,  TEncSbac::codeIntraDirChroma,[150]
,,0.372502,0.0,  TEncSearch::xEncSubdivCbfQT <cycle 6>,[58]
,,0.650925,0.0,  TEncSbac::codePartSize,[140]
,,2.055765,0.0,  TEncSbac::codeQtCbf,[85]
,,2.070962,0.0,  TEncSbac::codeTransformSkipFlags,[100]
,,2.744912,0.0,  TEncSbac::codeIntraDirLumaAng,[48]
,,10.626570,0.0,  TEncSbac::codeLastSignificantXY,[55]
,,76.041501,0.0,  TEncSbac::codeCoeffNxN,[20]
[36],3.26,94.842255,0.0,TEncBinCABACCounter::encodeBin,[36]
,,,,,
,,90.407957,0.418705,  TComRdCost::xGetHADs,[33]
[37],3.12,90.407957,0.418705,TComRdCost::xCalcHADs8x8,[37]
,,0.418705,0.0,  _security_check_cookie,[79]
,,,,,
,,3.505772,83.978780,  TComTrQuant::xIT,[35]
[38],3.01,3.505772,83.978780,xITrMxN,[38]
,,20.705988,0.0,  fastInverseDst,[60]
,,19.393888,0.263568,  partialButterflyInverse8,[62]
,,18.169148,0.093076,  partialButterflyInverse16,[65]
,,16.836197,0.015513,  partialButterflyInverse32,[67]
,,7.772245,0.0,  partialButterflyInverse4,[88]
,,0.527551,0.0,  _chkstk,[84]
,,0.201605,0.0,  _security_check_cookie,[79]
,,,,,
,,10.402663,71.599686,  TComTrQuant::transformNxN,[17]
[39],2.82,10.402663,71.599686,TComTrQuant::xT,[39]
,,3.986374,63.889540,  xTrMxN,[44]
,,3.025818,0.0,  memcpy,[42]
,,0.434328,0.0,  _chkstk,[84]
,,0.263627,0.0,  _security_check_cookie,[79]
,,,,,
,,1.522521,24.238653,  TEncEntropy::encodeCoeff,[56]
,,2.544762,53.322683,  TEncCu::xCheckRDCostIntra,[12]
[40],2.81,4.067283,77.561336,<cycle 2 as a whole>,[40]
,,4.067283,77.561336,  TEncEntropy::xEncodeTransform <cycle 2>,[41]
,,,,,
,,,,  TEncEntropy::xEncodeTransform <cycle 2>,[41]
,,1.522521,24.238653,  TEncEntropy::encodeCoeff,[56]
,,2.544762,53.322683,  TEncCu::xCheckRDCostIntra,[12]
[41],2.81,4.067283,77.561336,TEncEntropy::xEncodeTransform <cycle 2>,[41]
,,34.301104,39.548409,  TEncSbac::codeCoeffNxN,[20]
,,1.599799,0.0,  TComTURecurse::nextSection,[70]
,,1.056110,0.263865,  TEncSbac::codeQtCbf,[85]
,,0.450403,0.0,  TComTU::TComTU,[81]
,,0.170989,0.0,  TEncSbac::codeCrossComponentPrediction,[198]
,,0.077505,0.0,  TComDataCU::getQuadtreeTULog2MinSizeInCU,[125]
,,0.046560,0.0,  _security_check_cookie,[79]
,,0.031021,0.0,  TEncBinCABACCounter::encodeBin,[36]
,,0.015572,0.0,  TEncSbac::codeTransformSubdivFlag,[187]
,,,,  TEncEntropy::xEncodeTransform <cycle 2>,[41]
,,,,,
,,0.015515,0.0,"  std::_Insert_string<char,struct std::char_traits<char>,unsigned __int64>",[211]
,,0.015593,0.0,  TEncSampleAdaptiveOffset::deriveModeMergeRDO,[221]
,,0.031020,0.0,  TEncSampleAdaptiveOffset::deriveModeNewRDO,[174]
,,0.031066,0.0,  TEncSlice::compressSlice,[8]
,,0.031098,0.0,"  std::basic_istream<char,struct std::char_traits<char> >::read",[179]
,,0.155796,0.0,"  std::basic_ostream<char,struct std::char_traits<char> >::write",[157]
,,0.264835,0.0,"  std::basic_ostringstream<char,struct std::char_traits<char>,class std::allocator<char> >::str",[190]
,,0.280344,0.0,  copyPlane,[189]
,,0.435865,0.0,"  std::vector<unsigned char,class std::allocator<unsigned char> >::emplace_back<unsigned char const &>",[155]
,,0.620401,0.0,  TComYuv::copyToPartComponent,[133]
,,0.737225,0.0,  TComYuv::copyFromPicComponent,[154]
,,0.861251,0.0,  TComYuv::copyToPicComponent,[134]
,,0.938722,0.0,  TEncSearch::xLoadIntraResultQT,[102]
,,0.962087,0.0,  TEncCu::xCompressCU <cycle 11>,[10]
,,1.058648,0.0,  TComPicYuv::copyToPic,[159]
,,1.117045,0.0,  TEncSearch::xModeBitsIntra,[49]
,,1.349865,0.0,  TComDataCU::copyPartFrom,[130]
,,1.388186,0.0,  TEncCu::xCheckRDCostIntra,[12]
,,1.878125,0.0,  TEncSearch::xStoreIntraResultQT,[76]
,,1.954828,0.0,  TEncSearch::xSetIntraResultLumaQT <cycle 9>,[109]
,,2.249383,0.0,  TComDataCU::copyToPic,[122]
,,2.326184,0.0,  TEncSearch::xSetIntraResultChromaQT <cycle 5>,[94]
,,2.389308,0.0,  TComYuv::copyPartToPartComponent,[82]
,,2.529109,0.0,  TComTrQuant::xIT,[35]
,,3.025818,0.0,  TComTrQuant::xT,[39]
,,3.863844,0.0,  TComPrediction::xPredIntraAng,[32]
,,5.087320,0.0,  TEncSearch::estIntraPredChromaQT,[21]
,,7.308055,0.0,  TEncSearch::xRecurIntraChromaCodingQT <cycle 7>,[25]
,,10.796573,0.0,  TEncSearch::estIntraPredLumaQT,[13]
,,21.581867,0.0,  TEncSearch::xRecurIntraCodingLumaQT <cycle 10>,[15]
[42],2.59,75.284976,0.0,memcpy,[42]
,,,,,
,,2.062956,4.235801,  TEncSearch::estIntraPredLumaQT,[13]
,,17.182428,46.372428,  TEncSearch::xIntraCodingTUBlock,[16]
[43],2.4,19.245384,50.608228,TComPrediction::initIntraPatternChType,[43]
,,27.637628,0.356887,  fillReferenceSamples,[51]
,,7.626302,0.216861,  TComDataCU::getPUAboveRight,[87]
,,4.561466,0.108779,  TComDataCU::getPUBelowLeft,[101]
,,3.459937,0.0,  isLeftAvailable,[118]
,,3.412816,0.0,  isAboveAvailable,[119]
,,2.017408,0.884258,  TComDataCU::getPUAboveLeft,[121]
,,0.325887,0.0,  _security_check_cookie,[79]
,,,,,
,,3.986374,63.889540,  TComTrQuant::xT,[39]
[44],2.33,3.986374,63.889540,xTrMxN,[44]
,,18.433216,0.046613,  partialButterfly32,[64]
,,16.590430,0.0,  fastForwardDst,[69]
,,13.142070,0.0,  partialButterfly16,[73]
,,10.751953,0.0,  partialButterfly8,[78]
,,4.049420,0.0,  partialButterfly4,[113]
,,0.611962,0.0,  _chkstk,[84]
,,0.263875,0.0,  _security_check_cookie,[79]
,,,,,
,,0.031113,0.0,  TEncSampleAdaptiveOffset::getBlkStats,[111]
,,0.031154,0.0,"  std::vector<unsigned char,std::allocator<unsigned char> >::_Resize<<lambda_2b51424039c320f102fd798e073c89b2> >",[234]
,,0.170561,0.0,  TEncSearch::estIntraPredChromaQT,[21]
,,0.170651,0.0,  TEncCu::xCheckRDCostIntra,[12]
,,0.542667,0.0,  TComDataCU::initCtu,[172]
,,0.775907,0.0,  TComTrQuant::rdpcmNxN,[95]
,,0.977644,0.0,  TEncSearch::estIntraPredLumaQT,[13]
,,1.133001,0.0,  TEncSearch::xRecurIntraChromaCodingQT <cycle 7>,[25]
,,1.721170,0.0,  TComDataCU::initSubCU,[114]
,,1.753002,0.0,  TEncSearch::xRecurIntraCodingLumaQT <cycle 10>,[15]
,,2.311777,0.0,  TComDataCU::initEstData,[92]
,,3.148956,0.0,  TEncSearch::xIntraCodingTUBlock,[16]
,,6.910834,0.0,  TEncSbac::codeCoeffNxN,[20]
,,34.914123,0.0,  TComTrQuant::xRateDistOptQuant,[19]
[45],1.88,54.592559,0.0,memset,[45]
,,,,,
,,54.475179,0.0,  TComTrQuant::invTransformNxN,[29]
[46],1.87,54.475179,0.0,TComTrQuant::xDeQuant,[46]
,,,,,
,,3.406672,49.306999,  TEncSearch::xIntraCodingTUBlock,[16]
[47],1.81,3.406672,49.306999,TEncSbac::estBit,[47]
,,14.404303,0.0,  TEncSbac::estSignificantMapBit,[72]
,,12.048667,0.0,  TEncSbac::estLastSignificantPositionBit,[75]
,,11.745324,0.0,  TEncSbac::estSignificantCoefficientsBit,[77]
,,8.362200,0.0,  TEncSbac::estCBFBit,[83]
,,2.746505,0.0,  TEncSbac::estSignificantCoeffGroupMapBit,[123]
,,,,,
,,0.683305,1.412643,  TEncEntropy::encodePredInfo,[127]
,,6.011344,8.036581,  TEncSearch::xEncIntraHeader,[63]
,,11.008523,9.734143,  TEncSearch::xModeBitsIntra,[49]
[48],1.27,17.703171,19.183367,TEncSbac::codeIntraDirLumaAng,[48]
,,14.141991,0.0,  TComDataCU::getIntraDirPredictor,[71]
,,2.744912,0.0,  TEncBinCABACCounter::encodeBin,[36]
,,1.086203,0.0,  TEncBinCABACCounter::encodeBinsEP,[50]
,,0.573540,0.0,  _security_check_cookie,[79]
,,0.449934,0.0,  TEncBinCABACCounter::encodeBinEP,[171]
,,0.077851,0.0,  TEncBinCABAC::encodeBin,[112]
,,0.046716,0.0,  TEncBinCABAC::encodeBinEP,[227]
,,0.031115,0.015584,  TEncBinCABAC::writeOut,[147]
,,0.0,0.015520,  TEncBinCABAC::encodeBinsEP,[137]
,,,,,
,,0.217304,0.0,  [Unknown stack frame(s)],[124]
,,6.570621,27.181375,  TEncSearch::estIntraPredLumaQT,[13]
[49],1.17,6.787924,27.181375,TEncSearch::xModeBitsIntra,[49]
,,11.008523,9.734143,  TEncSbac::codeIntraDirLumaAng,[48]
,,1.722589,0.698401,  TEncBinCABAC::copyState,[90]
,,1.117045,0.0,  memcpy,[42]
,,1.023778,1.054900,  TEncSbac::resetBits,[98]
,,0.821997,0.0,  TComBitCounter::resetBits,[136]
,,,,,
,,0.124049,0.0,  TEncSbac::codeIntraDirChroma,[150]
,,1.086203,0.0,  TEncSbac::codeIntraDirLumaAng,[48]
,,11.961229,0.0,  TEncSbac::codeCoeffNxN,[20]
,,17.580045,0.0,  TEncSbac::xWriteCoefRemainExGolomb,[34]
[50],1.06,30.751526,0.0,TEncBinCABACCounter::encodeBinsEP,[50]
,,,,,
,,27.637628,0.356887,  TComPrediction::initIntraPatternChType,[43]
[51],0.96,27.637628,0.356887,fillReferenceSamples,[51]
,,0.356887,0.0,  _security_check_cookie,[79]
,,,,,
,,,,  TEncCu::xEncodeCU <cycle 1>,[52]
,,0.062064,10.799571,  TEncSlice::compressSlice,[8]
,,0.124549,16.670712,  TEncSlice::encodeSlice,[68]
[52],0.95,0.186613,27.470283,TEncCu::xEncodeCU <cycle 1>,[52]
,,0.093215,0.124209,  TEncCu::finishCU,[194]
,,0.077657,1.010340,  TEncEntropy::encodePredInfo,[127]
,,0.046666,25.916439,  TEncEntropy::encodeCoeff,[56]
,,0.046519,0.015459,  TEncSbac::codePartSize,[140]
,,0.031019,0.108761,  TEncSbac::codeSplitFlag,[176]
,,,,  TEncCu::xEncodeCU <cycle 1>,[52]
,,,,,
,,0.062064,10.799571,  TEncSlice::compressSlice,[8]
,,0.124549,16.670712,  TEncSlice::encodeSlice,[68]
[53],0.95,0.186613,27.470283,<cycle 1 as a whole>,[53]
,,0.186613,27.470283,  TEncCu::xEncodeCU <cycle 1>,[52]
,,,,,
,,6.670958,6.142288,  TComTrQuant::xRateDistOptQuant,[19]
,,7.074434,6.748722,  TEncSbac::codeCoeffNxN,[20]
[54],0.92,13.745391,12.891011,getTUEntropyCodingParameters,[54]
,,12.891011,0.0,  TComDataCU::getCoefScanIdx,[74]
,,,,,
,,14.694750,11.729930,  TEncSbac::codeCoeffNxN,[20]
[55],0.91,14.694750,11.729930,TEncSbac::codeLastSignificantXY,[55]
,,10.626570,0.0,  TEncBinCABACCounter::encodeBin,[36]
,,0.653823,0.0,  TEncBinCABAC::encodeBin,[112]
,,0.371734,0.0,  TEncBinCABACCounter::encodeBinEP,[171]
,,0.015565,0.062238,  TEncBinCABAC::writeOut,[147]
,,,,,
,,0.046666,25.916439,  TEncCu::xEncodeCU <cycle 1>,[52]
[56],0.89,0.046666,25.916439,TEncEntropy::encodeCoeff,[56]
,,1.522521,24.238653,  TEncEntropy::xEncodeTransform <cycle 2>,[41]
,,0.124254,0.0,  TComTU::TComTU,[158]
,,0.031012,0.0,  _security_check_cookie,[79]
,,,,,
,,3.319753,5.283371,  TEncSearch::estIntraPredChromaQT,[21]
,,5.865103,8.355844,  TEncSearch::xRecurIntraCodingLumaQT <cycle 10>,[15]
[57],0.78,9.184857,13.639214,<cycle 6 as a whole>,[57]
,,9.184857,13.639214,  TEncSearch::xEncSubdivCbfQT <cycle 6>,[58]
,,,,,
,,,,  TEncSearch::xEncSubdivCbfQT <cycle 6>,[58]
,,3.319753,5.283371,  TEncSearch::estIntraPredChromaQT,[21]
,,5.865103,8.355844,  TEncSearch::xRecurIntraCodingLumaQT <cycle 10>,[15]
[58],0.78,9.184857,13.639214,TEncSearch::xEncSubdivCbfQT <cycle 6>,[58]
,,4.778271,1.885295,  TEncSbac::codeQtCbf,[85]
,,2.824169,0.0,  TComTURecurse::nextSection,[70]
,,1.808301,0.0,  TComTU::TComTU,[81]
,,1.288274,0.0,  TComDataCU::getQuadtreeTULog2MinSizeInCU,[125]
,,0.403164,0.0,  _security_check_cookie,[79]
,,0.372502,0.0,  TEncBinCABACCounter::encodeBin,[36]
,,0.279238,0.0,  TEncSbac::codeTransformSubdivFlag,[187]
,,,,  TEncSearch::xEncSubdivCbfQT <cycle 6>,[58]
,,,,,
,,0.217241,0.0,  TEncSearch::xLoadIntraResultQT,[102]
,,0.341361,0.0,  TEncSearch::xSetIntraResultChromaQT <cycle 5>,[94]
,,0.419037,0.0,  TComYuv::copyToPartComponent,[133]
,,0.434541,0.0,  TEncSearch::xSetIntraResultLumaQT <cycle 9>,[109]
,,1.605251,0.0,  TComYuv::copyPartToPartComponent,[82]
,,19.465857,0.0,  TEncSearch::xIntraCodingTUBlock,[16]
[59],0.77,22.483288,0.0,TComYuv::getAddr,[59]
,,,,,
,,20.705988,0.0,  xITrMxN,[38]
[60],0.71,20.705988,0.0,fastInverseDst,[60]
,,,,,
,,5.817275,14.342555,  TEncSearch::xIntraCodingTUBlock,[16]
[61],0.69,5.817275,14.342555,TComRdCost::getDistPart,[61]
,,7.430242,0.0,  TComRdCost::xGetSSE4,[91]
,,3.165453,0.0,  TComRdCost::xGetSSE8,[120]
,,2.133320,0.0,  TComRdCost::xGetSSE16,[132]
,,1.613540,0.0,  TComRdCost::xGetSSE32,[143]
,,,,,
,,19.393888,0.263568,  xITrMxN,[38]
[62],0.68,19.393888,0.263568,partialButterflyInverse8,[62]
,,0.263568,0.0,  _security_check_cookie,[79]
,,,,,
,,0.263549,1.007900,  TEncSearch::estIntraPredChromaQT,[21]
,,2.761723,15.598694,  TEncSearch::xRecurIntraCodingLumaQT <cycle 10>,[15]
[63],0.67,3.025272,16.606594,TEncSearch::xEncIntraHeader,[63]
,,6.011344,8.036581,  TEncSbac::codeIntraDirLumaAng,[48]
,,0.946324,0.604446,  TEncSbac::codePartSize,[140]
,,0.635918,0.371982,  TEncSbac::codeIntraDirChroma,[150]
,,,,,
,,18.433216,0.046613,  xTrMxN,[44]
[64],0.64,18.433216,0.046613,partialButterfly32,[64]
,,0.046613,0.0,  _security_check_cookie,[79]
,,,,,
,,18.169148,0.093076,  xITrMxN,[38]
[65],0.63,18.169148,0.093076,partialButterflyInverse16,[65]
,,0.093076,0.0,  _security_check_cookie,[79]
,,,,,
,,17.903927,0.263579,  TComRdCost::xGetHADs,[33]
[66],0.62,17.903927,0.263579,TComRdCost::xCalcHADs4x4,[66]
,,0.263579,0.0,  _security_check_cookie,[79]
,,,,,
,,16.836197,0.015513,  xITrMxN,[38]
[67],0.58,16.836197,0.015513,partialButterflyInverse32,[67]
,,0.015513,0.0,  _security_check_cookie,[79]
,,,,,
,,0.015561,16.810831,  TEncGOP::compressGOP,[7]
[68],0.58,0.015561,16.810831,TEncSlice::encodeSlice,[68]
,,0.124549,16.670712,  TEncCu::xEncodeCU <cycle 1>,[52]
,,0.0,0.015570,  TEncSbac::codeSAOBlkParam,[245]
,,,,,
,,16.590430,0.0,  xTrMxN,[44]
[69],0.57,16.590430,0.0,fastForwardDst,[69]
,,,,,
,,0.046572,0.0,  TEncSearch::estIntraPredChromaQT,[21]
,,0.155256,0.0,  TEncSearch::xSetIntraResultLumaQT <cycle 9>,[109]
,,0.264680,0.0,  TComLoopFilter::xSetEdgefilterTU <cycle 4>,[146]
,,0.620431,0.0,  TEncSearch::estIntraPredLumaQT,[13]
,,1.217430,0.0,  TEncSearch::xSetIntraResultChromaQT <cycle 5>,[94]
,,1.599799,0.0,  TEncEntropy::xEncodeTransform <cycle 2>,[41]
,,1.721904,0.0,  TEncSearch::xRecurIntraCodingLumaQT <cycle 10>,[15]
,,2.396736,0.0,  TEncSearch::xRecurIntraChromaCodingQT <cycle 7>,[25]
,,2.824169,0.0,  TEncSearch::xEncSubdivCbfQT <cycle 6>,[58]
,,4.733039,0.0,  TEncSearch::xEncCoeffQT <cycle 8>,[23]
[70],0.54,15.580017,0.0,TComTURecurse::nextSection,[70]
,,,,,
,,0.542753,0.0,  TEncSearch::estIntraPredLumaQT,[13]
,,14.141991,0.0,  TEncSbac::codeIntraDirLumaAng,[48]
[71],0.5,14.684744,0.0,TComDataCU::getIntraDirPredictor,[71]
,,,,,
,,14.404303,0.0,  TEncSbac::estBit,[47]
[72],0.5,14.404303,0.0,TEncSbac::estSignificantMapBit,[72]
,,,,,
,,13.142070,0.0,  xTrMxN,[44]
[73],0.45,13.142070,0.0,partialButterfly16,[73]
,,,,,
,,12.891011,0.0,  getTUEntropyCodingParameters,[54]
[74],0.44,12.891011,0.0,TComDataCU::getCoefScanIdx,[74]
,,,,,
,,12.048667,0.0,  TEncSbac::estBit,[47]
[75],0.41,12.048667,0.0,TEncSbac::estLastSignificantPositionBit,[75]
,,,,,
,,0.651712,2.342858,  TEncSearch::xRecurIntraChromaCodingQT <cycle 7>,[25]
,,1.877485,7.083153,  TEncSearch::xRecurIntraCodingLumaQT <cycle 10>,[15]
[76],0.41,2.529197,9.426011,TEncSearch::xStoreIntraResultQT,[76]
,,2.156487,5.391399,  TComYuv::copyPartToPartComponent,[82]
,,1.878125,0.0,  memcpy,[42]
,,,,,
,,11.745324,0.0,  TEncSbac::estBit,[47]
[77],0.4,11.745324,0.0,TEncSbac::estSignificantCoefficientsBit,[77]
,,,,,
,,10.751953,0.0,  xTrMxN,[44]
[78],0.37,10.751953,0.0,partialButterfly8,[78]
,,,,,
,,0.015513,0.0,  partialButterflyInverse32,[67]
,,0.015575,0.0,  TComLoopFilter::xDeblockCU <cycle 3>,[105]
,,0.031012,0.0,  TEncEntropy::encodeCoeff,[56]
,,0.031036,0.0,  TEncSearch::estIntraPredChromaQT,[21]
,,0.046560,0.0,  TEncEntropy::xEncodeTransform <cycle 2>,[41]
,,0.046613,0.0,  partialButterfly32,[64]
,,0.046625,0.0,  TComPrediction::xPredIntraPlanar,[86]
,,0.046645,0.0,  TComLoopFilter::xSetEdgefilterTU <cycle 4>,[146]
,,0.061994,0.0,  TEncSearch::xSetIntraResultChromaQT <cycle 5>,[94]
,,0.077416,0.0,  TEncSbac::codeIntraDirChroma,[150]
,,0.077561,0.0,  TEncSearch::xSetIntraResultLumaQT <cycle 9>,[109]
,,0.093076,0.0,  partialButterflyInverse16,[65]
,,0.155207,0.0,  TEncSearch::xRecurIntraCodingLumaQT <cycle 10>,[15]
,,0.201605,0.0,  xITrMxN,[38]
,,0.232621,0.0,  TComTrQuant::invTransformNxN,[29]
,,0.263568,0.0,  partialButterflyInverse8,[62]
,,0.263579,0.0,  TComRdCost::xCalcHADs4x4,[66]
,,0.263627,0.0,  TComTrQuant::xT,[39]
,,0.263875,0.0,  xTrMxN,[44]
,,0.279223,0.0,  TEncSearch::xRecurIntraChromaCodingQT <cycle 7>,[25]
,,0.279272,0.0,  TComTrQuant::rdpcmNxN,[95]
,,0.325887,0.0,  TComPrediction::initIntraPatternChType,[43]
,,0.356887,0.0,  fillReferenceSamples,[51]
,,0.403164,0.0,  TEncSearch::xEncSubdivCbfQT <cycle 6>,[58]
,,0.418705,0.0,  TComRdCost::xCalcHADs8x8,[37]
,,0.450080,0.0,  TEncEntropy::encodeCoeffNxN,[24]
,,0.465789,0.0,  TEncSearch::xEncCoeffQT <cycle 8>,[23]
,,0.480744,0.0,  TComTrQuant::xQuant,[18]
,,0.543110,0.0,  TComTrQuant::xIT,[35]
,,0.573540,0.0,  TEncSbac::codeIntraDirLumaAng,[48]
,,0.728951,0.0,  TComTrQuant::xRateDistOptQuant,[19]
,,0.931259,0.0,  TEncSbac::codeCoeffNxN,[20]
,,1.008774,0.0,  TComPrediction::xPredIntraAng,[32]
[79],0.33,9.479094,0.0,_security_check_cookie,[79]
,,,,,
,,9.432358,0.0,  TEncSearch::xIntraCodingTUBlock,[16]
[80],0.32,9.432358,0.0,QpParam::QpParam,[80]
,,,,,
,,0.030986,0.0,  TEncSearch::xSetIntraResultLumaQT <cycle 9>,[109]
,,0.140164,0.0,  TComLoopFilter::xSetEdgefilterTU <cycle 4>,[146]
,,0.341334,0.0,  TEncSearch::xSetIntraResultChromaQT <cycle 5>,[94]
,,0.450403,0.0,  TEncEntropy::xEncodeTransform <cycle 2>,[41]
,,0.480948,0.0,  TEncSearch::estIntraPredLumaQT,[13]
,,0.651558,0.0,  TEncSearch::estIntraPredChromaQT,[21]
,,0.760013,0.0,  TEncSearch::xRecurIntraCodingLumaQT <cycle 10>,[15]
,,1.675295,0.0,  TEncSearch::xEncCoeffQT <cycle 8>,[23]
,,1.808301,0.0,  TEncSearch::xEncSubdivCbfQT <cycle 6>,[58]
,,2.962592,0.0,  TEncSearch::xRecurIntraChromaCodingQT <cycle 7>,[25]
[81],0.32,9.301593,0.0,TComTU::TComTU,[81]
,,,,,
,,0.363698,1.054515,  TEncSearch::xLoadIntraResultQT,[102]
,,2.156487,5.391399,  TEncSearch::xStoreIntraResultQT,[76]
[82],0.31,2.520185,6.445914,TComYuv::copyPartToPartComponent,[82]
,,2.451355,0.0,  TComYuv::getAddr,[116]
,,2.389308,0.0,  memcpy,[42]
,,1.605251,0.0,  TComYuv::getAddr,[59]
,,,,,
,,8.362200,0.0,  TEncSbac::estBit,[47]
[83],0.29,8.362200,0.0,TEncSbac::estCBFBit,[83]
,,,,,
,,0.108635,0.0,  TEncCu::xCheckRDCostIntra,[12]
,,0.434328,0.0,  TComTrQuant::xT,[39]
,,0.527551,0.0,  xITrMxN,[38]
,,0.611962,0.0,  xTrMxN,[44]
,,0.634562,0.0,  TEncSearch::xRecurIntraCodingLumaQT <cycle 10>,[15]
,,0.884767,0.0,  TComTrQuant::xIT,[35]
,,0.930719,0.0,  TComTrQuant::xRateDistOptQuant,[19]
,,1.039962,0.0,  TComTrQuant::rdpcmNxN,[95]
,,1.055275,0.0,  TComTrQuant::xQuant,[18]
,,1.861574,0.0,  TComPrediction::xPredIntraAng,[32]
[84],0.28,8.089335,0.0,_chkstk,[84]
,,,,,
,,1.056110,0.263865,  TEncEntropy::xEncodeTransform <cycle 2>,[41]
,,4.778271,1.885295,  TEncSearch::xEncSubdivCbfQT <cycle 6>,[58]
[85],0.27,5.834382,2.149160,TEncSbac::codeQtCbf,[85]
,,2.055765,0.0,  TEncBinCABACCounter::encodeBin,[36]
,,0.077868,0.0,  TEncBinCABAC::encodeBin,[112]
,,0.0,0.015528,  TEncBinCABAC::writeOut,[147]
,,,,,
,,7.827200,0.046625,  TComPrediction::predIntraAng,[31]
[86],0.27,7.827200,0.046625,TComPrediction::xPredIntraPlanar,[86]
,,0.046625,0.0,  _security_check_cookie,[79]
,,,,,
,,7.626302,0.216861,  TComPrediction::initIntraPatternChType,[43]
[87],0.27,7.626302,0.216861,TComDataCU::getPUAboveRight,[87]
,,0.216861,0.0,  TComDataCU::CUIsFromSameSliceAndTile,[151]
,,,,,
,,7.772245,0.0,  xITrMxN,[38]
[88],0.27,7.772245,0.0,partialButterflyInverse4,[88]
,,,,,
,,7.742063,0.0,  TEncSearch::estIntraPredLumaQT,[13]
[89],0.27,7.742063,0.0,TEncSearch::xUpdateCandList,[89]
,,,,,
,,0.015576,0.0,  TEncSampleAdaptiveOffset::decideBlkParams,[139]
,,0.093092,0.031032,  TEncCu::xCheckRDCostIntra,[12]
,,0.155135,0.031022,  TEncCu::xCompressCU <cycle 11>,[10]
,,0.388032,0.124035,  TEncSearch::estIntraPredChromaQT,[21]
,,0.822321,0.155031,  TEncSearch::xRecurIntraChromaCodingQT <cycle 7>,[25]
,,0.853842,0.341124,  TEncSearch::estIntraPredLumaQT,[13]
,,1.722589,0.698401,  TEncSearch::xModeBitsIntra,[49]
,,1.908448,0.340916,  TEncSearch::xRecurIntraCodingLumaQT <cycle 10>,[15]
[90],0.26,5.959035,1.721561,TEncBinCABAC::copyState,[90]
,,1.721561,0.0,  TEncBinCABAC::getTEncBinCABAC,[141]
,,,,,
,,7.430242,0.0,  TComRdCost::getDistPart,[61]
[91],0.26,7.430242,0.0,TComRdCost::xGetSSE4,[91]
,,,,,
,,4.825855,2.311777,  TEncCu::xCompressCU <cycle 11>,[10]
[92],0.25,4.825855,2.311777,TComDataCU::initEstData,[92]
,,2.311777,0.0,  memset,[45]
,,,,,
,,1.986472,5.094884,  TEncSearch::estIntraPredChromaQT,[21]
[93],0.24,1.986472,5.094884,<cycle 5 as a whole>,[93]
,,1.986472,5.094884,  TEncSearch::xSetIntraResultChromaQT <cycle 5>,[94]
,,,,,
,,,,  TEncSearch::xSetIntraResultChromaQT <cycle 5>,[94]
,,1.986472,5.094884,  TEncSearch::estIntraPredChromaQT,[21]
[94],0.24,1.986472,5.094884,TEncSearch::xSetIntraResultChromaQT <cycle 5>,[94]
,,2.326184,0.0,  memcpy,[42]
,,1.217430,0.0,  TComTURecurse::nextSection,[70]
,,0.806581,0.0,  TComYuv::getAddr,[116]
,,0.341361,0.0,  TComYuv::getAddr,[59]
,,0.341334,0.0,  TComTU::TComTU,[81]
,,0.061994,0.0,  _security_check_cookie,[79]
,,,,  TEncSearch::xSetIntraResultChromaQT <cycle 5>,[94]
,,,,,
,,4.607596,2.095141,  TComTrQuant::transformNxN,[17]
[95],0.23,4.607596,2.095141,TComTrQuant::rdpcmNxN,[95]
,,1.039962,0.0,  _chkstk,[84]
,,0.775907,0.0,  memset,[45]
,,0.279272,0.0,  _security_check_cookie,[79]
,,,,,
,,0.0,6.365510,  TEncGOP::compressGOP,[7]
[96],0.22,0.0,6.365510,TEncSampleAdaptiveOffset::SAOProcess,[96]
,,0.046799,0.0,  TComPicYuv::extendPicBorder,[225]
,,0.015498,4.342232,  TEncSampleAdaptiveOffset::getStatistics,[110]
,,0.0,0.203162,  TComPicYuv::copyToPic,[159]
,,0.0,1.742214,  TEncSampleAdaptiveOffset::decideBlkParams,[139]
,,0.0,0.015606,  `eh vector constructor iterator',[239]
,,,,,
,,6.315267,0.0,  TComTrQuant::transformNxN,[17]
[97],0.22,6.315267,0.0,TComTrQuant::xTransformSkip,[97]
,,,,,
,,0.0,0.015508,  TEncSlice::compressSlice,[8]
,,0.062038,0.0,  TEncCu::xCompressCU <cycle 11>,[10]
,,0.077482,0.0,  [Unknown stack frame(s)],[124]
,,0.077557,0.015509,  TEncCu::xCheckRDCostIntra,[12]
,,0.170481,0.077641,  TEncSearch::estIntraPredChromaQT,[21]
,,0.419083,0.170567,  TEncSearch::xRecurIntraChromaCodingQT <cycle 7>,[25]
,,1.023778,1.054900,  TEncSearch::xModeBitsIntra,[49]
,,1.940019,1.125640,  TEncSearch::xRecurIntraCodingLumaQT <cycle 10>,[15]
[98],0.21,3.770437,2.459765,TEncSbac::resetBits,[98]
,,2.459765,0.0,  TEncBinCABAC::resetBits,[128]
,,,,,
,,6.174840,0.0,  TComTrQuant::invTransformNxN,[29]
[99],0.21,6.174840,0.0,TComTrQuant::xITransformSkip,[99]
,,,,,
,,2.667865,2.195488,  TEncSbac::codeCoeffNxN,[20]
[100],0.17,2.667865,2.195488,TEncSbac::codeTransformSkipFlags,[100]
,,2.070962,0.0,  TEncBinCABACCounter::encodeBin,[36]
,,0.124526,0.0,  TEncBinCABAC::encodeBin,[112]
,,,,,
,,4.561466,0.108779,  TComPrediction::initIntraPatternChType,[43]
[101],0.16,4.561466,0.108779,TComDataCU::getPUBelowLeft,[101]
,,0.108779,0.0,  TComDataCU::CUIsFromSameSliceAndTile,[151]
,,,,,
,,0.356720,0.581297,  TEncSearch::xRecurIntraChromaCodingQT <cycle 7>,[25]
,,1.567243,1.992879,  TEncSearch::xRecurIntraCodingLumaQT <cycle 10>,[15]
[102],0.15,1.923962,2.574176,TEncSearch::xLoadIntraResultQT,[102]
,,0.938722,0.0,  memcpy,[42]
,,0.363698,1.054515,  TComYuv::copyPartToPartComponent,[82]
,,0.217241,0.0,  TComYuv::getAddr,[59]
,,,,,
,,0.264693,4.203280,  TComLoopFilter::loopFilterPic,[104]
[103],0.15,0.264693,4.203280,<cycle 3 as a whole>,[103]
,,0.264693,4.203280,  TComLoopFilter::xDeblockCU <cycle 3>,[105]
,,,,,
,,0.0,4.467972,  TEncGOP::compressGOP,[7]
[104],0.15,0.0,4.467972,TComLoopFilter::loopFilterPic,[104]
,,0.264693,4.203280,  TComLoopFilter::xDeblockCU <cycle 3>,[105]
,,,,,
,,,,  TComLoopFilter::xDeblockCU <cycle 3>,[105]
,,0.264693,4.203280,  TComLoopFilter::loopFilterPic,[104]
[105],0.15,0.264693,4.203280,TComLoopFilter::xDeblockCU <cycle 3>,[105]
,,1.089807,0.451489,  TComLoopFilter::xSetEdgefilterTU <cycle 4>,[146]
,,1.042807,0.015558,  TComLoopFilter::xEdgeFilterChroma,[160]
,,0.684892,0.155898,  TComLoopFilter::xEdgeFilterLuma,[170]
,,0.280139,0.046673,  TComLoopFilter::xGetBoundaryStrengthSingle,[181]
,,0.155787,0.0,  TComLoopFilter::xSetEdgefilterPU,[199]
,,0.140115,0.0,  TComTU::TComTU,[158]
,,0.046713,0.077828,  TComLoopFilter::xSetLoopfilterParam,[204]
,,0.015575,0.0,  _security_check_cookie,[79]
,,,,  TComLoopFilter::xDeblockCU <cycle 3>,[105]
,,,,,
,,1.985490,0.0,  TComTrQuant::xRateDistOptQuant,[19]
,,2.451531,0.0,  TEncSbac::codeCoeffNxN,[20]
[106],0.15,4.437021,0.0,TComTU::getGolombRiceStatisticsIndex,[106]
,,,,,
,,0.030986,0.015569,  TEncCu::xCheckRDCostIntra,[12]
,,0.062072,0.0,  TEncCu::xCompressCU <cycle 11>,[10]
,,0.123224,0.031023,  TEncSearch::estIntraPredChromaQT,[21]
,,0.201857,0.077503,  TEncSearch::xRecurIntraChromaCodingQT <cycle 7>,[25]
,,1.156674,0.791239,  TEncSearch::xRecurIntraCodingLumaQT <cycle 10>,[15]
,,1.210767,0.682579,  TEncSearch::estIntraPredLumaQT,[13]
[107],0.15,2.785580,1.597914,TEncBinCABACCounter::getNumWrittenBits,[107]
,,1.597914,0.0,  TComBitCounter::getNumberOfWrittenBits,[144]
,,,,,
,,1.264089,3.103044,  TEncSearch::estIntraPredLumaQT,[13]
[108],0.15,1.264089,3.103044,<cycle 9 as a whole>,[108]
,,1.264089,3.103044,  TEncSearch::xSetIntraResultLumaQT <cycle 9>,[109]
,,,,,
,,,,  TEncSearch::xSetIntraResultLumaQT <cycle 9>,[109]
,,1.264089,3.103044,  TEncSearch::estIntraPredLumaQT,[13]
[109],0.15,1.264089,3.103044,TEncSearch::xSetIntraResultLumaQT <cycle 9>,[109]
,,1.954828,0.0,  memcpy,[42]
,,0.449872,0.0,  TComYuv::getAddr,[116]
,,0.434541,0.0,  TComYuv::getAddr,[59]
,,0.155256,0.0,  TComTURecurse::nextSection,[70]
,,0.077561,0.0,  _security_check_cookie,[79]
,,0.030986,0.0,  TComTU::TComTU,[81]
,,,,  TEncSearch::xSetIntraResultLumaQT <cycle 9>,[109]
,,,,,
,,0.015498,4.342232,  TEncSampleAdaptiveOffset::SAOProcess,[96]
[110],0.15,0.015498,4.342232,TEncSampleAdaptiveOffset::getStatistics,[110]
,,4.311119,0.031113,  TEncSampleAdaptiveOffset::getBlkStats,[111]
,,,,,
,,4.311119,0.031113,  TEncSampleAdaptiveOffset::getStatistics,[110]
[111],0.15,4.311119,0.031113,TEncSampleAdaptiveOffset::getBlkStats,[111]
,,0.031113,0.0,  memset,[45]
,,,,,
,,0.015584,0.0,  TEncSbac::codeSplitFlag,[176]
,,0.031169,0.0,  TEncSbac::codeIntraDirChroma,[150]
,,0.077851,0.0,  TEncSbac::codeIntraDirLumaAng,[48]
,,0.077868,0.0,  TEncSbac::codeQtCbf,[85]
,,0.124526,0.0,  TEncSbac::codeTransformSkipFlags,[100]
,,0.653823,0.0,  TEncSbac::codeLastSignificantXY,[55]
,,3.331247,0.0,  TEncSbac::codeCoeffNxN,[20]
[112],0.15,4.312069,0.0,TEncBinCABAC::encodeBin,[112]
,,,,,
,,4.049420,0.0,  xTrMxN,[44]
[113],0.14,4.049420,0.0,partialButterfly4,[113]
,,,,,
,,2.202657,1.721170,  TEncCu::xCompressCU <cycle 11>,[10]
[114],0.13,2.202657,1.721170,TComDataCU::initSubCU,[114]
,,1.721170,0.0,  memset,[45]
,,,,,
,,0.124126,0.0,  TEncSearch::xRecurIntraChromaCodingQT <cycle 7>,[25]
,,0.395955,0.0,  TEncSearch::estIntraPredChromaQT,[21]
,,1.504795,0.0,  TEncSearch::xRecurIntraCodingLumaQT <cycle 10>,[15]
,,1.784381,0.0,  TEncSearch::estIntraPredLumaQT,[13]
[115],0.13,3.809256,0.0,TEncSbac::getNumberOfWrittenBits,[115]
,,,,,
,,0.449872,0.0,  TEncSearch::xSetIntraResultLumaQT <cycle 9>,[109]
,,0.806581,0.0,  TEncSearch::xSetIntraResultChromaQT <cycle 5>,[94]
,,2.451355,0.0,  TComYuv::copyPartToPartComponent,[82]
[116],0.13,3.707808,0.0,TComYuv::getAddr,[116]
,,,,,
,,3.530243,0.0,  TComTrQuant::invTransformNxN,[29]
[117],0.12,3.530243,0.0,TComTrQuant::invRdpcmNxN,[117]
,,,,,
,,3.459937,0.0,  TComPrediction::initIntraPatternChType,[43]
[118],0.12,3.459937,0.0,isLeftAvailable,[118]
,,,,,
,,3.412816,0.0,  TComPrediction::initIntraPatternChType,[43]
[119],0.12,3.412816,0.0,isAboveAvailable,[119]
,,,,,
,,3.165453,0.0,  TComRdCost::getDistPart,[61]
[120],0.11,3.165453,0.0,TComRdCost::xGetSSE8,[120]
,,,,,
,,2.017408,0.884258,  TComPrediction::initIntraPatternChType,[43]
[121],0.1,2.017408,0.884258,TComDataCU::getPUAboveLeft,[121]
,,0.884258,0.0,  TComDataCU::CUIsFromSameSliceAndTile,[151]
,,,,,
,,0.589574,2.249383,  TEncCu::xCompressCU <cycle 11>,[10]
[122],0.1,0.589574,2.249383,TComDataCU::copyToPic,[122]
,,2.249383,0.0,  memcpy,[42]
,,,,,
,,2.746505,0.0,  TEncSbac::estBit,[47]
[123],0.09,2.746505,0.0,TEncSbac::estSignificantCoeffGroupMapBit,[123]
,,,,,
,,0.0,1.163711,  TEncCu::compressCtu,[9]
,,0.0,0.294708,  TEncCu::xCheckRDCostIntra,[12]
,,0.0,1.241049,  TEncCu::xCompressCU <cycle 11>,[10]
,,0.0,0.031066,  TEncGOP::compressGOP,[7]
,,0.0,0.015583,  TEncSearch::estIntraPredChromaQT,[21]
[124],0.09,0.0,2.746117,[Unknown stack frame(s)],[124]
,,2.451332,0.0,  TEncSbac::xWriteCoefRemainExGolomb,[34]
,,0.217304,0.0,  TEncSearch::xModeBitsIntra,[49]
,,0.077482,0.0,  TEncSbac::resetBits,[98]
,,,,,
,,0.077505,0.0,  TEncEntropy::xEncodeTransform <cycle 2>,[41]
,,1.256972,0.0,  TEncSearch::xRecurIntraCodingLumaQT <cycle 10>,[15]
,,1.288274,0.0,  TEncSearch::xEncSubdivCbfQT <cycle 6>,[58]
[125],0.09,2.622751,0.0,TComDataCU::getQuadtreeTULog2MinSizeInCU,[125]
,,,,,
,,0.389271,0.436226,  TComOutputBitstream::addSubstream,[168]
,,0.420177,0.451499,  TEncBinCABAC::writeOut,[147]
,,0.537104,0.342511,  TEncGOP::compressGOP,[7]
[126],0.09,1.346551,1.230236,TComOutputBitstream::write,[126]
,,0.716087,0.435865,"  std::vector<unsigned char,class std::allocator<unsigned char> >::emplace_back<unsigned char const &>",[155]
,,0.0,0.078284,"  std::vector<unsigned char,class std::allocator<unsigned char> >::_Change_array",[216]
,,,,,
,,0.077657,1.010340,  TEncCu::xEncodeCU <cycle 1>,[52]
,,0.093274,1.287706,  TEncCu::xCheckRDCostIntra,[12]
[127],0.08,0.170931,2.298046,TEncEntropy::encodePredInfo,[127]
,,0.683305,1.412643,  TEncSbac::codeIntraDirLumaAng,[48]
,,0.108770,0.093328,  TEncSbac::codeIntraDirChroma,[150]
,,,,,
,,2.459765,0.0,  TEncSbac::resetBits,[98]
[128],0.08,2.459765,0.0,TEncBinCABAC::resetBits,[128]
,,,,,
,,0.387929,2.063484,  TEncCu::xCompressCU <cycle 11>,[10]
[129],0.08,0.387929,2.063484,TEncCu::xCopyYuv2Tmp,[129]
,,1.024046,1.039438,  TComYuv::copyToPartComponent,[133]
,,,,,
,,0.915214,1.349865,  TEncCu::xCompressCU <cycle 11>,[10]
[130],0.08,0.915214,1.349865,TComDataCU::copyPartFrom,[130]
,,1.349865,0.0,  memcpy,[42]
,,,,,
,,0.031016,1.039826,  TEncCu::xCompressCU <cycle 11>,[10]
,,0.077479,0.985084,  TEncCu::xCopyYuv2Pic,[152]
[131],0.07,0.108495,2.024910,TComYuv::copyToPicYuv,[131]
,,1.163659,0.861251,  TComYuv::copyToPicComponent,[134]
,,,,,
,,2.133320,0.0,  TComRdCost::getDistPart,[61]
[132],0.07,2.133320,0.0,TComRdCost::xGetSSE16,[132]
,,,,,
,,1.024046,1.039438,  TEncCu::xCopyYuv2Tmp,[129]
[133],0.07,1.024046,1.039438,TComYuv::copyToPartComponent,[133]
,,0.620401,0.0,  memcpy,[42]
,,0.419037,0.0,  TComYuv::getAddr,[59]
,,,,,
,,1.163659,0.861251,  TComYuv::copyToPicYuv,[131]
[134],0.07,1.163659,0.861251,TComYuv::copyToPicComponent,[134]
,,0.861251,0.0,  memcpy,[42]
,,,,,
,,1.970072,0.0,  TComPrediction::xPredIntraAng,[32]
[135],0.07,1.970072,0.0,TComPrediction::predIntraGetPredValDC,[135]
,,,,,
,,0.170768,0.0,  TEncSearch::estIntraPredChromaQT,[21]
,,0.201835,0.0,  TEncSearch::xRecurIntraChromaCodingQT <cycle 7>,[25]
,,0.745107,0.0,  TEncSearch::xRecurIntraCodingLumaQT <cycle 10>,[15]
,,0.821997,0.0,  TEncSearch::xModeBitsIntra,[49]
[136],0.07,1.939706,0.0,TComBitCounter::resetBits,[136]
,,,,,
,,0.0,0.015560,  TEncSbac::codeIntraDirChroma,[150]
,,0.0,0.015520,  TEncSbac::codeIntraDirLumaAng,[48]
,,0.420342,0.513626,  TEncSbac::codeCoeffNxN,[20]
,,0.482534,0.358230,  TEncSbac::xWriteCoefRemainExGolomb,[34]
[137],0.06,0.902876,0.902935,TEncBinCABAC::encodeBinsEP,[137]
,,0.435779,0.467157,  TEncBinCABAC::writeOut,[147]
,,,,,
,,1.776776,0.0,  TEncSearch::xIntraCodingTUBlock,[16]
[138],0.06,1.776776,0.0,TComPrediction::filteringIntraReferenceSamples,[138]
,,,,,
,,0.0,1.742214,  TEncSampleAdaptiveOffset::SAOProcess,[96]
[139],0.06,0.0,1.742214,TEncSampleAdaptiveOffset::decideBlkParams,[139]
,,0.031128,0.451109,  TEncSampleAdaptiveOffset::deriveModeNewRDO,[174]
,,0.015604,0.0,  TComSampleAdaptiveOffset::getMergeList,[240]
,,0.015576,0.0,  TEncBinCABAC::copyState,[90]
,,0.015514,0.046743,  TEncSampleAdaptiveOffset::deriveModeMergeRDO,[221]
,,0.0,1.166540,  TComSampleAdaptiveOffset::offsetCTU,[153]
,,,,,
,,0.046519,0.015459,  TEncCu::xEncodeCU <cycle 1>,[52]
,,0.092937,0.031021,  TEncCu::xCheckRDCostIntra,[12]
,,0.946324,0.604446,  TEncSearch::xEncIntraHeader,[63]
[140],0.06,1.085780,0.650925,TEncSbac::codePartSize,[140]
,,0.650925,0.0,  TEncBinCABACCounter::encodeBin,[36]
,,,,,
,,1.721561,0.0,  TEncBinCABAC::copyState,[90]
[141],0.06,1.721561,0.0,TEncBinCABAC::getTEncBinCABAC,[141]
,,,,,
,,0.0,1.647480,  TAppEncTop::encode,[3]
[142],0.06,0.0,1.647480,TAppEncTop::xWriteOutput,[142]
,,0.0,1.398342,  TVideoIOYuv::write,[148]
,,0.0,0.249138,  writeAnnexB,[191]
,,,,,
,,1.613540,0.0,  TComRdCost::getDistPart,[61]
[143],0.06,1.613540,0.0,TComRdCost::xGetSSE32,[143]
,,,,,
,,1.597914,0.0,  TEncBinCABACCounter::getNumWrittenBits,[107]
[144],0.05,1.597914,0.0,TComBitCounter::getNumberOfWrittenBits,[144]
,,,,,
,,1.089807,0.451489,  TComLoopFilter::xDeblockCU <cycle 3>,[105]
[145],0.05,1.089807,0.451489,<cycle 4 as a whole>,[145]
,,1.089807,0.451489,  TComLoopFilter::xSetEdgefilterTU <cycle 4>,[146]
,,,,,
,,,,  TComLoopFilter::xSetEdgefilterTU <cycle 4>,[146]
,,1.089807,0.451489,  TComLoopFilter::xDeblockCU <cycle 3>,[105]
[146],0.05,1.089807,0.451489,TComLoopFilter::xSetEdgefilterTU <cycle 4>,[146]
,,0.264680,0.0,  TComTURecurse::nextSection,[70]
,,0.140164,0.0,  TComTU::TComTU,[81]
,,0.046645,0.0,  _security_check_cookie,[79]
,,,,  TComLoopFilter::xSetEdgefilterTU <cycle 4>,[146]
,,,,,
,,0.0,0.031164,  TEncBinCABAC::encodeAlignedBinsEP,[226]
,,0.0,0.015528,  TEncSbac::codeQtCbf,[85]
,,0.015565,0.062238,  TEncSbac::codeLastSignificantXY,[55]
,,0.031115,0.015584,  TEncSbac::codeIntraDirLumaAng,[48]
,,0.108922,0.280006,  TEncSbac::codeCoeffNxN,[20]
,,0.435779,0.467157,  TEncBinCABAC::encodeBinsEP,[137]
[147],0.05,0.591380,0.871676,TEncBinCABAC::writeOut,[147]
,,0.420177,0.451499,  TComOutputBitstream::write,[126]
,,,,,
,,0.0,1.398342,  TAppEncTop::xWriteOutput,[142]
[148],0.05,0.0,1.398342,TVideoIOYuv::write,[148]
,,0.434766,0.963576,  writePlane,[149]
,,,,,
,,0.434766,0.963576,  TVideoIOYuv::write,[148]
[149],0.05,0.434766,0.963576,writePlane,[149]
,,0.0,0.963576,"  std::basic_ostream<char,struct std::char_traits<char> >::write",[157]
,,,,,
,,0.108770,0.093328,  TEncEntropy::encodePredInfo,[127]
,,0.635918,0.371982,  TEncSearch::xEncIntraHeader,[63]
[150],0.04,0.744688,0.465311,TEncSbac::codeIntraDirChroma,[150]
,,0.217116,0.0,  TEncBinCABACCounter::encodeBin,[36]
,,0.124049,0.0,  TEncBinCABACCounter::encodeBinsEP,[50]
,,0.077416,0.0,  _security_check_cookie,[79]
,,0.031169,0.0,  TEncBinCABAC::encodeBin,[112]
,,0.0,0.015560,  TEncBinCABAC::encodeBinsEP,[137]
,,,,,
,,0.108779,0.0,  TComDataCU::getPUBelowLeft,[101]
,,0.216861,0.0,  TComDataCU::getPUAboveRight,[87]
,,0.884258,0.0,  TComDataCU::getPUAboveLeft,[121]
[151],0.04,1.209898,0.0,TComDataCU::CUIsFromSameSliceAndTile,[151]
,,,,,
,,0.139646,1.062563,  TEncCu::xCompressCU <cycle 11>,[10]
[152],0.04,0.139646,1.062563,TEncCu::xCopyYuv2Pic,[152]
,,0.077479,0.985084,  TComYuv::copyToPicYuv,[131]
,,,,,
,,0.0,1.166540,  TEncSampleAdaptiveOffset::decideBlkParams,[139]
[153],0.04,0.0,1.166540,TComSampleAdaptiveOffset::offsetCTU,[153]
,,1.150984,0.0,  TComSampleAdaptiveOffset::offsetBlock,[156]
,,0.015556,0.0,  TComPicSym::deriveLoopFilterBoundaryAvailibility,[247]
,,,,,
,,0.418553,0.737225,  TEncCu::xCompressCU <cycle 11>,[10]
[154],0.04,0.418553,0.737225,TComYuv::copyFromPicComponent,[154]
,,0.737225,0.0,  memcpy,[42]
,,,,,
,,0.716087,0.435865,  TComOutputBitstream::write,[126]
[155],0.04,0.716087,0.435865,"std::vector<unsigned char,class std::allocator<unsigned char> >::emplace_back<unsigned char const &>",[155]
,,0.435865,0.0,  memcpy,[42]
,,,,,
,,1.150984,0.0,  TComSampleAdaptiveOffset::offsetCTU,[153]
[156],0.04,1.150984,0.0,TComSampleAdaptiveOffset::offsetBlock,[156]
,,,,,
,,0.0,0.155796,  write,[180]
,,0.0,0.963576,  writePlane,[149]
[157],0.04,0.0,1.119373,"std::basic_ostream<char,struct std::char_traits<char> >::write",[157]
,,0.155796,0.0,  memcpy,[42]
,,0.0,0.963576,  fputc,[163]
,,,,,
,,0.124254,0.0,  TEncEntropy::encodeCoeff,[56]
,,0.140115,0.0,  TComLoopFilter::xDeblockCU <cycle 3>,[105]
,,0.155055,0.0,  TEncSearch::estIntraPredLumaQT,[13]
,,0.279265,0.0,  TEncCu::xCheckRDCostIntra,[12]
,,0.388081,0.0,  TEncSearch::estIntraPredChromaQT,[21]
[158],0.04,1.086769,0.0,TComTU::TComTU,[158]
,,,,,
,,0.0,0.295330,  TEncGOP::compressGOP,[7]
,,0.0,0.203162,  TEncSampleAdaptiveOffset::SAOProcess,[96]
,,0.0,0.560156,  TEncTop::encode,[6]
[159],0.04,0.0,1.058648,TComPicYuv::copyToPic,[159]
,,1.058648,0.0,  memcpy,[42]
,,,,,
,,1.042807,0.015558,  TComLoopFilter::xDeblockCU <cycle 3>,[105]
[160],0.04,1.042807,0.015558,TComLoopFilter::xEdgeFilterChroma,[160]
,,0.015558,0.0,  TComDataCU::getPUAbove,[196]
,,,,,
,,1.056915,0.0,  write_nolock,[166]
[161],0.04,1.056915,0.0,WriteFile,[161]
,,,,,
,,0.0,1.056915,  fputc,[163]
[162],0.04,0.0,1.056915,_acrt_stdio_flush_and_write_narrow_nolock,[162]
,,0.0,1.056915,  write_buffer_nolock<char>,[165]
,,,,,
,,0.0,0.093338,"  std::_Insert_string<char,struct std::char_traits<char>,unsigned __int64>",[211]
,,0.0,0.963576,"  std::basic_ostream<char,struct std::char_traits<char> >::write",[157]
[163],0.04,0.0,1.056915,fputc,[163]
,,0.0,1.056915,  _acrt_stdio_flush_and_write_narrow_nolock,[162]
,,,,,
,,0.0,1.056915,  write_buffer_nolock<char>,[165]
[164],0.04,0.0,1.056915,write,[164]
,,0.0,1.056915,  write_nolock,[166]
,,,,,
,,0.0,1.056915,  _acrt_stdio_flush_and_write_narrow_nolock,[162]
[165],0.04,0.0,1.056915,write_buffer_nolock<char>,[165]
,,0.0,1.056915,  write,[164]
,,,,,
,,0.0,1.056915,  write,[164]
[166],0.04,0.0,1.056915,write_nolock,[166]
,,1.056915,0.0,  WriteFile,[161]
,,,,,
,,0.0,0.965130,  TAppEncTop::encode,[3]
[167],0.03,0.0,0.965130,TVideoIOYuv::read,[167]
,,0.249148,0.342075,  readPlane,[173]
,,0.093563,0.0,  scalePlane,[213]
,,0.0,0.280344,  TVideoIOYuv::ColourSpaceConvert,[188]
,,,,,
,,0.062229,0.825497,  TEncGOP::compressGOP,[7]
[168],0.03,0.062229,0.825497,TComOutputBitstream::addSubstream,[168]
,,0.389271,0.436226,  TComOutputBitstream::write,[126]
,,,,,
,,0.868834,0.0,  TComPrediction::predIntraAng,[31]
[169],0.03,0.868834,0.0,TComPrediction::xDCPredFiltering,[169]
,,,,,
,,0.684892,0.155898,  TComLoopFilter::xDeblockCU <cycle 3>,[105]
[170],0.03,0.684892,0.155898,TComLoopFilter::xEdgeFilterLuma,[170]
,,0.093526,0.0,  TComDataCU::getPUAbove,[196]
,,0.031208,0.0,  TComLoopFilter::xPelFilterLuma,[232]
,,0.031164,0.0,  TComLoopFilter::xUseStrongFiltering,[233]
,,,,,
,,0.371734,0.0,  TEncSbac::codeLastSignificantXY,[55]
,,0.449934,0.0,  TEncSbac::codeIntraDirLumaAng,[48]
[171],0.03,0.821668,0.0,TEncBinCABACCounter::encodeBinEP,[171]
,,,,,
,,0.093008,0.232575,  TEncSlice::compressSlice,[8]
,,0.108491,0.310092,  TEncCu::compressCtu,[9]
[172],0.03,0.201499,0.542667,TComDataCU::initCtu,[172]
,,0.542667,0.0,  memset,[45]
,,,,,
,,0.249148,0.342075,  TVideoIOYuv::read,[167]
[173],0.02,0.249148,0.342075,readPlane,[173]
,,0.0,0.342075,"  std::basic_istream<char,struct std::char_traits<char> >::read",[179]
,,,,,
,,0.031128,0.451109,  TEncSampleAdaptiveOffset::decideBlkParams,[139]
[174],0.02,0.031128,0.451109,TEncSampleAdaptiveOffset::deriveModeNewRDO,[174]
,,0.248898,0.155597,  TEncSampleAdaptiveOffset::deriveOffsets,[175]
,,0.031020,0.0,  memcpy,[42]
,,0.015594,0.0,  TComSampleAdaptiveOffset::invertQuantOffsets,[244]
,,,,,
,,0.248898,0.155597,  TEncSampleAdaptiveOffset::deriveModeNewRDO,[174]
[175],0.01,0.248898,0.155597,TEncSampleAdaptiveOffset::deriveOffsets,[175]
,,0.155597,0.0,  TEncSampleAdaptiveOffset::estIterOffset,[200]
,,,,,
,,0.031019,0.108761,  TEncCu::xEncodeCU <cycle 1>,[52]
,,0.108452,0.124107,  TEncCu::xCompressCU <cycle 11>,[10]
[176],0.01,0.139470,0.232869,TEncSbac::codeSplitFlag,[176]
,,0.186304,0.0,  TComDataCU::getCtxSplitFlag,[197]
,,0.030981,0.0,  TEncBinCABACCounter::encodeBin,[36]
,,0.015584,0.0,  TEncBinCABAC::encodeBin,[112]
,,,,,
,,0.360624,0.0,  free_base,[178]
[177],0.01,0.360624,0.0,RtlFreeHeap,[177]
,,,,,
,,0.0,0.015567,  TComDataCU::destroy,[219]
,,0.0,0.078110,  aligned_free,[214]
,,0.0,0.015604,"  std::basic_ostringstream<char,struct std::char_traits<char>,class std::allocator<char> >::~basic_ostringstream<char,struct std::char_traits<char>,class std::allocator<char> >",[243]
,,0.0,0.047370,"  std::basic_string<char,struct std::char_traits<char>,class std::allocator<char> >::_Tidy_deallocate",[223]
,,0.0,0.078284,"  std::vector<unsigned char,class std::allocator<unsigned char> >::_Change_array",[216]
,,0.0,0.125690,"  std::vector<unsigned char,class std::allocator<unsigned char> >::_Tidy",[203]
[178],0.01,0.0,0.360624,free_base,[178]
,,0.360624,0.0,  RtlFreeHeap,[177]
,,,,,
,,0.0,0.342075,  readPlane,[173]
[179],0.01,0.0,0.342075,"std::basic_istream<char,struct std::char_traits<char> >::read",[179]
,,0.031098,0.0,  memcpy,[42]
,,0.015611,0.295366,  fgetc,[182]
,,,,,
,,0.124754,0.202732,  TEncGOP::compressGOP,[7]
[180],0.01,0.124754,0.202732,write,[180]
,,0.0,0.155796,"  std::basic_ostream<char,struct std::char_traits<char> >::write",[157]
,,0.0,0.015782,"  std::vector<unsigned char,class std::allocator<unsigned char> >::_Tidy",[203]
,,0.0,0.031154,"  std::vector<unsigned char,std::allocator<unsigned char> >::_Resize<<lambda_2b51424039c320f102fd798e073c89b2> >",[234]
,,,,,
,,0.280139,0.046673,  TComLoopFilter::xDeblockCU <cycle 3>,[105]
[181],0.01,0.280139,0.046673,TComLoopFilter::xGetBoundaryStrengthSingle,[181]
,,0.031156,0.0,  TComDataCU::getPUAbove,[196]
,,0.015517,0.0,  TComDataCU::getPULeft,[230]
,,,,,
,,0.015611,0.295366,"  std::basic_istream<char,struct std::char_traits<char> >::read",[179]
[182],0.01,0.015611,0.295366,fgetc,[182]
,,0.0,0.295366,  common_refill_and_read_nolock<char>,[184]
,,,,,
,,0.295366,0.0,  read_nolock,[186]
[183],0.01,0.295366,0.0,ReadFile,[183]
,,,,,
,,0.0,0.295366,  fgetc,[182]
[184],0.01,0.0,0.295366,common_refill_and_read_nolock<char>,[184]
,,0.0,0.295366,  read,[185]
,,,,,
,,0.0,0.295366,  common_refill_and_read_nolock<char>,[184]
[185],0.01,0.0,0.295366,read,[185]
,,0.0,0.295366,  read_nolock,[186]
,,,,,
,,0.0,0.295366,  read,[185]
[186],0.01,0.0,0.295366,read_nolock,[186]
,,0.295366,0.0,  ReadFile,[183]
,,,,,
,,0.015572,0.0,  TEncEntropy::xEncodeTransform <cycle 2>,[41]
,,0.279238,0.0,  TEncSearch::xEncSubdivCbfQT <cycle 6>,[58]
[187],0.01,0.294810,0.0,TEncSbac::codeTransformSubdivFlag,[187]
,,,,,
,,0.0,0.280344,  TVideoIOYuv::read,[167]
[188],0.01,0.0,0.280344,TVideoIOYuv::ColourSpaceConvert,[188]
,,0.0,0.280344,  copyPlane,[189]
,,,,,
,,0.0,0.280344,  TVideoIOYuv::ColourSpaceConvert,[188]
[189],0.01,0.0,0.280344,copyPlane,[189]
,,0.280344,0.0,  memcpy,[42]
,,,,,
,,0.0,0.062404,  TEncGOP::compressGOP,[7]
,,0.0,0.077929,  TEncGOP::xCalculateAddPSNR,[192]
,,0.0,0.124502,  writeAnnexB,[191]
[190],0.01,0.0,0.264835,"std::basic_ostringstream<char,struct std::char_traits<char>,class std::allocator<char> >::str",[190]
,,0.264835,0.0,  memcpy,[42]
,,,,,
,,0.0,0.249138,  TAppEncTop::xWriteOutput,[142]
[191],0.01,0.0,0.249138,writeAnnexB,[191]
,,0.0,0.108853,"  std::_Insert_string<char,struct std::char_traits<char>,unsigned __int64>",[211]
,,0.0,0.124502,"  std::basic_ostringstream<char,struct std::char_traits<char>,class std::allocator<char> >::str",[190]
,,0.0,0.015783,"  std::basic_string<char,struct std::char_traits<char>,class std::allocator<char> >::_Tidy_deallocate",[223]
,,,,,
,,0.155816,0.077929,  TEncGOP::xCalculateAddPSNRs,[193]
[192],0.01,0.155816,0.077929,TEncGOP::xCalculateAddPSNR,[192]
,,0.0,0.077929,"  std::basic_ostringstream<char,struct std::char_traits<char>,class std::allocator<char> >::str",[190]
,,,,,
,,0.0,0.233745,  TEncGOP::compressGOP,[7]
[193],0.01,0.0,0.233745,TEncGOP::xCalculateAddPSNRs,[193]
,,0.155816,0.077929,  TEncGOP::xCalculateAddPSNR,[192]
,,,,,
,,0.093215,0.124209,  TEncCu::xEncodeCU <cycle 1>,[52]
[194],0.01,0.093215,0.124209,TEncCu::finishCU,[194]
,,0.077582,0.0,  std::_Deque_iterator<class std::_Deque_val<struct std::_Deque_simple_types<class TComSlice *> > >::operator+,[195]
,,0.046627,0.0,  TComDataCU::isLastSubCUOfCtu,[228]
,,,,,
,,0.077582,0.0,  TEncCu::finishCU,[194]
,,0.139821,0.0,  TEncCu::xCompressCU <cycle 11>,[10]
[195],0.01,0.217403,0.0,std::_Deque_iterator<class std::_Deque_val<struct std::_Deque_simple_types<class TComSlice *> > >::operator+,[195]
,,,,,
,,0.015558,0.0,  TComLoopFilter::xEdgeFilterChroma,[160]
,,0.031156,0.0,  TComLoopFilter::xGetBoundaryStrengthSingle,[181]
,,0.046761,0.0,  TComLoopFilter::xSetLoopfilterParam,[204]
,,0.093526,0.0,  TComLoopFilter::xEdgeFilterLuma,[170]
[196],0.01,0.187001,0.0,TComDataCU::getPUAbove,[196]
,,,,,
,,0.186304,0.0,  TEncSbac::codeSplitFlag,[176]
[197],0.01,0.186304,0.0,TComDataCU::getCtxSplitFlag,[197]
,,,,,
,,0.170989,0.0,  TEncEntropy::xEncodeTransform <cycle 2>,[41]
[198],0.01,0.170989,0.0,TEncSbac::codeCrossComponentPrediction,[198]
,,,,,
,,0.155787,0.0,  TComLoopFilter::xDeblockCU <cycle 3>,[105]
[199],0.01,0.155787,0.0,TComLoopFilter::xSetEdgefilterPU,[199]
,,,,,
,,0.155597,0.0,  TEncSampleAdaptiveOffset::deriveOffsets,[175]
[200],0.01,0.155597,0.0,TEncSampleAdaptiveOffset::estIterOffset,[200]
,,,,,
,,0.140067,0.0,  TComPic::compressMotion,[202]
[201],0.0,0.140067,0.0,TComCUMvField::compress,[201]
,,,,,
,,0.0,0.140067,  TEncGOP::compressGOP,[7]
[202],0.0,0.0,0.140067,TComPic::compressMotion,[202]
,,0.140067,0.0,  TComCUMvField::compress,[201]
,,,,,
,,0.0,0.047225,  TComOutputBitstream::`scalar deleting destructor',[224]
,,0.0,0.062683,  TEncGOP::compressGOP,[7]
,,0.0,0.015782,  write,[180]
[203],0.0,0.0,0.125690,"std::vector<unsigned char,class std::allocator<unsigned char> >::_Tidy",[203]
,,0.0,0.125690,  free_base,[178]
,,,,,
,,0.046713,0.077828,  TComLoopFilter::xDeblockCU <cycle 3>,[105]
[204],0.0,0.046713,0.077828,TComLoopFilter::xSetLoopfilterParam,[204]
,,0.046761,0.0,  TComDataCU::getPUAbove,[196]
,,0.031067,0.0,  TComDataCU::getPULeft,[230]
,,,,,
,,0.124133,0.0,  malloc_base,[210]
[205],0.0,0.124133,0.0,RtlAllocateHeap,[205]
,,,,,
,,0.0,0.124133,  TComPicSym::create,[208]
[206],0.0,0.0,0.124133,TComDataCU::create,[206]
,,0.0,0.015437,  TComCUMvField::create,[250]
,,0.0,0.108697,  aligned_offset_malloc_base,[212]
,,,,,
,,0.0,0.124133,  TEncTop::xGetNewPicBuffer,[209]
[207],0.0,0.0,0.124133,TComPic::create,[207]
,,0.0,0.124133,  TComPicSym::create,[208]
,,,,,
,,0.0,0.124133,  TComPic::create,[207]
[208],0.0,0.0,0.124133,TComPicSym::create,[208]
,,0.0,0.124133,  TComDataCU::create,[206]
,,,,,
,,0.0,0.124133,  TEncTop::encode,[6]
[209],0.0,0.0,0.124133,TEncTop::xGetNewPicBuffer,[209]
,,0.0,0.124133,  TComPic::create,[207]
,,,,,
,,0.0,0.108697,  aligned_offset_malloc_base,[212]
,,0.0,0.015437,  operator new,[251]
[210],0.0,0.0,0.124133,malloc_base,[210]
,,0.124133,0.0,  RtlAllocateHeap,[205]
,,,,,
,,0.0,0.108853,  writeAnnexB,[191]
[211],0.0,0.0,0.108853,"std::_Insert_string<char,struct std::char_traits<char>,unsigned __int64>",[211]
,,0.015515,0.0,  memcpy,[42]
,,0.0,0.093338,  fputc,[163]
,,,,,
,,0.0,0.108697,  TComDataCU::create,[206]
[212],0.0,0.0,0.108697,aligned_offset_malloc_base,[212]
,,0.0,0.108697,  malloc_base,[210]
,,,,,
,,0.093563,0.0,  TVideoIOYuv::read,[167]
[213],0.0,0.093563,0.0,scalePlane,[213]
,,,,,
,,0.0,0.031965,  TComPicYuv::destroy,[231]
,,0.015280,0.046145,  TComDataCU::destroy,[219]
[214],0.0,0.015280,0.078110,aligned_free,[214]
,,0.0,0.078110,  free_base,[178]
,,,,,
,,0.0,0.093100,  TAppEncTop::encode,[3]
[215],0.0,0.0,0.093100,TComPic::destroy,[215]
,,0.0,0.076992,  TComPicSym::destroy,[220]
,,0.0,0.016108,  TComPicYuv::destroy,[231]
,,,,,
,,0.0,0.078284,  TComOutputBitstream::write,[126]
[216],0.0,0.0,0.078284,"std::vector<unsigned char,class std::allocator<unsigned char> >::_Change_array",[216]
,,0.0,0.078284,  free_base,[178]
,,,,,
,,0.077579,0.0,  TEncCu::xCompressCU <cycle 11>,[10]
[217],0.0,0.077579,0.0,"std::deque<class TComSlice *,class std::allocator<class TComSlice *> >::begin",[217]
,,,,,
,,0.077547,0.0,  TEncCu::xCompressCU <cycle 11>,[10]
[218],0.0,0.077547,0.0,TEncCu::xComputeQP,[218]
,,,,,
,,0.0,0.076992,  TComPicSym::destroy,[220]
[219],0.0,0.0,0.076992,TComDataCU::destroy,[219]
,,0.015280,0.046145,  aligned_free,[214]
,,0.0,0.015567,  free_base,[178]
,,,,,
,,0.0,0.076992,  TComPic::destroy,[215]
[220],0.0,0.0,0.076992,TComPicSym::destroy,[220]
,,0.0,0.076992,  TComDataCU::destroy,[219]
,,,,,
,,0.015514,0.046743,  TEncSampleAdaptiveOffset::decideBlkParams,[139]
[221],0.0,0.015514,0.046743,TEncSampleAdaptiveOffset::deriveModeMergeRDO,[221]
,,0.015621,0.0,  TEncSampleAdaptiveOffset::getDistortion,[237]
,,0.015593,0.0,  memcpy,[42]
,,0.015529,0.0,  SAOBlkParam::operator=,[249]
,,,,,
,,0.061992,0.0,  TEncCu::xCheckRDCostIntra,[12]
[222],0.0,0.061992,0.0,TEncCu::xCheckDQP,[222]
,,,,,
,,0.0,0.031587,  TEncGOP::compressGOP,[7]
,,0.0,0.015783,  writeAnnexB,[191]
[223],0.0,0.0,0.047370,"std::basic_string<char,struct std::char_traits<char>,class std::allocator<char> >::_Tidy_deallocate",[223]
,,0.0,0.047370,  free_base,[178]
,,,,,
,,0.0,0.031377,  TEncGOP::compressGOP,[7]
,,0.0,0.015848,"  std::vector<class TComOutputBitstream,class std::allocator<class TComOutputBitstream> >::_Tidy",[236]
[224],0.0,0.0,0.047225,TComOutputBitstream::`scalar deleting destructor',[224]
,,0.0,0.047225,"  std::vector<unsigned char,class std::allocator<unsigned char> >::_Tidy",[203]
,,,,,
,,0.046799,0.0,  TEncSampleAdaptiveOffset::SAOProcess,[96]
[225],0.0,0.046799,0.0,TComPicYuv::extendPicBorder,[225]
,,,,,
,,0.0,0.015588,  TEncSbac::xWriteCoefRemainExGolomb,[34]
,,0.015562,0.015576,  TEncSbac::codeCoeffNxN,[20]
[226],0.0,0.015562,0.031164,TEncBinCABAC::encodeAlignedBinsEP,[226]
,,0.0,0.031164,  TEncBinCABAC::writeOut,[147]
,,,,,
,,0.046716,0.0,  TEncSbac::codeIntraDirLumaAng,[48]
[227],0.0,0.046716,0.0,TEncBinCABAC::encodeBinEP,[227]
,,,,,
,,0.046627,0.0,  TEncCu::finishCU,[194]
[228],0.0,0.046627,0.0,TComDataCU::isLastSubCUOfCtu,[228]
,,,,,
,,0.046622,0.0,  TEncSearch::estIntraPredLumaQT,[13]
[229],0.0,0.046622,0.0,TComYuv::getStride,[229]
,,,,,
,,0.015517,0.0,  TComLoopFilter::xGetBoundaryStrengthSingle,[181]
,,0.031067,0.0,  TComLoopFilter::xSetLoopfilterParam,[204]
[230],0.0,0.046584,0.0,TComDataCU::getPULeft,[230]
,,,,,
,,0.0,0.015857,  TAppEncTop::encode,[3]
,,0.0,0.016108,  TComPic::destroy,[215]
[231],0.0,0.0,0.031965,TComPicYuv::destroy,[231]
,,0.0,0.031965,  aligned_free,[214]
,,,,,
,,0.031208,0.0,  TComLoopFilter::xEdgeFilterLuma,[170]
[232],0.0,0.031208,0.0,TComLoopFilter::xPelFilterLuma,[232]
,,,,,
,,0.031164,0.0,  TComLoopFilter::xEdgeFilterLuma,[170]
[233],0.0,0.031164,0.0,TComLoopFilter::xUseStrongFiltering,[233]
,,,,,
,,0.0,0.031154,  write,[180]
[234],0.0,0.0,0.031154,"std::vector<unsigned char,std::allocator<unsigned char> >::_Resize<<lambda_2b51424039c320f102fd798e073c89b2> >",[234]
,,0.031154,0.0,  memset,[45]
,,,,,
,,0.030920,0.0,  TEncSlice::compressSlice,[8]
[235],0.0,0.030920,0.0,TEncBinCABAC::init,[235]
,,,,,
,,0.0,0.015848,  TEncGOP::compressGOP,[7]
[236],0.0,0.0,0.015848,"std::vector<class TComOutputBitstream,class std::allocator<class TComOutputBitstream> >::_Tidy",[236]
,,0.0,0.015848,  TComOutputBitstream::`scalar deleting destructor',[224]
,,,,,
,,0.015621,0.0,  TEncSampleAdaptiveOffset::deriveModeMergeRDO,[221]
[237],0.0,0.015621,0.0,TEncSampleAdaptiveOffset::getDistortion,[237]
,,,,,
,,0.015606,0.0,  `eh vector constructor iterator',[239]
[238],0.0,0.015606,0.0,SAOBlkParam::SAOBlkParam,[238]
,,,,,
,,0.0,0.015606,  TEncSampleAdaptiveOffset::SAOProcess,[96]
[239],0.0,0.0,0.015606,`eh vector constructor iterator',[239]
,,0.015606,0.0,  SAOBlkParam::SAOBlkParam,[238]
,,,,,
,,0.015604,0.0,  TEncSampleAdaptiveOffset::decideBlkParams,[139]
[240],0.0,0.015604,0.0,TComSampleAdaptiveOffset::getMergeList,[240]
,,,,,
,,0.0,0.015604,  TAppEncTop::encode,[3]
[241],0.0,0.0,0.015604,AccessUnit::~AccessUnit,[241]
,,0.0,0.015604,  NALUnitEBSP::`scalar deleting destructor',[242]
,,,,,
,,0.0,0.015604,  AccessUnit::~AccessUnit,[241]
[242],0.0,0.0,0.015604,NALUnitEBSP::`scalar deleting destructor',[242]
,,0.0,0.015604,"  std::basic_ostringstream<char,struct std::char_traits<char>,class std::allocator<char> >::~basic_ostringstream<char,struct std::char_traits<char>,class std::allocator<char> >",[243]
,,,,,
,,0.0,0.015604,  NALUnitEBSP::`scalar deleting destructor',[242]
[243],0.0,0.0,0.015604,"std::basic_ostringstream<char,struct std::char_traits<char>,class std::allocator<char> >::~basic_ostringstream<char,struct std::char_traits<char>,class std::allocator<char> >",[243]
,,0.0,0.015604,  free_base,[178]
,,,,,
,,0.015594,0.0,  TEncSampleAdaptiveOffset::deriveModeNewRDO,[174]
[244],0.0,0.015594,0.0,TComSampleAdaptiveOffset::invertQuantOffsets,[244]
,,,,,
,,0.0,0.015570,  TEncSlice::encodeSlice,[68]
[245],0.0,0.0,0.015570,TEncSbac::codeSAOBlkParam,[245]
,,0.015570,0.0,  TEncSbac::codeSAOOffsetParam,[246]
,,,,,
,,0.015570,0.0,  TEncSbac::codeSAOBlkParam,[245]
[246],0.0,0.015570,0.0,TEncSbac::codeSAOOffsetParam,[246]
,,,,,
,,0.015556,0.0,  TComSampleAdaptiveOffset::offsetCTU,[153]
[247],0.0,0.015556,0.0,TComPicSym::deriveLoopFilterBoundaryAvailibility,[247]
,,,,,
,,0.015541,0.0,  TEncSlice::compressSlice,[8]
[248],0.0,0.015541,0.0,TEncSbac::setBitstream,[248]
,,,,,
,,0.015529,0.0,  TEncSampleAdaptiveOffset::deriveModeMergeRDO,[221]
[249],0.0,0.015529,0.0,SAOBlkParam::operator=,[249]
,,,,,
,,0.0,0.015437,  TComDataCU::create,[206]
[250],0.0,0.0,0.015437,TComCUMvField::create,[250]
,,0.0,0.015437,  operator new,[251]
,,,,,
,,0.0,0.015437,  TComCUMvField::create,[250]
[251],0.0,0.0,0.015437,operator new,[251]
,,0.0,0.015437,  malloc_base,[210]
,,,,,
,,0.009627,0.0,  close_nolock,[255]
[252],0.0,0.009627,0.0,CloseHandle,[252]
,,,,,
,,0.0,0.009627,  close,[254]
[253],0.0,0.0,0.009627,"__crt_seh_guarded_call<int>::operator()<class <lambda_751a882b2c74d4b022dec766aa51a29a>,class <lambda_628dfdc04ba53c8bfc02c9951375f3f5> &,class <lambda_f6c7be5f7998530c34de24c7437d6b54> >",[253]
,,0.0,0.009627,  close_nolock,[255]
,,,,,
,,0.0,0.009627,  fclose_nolock,[257]
[254],0.0,0.0,0.009627,close,[254]
,,0.0,0.009627,"  __crt_seh_guarded_call<int>::operator()<class <lambda_751a882b2c74d4b022dec766aa51a29a>,class <lambda_628dfdc04ba53c8bfc02c9951375f3f5> &,class <lambda_f6c7be5f7998530c34de24c7437d6b54> >",[253]
,,,,,
,,0.0,0.009627,"  __crt_seh_guarded_call<int>::operator()<class <lambda_751a882b2c74d4b022dec766aa51a29a>,class <lambda_628dfdc04ba53c8bfc02c9951375f3f5> &,class <lambda_f6c7be5f7998530c34de24c7437d6b54> >",[253]
[255],0.0,0.0,0.009627,close_nolock,[255]
,,0.009627,0.0,  CloseHandle,[252]
,,,,,
,,0.0,0.009627,"  std::basic_fstream<char,struct std::char_traits<char> >::~basic_fstream<char,struct std::char_traits<char> >",[258]
[256],0.0,0.0,0.009627,fclose,[256]
,,0.0,0.009627,  fclose_nolock,[257]
,,,,,
,,0.0,0.009627,  fclose,[256]
[257],0.0,0.0,0.009627,fclose_nolock,[257]
,,0.0,0.009627,  close,[254]
,,,,,
,,0.0,0.009627,  TAppEncTop::encode,[3]
[258],0.0,0.0,0.009627,"std::basic_fstream<char,struct std::char_traits<char> >::~basic_fstream<char,struct std::char_traits<char> >",[258]
,,0.0,0.009627,  fclose,[256]
,,,,,


Index by function name

Index,Function
[241],AccessUnit::~AccessUnit
[1],BaseThreadInitThunk
[252],CloseHandle
[242],NALUnitEBSP::`scalar deleting destructor'
[80],QpParam::QpParam
[183],ReadFile
[205],RtlAllocateHeap
[177],RtlFreeHeap
[2],RtlUserThreadStart
[238],SAOBlkParam::SAOBlkParam
[249],SAOBlkParam::operator=
[3],TAppEncTop::encode
[142],TAppEncTop::xWriteOutput
[144],TComBitCounter::getNumberOfWrittenBits
[136],TComBitCounter::resetBits
[201],TComCUMvField::compress
[250],TComCUMvField::create
[151],TComDataCU::CUIsFromSameSliceAndTile
[130],TComDataCU::copyPartFrom
[122],TComDataCU::copyToPic
[206],TComDataCU::create
[219],TComDataCU::destroy
[74],TComDataCU::getCoefScanIdx
[197],TComDataCU::getCtxSplitFlag
[71],TComDataCU::getIntraDirPredictor
[196],TComDataCU::getPUAbove
[121],TComDataCU::getPUAboveLeft
[87],TComDataCU::getPUAboveRight
[101],TComDataCU::getPUBelowLeft
[230],TComDataCU::getPULeft
[125],TComDataCU::getQuadtreeTULog2MinSizeInCU
[172],TComDataCU::initCtu
[92],TComDataCU::initEstData
[114],TComDataCU::initSubCU
[228],TComDataCU::isLastSubCUOfCtu
[104],TComLoopFilter::loopFilterPic
[105],TComLoopFilter::xDeblockCU
[160],TComLoopFilter::xEdgeFilterChroma
[170],TComLoopFilter::xEdgeFilterLuma
[181],TComLoopFilter::xGetBoundaryStrengthSingle
[232],TComLoopFilter::xPelFilterLuma
[199],TComLoopFilter::xSetEdgefilterPU
[146],TComLoopFilter::xSetEdgefilterTU
[204],TComLoopFilter::xSetLoopfilterParam
[233],TComLoopFilter::xUseStrongFiltering
[224],TComOutputBitstream::`scalar deleting destructor'
[168],TComOutputBitstream::addSubstream
[126],TComOutputBitstream::write
[202],TComPic::compressMotion
[207],TComPic::create
[215],TComPic::destroy
[208],TComPicSym::create
[247],TComPicSym::deriveLoopFilterBoundaryAvailibility
[220],TComPicSym::destroy
[159],TComPicYuv::copyToPic
[231],TComPicYuv::destroy
[225],TComPicYuv::extendPicBorder
[138],TComPrediction::filteringIntraReferenceSamples
[43],TComPrediction::initIntraPatternChType
[31],TComPrediction::predIntraAng
[135],TComPrediction::predIntraGetPredValDC
[169],TComPrediction::xDCPredFiltering
[32],TComPrediction::xPredIntraAng
[86],TComPrediction::xPredIntraPlanar
[61],TComRdCost::getDistPart
[66],TComRdCost::xCalcHADs4x4
[37],TComRdCost::xCalcHADs8x8
[33],TComRdCost::xGetHADs
[132],TComRdCost::xGetSSE16
[143],TComRdCost::xGetSSE32
[91],TComRdCost::xGetSSE4
[120],TComRdCost::xGetSSE8
[240],TComSampleAdaptiveOffset::getMergeList
[244],TComSampleAdaptiveOffset::invertQuantOffsets
[156],TComSampleAdaptiveOffset::offsetBlock
[153],TComSampleAdaptiveOffset::offsetCTU
[158],TComTU::TComTU
[81],TComTU::TComTU
[106],TComTU::getGolombRiceStatisticsIndex
[70],TComTURecurse::nextSection
[30],TComTrQuant::getSigCtxInc
[117],TComTrQuant::invRdpcmNxN
[29],TComTrQuant::invTransformNxN
[95],TComTrQuant::rdpcmNxN
[17],TComTrQuant::transformNxN
[46],TComTrQuant::xDeQuant
[27],TComTrQuant::xGetCodedLevel
[28],TComTrQuant::xGetICRate
[35],TComTrQuant::xIT
[99],TComTrQuant::xITransformSkip
[18],TComTrQuant::xQuant
[19],TComTrQuant::xRateDistOptQuant
[39],TComTrQuant::xT
[97],TComTrQuant::xTransformSkip
[154],TComYuv::copyFromPicComponent
[82],TComYuv::copyPartToPartComponent
[133],TComYuv::copyToPartComponent
[134],TComYuv::copyToPicComponent
[131],TComYuv::copyToPicYuv
[116],TComYuv::getAddr
[59],TComYuv::getAddr
[229],TComYuv::getStride
[90],TEncBinCABAC::copyState
[226],TEncBinCABAC::encodeAlignedBinsEP
[112],TEncBinCABAC::encodeBin
[227],TEncBinCABAC::encodeBinEP
[137],TEncBinCABAC::encodeBinsEP
[141],TEncBinCABAC::getTEncBinCABAC
[235],TEncBinCABAC::init
[128],TEncBinCABAC::resetBits
[147],TEncBinCABAC::writeOut
[36],TEncBinCABACCounter::encodeBin
[171],TEncBinCABACCounter::encodeBinEP
[50],TEncBinCABACCounter::encodeBinsEP
[107],TEncBinCABACCounter::getNumWrittenBits
[9],TEncCu::compressCtu
[194],TEncCu::finishCU
[222],TEncCu::xCheckDQP
[12],TEncCu::xCheckRDCostIntra
[10],TEncCu::xCompressCU
[218],TEncCu::xComputeQP
[152],TEncCu::xCopyYuv2Pic
[129],TEncCu::xCopyYuv2Tmp
[52],TEncCu::xEncodeCU
[56],TEncEntropy::encodeCoeff
[24],TEncEntropy::encodeCoeffNxN
[127],TEncEntropy::encodePredInfo
[41],TEncEntropy::xEncodeTransform
[7],TEncGOP::compressGOP
[192],TEncGOP::xCalculateAddPSNR
[193],TEncGOP::xCalculateAddPSNRs
[96],TEncSampleAdaptiveOffset::SAOProcess
[139],TEncSampleAdaptiveOffset::decideBlkParams
[221],TEncSampleAdaptiveOffset::deriveModeMergeRDO
[174],TEncSampleAdaptiveOffset::deriveModeNewRDO
[175],TEncSampleAdaptiveOffset::deriveOffsets
[200],TEncSampleAdaptiveOffset::estIterOffset
[111],TEncSampleAdaptiveOffset::getBlkStats
[237],TEncSampleAdaptiveOffset::getDistortion
[110],TEncSampleAdaptiveOffset::getStatistics
[20],TEncSbac::codeCoeffNxN
[198],TEncSbac::codeCrossComponentPrediction
[150],TEncSbac::codeIntraDirChroma
[48],TEncSbac::codeIntraDirLumaAng
[55],TEncSbac::codeLastSignificantXY
[140],TEncSbac::codePartSize
[85],TEncSbac::codeQtCbf
[245],TEncSbac::codeSAOBlkParam
[246],TEncSbac::codeSAOOffsetParam
[176],TEncSbac::codeSplitFlag
[100],TEncSbac::codeTransformSkipFlags
[187],TEncSbac::codeTransformSubdivFlag
[47],TEncSbac::estBit
[83],TEncSbac::estCBFBit
[75],TEncSbac::estLastSignificantPositionBit
[123],TEncSbac::estSignificantCoeffGroupMapBit
[77],TEncSbac::estSignificantCoefficientsBit
[72],TEncSbac::estSignificantMapBit
[115],TEncSbac::getNumberOfWrittenBits
[98],TEncSbac::resetBits
[248],TEncSbac::setBitstream
[34],TEncSbac::xWriteCoefRemainExGolomb
[21],TEncSearch::estIntraPredChromaQT
[13],TEncSearch::estIntraPredLumaQT
[23],TEncSearch::xEncCoeffQT
[63],TEncSearch::xEncIntraHeader
[58],TEncSearch::xEncSubdivCbfQT
[16],TEncSearch::xIntraCodingTUBlock
[102],TEncSearch::xLoadIntraResultQT
[49],TEncSearch::xModeBitsIntra
[25],TEncSearch::xRecurIntraChromaCodingQT
[15],TEncSearch::xRecurIntraCodingLumaQT
[94],TEncSearch::xSetIntraResultChromaQT
[109],TEncSearch::xSetIntraResultLumaQT
[76],TEncSearch::xStoreIntraResultQT
[89],TEncSearch::xUpdateCandList
[8],TEncSlice::compressSlice
[68],TEncSlice::encodeSlice
[6],TEncTop::encode
[209],TEncTop::xGetNewPicBuffer
[188],TVideoIOYuv::ColourSpaceConvert
[167],TVideoIOYuv::read
[148],TVideoIOYuv::write
[161],WriteFile
[124],[Unknown stack frame(s)]
[253],"__crt_seh_guarded_call<int>::operator()<class <lambda_751a882b2c74d4b022dec766aa51a29a>,class <lambda_628dfdc04ba53c8bfc02c9951375f3f5> &,class <lambda_f6c7be5f7998530c34de24c7437d6b54> >"
[162],_acrt_stdio_flush_and_write_narrow_nolock
[84],_chkstk
[4],_scrt_common_main_seh
[79],_security_check_cookie
[239],`eh vector constructor iterator'
[214],aligned_free
[212],aligned_offset_malloc_base
[254],close
[255],close_nolock
[184],common_refill_and_read_nolock<char>
[189],copyPlane
[69],fastForwardDst
[60],fastInverseDst
[256],fclose
[257],fclose_nolock
[182],fgetc
[51],fillReferenceSamples
[163],fputc
[178],free_base
[54],getTUEntropyCodingParameters
[119],isAboveAvailable
[118],isLeftAvailable
[5],main
[210],malloc_base
[42],memcpy
[45],memset
[251],operator new
[73],partialButterfly16
[64],partialButterfly32
[113],partialButterfly4
[78],partialButterfly8
[65],partialButterflyInverse16
[67],partialButterflyInverse32
[88],partialButterflyInverse4
[62],partialButterflyInverse8
[185],read
[173],readPlane
[186],read_nolock
[213],scalePlane
[195],std::_Deque_iterator<class std::_Deque_val<struct std::_Deque_simple_types<class TComSlice *> > >::operator+
[211],"std::_Insert_string<char,struct std::char_traits<char>,unsigned __int64>"
[258],"std::basic_fstream<char,struct std::char_traits<char> >::~basic_fstream<char,struct std::char_traits<char> >"
[179],"std::basic_istream<char,struct std::char_traits<char> >::read"
[157],"std::basic_ostream<char,struct std::char_traits<char> >::write"
[190],"std::basic_ostringstream<char,struct std::char_traits<char>,class std::allocator<char> >::str"
[243],"std::basic_ostringstream<char,struct std::char_traits<char>,class std::allocator<char> >::~basic_ostringstream<char,struct std::char_traits<char>,class std::allocator<char> >"
[223],"std::basic_string<char,struct std::char_traits<char>,class std::allocator<char> >::_Tidy_deallocate"
[217],"std::deque<class TComSlice *,class std::allocator<class TComSlice *> >::begin"
[236],"std::vector<class TComOutputBitstream,class std::allocator<class TComOutputBitstream> >::_Tidy"
[216],"std::vector<unsigned char,class std::allocator<unsigned char> >::_Change_array"
[203],"std::vector<unsigned char,class std::allocator<unsigned char> >::_Tidy"
[155],"std::vector<unsigned char,class std::allocator<unsigned char> >::emplace_back<unsigned char const &>"
[234],"std::vector<unsigned char,std::allocator<unsigned char> >::_Resize<<lambda_2b51424039c320f102fd798e073c89b2> >"
[180],write
[164],write
[191],writeAnnexB
[149],writePlane
[165],write_buffer_nolock<char>
[166],write_nolock
[38],xITrMxN
[44],xTrMxN
[53],<cycle 1>
[40],<cycle 2>
[103],<cycle 3>
[145],<cycle 4>
[93],<cycle 5>
[57],<cycle 6>
[26],<cycle 7>
[22],<cycle 8>
[108],<cycle 9>
[14],<cycle 10>
[11],<cycle 11>
