Index,% CPU Time:Total,CPU Time:Self,CPU Time:Children,Name,Index
,,0.0,2647.052477,  RtlUserThreadStart,[2]
[1],100.0,0.0,2647.052477,BaseThreadInitThunk,[1]
,,0.0,2647.052477,  _scrt_common_main_seh,[4]
,,,,,
,,,,  <spontaneous>,
[2],100.0,0.0,2647.052477,RtlUserThreadStart,[2]
,,0.0,2647.052477,  BaseThreadInitThunk,[1]
,,,,,
,,0.0,2647.052477,  main,[5]
[3],100.0,0.0,2647.052477,TAppEncTop::encode,[3]
,,0.0,1.523806,  TAppEncTop::xWriteOutput,[140]
,,0.0,0.108859,  TComPic::destroy,[204]
,,0.0,2644.458347,  TEncTop::encode,[6]
,,0.0,0.949416,  TVideoIOYuv::read,[168]
,,0.0,0.012050,"  std::basic_filebuf<char,struct std::char_traits<char> >::close",[248]
,,,,,
,,0.0,2647.052477,  BaseThreadInitThunk,[1]
[4],100.0,0.0,2647.052477,_scrt_common_main_seh,[4]
,,0.0,2647.052477,  main,[5]
,,,,,
,,0.0,2647.052477,  _scrt_common_main_seh,[4]
[5],100.0,0.0,2647.052477,main,[5]
,,0.0,2647.052477,  TAppEncTop::encode,[3]
,,,,,
,,0.0,2644.458347,  TAppEncTop::encode,[3]
[6],99.9,0.0,2644.458347,TEncTop::encode,[6]
,,0.093558,2643.540958,  TEncGOP::compressGOP,[7]
,,0.0,0.699713,  TComPicYuv::copyToPic,[147]
,,0.0,0.124117,  TEncTop::xGetNewPicBuffer,[201]
,,,,,
,,0.093558,2643.540958,  TEncTop::encode,[6]
[7],99.87,0.093558,2643.540958,TEncGOP::compressGOP,[7]
,,0.326860,0.062318,  TComOutputBitstream::write,[141]
,,0.062368,0.125303,  write,[190]
,,0.046594,2617.492101,  TEncSlice::compressSlice,[8]
,,0.031131,0.451588,  TComOutputBitstream::addSubstream,[173]
,,0.015596,0.093405,  TComPic::compressMotion,[202]
,,0.0,4.279680,  TComLoopFilter::loopFilterPic,[107]
,,0.0,0.326900,  TComPicYuv::copyToPic,[147]
,,0.0,0.218490,  TEncGOP::xCalculateAddPSNRs,[188]
,,0.0,6.645790,  TEncSampleAdaptiveOffset::SAOProcess,[95]
,,0.0,13.238039,  TEncSlice::encodeSlice,[72]
,,0.0,0.015558,  [Unknown stack frame(s)],[150]
,,0.0,0.109237,"  std::basic_ostringstream<char,struct std::char_traits<char>,class std::allocator<char> >::str",[191]
,,,,,
,,0.046594,2617.492101,  TEncGOP::compressGOP,[7]
[8],98.89,0.046594,2617.492101,TEncSlice::compressSlice,[8]
,,0.077554,0.186152,  TComDataCU::initCtu,[171]
,,0.046585,8.688514,  TEncCu::xEncodeCU <cycle 2>,[56]
,,0.0,2608.493296,  TEncCu::compressCtu,[9]
,,,,,
,,0.0,2608.493296,  TEncSlice::compressSlice,[8]
[9],98.54,0.0,2608.493296,TEncCu::compressCtu,[9]
,,1.380961,2606.382580,  TEncCu::xCompressCU <cycle 12>,[11]
,,0.077682,0.279329,  TComDataCU::initCtu,[171]
,,0.0,0.372743,  [Unknown stack frame(s)],[150]
,,,,,
,,1.380961,2606.382580,  TEncCu::compressCtu,[9]
[10],98.52,1.380961,2606.382580,<cycle 12 as a whole>,[10]
,,1.380961,2606.382580,  TEncCu::xCompressCU <cycle 12>,[11]
,,,,,
,,,,  TEncCu::xCompressCU <cycle 12>,[11]
,,1.380961,2606.382580,  TEncCu::compressCtu,[9]
[11],98.52,1.380961,2606.382580,TEncCu::xCompressCU <cycle 12>,[11]
,,5.167403,3.056937,  TComDataCU::initEstData,[84]
,,2.110881,1.993243,  TComDataCU::initSubCU,[110]
,,1.629388,2579.245920,  TEncCu::xCheckRDCostIntra,[12]
,,1.132300,0.0,  memcpy,[35]
,,0.729770,1.396319,  TComDataCU::copyPartFrom,[129]
,,0.574573,2.076491,  TComDataCU::copyToPic,[126]
,,0.403301,2.032653,  TEncCu::xCopyYuv2Tmp,[127]
,,0.325969,0.744704,  TComYuv::copyFromPicComponent,[158]
,,0.201903,0.093109,  TEncSbac::codeSplitFlag,[175]
,,0.170627,0.953778,  TEncCu::xCopyYuv2Pic,[156]
,,0.108828,0.0,  TEncCu::xComputeQP,[206]
,,0.108476,0.046526,  TEncBinCABAC::copyState,[81]
,,0.093029,0.046564,  TEncSbac::resetBits,[93]
,,0.077602,1.039666,  TComYuv::copyToPicYuv,[132]
,,0.046617,0.0,"  std::deque<class TComSlice *,class std::allocator<class TComSlice *> >::begin",[216]
,,0.046563,0.0,  std::_Deque_iterator<class std::_Deque_val<struct std::_Deque_simple_types<class TComSlice *> > >::operator+,[218]
,,0.015538,0.0,  TComBitCounter::resetBits,[130]
,,0.015450,0.0,  TEncBinCABACCounter::getNumWrittenBits,[102]
,,,,  TEncCu::xCompressCU <cycle 12>,[11]
,,0.0,0.698452,  [Unknown stack frame(s)],[150]
,,,,,
,,1.629388,2579.245920,  TEncCu::xCompressCU <cycle 12>,[11]
[12],97.5,1.629388,2579.245920,TEncCu::xCheckRDCostIntra,[12]
,,15.636900,1900.635481,  TEncSearch::estIntraPredLumaQT,[13]
,,3.080146,610.016377,  TEncSearch::estIntraPredChromaQT,[20]
,,2.358984,43.785908,  TEncEntropy::xEncodeTransform <cycle 1>,[43]
,,1.179725,0.0,  memcpy,[35]
,,0.302255,0.0,  TComTU::TComTU,[148]
,,0.217231,0.0,  memset,[44]
,,0.124204,0.0,  TEncBinCABAC::copyState,[81]
,,0.108615,1.489703,  TEncEntropy::encodePredInfo,[124]
,,0.046451,0.015587,  TEncSbac::codePartSize,[149]
,,0.030998,0.0,  _chkstk,[90]
,,0.030905,0.0,  TEncCu::xCheckDQP,[233]
,,0.015579,0.0,  TEncSbac::getNumberOfWrittenBits,[123]
,,0.0,0.031043,  TEncBinCABACCounter::getNumWrittenBits,[102]
,,0.0,0.015568,  TEncSbac::resetBits,[93]
,,0.0,0.124261,  [Unknown stack frame(s)],[150]
,,,,,
,,15.636900,1900.635481,  TEncCu::xCheckRDCostIntra,[12]
[13],72.39,15.636900,1900.635481,TEncSearch::estIntraPredLumaQT,[13]
,,22.280938,1588.074027,  TEncSearch::xRecurIntraCodingLumaQT <cycle 11>,[14]
,,9.760193,109.037507,  TComRdCost::xGetHADs,[32]
,,9.154401,0.0,  memcpy,[35]
,,7.713279,94.214619,  TComPrediction::predIntraAng,[29]
,,7.129788,0.0,  TEncSearch::xUpdateCandList,[92]
,,6.672802,28.172970,  TEncSearch::xModeBitsIntra,[49]
,,2.358805,4.041568,  TComPrediction::initIntraPatternChType,[40]
,,1.412758,1.070119,  TEncBinCABACCounter::getNumWrittenBits,[102]
,,1.333820,0.481047,  TEncBinCABAC::copyState,[81]
,,1.055151,2.994983,  TEncSearch::xSetIntraResultLumaQT <cycle 10>,[112]
,,0.760258,0.0,  TEncSbac::getNumberOfWrittenBits,[123]
,,0.744739,0.0,  TComTURecurse::nextSection,[71]
,,0.697817,0.0,  memset,[44]
,,0.620554,0.0,  TComDataCU::getIntraDirPredictor,[69]
,,0.527287,0.0,  TComTU::TComTU,[87]
,,0.264011,0.0,  TComTU::TComTU,[148]
,,0.031074,0.0,  TComYuv::getStride,[232]
,,0.015514,0.0,  _security_check_cookie,[79]
,,0.015448,0.0,  _chkstk,[90]
,,,,,
,,,,  TEncSearch::xRecurIntraCodingLumaQT <cycle 11>,[14]
,,22.280938,1588.074027,  TEncSearch::estIntraPredLumaQT,[13]
[14],60.84,22.280938,1588.074027,TEncSearch::xRecurIntraCodingLumaQT <cycle 11>,[14]
,,67.307685,1066.120473,  TEncSearch::xIntraCodingTUBlock,[16]
,,41.171469,0.0,  memcpy,[35]
,,5.971921,8.052328,  TEncSearch::xEncSubdivCbfQT <cycle 7>,[54]
,,4.538060,350.437283,  TEncSearch::xEncCoeffQT <cycle 8>,[23]
,,2.856223,14.577082,  TEncSearch::xEncIntraHeader,[61]
,,2.187822,1.171613,  TEncSbac::resetBits,[93]
,,1.939970,0.388004,  TEncBinCABAC::copyState,[81]
,,1.736372,2.471107,  TEncSearch::xLoadIntraResultQT,[99]
,,1.629137,0.0,  TEncSbac::getNumberOfWrittenBits,[123]
,,1.535997,0.0,  memset,[44]
,,1.257297,0.0,  TComTURecurse::nextSection,[71]
,,1.256597,0.0,  TComDataCU::getQuadtreeTULog2MinSizeInCU,[121]
,,1.163695,6.409371,  TEncSearch::xStoreIntraResultQT,[78]
,,1.163550,0.667392,  TEncBinCABACCounter::getNumWrittenBits,[102]
,,1.101773,0.0,  TComBitCounter::resetBits,[130]
,,0.480927,0.0,  _chkstk,[90]
,,0.325819,0.0,  TComTU::TComTU,[87]
,,0.155060,0.0,  _security_check_cookie,[79]
,,,,  TEncSearch::xRecurIntraCodingLumaQT <cycle 11>,[14]
,,,,,
,,22.280938,1588.074027,  TEncSearch::estIntraPredLumaQT,[13]
[15],60.84,22.280938,1588.074027,<cycle 11 as a whole>,[15]
,,22.280938,1588.074027,  TEncSearch::xRecurIntraCodingLumaQT <cycle 11>,[14]
,,,,,
,,24.280993,388.198254,  TEncSearch::xRecurIntraChromaCodingQT <cycle 9>,[24]
,,67.307685,1066.120473,  TEncSearch::xRecurIntraCodingLumaQT <cycle 11>,[14]
[16],58.4,91.588678,1454.318726,TEncSearch::xIntraCodingTUBlock,[16]
,,19.800151,0.0,  TComYuv::getAddr,[55]
,,17.080785,47.196759,  TComPrediction::initIntraPatternChType,[40]
,,10.279539,1062.347908,  TComTrQuant::transformNxN,[17]
,,8.612031,0.0,  QpParam::QpParam,[82]
,,8.053490,164.292904,  TComTrQuant::invTransformNxN,[28]
,,5.858026,32.785026,  TComPrediction::predIntraAng,[29]
,,5.065934,15.291235,  TComRdCost::getDistPart,[59]
,,3.506872,0.0,  memset,[44]
,,3.086931,48.982156,  TEncSbac::estBit,[47]
,,2.078980,0.0,  TComPrediction::filteringIntraReferenceSamples,[131]
,,,,,
,,10.279539,1062.347908,  TEncSearch::xIntraCodingTUBlock,[16]
[17],40.52,10.279539,1062.347908,TComTrQuant::transformNxN,[17]
,,10.114631,69.763316,  TComTrQuant::xT,[39]
,,6.035653,962.644220,  TComTrQuant::xQuant,[18]
,,5.838976,0.0,  TComTrQuant::xTransformSkip,[98]
,,5.732736,2.218376,  TComTrQuant::rdpcmNxN,[86]
,,,,,
,,6.035653,962.644220,  TComTrQuant::transformNxN,[17]
[18],36.59,6.035653,962.644220,TComTrQuant::xQuant,[18]
,,557.279288,404.124063,  TComTrQuant::xRateDistOptQuant,[19]
,,0.946099,0.0,  _chkstk,[90]
,,0.294769,0.0,  _security_check_cookie,[79]
,,,,,
,,557.279288,404.124063,  TComTrQuant::xQuant,[18]
[19],36.32,557.279288,404.124063,TComTrQuant::xRateDistOptQuant,[19]
,,165.261931,49.739549,  TComTrQuant::xGetCodedLevel,[27]
,,73.297507,0.0,  TComTrQuant::xGetICRate,[31]
,,63.560592,0.0,  TComTrQuant::getSigCtxInc,[30]
,,37.345712,0.0,  memset,[44]
,,6.066267,5.415418,  getTUEntropyCodingParameters,[52]
,,1.614344,0.0,  TComTU::getGolombRiceStatisticsIndex,[117]
,,1.047058,0.0,  _chkstk,[90]
,,0.775686,0.0,  _security_check_cookie,[79]
,,,,,
,,3.080146,610.016377,  TEncCu::xCheckRDCostIntra,[12]
[20],23.16,3.080146,610.016377,TEncSearch::estIntraPredChromaQT,[20]
,,11.442676,475.956110,  TEncSearch::xRecurIntraChromaCodingQT <cycle 9>,[24]
,,4.389698,0.0,  memcpy,[35]
,,3.863139,5.671758,  TEncSearch::xEncSubdivCbfQT <cycle 7>,[54]
,,3.195587,95.040798,  TEncSearch::xEncCoeffQT <cycle 8>,[23]
,,2.133237,4.258332,  TEncSearch::xSetIntraResultChromaQT <cycle 6>,[96]
,,0.418945,0.0,  TComTU::TComTU,[148]
,,0.418917,0.186186,  TEncBinCABAC::copyState,[81]
,,0.403401,0.0,  TComTU::TComTU,[87]
,,0.326040,1.163708,  TEncSearch::xEncIntraHeader,[61]
,,0.325729,0.0,  TEncSbac::getNumberOfWrittenBits,[123]
,,0.263627,0.030983,  TEncSbac::resetBits,[93]
,,0.263556,0.0,  memset,[44]
,,0.093148,0.0,  TComBitCounter::resetBits,[130]
,,0.093111,0.046534,  TEncBinCABACCounter::getNumWrittenBits,[102]
,,0.031156,0.0,  TComTURecurse::nextSection,[71]
,,,,,
,,29.817268,29.339447,  TEncEntropy::xEncodeTransform <cycle 1>,[43]
,,243.145660,228.952420,  TEncEntropy::encodeCoeffNxN,[26]
[21],20.07,272.962928,258.291867,TEncSbac::codeCoeffNxN,[21]
,,71.657267,0.0,  TComTrQuant::getSigCtxInc,[30]
,,68.342682,0.0,  TEncBinCABACCounter::encodeBin,[38]
,,44.196308,9.661604,  TEncSbac::xWriteCoefRemainExGolomb,[45]
,,14.475515,11.584327,  TEncSbac::codeLastSignificantXY,[51]
,,7.430933,6.478410,  getTUEntropyCodingParameters,[52]
,,7.060835,0.0,  memset,[44]
,,5.631930,0.0,  TEncBinCABACCounter::encodeBinsEP,[70]
,,3.320410,1.877810,  TEncSbac::codeTransformSkipFlags,[101]
,,2.365896,0.0,  TEncBinCABAC::encodeBin,[120]
,,2.078815,0.0,  TComTU::getGolombRiceStatisticsIndex,[117]
,,1.102115,0.0,  _security_check_cookie,[79]
,,0.280188,0.202257,  TEncBinCABAC::encodeBinsEP,[154]
,,0.217863,0.280116,  TEncBinCABAC::writeOut,[153]
,,0.031071,0.015514,  TEncBinCABAC::encodeAlignedBinsEP,[217]
,,,,,
,,0.775962,37.984561,  TEncSearch::xRecurIntraChromaCodingQT <cycle 9>,[24]
,,3.195587,95.040798,  TEncSearch::estIntraPredChromaQT,[20]
,,4.538060,350.437283,  TEncSearch::xRecurIntraCodingLumaQT <cycle 11>,[14]
[22],18.59,8.509609,483.462641,<cycle 8 as a whole>,[22]
,,8.509609,483.462641,  TEncSearch::xEncCoeffQT <cycle 8>,[23]
,,,,,
,,,,  TEncSearch::xEncCoeffQT <cycle 8>,[23]
,,0.775962,37.984561,  TEncSearch::xRecurIntraChromaCodingQT <cycle 9>,[24]
,,3.195587,95.040798,  TEncSearch::estIntraPredChromaQT,[20]
,,4.538060,350.437283,  TEncSearch::xRecurIntraCodingLumaQT <cycle 11>,[14]
[23],18.59,8.509609,483.462641,TEncSearch::xEncCoeffQT <cycle 8>,[23]
,,4.763235,0.0,  TComTURecurse::nextSection,[71]
,,4.041603,472.563373,  TEncEntropy::encodeCoeffNxN,[26]
,,1.504878,0.0,  TComTU::TComTU,[87]
,,0.589553,0.0,  _security_check_cookie,[79]
,,,,  TEncSearch::xEncCoeffQT <cycle 8>,[23]
,,,,,
,,,,  TEncSearch::xRecurIntraChromaCodingQT <cycle 9>,[24]
,,11.442676,475.956110,  TEncSearch::estIntraPredChromaQT,[20]
[24],18.41,11.442676,475.956110,TEncSearch::xRecurIntraChromaCodingQT <cycle 9>,[24]
,,24.280993,388.198254,  TEncSearch::xIntraCodingTUBlock,[16]
,,12.490782,0.0,  memcpy,[35]
,,2.730526,0.0,  TComTURecurse::nextSection,[71]
,,2.412684,0.0,  TComTU::TComTU,[87]
,,1.271931,0.0,  memset,[44]
,,0.775962,37.984561,  TEncSearch::xEncCoeffQT <cycle 8>,[23]
,,0.698303,0.031013,  TEncBinCABAC::copyState,[81]
,,0.558563,0.589400,  TEncSearch::xLoadIntraResultQT,[99]
,,0.457615,0.263745,  TEncSbac::resetBits,[93]
,,0.418708,2.140796,  TEncSearch::xStoreIntraResultQT,[78]
,,0.170729,0.0,  _security_check_cookie,[79]
,,0.155241,0.0,  TEncSbac::getNumberOfWrittenBits,[123]
,,0.139916,0.046574,  TEncBinCABACCounter::getNumWrittenBits,[102]
,,0.139816,0.0,  TComBitCounter::resetBits,[130]
,,,,  TEncSearch::xRecurIntraChromaCodingQT <cycle 9>,[24]
,,,,,
,,11.442676,475.956110,  TEncSearch::estIntraPredChromaQT,[20]
[25],18.41,11.442676,475.956110,<cycle 9 as a whole>,[25]
,,11.442676,475.956110,  TEncSearch::xRecurIntraChromaCodingQT <cycle 9>,[24]
,,,,,
,,4.041603,472.563373,  TEncSearch::xEncCoeffQT <cycle 8>,[23]
[26],18.01,4.041603,472.563373,TEncEntropy::encodeCoeffNxN,[26]
,,243.145660,228.952420,  TEncSbac::codeCoeffNxN,[21]
,,0.465293,0.0,  _security_check_cookie,[79]
,,,,,
,,165.261931,49.739549,  TComTrQuant::xRateDistOptQuant,[19]
[27],8.12,165.261931,49.739549,TComTrQuant::xGetCodedLevel,[27]
,,49.739549,0.0,  TComTrQuant::xGetICRate,[31]
,,,,,
,,8.053490,164.292904,  TEncSearch::xIntraCodingTUBlock,[16]
[28],6.51,8.053490,164.292904,TComTrQuant::invTransformNxN,[28]
,,53.302507,0.0,  TComTrQuant::xDeQuant,[46]
,,10.746027,91.029343,  TComTrQuant::xIT,[34]
,,5.322488,0.0,  TComTrQuant::xITransformSkip,[100]
,,3.814882,0.0,  TComTrQuant::invRdpcmNxN,[114]
,,0.077657,0.0,  _security_check_cookie,[79]
,,,,,
,,5.858026,32.785026,  TEncSearch::xIntraCodingTUBlock,[16]
,,7.713279,94.214619,  TEncSearch::estIntraPredLumaQT,[13]
[29],5.31,13.571305,126.999646,TComPrediction::predIntraAng,[29]
,,110.568145,7.750332,  TComPrediction::xPredIntraAng,[33]
,,7.548148,0.0,  TComPrediction::xPredIntraPlanar,[88]
,,1.133021,0.0,  TComPrediction::xDCPredFiltering,[155]
,,,,,
,,63.560592,0.0,  TComTrQuant::xRateDistOptQuant,[19]
,,71.657267,0.0,  TEncSbac::codeCoeffNxN,[21]
[30],5.11,135.217859,0.0,TComTrQuant::getSigCtxInc,[30]
,,,,,
,,49.739549,0.0,  TComTrQuant::xGetCodedLevel,[27]
,,73.297507,0.0,  TComTrQuant::xRateDistOptQuant,[19]
[31],4.65,123.037056,0.0,TComTrQuant::xGetICRate,[31]
,,,,,
,,9.760193,109.037507,  TEncSearch::estIntraPredLumaQT,[13]
[32],4.49,9.760193,109.037507,TComRdCost::xGetHADs,[32]
,,89.786251,0.356877,  TComRdCost::xCalcHADs8x8,[36]
,,18.406230,0.488149,  TComRdCost::xCalcHADs4x4,[62]
,,,,,
,,110.568145,7.750332,  TComPrediction::predIntraAng,[29]
[33],4.47,110.568145,7.750332,TComPrediction::xPredIntraAng,[33]
,,3.211448,0.0,  memcpy,[35]
,,2.017323,0.0,  TComPrediction::predIntraGetPredValDC,[134]
,,1.466341,0.0,  _chkstk,[90]
,,1.055219,0.0,  _security_check_cookie,[79]
,,,,,
,,10.746027,91.029343,  TComTrQuant::invTransformNxN,[28]
[34],3.84,10.746027,91.029343,TComTrQuant::xIT,[34]
,,3.802487,83.612019,  xITrMxN,[37]
,,2.342874,0.0,  memcpy,[35]
,,0.930849,0.0,  _chkstk,[90]
,,0.341114,0.0,  _security_check_cookie,[79]
,,,,,
,,0.015553,0.0,"  std::_Insert_string<char,struct std::char_traits<char>,unsigned __int64>",[215]
,,0.046756,0.0,"  std::basic_ostream<char,struct std::char_traits<char> >::write",[159]
,,0.093494,0.0,  TEncSampleAdaptiveOffset::deriveModeNewRDO,[170]
,,0.108951,0.0,"  std::vector<unsigned char,class std::allocator<unsigned char> >::emplace_back<unsigned char const &>",[179]
,,0.171485,0.0,"  std::basic_ostringstream<char,struct std::char_traits<char>,class std::allocator<char> >::str",[191]
,,0.233404,0.0,  copyPlane,[186]
,,0.667053,0.0,  TComYuv::copyToPartComponent,[133]
,,0.744704,0.0,  TComYuv::copyFromPicComponent,[158]
,,0.765447,0.0,  TEncSearch::xLoadIntraResultQT,[99]
,,1.008375,0.0,  TComYuv::copyToPicComponent,[135]
,,1.132300,0.0,  TEncCu::xCompressCU <cycle 12>,[11]
,,1.148716,0.0,  TEncSearch::xModeBitsIntra,[49]
,,1.179725,0.0,  TEncCu::xCheckRDCostIntra,[12]
,,1.307576,0.0,  TComPicYuv::copyToPic,[147]
,,1.396319,0.0,  TComDataCU::copyPartFrom,[129]
,,1.644831,0.0,  TEncSearch::xSetIntraResultLumaQT <cycle 10>,[112]
,,1.845837,0.0,  TEncSearch::xStoreIntraResultQT,[78]
,,1.961896,0.0,  TEncSearch::xSetIntraResultChromaQT <cycle 6>,[96]
,,2.076491,0.0,  TComDataCU::copyToPic,[126]
,,2.133331,0.0,  TComYuv::copyPartToPartComponent,[80]
,,2.342874,0.0,  TComTrQuant::xIT,[34]
,,2.622513,0.0,  TComTrQuant::xT,[39]
,,3.211448,0.0,  TComPrediction::xPredIntraAng,[33]
,,4.389698,0.0,  TEncSearch::estIntraPredChromaQT,[20]
,,9.154401,0.0,  TEncSearch::estIntraPredLumaQT,[13]
,,12.490782,0.0,  TEncSearch::xRecurIntraChromaCodingQT <cycle 9>,[24]
,,41.171469,0.0,  TEncSearch::xRecurIntraCodingLumaQT <cycle 11>,[14]
[35],3.59,95.065430,0.0,memcpy,[35]
,,,,,
,,89.786251,0.356877,  TComRdCost::xGetHADs,[32]
[36],3.41,89.786251,0.356877,TComRdCost::xCalcHADs8x8,[36]
,,0.356877,0.0,  _security_check_cookie,[79]
,,,,,
,,3.802487,83.612019,  TComTrQuant::xIT,[34]
[37],3.3,3.802487,83.612019,xITrMxN,[37]
,,20.455924,0.093143,  partialButterflyInverse8,[58]
,,18.635203,0.0,  fastInverseDst,[63]
,,18.588341,0.0,  partialButterflyInverse32,[65]
,,16.541535,0.015524,  partialButterflyInverse16,[66]
,,8.476166,0.0,  partialButterflyInverse4,[83]
,,0.465120,0.0,  _chkstk,[90]
,,0.341063,0.0,  _security_check_cookie,[79]
,,,,,
,,0.015519,0.0,  TEncSbac::codeSplitFlag,[175]
,,0.015527,0.0,  TEncEntropy::xEncodeTransform <cycle 1>,[43]
,,0.248239,0.0,  TEncSbac::codeIntraDirChroma,[146]
,,0.341792,0.0,  TEncSbac::codePartSize,[149]
,,0.419010,0.0,  TEncSearch::xEncSubdivCbfQT <cycle 7>,[54]
,,1.691106,0.0,  TEncSbac::codeTransformSkipFlags,[101]
,,2.187248,0.0,  TEncSbac::codeQtCbf,[85]
,,2.747383,0.0,  TEncSbac::codeIntraDirLumaAng,[48]
,,10.449362,0.0,  TEncSbac::codeLastSignificantXY,[51]
,,68.342682,0.0,  TEncSbac::codeCoeffNxN,[21]
[38],3.27,86.457868,0.0,TEncBinCABACCounter::encodeBin,[38]
,,,,,
,,10.114631,69.763316,  TComTrQuant::transformNxN,[17]
[39],3.02,10.114631,69.763316,TComTrQuant::xT,[39]
,,3.941573,62.462001,  xTrMxN,[41]
,,2.622513,0.0,  memcpy,[35]
,,0.387988,0.0,  _security_check_cookie,[79]
,,0.349241,0.0,  _chkstk,[90]
,,,,,
,,2.358805,4.041568,  TEncSearch::estIntraPredLumaQT,[13]
,,17.080785,47.196759,  TEncSearch::xIntraCodingTUBlock,[16]
[40],2.67,19.439590,51.238327,TComPrediction::initIntraPatternChType,[40]
,,28.694862,0.279394,  fillReferenceSamples,[50]
,,6.973802,0.232464,  TComDataCU::getPUAboveRight,[91]
,,4.461036,0.217202,  TComDataCU::getPUBelowLeft,[103]
,,4.018140,0.0,  isLeftAvailable,[113]
,,3.731504,0.0,  isAboveAvailable,[116]
,,1.738024,0.628147,  TComDataCU::getPUAboveLeft,[128]
,,0.263751,0.0,  _security_check_cookie,[79]
,,,,,
,,3.941573,62.462001,  TComTrQuant::xT,[39]
[41],2.51,3.941573,62.462001,xTrMxN,[41]
,,18.560582,0.031015,  partialButterfly32,[64]
,,15.991164,0.0,  fastForwardDst,[68]
,,12.186881,0.0,  partialButterfly16,[73]
,,10.526102,0.0,  partialButterfly8,[76]
,,4.204191,0.0,  partialButterfly4,[109]
,,0.620454,0.0,  _chkstk,[90]
,,0.341613,0.0,  _security_check_cookie,[79]
,,,,,
,,1.320928,18.786621,  TEncEntropy::encodeCoeff,[60]
,,2.358984,43.785908,  TEncCu::xCheckRDCostIntra,[12]
[42],2.5,3.679912,62.572529,<cycle 1 as a whole>,[42]
,,3.679912,62.572529,  TEncEntropy::xEncodeTransform <cycle 1>,[43]
,,,,,
,,,,  TEncEntropy::xEncodeTransform <cycle 1>,[43]
,,1.320928,18.786621,  TEncEntropy::encodeCoeff,[60]
,,2.358984,43.785908,  TEncCu::xCheckRDCostIntra,[12]
[43],2.5,3.679912,62.572529,TEncEntropy::xEncodeTransform <cycle 1>,[43]
,,29.817268,29.339447,  TEncSbac::codeCoeffNxN,[21]
,,1.583641,0.0,  TComTURecurse::nextSection,[71]
,,0.776110,0.543670,  TEncSbac::codeQtCbf,[85]
,,0.232957,0.0,  TComTU::TComTU,[87]
,,0.155230,0.0,  TEncSbac::codeCrossComponentPrediction,[195]
,,0.062034,0.0,  TComDataCU::getQuadtreeTULog2MinSizeInCU,[121]
,,0.031084,0.0,  _security_check_cookie,[79]
,,0.015562,0.0,  TEncSbac::codeTransformSubdivFlag,[183]
,,0.015527,0.0,  TEncBinCABACCounter::encodeBin,[38]
,,,,  TEncEntropy::xEncodeTransform <cycle 1>,[43]
,,,,,
,,0.015564,0.0,  SAOOffset::SAOOffset,[230]
,,0.015595,0.0,  TEncSampleAdaptiveOffset::getBlkStats,[104]
,,0.031155,0.0,"  std::vector<unsigned char,std::allocator<unsigned char> >::_Resize<<lambda_2b51424039c320f102fd798e073c89b2> >",[228]
,,0.046437,0.0,  TComDataCU::create,[198]
,,0.217231,0.0,  TEncCu::xCheckRDCostIntra,[12]
,,0.263556,0.0,  TEncSearch::estIntraPredChromaQT,[20]
,,0.465481,0.0,  TComDataCU::initCtu,[171]
,,0.697817,0.0,  TEncSearch::estIntraPredLumaQT,[13]
,,1.008477,0.0,  TComTrQuant::rdpcmNxN,[86]
,,1.271931,0.0,  TEncSearch::xRecurIntraChromaCodingQT <cycle 9>,[24]
,,1.535997,0.0,  TEncSearch::xRecurIntraCodingLumaQT <cycle 11>,[14]
,,1.993243,0.0,  TComDataCU::initSubCU,[110]
,,3.056937,0.0,  TComDataCU::initEstData,[84]
,,3.506872,0.0,  TEncSearch::xIntraCodingTUBlock,[16]
,,7.060835,0.0,  TEncSbac::codeCoeffNxN,[21]
,,37.345712,0.0,  TComTrQuant::xRateDistOptQuant,[19]
[44],2.21,58.532840,0.0,memset,[44]
,,,,,
,,0.900555,0.0,  [Unknown stack frame(s)],[150]
,,44.196308,9.661604,  TEncSbac::codeCoeffNxN,[21]
[45],2.07,45.096862,9.661604,TEncSbac::xWriteCoefRemainExGolomb,[45]
,,8.992247,0.0,  TEncBinCABACCounter::encodeBinsEP,[70]
,,0.326724,0.311555,  TEncBinCABAC::encodeBinsEP,[154]
,,0.031079,0.0,  TEncBinCABAC::encodeAlignedBinsEP,[217]
,,,,,
,,53.302507,0.0,  TComTrQuant::invTransformNxN,[28]
[46],2.01,53.302507,0.0,TComTrQuant::xDeQuant,[46]
,,,,,
,,3.086931,48.982156,  TEncSearch::xIntraCodingTUBlock,[16]
[47],1.97,3.086931,48.982156,TEncSbac::estBit,[47]
,,16.538712,0.0,  TEncSbac::estSignificantMapBit,[67]
,,11.900558,0.0,  TEncSbac::estLastSignificantPositionBit,[74]
,,10.184840,0.0,  TEncSbac::estSignificantCoefficientsBit,[77]
,,6.665422,0.0,  TEncSbac::estCBFBit,[94]
,,3.692624,0.0,  TEncSbac::estSignificantCoeffGroupMapBit,[118]
,,,,,
,,0.838682,1.645979,  TEncEntropy::encodePredInfo,[124]
,,6.329026,7.129951,  TEncSearch::xEncIntraHeader,[61]
,,9.454268,11.411969,  TEncSearch::xModeBitsIntra,[49]
[48],1.39,16.621976,20.187899,TEncSbac::codeIntraDirLumaAng,[48]
,,15.351473,0.0,  TComDataCU::getIntraDirPredictor,[69]
,,2.747383,0.0,  TEncBinCABACCounter::encodeBin,[38]
,,0.970723,0.0,  TEncBinCABACCounter::encodeBinsEP,[70]
,,0.465824,0.0,  TEncBinCABACCounter::encodeBinEP,[167]
,,0.450194,0.0,  _security_check_cookie,[79]
,,0.093365,0.0,  TEncBinCABAC::encodeBin,[120]
,,0.077817,0.0,  TEncBinCABAC::encodeBinEP,[214]
,,0.015583,0.0,  TEncBinCABAC::writeOut,[153]
,,0.0,0.015537,  TEncBinCABAC::encodeBinsEP,[154]
,,,,,
,,0.279427,0.0,  [Unknown stack frame(s)],[150]
,,6.672802,28.172970,  TEncSearch::estIntraPredLumaQT,[13]
[49],1.33,6.952229,28.172970,TEncSearch::xModeBitsIntra,[49]
,,9.454268,11.411969,  TEncSbac::codeIntraDirLumaAng,[48]
,,2.094655,0.791351,  TEncBinCABAC::copyState,[81]
,,1.148716,0.0,  memcpy,[35]
,,1.148216,1.363076,  TEncSbac::resetBits,[93]
,,0.760720,0.0,  TComBitCounter::resetBits,[130]
,,,,,
,,28.694862,0.279394,  TComPrediction::initIntraPatternChType,[40]
[50],1.09,28.694862,0.279394,fillReferenceSamples,[50]
,,0.279394,0.0,  _security_check_cookie,[79]
,,,,,
,,14.475515,11.584327,  TEncSbac::codeCoeffNxN,[21]
[51],0.98,14.475515,11.584327,TEncSbac::codeLastSignificantXY,[51]
,,10.449362,0.0,  TEncBinCABACCounter::encodeBin,[38]
,,0.638271,0.0,  TEncBinCABAC::encodeBin,[120]
,,0.434437,0.0,  TEncBinCABACCounter::encodeBinEP,[167]
,,0.031122,0.031135,  TEncBinCABAC::writeOut,[153]
,,,,,
,,6.066267,5.415418,  TComTrQuant::xRateDistOptQuant,[19]
,,7.430933,6.478410,  TEncSbac::codeCoeffNxN,[21]
[52],0.96,13.497200,11.893828,getTUEntropyCodingParameters,[52]
,,11.893828,0.0,  TComDataCU::getCoefScanIdx,[75]
,,,,,
,,3.863139,5.671758,  TEncSearch::estIntraPredChromaQT,[20]
,,5.971921,8.052328,  TEncSearch::xRecurIntraCodingLumaQT <cycle 11>,[14]
[53],0.89,9.835059,13.724087,<cycle 7 as a whole>,[53]
,,9.835059,13.724087,  TEncSearch::xEncSubdivCbfQT <cycle 7>,[54]
,,,,,
,,,,  TEncSearch::xEncSubdivCbfQT <cycle 7>,[54]
,,3.863139,5.671758,  TEncSearch::estIntraPredChromaQT,[20]
,,5.971921,8.052328,  TEncSearch::xRecurIntraCodingLumaQT <cycle 11>,[14]
[54],0.89,9.835059,13.724087,TEncSearch::xEncSubdivCbfQT <cycle 7>,[54]
,,4.902956,1.845928,  TEncSbac::codeQtCbf,[85]
,,2.622278,0.0,  TComTURecurse::nextSection,[71]
,,1.653340,0.0,  TComTU::TComTU,[87]
,,1.629194,0.0,  TComDataCU::getQuadtreeTULog2MinSizeInCU,[121]
,,0.419010,0.0,  TEncBinCABACCounter::encodeBin,[38]
,,0.356616,0.0,  _security_check_cookie,[79]
,,0.294764,0.0,  TEncSbac::codeTransformSubdivFlag,[183]
,,,,  TEncSearch::xEncSubdivCbfQT <cycle 7>,[54]
,,,,,
,,0.201539,0.0,  TEncSearch::xLoadIntraResultQT,[99]
,,0.403769,0.0,  TEncSearch::xSetIntraResultChromaQT <cycle 6>,[96]
,,0.418996,0.0,  TComYuv::copyToPartComponent,[133]
,,0.449670,0.0,  TEncSearch::xSetIntraResultLumaQT <cycle 10>,[112]
,,1.815797,0.0,  TComYuv::copyPartToPartComponent,[80]
,,19.800151,0.0,  TEncSearch::xIntraCodingTUBlock,[16]
[55],0.87,23.089923,0.0,TComYuv::getAddr,[55]
,,,,,
,,,,  TEncCu::xEncodeCU <cycle 2>,[56]
,,0.046585,8.688514,  TEncSlice::compressSlice,[8]
,,0.171149,13.051322,  TEncSlice::encodeSlice,[72]
[56],0.83,0.217734,21.739836,TEncCu::xEncodeCU <cycle 2>,[56]
,,0.093401,0.062059,  TEncCu::finishCU,[194]
,,0.046709,0.046636,  TEncSbac::codeSplitFlag,[175]
,,0.031151,0.031092,  TEncSbac::codePartSize,[149]
,,0.015519,1.150301,  TEncEntropy::encodePredInfo,[124]
,,,,  TEncCu::xEncodeCU <cycle 2>,[56]
,,0.0,20.262967,  TEncEntropy::encodeCoeff,[60]
,,,,,
,,0.046585,8.688514,  TEncSlice::compressSlice,[8]
,,0.171149,13.051322,  TEncSlice::encodeSlice,[72]
[57],0.83,0.217734,21.739836,<cycle 2 as a whole>,[57]
,,0.217734,21.739836,  TEncCu::xEncodeCU <cycle 2>,[56]
,,,,,
,,20.455924,0.093143,  xITrMxN,[37]
[58],0.78,20.455924,0.093143,partialButterflyInverse8,[58]
,,0.093143,0.0,  _security_check_cookie,[79]
,,,,,
,,5.065934,15.291235,  TEncSearch::xIntraCodingTUBlock,[16]
[59],0.77,5.065934,15.291235,TComRdCost::getDistPart,[59]
,,7.323752,0.0,  TComRdCost::xGetSSE4,[89]
,,3.630126,0.0,  TComRdCost::xGetSSE8,[119]
,,2.754146,0.0,  TComRdCost::xGetSSE16,[125]
,,1.583211,0.0,  TComRdCost::xGetSSE32,[139]
,,,,,
,,0.0,20.262967,  TEncCu::xEncodeCU <cycle 2>,[56]
[60],0.77,0.0,20.262967,TEncEntropy::encodeCoeff,[60]
,,1.320928,18.786621,  TEncEntropy::xEncodeTransform <cycle 1>,[43]
,,0.155419,0.0,  TComTU::TComTU,[148]
,,,,,
,,0.326040,1.163708,  TEncSearch::estIntraPredChromaQT,[20]
,,2.856223,14.577082,  TEncSearch::xRecurIntraCodingLumaQT <cycle 11>,[14]
[61],0.71,3.182263,15.740790,TEncSearch::xEncIntraHeader,[61]
,,6.329026,7.129951,  TEncSbac::codeIntraDirLumaAng,[48]
,,0.822992,0.295113,  TEncSbac::codePartSize,[149]
,,0.791329,0.372379,  TEncSbac::codeIntraDirChroma,[146]
,,,,,
,,18.406230,0.488149,  TComRdCost::xGetHADs,[32]
[62],0.71,18.406230,0.488149,TComRdCost::xCalcHADs4x4,[62]
,,0.488149,0.0,  _security_check_cookie,[79]
,,,,,
,,18.635203,0.0,  xITrMxN,[37]
[63],0.7,18.635203,0.0,fastInverseDst,[63]
,,,,,
,,18.560582,0.031015,  xTrMxN,[41]
[64],0.7,18.560582,0.031015,partialButterfly32,[64]
,,0.031015,0.0,  _security_check_cookie,[79]
,,,,,
,,18.588341,0.0,  xITrMxN,[37]
[65],0.7,18.588341,0.0,partialButterflyInverse32,[65]
,,,,,
,,16.541535,0.015524,  xITrMxN,[37]
[66],0.63,16.541535,0.015524,partialButterflyInverse16,[66]
,,0.015524,0.0,  _security_check_cookie,[79]
,,,,,
,,16.538712,0.0,  TEncSbac::estBit,[47]
[67],0.62,16.538712,0.0,TEncSbac::estSignificantMapBit,[67]
,,,,,
,,15.991164,0.0,  xTrMxN,[41]
[68],0.6,15.991164,0.0,fastForwardDst,[68]
,,,,,
,,0.620554,0.0,  TEncSearch::estIntraPredLumaQT,[13]
,,15.351473,0.0,  TEncSbac::codeIntraDirLumaAng,[48]
[69],0.6,15.972027,0.0,TComDataCU::getIntraDirPredictor,[69]
,,,,,
,,0.155112,0.0,  TEncSbac::codeIntraDirChroma,[146]
,,0.970723,0.0,  TEncSbac::codeIntraDirLumaAng,[48]
,,5.631930,0.0,  TEncSbac::codeCoeffNxN,[21]
,,8.992247,0.0,  TEncSbac::xWriteCoefRemainExGolomb,[45]
[70],0.6,15.750012,0.0,TEncBinCABACCounter::encodeBinsEP,[70]
,,,,,
,,0.031156,0.0,  TEncSearch::estIntraPredChromaQT,[20]
,,0.155275,0.0,  TEncSearch::xSetIntraResultLumaQT <cycle 10>,[112]
,,0.202281,0.0,  TComLoopFilter::xSetEdgefilterTU <cycle 5>,[144]
,,0.744739,0.0,  TEncSearch::estIntraPredLumaQT,[13]
,,1.039493,0.0,  TEncSearch::xSetIntraResultChromaQT <cycle 6>,[96]
,,1.257297,0.0,  TEncSearch::xRecurIntraCodingLumaQT <cycle 11>,[14]
,,1.583641,0.0,  TEncEntropy::xEncodeTransform <cycle 1>,[43]
,,2.622278,0.0,  TEncSearch::xEncSubdivCbfQT <cycle 7>,[54]
,,2.730526,0.0,  TEncSearch::xRecurIntraChromaCodingQT <cycle 9>,[24]
,,4.763235,0.0,  TEncSearch::xEncCoeffQT <cycle 8>,[23]
[71],0.57,15.129921,0.0,TComTURecurse::nextSection,[71]
,,,,,
,,0.0,13.238039,  TEncGOP::compressGOP,[7]
[72],0.5,0.0,13.238039,TEncSlice::encodeSlice,[72]
,,0.171149,13.051322,  TEncCu::xEncodeCU <cycle 2>,[56]
,,0.0,0.015568,  TEncSbac::codeSAOBlkParam,[221]
,,,,,
,,12.186881,0.0,  xTrMxN,[41]
[73],0.46,12.186881,0.0,partialButterfly16,[73]
,,,,,
,,11.900558,0.0,  TEncSbac::estBit,[47]
[74],0.45,11.900558,0.0,TEncSbac::estLastSignificantPositionBit,[74]
,,,,,
,,11.893828,0.0,  getTUEntropyCodingParameters,[52]
[75],0.45,11.893828,0.0,TComDataCU::getCoefScanIdx,[75]
,,,,,
,,10.526102,0.0,  xTrMxN,[41]
[76],0.4,10.526102,0.0,partialButterfly8,[76]
,,,,,
,,10.184840,0.0,  TEncSbac::estBit,[47]
[77],0.38,10.184840,0.0,TEncSbac::estSignificantCoefficientsBit,[77]
,,,,,
,,0.418708,2.140796,  TEncSearch::xRecurIntraChromaCodingQT <cycle 9>,[24]
,,1.163695,6.409371,  TEncSearch::xRecurIntraCodingLumaQT <cycle 11>,[14]
[78],0.38,1.582403,8.550168,TEncSearch::xStoreIntraResultQT,[78]
,,1.845837,0.0,  memcpy,[35]
,,1.768544,4.935787,  TComYuv::copyPartToPartComponent,[80]
,,,,,
,,0.015514,0.0,  TEncSearch::estIntraPredLumaQT,[13]
,,0.015524,0.0,  partialButterflyInverse16,[66]
,,0.015528,0.0,  TEncSbac::codeIntraDirChroma,[146]
,,0.015562,0.0,  TComLoopFilter::xSetEdgefilterTU <cycle 5>,[144]
,,0.031015,0.0,  partialButterfly32,[64]
,,0.031065,0.0,  TEncSearch::xSetIntraResultChromaQT <cycle 6>,[96]
,,0.031084,0.0,  TEncEntropy::xEncodeTransform <cycle 1>,[43]
,,0.046563,0.0,  TEncSearch::xSetIntraResultLumaQT <cycle 10>,[112]
,,0.077657,0.0,  TComTrQuant::invTransformNxN,[28]
,,0.093143,0.0,  partialButterflyInverse8,[58]
,,0.155060,0.0,  TEncSearch::xRecurIntraCodingLumaQT <cycle 11>,[14]
,,0.170729,0.0,  TEncSearch::xRecurIntraChromaCodingQT <cycle 9>,[24]
,,0.263751,0.0,  TComPrediction::initIntraPatternChType,[40]
,,0.279394,0.0,  fillReferenceSamples,[50]
,,0.294769,0.0,  TComTrQuant::xQuant,[18]
,,0.341063,0.0,  xITrMxN,[37]
,,0.341114,0.0,  TComTrQuant::xIT,[34]
,,0.341284,0.0,  TComTrQuant::rdpcmNxN,[86]
,,0.341613,0.0,  xTrMxN,[41]
,,0.356616,0.0,  TEncSearch::xEncSubdivCbfQT <cycle 7>,[54]
,,0.356877,0.0,  TComRdCost::xCalcHADs8x8,[36]
,,0.387988,0.0,  TComTrQuant::xT,[39]
,,0.450194,0.0,  TEncSbac::codeIntraDirLumaAng,[48]
,,0.465293,0.0,  TEncEntropy::encodeCoeffNxN,[26]
,,0.488149,0.0,  TComRdCost::xCalcHADs4x4,[62]
,,0.589553,0.0,  TEncSearch::xEncCoeffQT <cycle 8>,[23]
,,0.775686,0.0,  TComTrQuant::xRateDistOptQuant,[19]
,,1.055219,0.0,  TComPrediction::xPredIntraAng,[33]
,,1.102115,0.0,  TEncSbac::codeCoeffNxN,[21]
[79],0.34,8.929123,0.0,_security_check_cookie,[79]
,,,,,
,,0.449822,1.643700,  TEncSearch::xLoadIntraResultQT,[99]
,,1.768544,4.935787,  TEncSearch::xStoreIntraResultQT,[78]
[80],0.33,2.218366,6.579486,TComYuv::copyPartToPartComponent,[80]
,,2.630358,0.0,  TComYuv::getAddr,[115]
,,2.133331,0.0,  memcpy,[35]
,,1.815797,0.0,  TComYuv::getAddr,[55]
,,,,,
,,0.015570,0.0,  TEncSampleAdaptiveOffset::deriveModeNewRDO,[170]
,,0.108476,0.046526,  TEncCu::xCompressCU <cycle 12>,[11]
,,0.124204,0.0,  TEncCu::xCheckRDCostIntra,[12]
,,0.418917,0.186186,  TEncSearch::estIntraPredChromaQT,[20]
,,0.698303,0.031013,  TEncSearch::xRecurIntraChromaCodingQT <cycle 9>,[24]
,,1.333820,0.481047,  TEncSearch::estIntraPredLumaQT,[13]
,,1.939970,0.388004,  TEncSearch::xRecurIntraCodingLumaQT <cycle 11>,[14]
,,2.094655,0.791351,  TEncSearch::xModeBitsIntra,[49]
[81],0.33,6.733915,1.924126,TEncBinCABAC::copyState,[81]
,,1.924126,0.0,  TEncBinCABAC::getTEncBinCABAC,[137]
,,,,,
,,8.612031,0.0,  TEncSearch::xIntraCodingTUBlock,[16]
[82],0.33,8.612031,0.0,QpParam::QpParam,[82]
,,,,,
,,8.476166,0.0,  xITrMxN,[37]
[83],0.32,8.476166,0.0,partialButterflyInverse4,[83]
,,,,,
,,5.167403,3.056937,  TEncCu::xCompressCU <cycle 12>,[11]
[84],0.31,5.167403,3.056937,TComDataCU::initEstData,[84]
,,3.056937,0.0,  memset,[44]
,,,,,
,,0.776110,0.543670,  TEncEntropy::xEncodeTransform <cycle 1>,[43]
,,4.902956,1.845928,  TEncSearch::xEncSubdivCbfQT <cycle 7>,[54]
[85],0.3,5.679066,2.389597,TEncSbac::codeQtCbf,[85]
,,2.187248,0.0,  TEncBinCABACCounter::encodeBin,[38]
,,0.155772,0.0,  TEncBinCABAC::encodeBin,[120]
,,0.015575,0.031003,  TEncBinCABAC::writeOut,[153]
,,,,,
,,5.732736,2.218376,  TComTrQuant::transformNxN,[17]
[86],0.3,5.732736,2.218376,TComTrQuant::rdpcmNxN,[86]
,,1.008477,0.0,  memset,[44]
,,0.868615,0.0,  _chkstk,[90]
,,0.341284,0.0,  _security_check_cookie,[79]
,,,,,
,,0.093173,0.0,  TEncSearch::xSetIntraResultLumaQT <cycle 10>,[112]
,,0.108806,0.0,  TComLoopFilter::xSetEdgefilterTU <cycle 5>,[144]
,,0.232957,0.0,  TEncEntropy::xEncodeTransform <cycle 1>,[43]
,,0.325716,0.0,  TEncSearch::xSetIntraResultChromaQT <cycle 6>,[96]
,,0.325819,0.0,  TEncSearch::xRecurIntraCodingLumaQT <cycle 11>,[14]
,,0.403401,0.0,  TEncSearch::estIntraPredChromaQT,[20]
,,0.527287,0.0,  TEncSearch::estIntraPredLumaQT,[13]
,,1.504878,0.0,  TEncSearch::xEncCoeffQT <cycle 8>,[23]
,,1.653340,0.0,  TEncSearch::xEncSubdivCbfQT <cycle 7>,[54]
,,2.412684,0.0,  TEncSearch::xRecurIntraChromaCodingQT <cycle 9>,[24]
[87],0.29,7.588060,0.0,TComTU::TComTU,[87]
,,,,,
,,7.548148,0.0,  TComPrediction::predIntraAng,[29]
[88],0.29,7.548148,0.0,TComPrediction::xPredIntraPlanar,[88]
,,,,,
,,7.323752,0.0,  TComRdCost::getDistPart,[59]
[89],0.28,7.323752,0.0,TComRdCost::xGetSSE4,[89]
,,,,,
,,0.015448,0.0,  TEncSearch::estIntraPredLumaQT,[13]
,,0.030998,0.0,  TEncCu::xCheckRDCostIntra,[12]
,,0.349241,0.0,  TComTrQuant::xT,[39]
,,0.465120,0.0,  xITrMxN,[37]
,,0.480927,0.0,  TEncSearch::xRecurIntraCodingLumaQT <cycle 11>,[14]
,,0.620454,0.0,  xTrMxN,[41]
,,0.868615,0.0,  TComTrQuant::rdpcmNxN,[86]
,,0.930849,0.0,  TComTrQuant::xIT,[34]
,,0.946099,0.0,  TComTrQuant::xQuant,[18]
,,1.047058,0.0,  TComTrQuant::xRateDistOptQuant,[19]
,,1.466341,0.0,  TComPrediction::xPredIntraAng,[33]
[90],0.27,7.221150,0.0,_chkstk,[90]
,,,,,
,,6.973802,0.232464,  TComPrediction::initIntraPatternChType,[40]
[91],0.27,6.973802,0.232464,TComDataCU::getPUAboveRight,[91]
,,0.232464,0.0,  TComDataCU::CUIsFromSameSliceAndTile,[157]
,,,,,
,,7.129788,0.0,  TEncSearch::estIntraPredLumaQT,[13]
[92],0.27,7.129788,0.0,TEncSearch::xUpdateCandList,[92]
,,,,,
,,0.0,0.015568,  TEncCu::xCheckRDCostIntra,[12]
,,0.031033,0.0,  [Unknown stack frame(s)],[150]
,,0.093029,0.046564,  TEncCu::xCompressCU <cycle 12>,[11]
,,0.263627,0.030983,  TEncSearch::estIntraPredChromaQT,[20]
,,0.457615,0.263745,  TEncSearch::xRecurIntraChromaCodingQT <cycle 9>,[24]
,,1.148216,1.363076,  TEncSearch::xModeBitsIntra,[49]
,,2.187822,1.171613,  TEncSearch::xRecurIntraCodingLumaQT <cycle 11>,[14]
[93],0.27,4.181342,2.891548,TEncSbac::resetBits,[93]
,,2.891548,0.0,  TEncBinCABAC::resetBits,[122]
,,,,,
,,6.665422,0.0,  TEncSbac::estBit,[47]
[94],0.25,6.665422,0.0,TEncSbac::estCBFBit,[94]
,,,,,
,,0.0,6.645790,  TEncGOP::compressGOP,[7]
[95],0.25,0.0,6.645790,TEncSampleAdaptiveOffset::SAOProcess,[95]
,,0.015602,0.0,  TComPicYuv::extendPicBorder,[234]
,,0.015503,1.930039,  TEncSampleAdaptiveOffset::decideBlkParams,[136]
,,0.0,0.280963,  TComPicYuv::copyToPic,[147]
,,0.0,4.388119,  TEncSampleAdaptiveOffset::getStatistics,[105]
,,0.0,0.015564,  `eh vector constructor iterator' <cycle 3>,[231]
,,,,,
,,,,  TEncSearch::xSetIntraResultChromaQT <cycle 6>,[96]
,,2.133237,4.258332,  TEncSearch::estIntraPredChromaQT,[20]
[96],0.24,2.133237,4.258332,TEncSearch::xSetIntraResultChromaQT <cycle 6>,[96]
,,1.961896,0.0,  memcpy,[35]
,,1.039493,0.0,  TComTURecurse::nextSection,[71]
,,0.496393,0.0,  TComYuv::getAddr,[115]
,,0.403769,0.0,  TComYuv::getAddr,[55]
,,0.325716,0.0,  TComTU::TComTU,[87]
,,0.031065,0.0,  _security_check_cookie,[79]
,,,,  TEncSearch::xSetIntraResultChromaQT <cycle 6>,[96]
,,,,,
,,2.133237,4.258332,  TEncSearch::estIntraPredChromaQT,[20]
[97],0.24,2.133237,4.258332,<cycle 6 as a whole>,[97]
,,2.133237,4.258332,  TEncSearch::xSetIntraResultChromaQT <cycle 6>,[96]
,,,,,
,,5.838976,0.0,  TComTrQuant::transformNxN,[17]
[98],0.22,5.838976,0.0,TComTrQuant::xTransformSkip,[98]
,,,,,
,,0.558563,0.589400,  TEncSearch::xRecurIntraChromaCodingQT <cycle 9>,[24]
,,1.736372,2.471107,  TEncSearch::xRecurIntraCodingLumaQT <cycle 11>,[14]
[99],0.2,2.294935,3.060508,TEncSearch::xLoadIntraResultQT,[99]
,,0.765447,0.0,  memcpy,[35]
,,0.449822,1.643700,  TComYuv::copyPartToPartComponent,[80]
,,0.201539,0.0,  TComYuv::getAddr,[55]
,,,,,
,,5.322488,0.0,  TComTrQuant::invTransformNxN,[28]
[100],0.2,5.322488,0.0,TComTrQuant::xITransformSkip,[100]
,,,,,
,,3.320410,1.877810,  TEncSbac::codeCoeffNxN,[21]
[101],0.2,3.320410,1.877810,TEncSbac::codeTransformSkipFlags,[101]
,,1.691106,0.0,  TEncBinCABACCounter::encodeBin,[38]
,,0.186705,0.0,  TEncBinCABAC::encodeBin,[120]
,,,,,
,,0.0,0.031043,  TEncCu::xCheckRDCostIntra,[12]
,,0.015450,0.0,  TEncCu::xCompressCU <cycle 12>,[11]
,,0.093111,0.046534,  TEncSearch::estIntraPredChromaQT,[20]
,,0.139916,0.046574,  TEncSearch::xRecurIntraChromaCodingQT <cycle 9>,[24]
,,1.163550,0.667392,  TEncSearch::xRecurIntraCodingLumaQT <cycle 11>,[14]
,,1.412758,1.070119,  TEncSearch::estIntraPredLumaQT,[13]
[102],0.18,2.824786,1.861661,TEncBinCABACCounter::getNumWrittenBits,[102]
,,1.861661,0.0,  TComBitCounter::getNumberOfWrittenBits,[138]
,,,,,
,,4.461036,0.217202,  TComPrediction::initIntraPatternChType,[40]
[103],0.18,4.461036,0.217202,TComDataCU::getPUBelowLeft,[103]
,,0.217202,0.0,  TComDataCU::CUIsFromSameSliceAndTile,[157]
,,,,,
,,4.372524,0.015595,  TEncSampleAdaptiveOffset::getStatistics,[105]
[104],0.17,4.372524,0.015595,TEncSampleAdaptiveOffset::getBlkStats,[104]
,,0.015595,0.0,  memset,[44]
,,,,,
,,0.0,4.388119,  TEncSampleAdaptiveOffset::SAOProcess,[95]
[105],0.17,0.0,4.388119,TEncSampleAdaptiveOffset::getStatistics,[105]
,,4.372524,0.015595,  TEncSampleAdaptiveOffset::getBlkStats,[104]
,,,,,
,,0.435752,3.843928,  TComLoopFilter::loopFilterPic,[107]
[106],0.16,0.435752,3.843928,<cycle 4 as a whole>,[106]
,,0.435752,3.843928,  TComLoopFilter::xDeblockCU <cycle 4>,[108]
,,,,,
,,0.0,4.279680,  TEncGOP::compressGOP,[7]
[107],0.16,0.0,4.279680,TComLoopFilter::loopFilterPic,[107]
,,0.435752,3.843928,  TComLoopFilter::xDeblockCU <cycle 4>,[108]
,,,,,
,,,,  TComLoopFilter::xDeblockCU <cycle 4>,[108]
,,0.435752,3.843928,  TComLoopFilter::loopFilterPic,[107]
[108],0.16,0.435752,3.843928,TComLoopFilter::xDeblockCU <cycle 4>,[108]
,,1.042992,0.326649,  TComLoopFilter::xSetEdgefilterTU <cycle 5>,[144]
,,0.964857,0.015582,  TComLoopFilter::xEdgeFilterChroma,[160]
,,0.684347,0.218061,  TComLoopFilter::xEdgeFilterLuma,[169]
,,0.217793,0.0,  TComLoopFilter::xSetEdgefilterPU,[189]
,,0.124635,0.0,  TComTU::TComTU,[148]
,,0.124472,0.046714,  TComLoopFilter::xGetBoundaryStrengthSingle,[192]
,,0.031130,0.046696,  TComLoopFilter::xSetLoopfilterParam,[213]
,,,,  TComLoopFilter::xDeblockCU <cycle 4>,[108]
,,,,,
,,4.204191,0.0,  xTrMxN,[41]
[109],0.16,4.204191,0.0,partialButterfly4,[109]
,,,,,
,,2.110881,1.993243,  TEncCu::xCompressCU <cycle 12>,[11]
[110],0.16,2.110881,1.993243,TComDataCU::initSubCU,[110]
,,1.993243,0.0,  memset,[44]
,,,,,
,,1.055151,2.994983,  TEncSearch::estIntraPredLumaQT,[13]
[111],0.15,1.055151,2.994983,<cycle 10 as a whole>,[111]
,,1.055151,2.994983,  TEncSearch::xSetIntraResultLumaQT <cycle 10>,[112]
,,,,,
,,,,  TEncSearch::xSetIntraResultLumaQT <cycle 10>,[112]
,,1.055151,2.994983,  TEncSearch::estIntraPredLumaQT,[13]
[112],0.15,1.055151,2.994983,TEncSearch::xSetIntraResultLumaQT <cycle 10>,[112]
,,1.644831,0.0,  memcpy,[35]
,,0.605471,0.0,  TComYuv::getAddr,[115]
,,0.449670,0.0,  TComYuv::getAddr,[55]
,,0.155275,0.0,  TComTURecurse::nextSection,[71]
,,0.093173,0.0,  TComTU::TComTU,[87]
,,0.046563,0.0,  _security_check_cookie,[79]
,,,,  TEncSearch::xSetIntraResultLumaQT <cycle 10>,[112]
,,,,,
,,4.018140,0.0,  TComPrediction::initIntraPatternChType,[40]
[113],0.15,4.018140,0.0,isLeftAvailable,[113]
,,,,,
,,3.814882,0.0,  TComTrQuant::invTransformNxN,[28]
[114],0.14,3.814882,0.0,TComTrQuant::invRdpcmNxN,[114]
,,,,,
,,0.496393,0.0,  TEncSearch::xSetIntraResultChromaQT <cycle 6>,[96]
,,0.605471,0.0,  TEncSearch::xSetIntraResultLumaQT <cycle 10>,[112]
,,2.630358,0.0,  TComYuv::copyPartToPartComponent,[80]
[115],0.14,3.732222,0.0,TComYuv::getAddr,[115]
,,,,,
,,3.731504,0.0,  TComPrediction::initIntraPatternChType,[40]
[116],0.14,3.731504,0.0,isAboveAvailable,[116]
,,,,,
,,1.614344,0.0,  TComTrQuant::xRateDistOptQuant,[19]
,,2.078815,0.0,  TEncSbac::codeCoeffNxN,[21]
[117],0.14,3.693159,0.0,TComTU::getGolombRiceStatisticsIndex,[117]
,,,,,
,,3.692624,0.0,  TEncSbac::estBit,[47]
[118],0.14,3.692624,0.0,TEncSbac::estSignificantCoeffGroupMapBit,[118]
,,,,,
,,3.630126,0.0,  TComRdCost::getDistPart,[59]
[119],0.14,3.630126,0.0,TComRdCost::xGetSSE8,[119]
,,,,,
,,0.015534,0.0,  TEncSbac::codeSplitFlag,[175]
,,0.015561,0.0,  TEncSbac::codeIntraDirChroma,[146]
,,0.093365,0.0,  TEncSbac::codeIntraDirLumaAng,[48]
,,0.155772,0.0,  TEncSbac::codeQtCbf,[85]
,,0.186705,0.0,  TEncSbac::codeTransformSkipFlags,[101]
,,0.638271,0.0,  TEncSbac::codeLastSignificantXY,[51]
,,2.365896,0.0,  TEncSbac::codeCoeffNxN,[21]
[120],0.13,3.471104,0.0,TEncBinCABAC::encodeBin,[120]
,,,,,
,,0.062034,0.0,  TEncEntropy::xEncodeTransform <cycle 1>,[43]
,,1.256597,0.0,  TEncSearch::xRecurIntraCodingLumaQT <cycle 11>,[14]
,,1.629194,0.0,  TEncSearch::xEncSubdivCbfQT <cycle 7>,[54]
[121],0.11,2.947825,0.0,TComDataCU::getQuadtreeTULog2MinSizeInCU,[121]
,,,,,
,,2.891548,0.0,  TEncSbac::resetBits,[93]
[122],0.11,2.891548,0.0,TEncBinCABAC::resetBits,[122]
,,,,,
,,0.015579,0.0,  TEncCu::xCheckRDCostIntra,[12]
,,0.155241,0.0,  TEncSearch::xRecurIntraChromaCodingQT <cycle 9>,[24]
,,0.325729,0.0,  TEncSearch::estIntraPredChromaQT,[20]
,,0.760258,0.0,  TEncSearch::estIntraPredLumaQT,[13]
,,1.629137,0.0,  TEncSearch::xRecurIntraCodingLumaQT <cycle 11>,[14]
[123],0.11,2.885944,0.0,TEncSbac::getNumberOfWrittenBits,[123]
,,,,,
,,0.015519,1.150301,  TEncCu::xEncodeCU <cycle 2>,[56]
,,0.108615,1.489703,  TEncCu::xCheckRDCostIntra,[12]
[124],0.1,0.124134,2.640004,TEncEntropy::encodePredInfo,[124]
,,0.838682,1.645979,  TEncSbac::codeIntraDirLumaAng,[48]
,,0.093283,0.062061,  TEncSbac::codeIntraDirChroma,[146]
,,,,,
,,2.754146,0.0,  TComRdCost::getDistPart,[59]
[125],0.1,2.754146,0.0,TComRdCost::xGetSSE16,[125]
,,,,,
,,0.574573,2.076491,  TEncCu::xCompressCU <cycle 12>,[11]
[126],0.1,0.574573,2.076491,TComDataCU::copyToPic,[126]
,,2.076491,0.0,  memcpy,[35]
,,,,,
,,0.403301,2.032653,  TEncCu::xCompressCU <cycle 12>,[11]
[127],0.09,0.403301,2.032653,TEncCu::xCopyYuv2Tmp,[127]
,,0.946603,1.086049,  TComYuv::copyToPartComponent,[133]
,,,,,
,,1.738024,0.628147,  TComPrediction::initIntraPatternChType,[40]
[128],0.09,1.738024,0.628147,TComDataCU::getPUAboveLeft,[128]
,,0.628147,0.0,  TComDataCU::CUIsFromSameSliceAndTile,[157]
,,,,,
,,0.729770,1.396319,  TEncCu::xCompressCU <cycle 12>,[11]
[129],0.08,0.729770,1.396319,TComDataCU::copyPartFrom,[129]
,,1.396319,0.0,  memcpy,[35]
,,,,,
,,0.015538,0.0,  TEncCu::xCompressCU <cycle 12>,[11]
,,0.093148,0.0,  TEncSearch::estIntraPredChromaQT,[20]
,,0.139816,0.0,  TEncSearch::xRecurIntraChromaCodingQT <cycle 9>,[24]
,,0.760720,0.0,  TEncSearch::xModeBitsIntra,[49]
,,1.101773,0.0,  TEncSearch::xRecurIntraCodingLumaQT <cycle 11>,[14]
[130],0.08,2.110995,0.0,TComBitCounter::resetBits,[130]
,,,,,
,,2.078980,0.0,  TEncSearch::xIntraCodingTUBlock,[16]
[131],0.08,2.078980,0.0,TComPrediction::filteringIntraReferenceSamples,[131]
,,,,,
,,0.015478,0.938300,  TEncCu::xCopyYuv2Pic,[156]
,,0.077602,1.039666,  TEncCu::xCompressCU <cycle 12>,[11]
[132],0.08,0.093081,1.977966,TComYuv::copyToPicYuv,[132]
,,0.969591,1.008375,  TComYuv::copyToPicComponent,[135]
,,,,,
,,0.946603,1.086049,  TEncCu::xCopyYuv2Tmp,[127]
[133],0.08,0.946603,1.086049,TComYuv::copyToPartComponent,[133]
,,0.667053,0.0,  memcpy,[35]
,,0.418996,0.0,  TComYuv::getAddr,[55]
,,,,,
,,2.017323,0.0,  TComPrediction::xPredIntraAng,[33]
[134],0.08,2.017323,0.0,TComPrediction::predIntraGetPredValDC,[134]
,,,,,
,,0.969591,1.008375,  TComYuv::copyToPicYuv,[132]
[135],0.07,0.969591,1.008375,TComYuv::copyToPicComponent,[135]
,,1.008375,0.0,  memcpy,[35]
,,,,,
,,0.015503,1.930039,  TEncSampleAdaptiveOffset::SAOProcess,[95]
[136],0.07,0.015503,1.930039,TEncSampleAdaptiveOffset::decideBlkParams,[136]
,,0.015557,0.0,  TComSampleAdaptiveOffset::reconstructBlkSAOParam,[239]
,,0.0,1.198289,  TComSampleAdaptiveOffset::offsetCTU,[152]
,,0.0,0.015532,  TEncSampleAdaptiveOffset::deriveModeMergeRDO,[241]
,,0.0,0.700662,  TEncSampleAdaptiveOffset::deriveModeNewRDO,[170]
,,,,,
,,1.924126,0.0,  TEncBinCABAC::copyState,[81]
[137],0.07,1.924126,0.0,TEncBinCABAC::getTEncBinCABAC,[137]
,,,,,
,,1.861661,0.0,  TEncBinCABACCounter::getNumWrittenBits,[102]
[138],0.07,1.861661,0.0,TComBitCounter::getNumberOfWrittenBits,[138]
,,,,,
,,1.583211,0.0,  TComRdCost::getDistPart,[59]
[139],0.06,1.583211,0.0,TComRdCost::xGetSSE32,[139]
,,,,,
,,0.0,1.523806,  TAppEncTop::encode,[3]
[140],0.06,0.0,1.523806,TAppEncTop::xWriteOutput,[140]
,,0.0,1.399440,  TVideoIOYuv::write,[142]
,,0.0,0.124366,  writeAnnexB,[197]
,,,,,
,,0.311437,0.140151,  TComOutputBitstream::addSubstream,[173]
,,0.326860,0.062318,  TEncGOP::compressGOP,[7]
,,0.420063,0.155679,  TEncBinCABAC::writeOut,[153]
[141],0.05,1.058360,0.358148,TComOutputBitstream::write,[141]
,,0.233630,0.108951,"  std::vector<unsigned char,class std::allocator<unsigned char> >::emplace_back<unsigned char const &>",[179]
,,0.015568,0.0,"  std::vector<unsigned char,class std::allocator<unsigned char> >::_Change_array",[236]
,,,,,
,,0.0,1.399440,  TAppEncTop::xWriteOutput,[140]
[142],0.05,0.0,1.399440,TVideoIOYuv::write,[142]
,,0.466348,0.933092,  writePlane,[143]
,,,,,
,,0.466348,0.933092,  TVideoIOYuv::write,[142]
[143],0.05,0.466348,0.933092,writePlane,[143]
,,0.015553,0.917540,"  std::basic_ostream<char,struct std::char_traits<char> >::write",[159]
,,,,,
,,,,  TComLoopFilter::xSetEdgefilterTU <cycle 5>,[144]
,,1.042992,0.326649,  TComLoopFilter::xDeblockCU <cycle 4>,[108]
[144],0.05,1.042992,0.326649,TComLoopFilter::xSetEdgefilterTU <cycle 5>,[144]
,,0.202281,0.0,  TComTURecurse::nextSection,[71]
,,0.108806,0.0,  TComTU::TComTU,[87]
,,0.015562,0.0,  _security_check_cookie,[79]
,,,,  TComLoopFilter::xSetEdgefilterTU <cycle 5>,[144]
,,,,,
,,1.042992,0.326649,  TComLoopFilter::xDeblockCU <cycle 4>,[108]
[145],0.05,1.042992,0.326649,<cycle 5 as a whole>,[145]
,,1.042992,0.326649,  TComLoopFilter::xSetEdgefilterTU <cycle 5>,[144]
,,,,,
,,0.093283,0.062061,  TEncEntropy::encodePredInfo,[124]
,,0.791329,0.372379,  TEncSearch::xEncIntraHeader,[61]
[146],0.05,0.884612,0.434440,TEncSbac::codeIntraDirChroma,[146]
,,0.248239,0.0,  TEncBinCABACCounter::encodeBin,[38]
,,0.155112,0.0,  TEncBinCABACCounter::encodeBinsEP,[70]
,,0.015561,0.0,  TEncBinCABAC::encodeBin,[120]
,,0.015528,0.0,  _security_check_cookie,[79]
,,,,,
,,0.0,0.326900,  TEncGOP::compressGOP,[7]
,,0.0,0.280963,  TEncSampleAdaptiveOffset::SAOProcess,[95]
,,0.0,0.699713,  TEncTop::encode,[6]
[147],0.05,0.0,1.307576,TComPicYuv::copyToPic,[147]
,,1.307576,0.0,  memcpy,[35]
,,,,,
,,0.124635,0.0,  TComLoopFilter::xDeblockCU <cycle 4>,[108]
,,0.155419,0.0,  TEncEntropy::encodeCoeff,[60]
,,0.264011,0.0,  TEncSearch::estIntraPredLumaQT,[13]
,,0.302255,0.0,  TEncCu::xCheckRDCostIntra,[12]
,,0.418945,0.0,  TEncSearch::estIntraPredChromaQT,[20]
[148],0.05,1.265265,0.0,TComTU::TComTU,[148]
,,,,,
,,0.031151,0.031092,  TEncCu::xEncodeCU <cycle 2>,[56]
,,0.046451,0.015587,  TEncCu::xCheckRDCostIntra,[12]
,,0.822992,0.295113,  TEncSearch::xEncIntraHeader,[61]
[149],0.05,0.900595,0.341792,TEncSbac::codePartSize,[149]
,,0.341792,0.0,  TEncBinCABACCounter::encodeBin,[38]
,,,,,
,,0.0,0.372743,  TEncCu::compressCtu,[9]
,,0.0,0.124261,  TEncCu::xCheckRDCostIntra,[12]
,,0.0,0.698452,  TEncCu::xCompressCU <cycle 12>,[11]
,,0.0,0.015558,  TEncGOP::compressGOP,[7]
[150],0.05,0.0,1.211015,[Unknown stack frame(s)],[150]
,,0.900555,0.0,  TEncSbac::xWriteCoefRemainExGolomb,[45]
,,0.279427,0.0,  TEncSearch::xModeBitsIntra,[49]
,,0.031033,0.0,  TEncSbac::resetBits,[93]
,,,,,
,,1.198289,0.0,  TComSampleAdaptiveOffset::offsetCTU,[152]
[151],0.05,1.198289,0.0,TComSampleAdaptiveOffset::offsetBlock,[151]
,,,,,
,,0.0,1.198289,  TEncSampleAdaptiveOffset::decideBlkParams,[136]
[152],0.05,0.0,1.198289,TComSampleAdaptiveOffset::offsetCTU,[152]
,,1.198289,0.0,  TComSampleAdaptiveOffset::offsetBlock,[151]
,,,,,
,,0.0,0.015568,  TEncSbac::codeSAOOffsetParam,[208]
,,0.015514,0.0,  TEncBinCABAC::encodeAlignedBinsEP,[217]
,,0.015575,0.031003,  TEncSbac::codeQtCbf,[85]
,,0.015583,0.0,  TEncSbac::codeIntraDirLumaAng,[48]
,,0.031122,0.031135,  TEncSbac::codeLastSignificantXY,[51]
,,0.217863,0.280116,  TEncSbac::codeCoeffNxN,[21]
,,0.311428,0.217920,  TEncBinCABAC::encodeBinsEP,[154]
[153],0.04,0.607086,0.575742,TEncBinCABAC::writeOut,[153]
,,0.420063,0.155679,  TComOutputBitstream::write,[141]
,,,,,
,,0.0,0.015537,  TEncSbac::codeIntraDirLumaAng,[48]
,,0.280188,0.202257,  TEncSbac::codeCoeffNxN,[21]
,,0.326724,0.311555,  TEncSbac::xWriteCoefRemainExGolomb,[45]
[154],0.04,0.606912,0.529349,TEncBinCABAC::encodeBinsEP,[154]
,,0.311428,0.217920,  TEncBinCABAC::writeOut,[153]
,,,,,
,,1.133021,0.0,  TComPrediction::predIntraAng,[29]
[155],0.04,1.133021,0.0,TComPrediction::xDCPredFiltering,[155]
,,,,,
,,0.170627,0.953778,  TEncCu::xCompressCU <cycle 12>,[11]
[156],0.04,0.170627,0.953778,TEncCu::xCopyYuv2Pic,[156]
,,0.015478,0.938300,  TComYuv::copyToPicYuv,[132]
,,,,,
,,0.217202,0.0,  TComDataCU::getPUBelowLeft,[103]
,,0.232464,0.0,  TComDataCU::getPUAboveRight,[91]
,,0.628147,0.0,  TComDataCU::getPUAboveLeft,[128]
[157],0.04,1.077813,0.0,TComDataCU::CUIsFromSameSliceAndTile,[157]
,,,,,
,,0.325969,0.744704,  TEncCu::xCompressCU <cycle 12>,[11]
[158],0.04,0.325969,0.744704,TComYuv::copyFromPicComponent,[158]
,,0.744704,0.0,  memcpy,[35]
,,,,,
,,0.0,0.062390,  write,[190]
,,0.015553,0.917540,  writePlane,[143]
[159],0.04,0.015553,0.979929,"std::basic_ostream<char,struct std::char_traits<char> >::write",[159]
,,0.046756,0.0,  memcpy,[35]
,,0.0,0.917540,  fputc,[162]
,,0.0,0.015634,  operator new,[227]
,,,,,
,,0.964857,0.015582,  TComLoopFilter::xDeblockCU <cycle 4>,[108]
[160],0.04,0.964857,0.015582,TComLoopFilter::xEdgeFilterChroma,[160]
,,0.015582,0.0,  TComDataCU::getPUAbove,[222]
,,,,,
,,0.0,0.979723,  fputc,[162]
[161],0.04,0.0,0.979723,_acrt_stdio_flush_and_write_narrow_nolock,[161]
,,0.015563,0.0,  fileno,[238]
,,0.0,0.964160,  write_buffer_nolock<char>,[165]
,,,,,
,,0.0,0.062183,"  std::_Insert_string<char,struct std::char_traits<char>,unsigned __int64>",[215]
,,0.0,0.917540,"  std::basic_ostream<char,struct std::char_traits<char> >::write",[159]
[162],0.04,0.0,0.979723,fputc,[162]
,,0.0,0.979723,  _acrt_stdio_flush_and_write_narrow_nolock,[161]
,,,,,
,,0.964160,0.0,  write_nolock,[166]
[163],0.04,0.964160,0.0,WriteFile,[163]
,,,,,
,,0.0,0.964160,  write_buffer_nolock<char>,[165]
[164],0.04,0.0,0.964160,write,[164]
,,0.0,0.964160,  write_nolock,[166]
,,,,,
,,0.0,0.964160,  _acrt_stdio_flush_and_write_narrow_nolock,[161]
[165],0.04,0.0,0.964160,write_buffer_nolock<char>,[165]
,,0.0,0.964160,  write,[164]
,,,,,
,,0.0,0.964160,  write,[164]
[166],0.04,0.0,0.964160,write_nolock,[166]
,,0.964160,0.0,  WriteFile,[163]
,,,,,
,,0.062287,0.0,  TEncSbac::codeSAOOffsetParam,[208]
,,0.434437,0.0,  TEncSbac::codeLastSignificantXY,[51]
,,0.465824,0.0,  TEncSbac::codeIntraDirLumaAng,[48]
[167],0.04,0.962547,0.0,TEncBinCABACCounter::encodeBinEP,[167]
,,,,,
,,0.0,0.949416,  TAppEncTop::encode,[3]
[168],0.04,0.0,0.949416,TVideoIOYuv::read,[168]
,,0.217743,0.373478,  readPlane,[172]
,,0.124791,0.0,  scalePlane,[196]
,,0.0,0.233404,  TVideoIOYuv::ColourSpaceConvert,[185]
,,,,,
,,0.684347,0.218061,  TComLoopFilter::xDeblockCU <cycle 4>,[108]
[169],0.03,0.684347,0.218061,TComLoopFilter::xEdgeFilterLuma,[169]
,,0.155839,0.0,  TComLoopFilter::xPelFilterLuma,[193]
,,0.062222,0.0,  TComLoopFilter::xUseStrongFiltering,[223]
,,,,,
,,0.0,0.700662,  TEncSampleAdaptiveOffset::decideBlkParams,[136]
[170],0.03,0.0,0.700662,TEncSampleAdaptiveOffset::deriveModeNewRDO,[170]
,,0.217857,0.264763,  TEncSampleAdaptiveOffset::deriveOffsets,[174]
,,0.093494,0.0,  memcpy,[35]
,,0.015582,0.0,  TComSampleAdaptiveOffset::invertQuantOffsets,[235]
,,0.015570,0.0,  TEncBinCABAC::copyState,[81]
,,0.0,0.046733,  TEncSbac::codeSAOBlkParam,[221]
,,0.0,0.031122,  TEncSbac::codeSAOOffsetParam,[208]
,,0.0,0.015540,  `eh vector constructor iterator' <cycle 3>,[231]
,,,,,
,,0.077554,0.186152,  TEncSlice::compressSlice,[8]
,,0.077682,0.279329,  TEncCu::compressCtu,[9]
[171],0.02,0.155236,0.465481,TComDataCU::initCtu,[171]
,,0.465481,0.0,  memset,[44]
,,,,,
,,0.217743,0.373478,  TVideoIOYuv::read,[168]
[172],0.02,0.217743,0.373478,readPlane,[172]
,,0.015530,0.357948,"  std::basic_istream<char,struct std::char_traits<char> >::read",[176]
,,,,,
,,0.031131,0.451588,  TEncGOP::compressGOP,[7]
[173],0.02,0.031131,0.451588,TComOutputBitstream::addSubstream,[173]
,,0.311437,0.140151,  TComOutputBitstream::write,[141]
,,,,,
,,0.217857,0.264763,  TEncSampleAdaptiveOffset::deriveModeNewRDO,[170]
[174],0.02,0.217857,0.264763,TEncSampleAdaptiveOffset::deriveOffsets,[174]
,,0.264763,0.0,  TEncSampleAdaptiveOffset::estIterOffset,[184]
,,,,,
,,0.046709,0.046636,  TEncCu::xEncodeCU <cycle 2>,[56]
,,0.201903,0.093109,  TEncCu::xCompressCU <cycle 12>,[11]
[175],0.01,0.248612,0.139744,TEncSbac::codeSplitFlag,[175]
,,0.108691,0.0,  TComDataCU::getCtxSplitFlag,[207]
,,0.015534,0.0,  TEncBinCABAC::encodeBin,[120]
,,0.015519,0.0,  TEncBinCABACCounter::encodeBin,[38]
,,,,,
,,0.015530,0.357948,  readPlane,[172]
[176],0.01,0.015530,0.357948,"std::basic_istream<char,struct std::char_traits<char> >::read",[176]
,,0.0,0.357948,  fgetc,[178]
,,,,,
,,0.015570,0.342379,  fgetc,[178]
[177],0.01,0.015570,0.342379,common_refill_and_read_nolock<char>,[177]
,,0.0,0.342379,  read,[181]
,,,,,
,,0.0,0.357948,"  std::basic_istream<char,struct std::char_traits<char> >::read",[176]
[178],0.01,0.0,0.357948,fgetc,[178]
,,0.015570,0.342379,  common_refill_and_read_nolock<char>,[177]
,,,,,
,,0.233630,0.108951,  TComOutputBitstream::write,[141]
[179],0.01,0.233630,0.108951,"std::vector<unsigned char,class std::allocator<unsigned char> >::emplace_back<unsigned char const &>",[179]
,,0.108951,0.0,  memcpy,[35]
,,,,,
,,0.342379,0.0,  read_nolock,[182]
[180],0.01,0.342379,0.0,ReadFile,[180]
,,,,,
,,0.0,0.342379,  common_refill_and_read_nolock<char>,[177]
[181],0.01,0.0,0.342379,read,[181]
,,0.0,0.342379,  read_nolock,[182]
,,,,,
,,0.0,0.342379,  read,[181]
[182],0.01,0.0,0.342379,read_nolock,[182]
,,0.342379,0.0,  ReadFile,[180]
,,,,,
,,0.015562,0.0,  TEncEntropy::xEncodeTransform <cycle 1>,[43]
,,0.294764,0.0,  TEncSearch::xEncSubdivCbfQT <cycle 7>,[54]
[183],0.01,0.310326,0.0,TEncSbac::codeTransformSubdivFlag,[183]
,,,,,
,,0.264763,0.0,  TEncSampleAdaptiveOffset::deriveOffsets,[174]
[184],0.01,0.264763,0.0,TEncSampleAdaptiveOffset::estIterOffset,[184]
,,,,,
,,0.0,0.233404,  TVideoIOYuv::read,[168]
[185],0.01,0.0,0.233404,TVideoIOYuv::ColourSpaceConvert,[185]
,,0.0,0.233404,  copyPlane,[186]
,,,,,
,,0.0,0.233404,  TVideoIOYuv::ColourSpaceConvert,[185]
[186],0.01,0.0,0.233404,copyPlane,[186]
,,0.233404,0.0,  memcpy,[35]
,,,,,
,,0.202871,0.015619,  TEncGOP::xCalculateAddPSNRs,[188]
[187],0.01,0.202871,0.015619,TEncGOP::xCalculateAddPSNR,[187]
,,0.0,0.015619,"  std::basic_ostringstream<char,struct std::char_traits<char>,class std::allocator<char> >::str",[191]
,,,,,
,,0.0,0.218490,  TEncGOP::compressGOP,[7]
[188],0.01,0.0,0.218490,TEncGOP::xCalculateAddPSNRs,[188]
,,0.202871,0.015619,  TEncGOP::xCalculateAddPSNR,[187]
,,,,,
,,0.217793,0.0,  TComLoopFilter::xDeblockCU <cycle 4>,[108]
[189],0.01,0.217793,0.0,TComLoopFilter::xSetEdgefilterPU,[189]
,,,,,
,,0.062368,0.125303,  TEncGOP::compressGOP,[7]
[190],0.01,0.062368,0.125303,write,[190]
,,0.0,0.062390,"  std::basic_ostream<char,struct std::char_traits<char> >::write",[159]
,,0.0,0.031759,"  std::vector<unsigned char,class std::allocator<unsigned char> >::_Tidy",[226]
,,0.0,0.031155,"  std::vector<unsigned char,std::allocator<unsigned char> >::_Resize<<lambda_2b51424039c320f102fd798e073c89b2> >",[228]
,,,,,
,,0.0,0.109237,  TEncGOP::compressGOP,[7]
,,0.0,0.015619,  TEncGOP::xCalculateAddPSNR,[187]
,,0.0,0.046630,  writeAnnexB,[197]
[191],0.01,0.0,0.171485,"std::basic_ostringstream<char,struct std::char_traits<char>,class std::allocator<char> >::str",[191]
,,0.171485,0.0,  memcpy,[35]
,,,,,
,,0.124472,0.046714,  TComLoopFilter::xDeblockCU <cycle 4>,[108]
[192],0.01,0.124472,0.046714,TComLoopFilter::xGetBoundaryStrengthSingle,[192]
,,0.031121,0.0,  TComDataCU::getPUAbove,[222]
,,0.015593,0.0,  TComDataCU::getPULeft,[225]
,,,,,
,,0.155839,0.0,  TComLoopFilter::xEdgeFilterLuma,[169]
[193],0.01,0.155839,0.0,TComLoopFilter::xPelFilterLuma,[193]
,,,,,
,,0.093401,0.062059,  TEncCu::xEncodeCU <cycle 2>,[56]
[194],0.01,0.093401,0.062059,TEncCu::finishCU,[194]
,,0.031052,0.0,"  std::deque<class TComSlice *,class std::allocator<class TComSlice *> >::begin",[216]
,,0.031007,0.0,  std::_Deque_iterator<class std::_Deque_val<struct std::_Deque_simple_types<class TComSlice *> > >::operator+,[218]
,,,,,
,,0.155230,0.0,  TEncEntropy::xEncodeTransform <cycle 1>,[43]
[195],0.01,0.155230,0.0,TEncSbac::codeCrossComponentPrediction,[195]
,,,,,
,,0.124791,0.0,  TVideoIOYuv::read,[168]
[196],0.0,0.124791,0.0,scalePlane,[196]
,,,,,
,,0.0,0.124366,  TAppEncTop::xWriteOutput,[140]
[197],0.0,0.0,0.124366,writeAnnexB,[197]
,,0.0,0.077736,"  std::_Insert_string<char,struct std::char_traits<char>,unsigned __int64>",[215]
,,0.0,0.046630,"  std::basic_ostringstream<char,struct std::char_traits<char>,class std::allocator<char> >::str",[191]
,,,,,
,,0.0,0.124117,  TComPicSym::create,[200]
[198],0.0,0.0,0.124117,TComDataCU::create,[198]
,,0.046437,0.0,  memset,[44]
,,0.0,0.015565,  TComCUMvField::create,[237]
,,0.0,0.062114,  aligned_offset_malloc_base,[224]
,,,,,
,,0.0,0.124117,  TEncTop::xGetNewPicBuffer,[201]
[199],0.0,0.0,0.124117,TComPic::create,[199]
,,0.0,0.124117,  TComPicSym::create,[200]
,,,,,
,,0.0,0.124117,  TComPic::create,[199]
[200],0.0,0.0,0.124117,TComPicSym::create,[200]
,,0.0,0.124117,  TComDataCU::create,[198]
,,,,,
,,0.0,0.124117,  TEncTop::encode,[6]
[201],0.0,0.0,0.124117,TEncTop::xGetNewPicBuffer,[201]
,,0.0,0.124117,  TComPic::create,[199]
,,,,,
,,0.015596,0.093405,  TEncGOP::compressGOP,[7]
[202],0.0,0.015596,0.093405,TComPic::compressMotion,[202]
,,0.093405,0.0,  TComCUMvField::compress,[209]
,,,,,
,,0.015518,0.093342,  TComPicSym::destroy,[205]
[203],0.0,0.015518,0.093342,TComDataCU::destroy,[203]
,,0.061964,0.031378,  aligned_free,[210]
,,,,,
,,0.0,0.108859,  TAppEncTop::encode,[3]
[204],0.0,0.0,0.108859,TComPic::destroy,[204]
,,0.0,0.108859,  TComPicSym::destroy,[205]
,,,,,
,,0.0,0.108859,  TComPic::destroy,[204]
[205],0.0,0.0,0.108859,TComPicSym::destroy,[205]
,,0.015518,0.093342,  TComDataCU::destroy,[203]
,,,,,
,,0.108828,0.0,  TEncCu::xCompressCU <cycle 12>,[11]
[206],0.0,0.108828,0.0,TEncCu::xComputeQP,[206]
,,,,,
,,0.108691,0.0,  TEncSbac::codeSplitFlag,[175]
[207],0.0,0.108691,0.0,TComDataCU::getCtxSplitFlag,[207]
,,,,,
,,0.0,0.031122,  TEncSampleAdaptiveOffset::deriveModeNewRDO,[170]
,,0.015569,0.046732,  TEncSbac::codeSAOBlkParam,[221]
[208],0.0,0.015569,0.077854,TEncSbac::codeSAOOffsetParam,[208]
,,0.062287,0.0,  TEncBinCABACCounter::encodeBinEP,[167]
,,0.0,0.015568,  TEncBinCABAC::writeOut,[153]
,,,,,
,,0.093405,0.0,  TComPic::compressMotion,[202]
[209],0.0,0.093405,0.0,TComCUMvField::compress,[209]
,,,,,
,,0.061964,0.031378,  TComDataCU::destroy,[203]
[210],0.0,0.061964,0.031378,aligned_free,[210]
,,0.0,0.031378,  free_base,[220]
,,,,,
,,0.093313,0.0,  malloc_base,[212]
[211],0.0,0.093313,0.0,RtlAllocateHeap,[211]
,,,,,
,,0.0,0.062114,  aligned_offset_malloc_base,[224]
,,0.0,0.031199,  operator new,[227]
[212],0.0,0.0,0.093313,malloc_base,[212]
,,0.093313,0.0,  RtlAllocateHeap,[211]
,,,,,
,,0.031130,0.046696,  TComLoopFilter::xDeblockCU <cycle 4>,[108]
[213],0.0,0.031130,0.046696,TComLoopFilter::xSetLoopfilterParam,[213]
,,0.031136,0.0,  TComDataCU::getPULeft,[225]
,,0.015560,0.0,  TComDataCU::getPUAbove,[222]
,,,,,
,,0.077817,0.0,  TEncSbac::codeIntraDirLumaAng,[48]
[214],0.0,0.077817,0.0,TEncBinCABAC::encodeBinEP,[214]
,,,,,
,,0.0,0.077736,  writeAnnexB,[197]
[215],0.0,0.0,0.077736,"std::_Insert_string<char,struct std::char_traits<char>,unsigned __int64>",[215]
,,0.015553,0.0,  memcpy,[35]
,,0.0,0.062183,  fputc,[162]
,,,,,
,,0.031052,0.0,  TEncCu::finishCU,[194]
,,0.046617,0.0,  TEncCu::xCompressCU <cycle 12>,[11]
[216],0.0,0.077669,0.0,"std::deque<class TComSlice *,class std::allocator<class TComSlice *> >::begin",[216]
,,,,,
,,0.031071,0.015514,  TEncSbac::codeCoeffNxN,[21]
,,0.031079,0.0,  TEncSbac::xWriteCoefRemainExGolomb,[45]
[217],0.0,0.062150,0.015514,TEncBinCABAC::encodeAlignedBinsEP,[217]
,,0.015514,0.0,  TEncBinCABAC::writeOut,[153]
,,,,,
,,0.031007,0.0,  TEncCu::finishCU,[194]
,,0.046563,0.0,  TEncCu::xCompressCU <cycle 12>,[11]
[218],0.0,0.077570,0.0,std::_Deque_iterator<class std::_Deque_val<struct std::_Deque_simple_types<class TComSlice *> > >::operator+,[218]
,,,,,
,,0.063137,0.0,  free_base,[220]
[219],0.0,0.063137,0.0,RtlFreeHeap,[219]
,,,,,
,,0.0,0.031378,  aligned_free,[210]
,,0.0,0.031759,"  std::vector<unsigned char,class std::allocator<unsigned char> >::_Tidy",[226]
[220],0.0,0.0,0.063137,free_base,[220]
,,0.063137,0.0,  RtlFreeHeap,[219]
,,,,,
,,0.0,0.046733,  TEncSampleAdaptiveOffset::deriveModeNewRDO,[170]
,,0.0,0.015568,  TEncSlice::encodeSlice,[72]
[221],0.0,0.0,0.062301,TEncSbac::codeSAOBlkParam,[221]
,,0.015569,0.046732,  TEncSbac::codeSAOOffsetParam,[208]
,,,,,
,,0.015560,0.0,  TComLoopFilter::xSetLoopfilterParam,[213]
,,0.015582,0.0,  TComLoopFilter::xEdgeFilterChroma,[160]
,,0.031121,0.0,  TComLoopFilter::xGetBoundaryStrengthSingle,[192]
[222],0.0,0.062263,0.0,TComDataCU::getPUAbove,[222]
,,,,,
,,0.062222,0.0,  TComLoopFilter::xEdgeFilterLuma,[169]
[223],0.0,0.062222,0.0,TComLoopFilter::xUseStrongFiltering,[223]
,,,,,
,,0.0,0.062114,  TComDataCU::create,[198]
[224],0.0,0.0,0.062114,aligned_offset_malloc_base,[224]
,,0.0,0.062114,  malloc_base,[212]
,,,,,
,,0.015593,0.0,  TComLoopFilter::xGetBoundaryStrengthSingle,[192]
,,0.031136,0.0,  TComLoopFilter::xSetLoopfilterParam,[213]
[225],0.0,0.046729,0.0,TComDataCU::getPULeft,[225]
,,,,,
,,0.0,0.031759,  write,[190]
[226],0.0,0.0,0.031759,"std::vector<unsigned char,class std::allocator<unsigned char> >::_Tidy",[226]
,,0.0,0.031759,  free_base,[220]
,,,,,
,,0.0,0.015565,  TComCUMvField::create,[237]
,,0.0,0.015634,"  std::basic_ostream<char,struct std::char_traits<char> >::write",[159]
[227],0.0,0.0,0.031199,operator new,[227]
,,0.0,0.031199,  malloc_base,[212]
,,,,,
,,0.0,0.031155,  write,[190]
[228],0.0,0.0,0.031155,"std::vector<unsigned char,std::allocator<unsigned char> >::_Resize<<lambda_2b51424039c320f102fd798e073c89b2> >",[228]
,,0.031155,0.0,  memset,[44]
,,,,,
,,0.0,0.015564,  TEncSampleAdaptiveOffset::SAOProcess,[95]
,,0.0,0.015540,  TEncSampleAdaptiveOffset::deriveModeNewRDO,[170]
[229],0.0,0.0,0.031104,<cycle 3 as a whole>,[229]
,,0.0,0.0,  SAOBlkParam::SAOBlkParam <cycle 3>,[249]
,,0.0,0.031104,  `eh vector constructor iterator' <cycle 3>,[231]
,,,,,
,,0.015540,0.015564,  `eh vector constructor iterator' <cycle 3>,[231]
[230],0.0,0.015540,0.015564,SAOOffset::SAOOffset,[230]
,,0.015564,0.0,  memset,[44]
,,,,,
,,,,  SAOBlkParam::SAOBlkParam <cycle 3>,[249]
,,0.0,0.015564,  TEncSampleAdaptiveOffset::SAOProcess,[95]
,,0.0,0.015540,  TEncSampleAdaptiveOffset::deriveModeNewRDO,[170]
[231],0.0,0.0,0.031104,`eh vector constructor iterator' <cycle 3>,[231]
,,0.015540,0.015564,  SAOOffset::SAOOffset,[230]
,,,,  SAOBlkParam::SAOBlkParam <cycle 3>,[249]
,,,,,
,,0.031074,0.0,  TEncSearch::estIntraPredLumaQT,[13]
[232],0.0,0.031074,0.0,TComYuv::getStride,[232]
,,,,,
,,0.030905,0.0,  TEncCu::xCheckRDCostIntra,[12]
[233],0.0,0.030905,0.0,TEncCu::xCheckDQP,[233]
,,,,,
,,0.015602,0.0,  TEncSampleAdaptiveOffset::SAOProcess,[95]
[234],0.0,0.015602,0.0,TComPicYuv::extendPicBorder,[234]
,,,,,
,,0.015582,0.0,  TEncSampleAdaptiveOffset::deriveModeNewRDO,[170]
[235],0.0,0.015582,0.0,TComSampleAdaptiveOffset::invertQuantOffsets,[235]
,,,,,
,,0.015568,0.0,  TComOutputBitstream::write,[141]
[236],0.0,0.015568,0.0,"std::vector<unsigned char,class std::allocator<unsigned char> >::_Change_array",[236]
,,,,,
,,0.0,0.015565,  TComDataCU::create,[198]
[237],0.0,0.0,0.015565,TComCUMvField::create,[237]
,,0.0,0.015565,  operator new,[227]
,,,,,
,,0.015563,0.0,  _acrt_stdio_flush_and_write_narrow_nolock,[161]
[238],0.0,0.015563,0.0,fileno,[238]
,,,,,
,,0.015557,0.0,  TEncSampleAdaptiveOffset::decideBlkParams,[136]
[239],0.0,0.015557,0.0,TComSampleAdaptiveOffset::reconstructBlkSAOParam,[239]
,,,,,
,,0.015532,0.0,  TEncSampleAdaptiveOffset::deriveModeMergeRDO,[241]
[240],0.0,0.015532,0.0,SAOBlkParam::operator=,[240]
,,,,,
,,0.0,0.015532,  TEncSampleAdaptiveOffset::decideBlkParams,[136]
[241],0.0,0.0,0.015532,TEncSampleAdaptiveOffset::deriveModeMergeRDO,[241]
,,0.015532,0.0,  SAOBlkParam::operator=,[240]
,,,,,
,,0.012050,0.0,  close_nolock,[245]
[242],0.0,0.012050,0.0,CloseHandle,[242]
,,,,,
,,0.0,0.012050,  close,[244]
[243],0.0,0.0,0.012050,"__crt_seh_guarded_call<int>::operator()<class <lambda_751a882b2c74d4b022dec766aa51a29a>,class <lambda_628dfdc04ba53c8bfc02c9951375f3f5> &,class <lambda_f6c7be5f7998530c34de24c7437d6b54> >",[243]
,,0.0,0.012050,  close_nolock,[245]
,,,,,
,,0.0,0.012050,  fclose_nolock,[247]
[244],0.0,0.0,0.012050,close,[244]
,,0.0,0.012050,"  __crt_seh_guarded_call<int>::operator()<class <lambda_751a882b2c74d4b022dec766aa51a29a>,class <lambda_628dfdc04ba53c8bfc02c9951375f3f5> &,class <lambda_f6c7be5f7998530c34de24c7437d6b54> >",[243]
,,,,,
,,0.0,0.012050,"  __crt_seh_guarded_call<int>::operator()<class <lambda_751a882b2c74d4b022dec766aa51a29a>,class <lambda_628dfdc04ba53c8bfc02c9951375f3f5> &,class <lambda_f6c7be5f7998530c34de24c7437d6b54> >",[243]
[245],0.0,0.0,0.012050,close_nolock,[245]
,,0.012050,0.0,  CloseHandle,[242]
,,,,,
,,0.0,0.012050,"  std::basic_filebuf<char,struct std::char_traits<char> >::close",[248]
[246],0.0,0.0,0.012050,fclose,[246]
,,0.0,0.012050,  fclose_nolock,[247]
,,,,,
,,0.0,0.012050,  fclose,[246]
[247],0.0,0.0,0.012050,fclose_nolock,[247]
,,0.0,0.012050,  close,[244]
,,,,,
,,0.0,0.012050,  TAppEncTop::encode,[3]
[248],0.0,0.0,0.012050,"std::basic_filebuf<char,struct std::char_traits<char> >::close",[248]
,,0.0,0.012050,  fclose,[246]
,,,,,
,,,,  `eh vector constructor iterator' <cycle 3>,[231]
[249],0.0,0.0,0.0,SAOBlkParam::SAOBlkParam <cycle 3>,[249]
,,,,  `eh vector constructor iterator' <cycle 3>,[231]
,,,,,


Index by function name

Index,Function
[1],BaseThreadInitThunk
[242],CloseHandle
[82],QpParam::QpParam
[180],ReadFile
[211],RtlAllocateHeap
[219],RtlFreeHeap
[2],RtlUserThreadStart
[249],SAOBlkParam::SAOBlkParam
[240],SAOBlkParam::operator=
[230],SAOOffset::SAOOffset
[3],TAppEncTop::encode
[140],TAppEncTop::xWriteOutput
[138],TComBitCounter::getNumberOfWrittenBits
[130],TComBitCounter::resetBits
[209],TComCUMvField::compress
[237],TComCUMvField::create
[157],TComDataCU::CUIsFromSameSliceAndTile
[129],TComDataCU::copyPartFrom
[126],TComDataCU::copyToPic
[198],TComDataCU::create
[203],TComDataCU::destroy
[75],TComDataCU::getCoefScanIdx
[207],TComDataCU::getCtxSplitFlag
[69],TComDataCU::getIntraDirPredictor
[222],TComDataCU::getPUAbove
[128],TComDataCU::getPUAboveLeft
[91],TComDataCU::getPUAboveRight
[103],TComDataCU::getPUBelowLeft
[225],TComDataCU::getPULeft
[121],TComDataCU::getQuadtreeTULog2MinSizeInCU
[171],TComDataCU::initCtu
[84],TComDataCU::initEstData
[110],TComDataCU::initSubCU
[107],TComLoopFilter::loopFilterPic
[108],TComLoopFilter::xDeblockCU
[160],TComLoopFilter::xEdgeFilterChroma
[169],TComLoopFilter::xEdgeFilterLuma
[192],TComLoopFilter::xGetBoundaryStrengthSingle
[193],TComLoopFilter::xPelFilterLuma
[189],TComLoopFilter::xSetEdgefilterPU
[144],TComLoopFilter::xSetEdgefilterTU
[213],TComLoopFilter::xSetLoopfilterParam
[223],TComLoopFilter::xUseStrongFiltering
[173],TComOutputBitstream::addSubstream
[141],TComOutputBitstream::write
[202],TComPic::compressMotion
[199],TComPic::create
[204],TComPic::destroy
[200],TComPicSym::create
[205],TComPicSym::destroy
[147],TComPicYuv::copyToPic
[234],TComPicYuv::extendPicBorder
[131],TComPrediction::filteringIntraReferenceSamples
[40],TComPrediction::initIntraPatternChType
[29],TComPrediction::predIntraAng
[134],TComPrediction::predIntraGetPredValDC
[155],TComPrediction::xDCPredFiltering
[33],TComPrediction::xPredIntraAng
[88],TComPrediction::xPredIntraPlanar
[59],TComRdCost::getDistPart
[62],TComRdCost::xCalcHADs4x4
[36],TComRdCost::xCalcHADs8x8
[32],TComRdCost::xGetHADs
[125],TComRdCost::xGetSSE16
[139],TComRdCost::xGetSSE32
[89],TComRdCost::xGetSSE4
[119],TComRdCost::xGetSSE8
[235],TComSampleAdaptiveOffset::invertQuantOffsets
[151],TComSampleAdaptiveOffset::offsetBlock
[152],TComSampleAdaptiveOffset::offsetCTU
[239],TComSampleAdaptiveOffset::reconstructBlkSAOParam
[148],TComTU::TComTU
[87],TComTU::TComTU
[117],TComTU::getGolombRiceStatisticsIndex
[71],TComTURecurse::nextSection
[30],TComTrQuant::getSigCtxInc
[114],TComTrQuant::invRdpcmNxN
[28],TComTrQuant::invTransformNxN
[86],TComTrQuant::rdpcmNxN
[17],TComTrQuant::transformNxN
[46],TComTrQuant::xDeQuant
[27],TComTrQuant::xGetCodedLevel
[31],TComTrQuant::xGetICRate
[34],TComTrQuant::xIT
[100],TComTrQuant::xITransformSkip
[18],TComTrQuant::xQuant
[19],TComTrQuant::xRateDistOptQuant
[39],TComTrQuant::xT
[98],TComTrQuant::xTransformSkip
[158],TComYuv::copyFromPicComponent
[80],TComYuv::copyPartToPartComponent
[133],TComYuv::copyToPartComponent
[135],TComYuv::copyToPicComponent
[132],TComYuv::copyToPicYuv
[115],TComYuv::getAddr
[55],TComYuv::getAddr
[232],TComYuv::getStride
[81],TEncBinCABAC::copyState
[217],TEncBinCABAC::encodeAlignedBinsEP
[120],TEncBinCABAC::encodeBin
[214],TEncBinCABAC::encodeBinEP
[154],TEncBinCABAC::encodeBinsEP
[137],TEncBinCABAC::getTEncBinCABAC
[122],TEncBinCABAC::resetBits
[153],TEncBinCABAC::writeOut
[38],TEncBinCABACCounter::encodeBin
[167],TEncBinCABACCounter::encodeBinEP
[70],TEncBinCABACCounter::encodeBinsEP
[102],TEncBinCABACCounter::getNumWrittenBits
[9],TEncCu::compressCtu
[194],TEncCu::finishCU
[233],TEncCu::xCheckDQP
[12],TEncCu::xCheckRDCostIntra
[11],TEncCu::xCompressCU
[206],TEncCu::xComputeQP
[156],TEncCu::xCopyYuv2Pic
[127],TEncCu::xCopyYuv2Tmp
[56],TEncCu::xEncodeCU
[60],TEncEntropy::encodeCoeff
[26],TEncEntropy::encodeCoeffNxN
[124],TEncEntropy::encodePredInfo
[43],TEncEntropy::xEncodeTransform
[7],TEncGOP::compressGOP
[187],TEncGOP::xCalculateAddPSNR
[188],TEncGOP::xCalculateAddPSNRs
[95],TEncSampleAdaptiveOffset::SAOProcess
[136],TEncSampleAdaptiveOffset::decideBlkParams
[241],TEncSampleAdaptiveOffset::deriveModeMergeRDO
[170],TEncSampleAdaptiveOffset::deriveModeNewRDO
[174],TEncSampleAdaptiveOffset::deriveOffsets
[184],TEncSampleAdaptiveOffset::estIterOffset
[104],TEncSampleAdaptiveOffset::getBlkStats
[105],TEncSampleAdaptiveOffset::getStatistics
[21],TEncSbac::codeCoeffNxN
[195],TEncSbac::codeCrossComponentPrediction
[146],TEncSbac::codeIntraDirChroma
[48],TEncSbac::codeIntraDirLumaAng
[51],TEncSbac::codeLastSignificantXY
[149],TEncSbac::codePartSize
[85],TEncSbac::codeQtCbf
[221],TEncSbac::codeSAOBlkParam
[208],TEncSbac::codeSAOOffsetParam
[175],TEncSbac::codeSplitFlag
[101],TEncSbac::codeTransformSkipFlags
[183],TEncSbac::codeTransformSubdivFlag
[47],TEncSbac::estBit
[94],TEncSbac::estCBFBit
[74],TEncSbac::estLastSignificantPositionBit
[118],TEncSbac::estSignificantCoeffGroupMapBit
[77],TEncSbac::estSignificantCoefficientsBit
[67],TEncSbac::estSignificantMapBit
[123],TEncSbac::getNumberOfWrittenBits
[93],TEncSbac::resetBits
[45],TEncSbac::xWriteCoefRemainExGolomb
[20],TEncSearch::estIntraPredChromaQT
[13],TEncSearch::estIntraPredLumaQT
[23],TEncSearch::xEncCoeffQT
[61],TEncSearch::xEncIntraHeader
[54],TEncSearch::xEncSubdivCbfQT
[16],TEncSearch::xIntraCodingTUBlock
[99],TEncSearch::xLoadIntraResultQT
[49],TEncSearch::xModeBitsIntra
[24],TEncSearch::xRecurIntraChromaCodingQT
[14],TEncSearch::xRecurIntraCodingLumaQT
[96],TEncSearch::xSetIntraResultChromaQT
[112],TEncSearch::xSetIntraResultLumaQT
[78],TEncSearch::xStoreIntraResultQT
[92],TEncSearch::xUpdateCandList
[8],TEncSlice::compressSlice
[72],TEncSlice::encodeSlice
[6],TEncTop::encode
[201],TEncTop::xGetNewPicBuffer
[185],TVideoIOYuv::ColourSpaceConvert
[168],TVideoIOYuv::read
[142],TVideoIOYuv::write
[163],WriteFile
[150],[Unknown stack frame(s)]
[243],"__crt_seh_guarded_call<int>::operator()<class <lambda_751a882b2c74d4b022dec766aa51a29a>,class <lambda_628dfdc04ba53c8bfc02c9951375f3f5> &,class <lambda_f6c7be5f7998530c34de24c7437d6b54> >"
[161],_acrt_stdio_flush_and_write_narrow_nolock
[90],_chkstk
[4],_scrt_common_main_seh
[79],_security_check_cookie
[231],`eh vector constructor iterator'
[210],aligned_free
[224],aligned_offset_malloc_base
[244],close
[245],close_nolock
[177],common_refill_and_read_nolock<char>
[186],copyPlane
[68],fastForwardDst
[63],fastInverseDst
[246],fclose
[247],fclose_nolock
[178],fgetc
[238],fileno
[50],fillReferenceSamples
[162],fputc
[220],free_base
[52],getTUEntropyCodingParameters
[116],isAboveAvailable
[113],isLeftAvailable
[5],main
[212],malloc_base
[35],memcpy
[44],memset
[227],operator new
[73],partialButterfly16
[64],partialButterfly32
[109],partialButterfly4
[76],partialButterfly8
[66],partialButterflyInverse16
[65],partialButterflyInverse32
[83],partialButterflyInverse4
[58],partialButterflyInverse8
[181],read
[172],readPlane
[182],read_nolock
[196],scalePlane
[218],std::_Deque_iterator<class std::_Deque_val<struct std::_Deque_simple_types<class TComSlice *> > >::operator+
[215],"std::_Insert_string<char,struct std::char_traits<char>,unsigned __int64>"
[248],"std::basic_filebuf<char,struct std::char_traits<char> >::close"
[176],"std::basic_istream<char,struct std::char_traits<char> >::read"
[159],"std::basic_ostream<char,struct std::char_traits<char> >::write"
[191],"std::basic_ostringstream<char,struct std::char_traits<char>,class std::allocator<char> >::str"
[216],"std::deque<class TComSlice *,class std::allocator<class TComSlice *> >::begin"
[236],"std::vector<unsigned char,class std::allocator<unsigned char> >::_Change_array"
[226],"std::vector<unsigned char,class std::allocator<unsigned char> >::_Tidy"
[179],"std::vector<unsigned char,class std::allocator<unsigned char> >::emplace_back<unsigned char const &>"
[228],"std::vector<unsigned char,std::allocator<unsigned char> >::_Resize<<lambda_2b51424039c320f102fd798e073c89b2> >"
[164],write
[190],write
[197],writeAnnexB
[143],writePlane
[165],write_buffer_nolock<char>
[166],write_nolock
[37],xITrMxN
[41],xTrMxN
[42],<cycle 1>
[57],<cycle 2>
[229],<cycle 3>
[106],<cycle 4>
[145],<cycle 5>
[97],<cycle 6>
[53],<cycle 7>
[22],<cycle 8>
[25],<cycle 9>
[111],<cycle 10>
[15],<cycle 11>
[10],<cycle 12>
