Index,% CPU Time:Total,CPU Time:Self,CPU Time:Children,Name,Index
,,0.0,1553.615058,  RtlUserThreadStart,[2]
[1],100.0,0.0,1553.615058,BaseThreadInitThunk,[1]
,,0.0,1553.615058,  _scrt_common_main_seh,[4]
,,,,,
,,,,  <spontaneous>,
[2],100.0,0.0,1553.615058,RtlUserThreadStart,[2]
,,0.0,1553.615058,  BaseThreadInitThunk,[1]
,,,,,
,,0.0,1553.615058,  main,[5]
[3],100.0,0.0,1553.615058,TAppEncTop::encode,[3]
,,0.0,0.031067,  TComPic::destroy,[284]
,,0.0,1553.205348,  TEncTop::encode,[6]
,,0.0,0.367111,  TVideoIOYuv::read,[197]
,,0.0,0.011531,"  std::basic_fstream<char,struct std::char_traits<char> >::~basic_fstream<char,struct std::char_traits<char> >",[308]
,,,,,
,,0.0,1553.615058,  BaseThreadInitThunk,[1]
[4],100.0,0.0,1553.615058,_scrt_common_main_seh,[4]
,,0.0,1553.615058,  main,[5]
,,,,,
,,0.0,1553.615058,  _scrt_common_main_seh,[4]
[5],100.0,0.0,1553.615058,main,[5]
,,0.0,1553.615058,  TAppEncTop::encode,[3]
,,,,,
,,0.0,1553.205348,  TAppEncTop::encode,[3]
[6],99.97,0.0,1553.205348,TEncTop::encode,[6]
,,0.0,0.077522,  TComPicYuv::copyToPic,[229]
,,0.0,1553.103010,  TEncGOP::compressGOP,[7]
,,0.0,0.024817,  TEncTop::xGetNewPicBuffer,[292]
,,,,,
,,0.0,1553.103010,  TEncTop::encode,[6]
[7],99.97,0.0,1553.103010,TEncGOP::compressGOP,[7]
,,0.0,0.217627,  TComLoopFilter::loopFilterPic,[227]
,,0.0,0.046780,  TComPic::compressMotion,[268]
,,0.0,0.062302,  TComPicYuv::copyToPic,[229]
,,0.0,0.031157,  TComSlice::setRefPicList,[276]
,,0.0,0.062327,  TEncGOP::xCalculateAddPSNRs,[260]
,,0.0,1.463896,  TEncSampleAdaptiveOffset::SAOProcess,[144]
,,0.0,1551.156596,  TEncSlice::compressSlice,[8]
,,0.0,0.062325,  TEncSlice::encodeSlice,[261]
,,,,,
,,0.0,1551.156596,  TEncGOP::compressGOP,[7]
[8],99.84,0.0,1551.156596,TEncSlice::compressSlice,[8]
,,0.031066,0.093300,  TComDataCU::initCtu,[218]
,,0.0,1551.001136,  TEncCu::compressCtu,[9]
,,0.0,0.031094,  TEncCu::xEncodeCU <cycle 1>,[249]
,,,,,
,,0.0,1551.001136,  TEncSlice::compressSlice,[8]
[9],99.83,0.0,1551.001136,TEncCu::compressCtu,[9]
,,0.529073,1550.285207,  TEncCu::xCompressCU <cycle 13>,[11]
,,0.062365,0.077711,  TComDataCU::initCtu,[218]
,,0.0,0.046780,  [Unknown stack frame(s)],[266]
,,,,,
,,0.529073,1550.285207,  TEncCu::compressCtu,[9]
[10],99.82,0.529073,1550.285207,<cycle 13 as a whole>,[10]
,,0.529073,1550.285207,  TEncCu::xCompressCU <cycle 13>,[11]
,,,,,
,,,,  TEncCu::xCompressCU <cycle 13>,[11]
,,0.529073,1550.285207,  TEncCu::compressCtu,[9]
[11],99.82,0.529073,1550.285207,TEncCu::xCompressCU <cycle 13>,[11]
,,2.642303,1.057599,  TComDataCU::initEstData,[83]
,,0.684458,154.887767,  TEncCu::xCheckRDCostMerge2Nx2N,[25]
,,0.435641,0.513285,  TComDataCU::initSubCU,[158]
,,0.373342,1318.160037,  TEncCu::xCheckRDCostInter,[12]
,,0.342272,0.497878,  TComDataCU::copyPartFrom,[163]
,,0.264568,0.0,  memcpy,[54]
,,0.124318,0.466723,  TEncCu::xCopyYuv2Tmp,[174]
,,0.108922,0.342294,  TEncCu::xCopyYuv2Pic,[187]
,,0.093450,0.715715,  TComDataCU::copyToPic,[166]
,,0.077835,0.015516,  TEncBinCABAC::copyState,[125]
,,0.046692,0.280068,  TComYuv::copyFromPicComponent,[205]
,,0.031149,0.0,  std::_Deque_iterator<class std::_Deque_val<struct std::_Deque_simple_types<class TComSlice *> > >::operator+,[277]
,,0.015594,0.0,  TEncSbac::getNumberOfWrittenBits,[193]
,,0.015561,67.734531,  TEncCu::xCheckRDCostIntra,[36]
,,0.015559,0.0,  TComBitCounter::resetBits,[190]
,,0.015544,0.202222,  TComYuv::copyToPicYuv,[179]
,,0.015534,0.0,"  std::deque<class TComSlice *,class std::allocator<class TComSlice *> >::begin",[298]
,,,,  TEncCu::xCompressCU <cycle 13>,[11]
,,0.0,0.108831,  TEncSbac::codeSplitFlag,[246]
,,,,,
,,0.373342,1318.160037,  TEncCu::xCompressCU <cycle 13>,[11]
[12],84.87,0.373342,1318.160037,TEncCu::xCheckRDCostInter,[12]
,,5.836287,1104.724883,  TEncSearch::predInterSearch,[13]
,,0.668810,206.852123,  TEncSearch::encodeResAndCalcRdInterCU,[15]
,,0.046764,0.0,  memset,[45]
,,0.031171,0.0,  TEncCu::xCheckDQP,[269]
,,,,,
,,5.836287,1104.724883,  TEncCu::xCheckRDCostInter,[12]
[13],71.48,5.836287,1104.724883,TEncSearch::predInterSearch,[13]
,,4.013849,908.333622,  TEncSearch::xMotionEstimation,[14]
,,1.680064,96.209602,  TEncSearch::xEstimateMvPredAMVP,[30]
,,1.415466,1.602251,  TEncSearch::xCheckBestMVP,[119]
,,1.057990,0.0,  TComCUMvField::setAll<class TComMv>,[135]
,,0.824426,56.339463,  TEncSearch::xMergeEstimation,[43]
,,0.715914,0.0,  memcpy,[54]
,,0.653190,0.172948,  TComDataCU::setSubPart<signed char>,[129]
,,0.544302,4.838395,  TComYuv::clear,[58]
,,0.482188,0.0,  TComCUMvField::setAll<signed char>,[147]
,,0.326687,14.390767,  TComPrediction::motionCompensation,[37]
,,0.295513,0.0,  TComRdCost::getBitsOfVectorWithPredictor,[56]
,,0.264500,0.171083,  TComDataCU::setSubPart<unsigned char>,[182]
,,0.217790,0.031087,  TComDataCU::setSubPart<bool>,[196]
,,0.171181,0.0,  TComDataCU::getNumPartitions,[206]
,,0.140187,0.0,  TComDataCU::getPartIndexAndSize,[136]
,,0.109067,9.614424,  TEncSearch::xGetInterPredictionError,[40]
,,0.093347,0.0,  TEncSearch::xGetBlkBits,[251]
,,0.015580,0.0,  _security_check_cookie,[111]
,,,,,
,,4.013849,908.333622,  TEncSearch::predInterSearch,[13]
[14],58.72,4.013849,908.333622,TEncSearch::xMotionEstimation,[14]
,,10.967979,314.066016,  TEncSearch::xPatternRefinement,[16]
,,6.705472,90.766398,  TEncSearch::xPatternSearch,[31]
,,3.686981,0.544695,  TComYuv::removeHighFreq,[101]
,,3.547346,256.366747,  TEncSearch::xExtDIFUpSamplingQ,[22]
,,2.053551,85.244961,  TEncSearch::xTZSearch,[32]
,,1.820267,127.381731,  TEncSearch::xExtDIFUpSamplingH,[27]
,,0.933867,0.0,  TEncSearch::xSetSearchRange,[138]
,,0.420190,0.0,  TComDataCU::getPartIndexAndSize,[136]
,,0.342409,0.0,  TComRdCost::getBitsOfVectorWithPredictor,[56]
,,0.342250,0.0,  floor,[202]
,,0.295955,2.675566,  TComYuv::copyPartToPartYuv,[79]
,,0.171241,0.0,  TEncSearch::setWpScalingDistParam,[233]
,,,,,
,,0.668810,206.852123,  TEncCu::xCheckRDCostInter,[12]
,,0.809127,129.300020,  TEncCu::xCheckRDCostMerge2Nx2N,[25]
[15],21.73,1.477937,336.152143,TEncSearch::encodeResAndCalcRdInterCU,[15]
,,26.201623,290.383798,  TEncSearch::xEstimateInterResidualQT <cycle 6>,[19]
,,4.603099,0.0,  TComYuv::addClip,[99]
,,2.006512,0.0,  TComYuv::subtract,[132]
,,1.415680,0.0,  memcpy,[54]
,,0.420056,3.173538,  TComRdCost::getDistPart,[65]
,,0.357959,1.182070,  TEncSearch::xSetInterResidualQTData <cycle 4>,[142]
,,0.295727,0.0,  TComTU::TComTU,[199]
,,0.295664,0.248976,  TComYuv::clear,[58]
,,0.280072,3.793705,  TEncSearch::xAddSymbolBitsInter,[103]
,,0.249058,0.451214,  TComYuv::copyToPartComponent,[153]
,,0.186825,0.0,  memset,[45]
,,0.171201,0.108829,  TEncBinCABAC::copyState,[125]
,,0.077897,0.0,  TComRdCost::calcRdCost,[255]
,,0.031095,0.0,  TEncSbac::codeQtRootCbfZero,[280]
,,0.031006,0.0,  TEncBinCABACCounter::encodeBin,[89]
,,0.015563,0.0,  TEncSbac::codeMergeIndex,[240]
,,0.015535,0.015514,  TEncSbac::resetBits,[140]
,,0.015523,0.093309,  TEncSbac::codeSkipFlag,[186]
,,0.015514,0.0,  TEncSbac::getNumberOfWrittenBits,[193]
,,0.0,0.015583,  TEncBinCABACCounter::getNumWrittenBits,[143]
,,,,,
,,10.967979,314.066016,  TEncSearch::xMotionEstimation,[14]
[16],20.92,10.967979,314.066016,TEncSearch::xPatternRefinement,[16]
,,12.057686,293.806501,  TComRdCost::xGetHADs,[17]
,,8.201829,0.0,  TComRdCost::getBitsOfVectorWithPredictor,[56]
,,,,,
,,0.248892,6.234783,  TEncSearch::estIntraPredLumaQT,[44]
,,0.575643,11.526821,  TEncSearch::xGetInterPredictionError,[40]
,,12.057686,293.806501,  TEncSearch::xPatternRefinement,[16]
[17],20.88,12.882221,311.568104,TComRdCost::xGetHADs,[17]
,,283.703607,1.198033,  TComRdCost::xCalcHADs8x8,[20]
,,26.168543,0.497920,  TComRdCost::xCalcHADs4x4,[57]
,,,,,
,,26.201623,290.383798,  TEncSearch::encodeResAndCalcRdInterCU,[15]
[18],20.38,26.201623,290.383798,<cycle 6 as a whole>,[18]
,,26.201623,290.383798,  TEncSearch::xEstimateInterResidualQT <cycle 6>,[19]
,,,,,
,,,,  TEncSearch::xEstimateInterResidualQT <cycle 6>,[19]
,,26.201623,290.383798,  TEncSearch::encodeResAndCalcRdInterCU,[15]
[19],20.38,26.201623,290.383798,TEncSearch::xEstimateInterResidualQT <cycle 6>,[19]
,,21.001978,0.0,  memcpy,[54]
,,5.850671,0.0,  memset,[45]
,,5.024014,174.730715,  TComTrQuant::transformNxN,[23]
,,2.940150,0.0,  QpParam::QpParam,[116]
,,2.847377,8.181970,  TComRdCost::getDistPart,[65]
,,2.753353,6.844056,  TEncSearch::xEncodeInterResidualQT <cycle 5>,[73]
,,1.851003,0.0,  TComTU::TComTU,[123]
,,1.664294,0.0,  TComTURecurse::nextSection,[105]
,,1.353576,0.606533,  TEncBinCABAC::copyState,[125]
,,1.197449,0.513792,  TEncSbac::codeQtCbf,[118]
,,1.041926,0.0,  TEncBinCABACCounter::encodeBin,[89]
,,0.995620,12.487464,  TEncEntropy::encodeCoeffNxN,[60]
,,0.808659,15.822179,  TEncSbac::estBit,[63]
,,0.777919,0.0,  TComYuv::getStride,[167]
,,0.668926,0.591336,  TEncSbac::resetBits,[140]
,,0.606517,0.746756,  TEncBinCABACCounter::getNumWrittenBits,[143]
,,0.574865,0.0,  TEncSbac::codeQtCbfZero,[178]
,,0.544582,0.0,  TComDataCU::getQuadtreeTULog2MinSizeInCU,[160]
,,0.389067,0.0,  TComBitCounter::resetBits,[190]
,,0.295687,0.0,  TEncSbac::getNumberOfWrittenBits,[193]
,,0.280007,15.784721,  TComTrQuant::invTransformNxN,[62]
,,0.202223,0.0,  _chkstk,[128]
,,0.171071,0.0,  TComDataCU::isLosslessCoded,[236]
,,0.124377,0.0,  TEncSbac::codeCrossComponentPrediction,[237]
,,0.093395,0.0,  TEncSbac::codeTransformSubdivFlag,[235]
,,0.015573,0.0,  _security_check_cookie,[111]
,,,,  TEncSearch::xEstimateInterResidualQT <cycle 6>,[19]
,,,,,
,,283.703607,1.198033,  TComRdCost::xGetHADs,[17]
[20],18.34,283.703607,1.198033,TComRdCost::xCalcHADs8x8,[20]
,,1.198033,0.0,  _security_check_cookie,[111]
,,,,,
,,14.841645,0.0,  TComInterpolationFilter::filterVer,[51]
,,62.355631,0.0,  TEncSearch::xExtDIFUpSamplingH,[27]
,,184.039676,0.0,  TEncSearch::xExtDIFUpSamplingQ,[22]
[21],16.81,261.236951,0.0,"TComInterpolationFilter::filter<8,1,0,1>",[21]
,,,,,
,,3.547346,256.366747,  TEncSearch::xMotionEstimation,[14]
[22],16.73,3.547346,256.366747,TEncSearch::xExtDIFUpSamplingQ,[22]
,,184.039676,0.0,"  TComInterpolationFilter::filter<8,1,0,1>",[21]
,,55.508250,0.0,"  TComInterpolationFilter::filter<8,0,1,0>",[28]
,,16.818821,0.0,  TComInterpolationFilter::filterCopy,[35]
,,,,,
,,0.264515,25.736871,  TEncSearch::xIntraCodingTUBlock,[48]
,,5.024014,174.730715,  TEncSearch::xEstimateInterResidualQT <cycle 6>,[19]
[23],13.24,5.288530,200.467586,TComTrQuant::transformNxN,[23]
,,4.791174,32.230618,  TComTrQuant::xT,[52]
,,3.624711,0.0,  TComTrQuant::xTransformSkip,[107]
,,2.550320,0.902282,  TComTrQuant::rdpcmNxN,[110]
,,2.519305,153.849176,  TComTrQuant::xQuant,[24]
,,,,,
,,2.519305,153.849176,  TComTrQuant::transformNxN,[23]
[24],10.06,2.519305,153.849176,TComTrQuant::xQuant,[24]
,,105.764124,47.416222,  TComTrQuant::xRateDistOptQuant,[26]
,,0.497746,0.0,  _chkstk,[128]
,,0.171084,0.0,  _security_check_cookie,[111]
,,,,,
,,0.684458,154.887767,  TEncCu::xCompressCU <cycle 13>,[11]
[25],10.01,0.684458,154.887767,TEncCu::xCheckRDCostMerge2Nx2N,[25]
,,2.458433,0.729328,  TComDataCU::initEstData,[83]
,,0.809127,129.300020,  TEncSearch::encodeResAndCalcRdInterCU,[15]
,,0.389036,0.0,  TComCUMvField::setAll<class TComMv>,[135]
,,0.326933,0.202367,  TComPrediction::xCheckIdenticalMotion,[145]
,,0.248837,0.466716,  TComDataCU::getInterMergeCandidates,[117]
,,0.171106,0.0,  TComCUMvField::setAll<signed char>,[147]
,,0.155432,0.0,  TComDataCU::getNumPartitions,[206]
,,0.124328,0.0,  memset,[45]
,,0.093336,0.031101,  TComDataCU::setSubPart<bool>,[196]
,,0.077824,1.742204,  TComPrediction::xPredInterUni,[38]
,,0.077809,17.250505,  TComPrediction::xPredInterBi,[34]
,,0.077704,0.0,  TComDataCU::setSubPart<unsigned char>,[182]
,,0.046739,0.062260,  TEncCu::xCheckBestMode,[243]
,,0.031073,0.0,  TComDataCU::getPartIndexAndSize,[136]
,,0.015546,0.0,  TEncCu::xCheckDQP,[269]
,,,,,
,,105.764124,47.416222,  TComTrQuant::xQuant,[24]
[26],9.86,105.764124,47.416222,TComTrQuant::xRateDistOptQuant,[26]
,,18.809927,0.0,  memset,[45]
,,11.416588,1.633060,  TComTrQuant::xGetCodedLevel,[68]
,,7.748122,0.0,  TComTrQuant::getSigCtxInc,[70]
,,3.282282,0.762349,  getTUEntropyCodingParameters,[95]
,,2.146061,0.0,  TComTrQuant::xGetICRate,[106]
,,0.637786,0.0,  TComTU::getGolombRiceStatisticsIndex,[169]
,,0.528739,0.0,  _chkstk,[128]
,,0.451308,0.0,  _security_check_cookie,[111]
,,,,,
,,1.820267,127.381731,  TEncSearch::xMotionEstimation,[14]
[27],8.32,1.820267,127.381731,TEncSearch::xExtDIFUpSamplingH,[27]
,,62.355631,0.0,"  TComInterpolationFilter::filter<8,1,0,1>",[21]
,,37.088442,0.0,  TComInterpolationFilter::filterCopy,[35]
,,27.937659,0.0,"  TComInterpolationFilter::filter<8,0,1,0>",[28]
,,,,,
,,27.937659,0.0,  TEncSearch::xExtDIFUpSamplingH,[27]
,,30.161413,0.0,  TComInterpolationFilter::filterHor,[41]
,,55.508250,0.0,  TEncSearch::xExtDIFUpSamplingQ,[22]
[28],7.31,113.607322,0.0,"TComInterpolationFilter::filter<8,0,1,0>",[28]
,,,,,
,,3.471332,41.071122,  TEncSearch::xGetTemplateCost,[42]
,,4.744599,56.713667,  TComPrediction::xPredInterUni,[38]
[29],6.82,8.215931,97.784788,TComPrediction::xPredInterBlk,[29]
,,1.493059,0.0,  TComYuv::getAddr,[100]
,,1.213438,57.119680,  TComInterpolationFilter::filterHor,[41]
,,0.777387,37.181225,  TComInterpolationFilter::filterVer,[51]
,,,,,
,,1.680064,96.209602,  TEncSearch::predInterSearch,[13]
[30],6.3,1.680064,96.209602,TEncSearch::xEstimateMvPredAMVP,[30]
,,4.122161,54.187604,  TEncSearch::xGetTemplateCost,[42]
,,2.520355,14.252208,  TComDataCU::fillMvpCand,[64]
,,1.276151,17.890803,  TComYuv::clear,[58]
,,0.731051,0.653447,  TComDataCU::setSubPart<signed char>,[129]
,,0.575823,0.0,  TComDataCU::getPartIndexAndSize,[136]
,,,,,
,,6.705472,90.766398,  TEncSearch::xMotionEstimation,[14]
[31],6.27,6.705472,90.766398,TEncSearch::xPatternSearch,[31]
,,25.345203,0.0,  TComRdCost::xGetSAD16,[49]
,,20.567439,0.0,  TComRdCost::xGetSAD32,[53]
,,20.524320,0.0,  TComRdCost::xGetSAD8,[50]
,,11.198601,0.0,  TComRdCost::xGetSAD64,[61]
,,10.844091,0.0,  TComRdCost::getBitsOfVectorWithPredictor,[56]
,,1.431410,0.0,  TComRdCost::xGetSAD24,[126]
,,0.559685,0.0,  TComRdCost::xGetSAD12,[156]
,,0.295648,0.0,  TComRdCost::xGetSAD4,[78]
,,,,,
,,2.053551,85.244961,  TEncSearch::xMotionEstimation,[14]
[32],5.62,2.053551,85.244961,TEncSearch::xTZSearch,[32]
,,1.991472,60.791451,  TEncSearch::xTZ8PointDiamondSearch,[39]
,,1.897589,19.071042,  TEncSearch::xTZSearchHelp,[33]
,,0.762351,0.0,  TEncSearch::xSetSearchRange,[138]
,,0.280016,0.0,  TComRdCost::getBitsOfVectorWithPredictor,[56]
,,0.093301,0.357738,  TEncSearch::xTZ2PointSearch,[188]
,,,,,
,,0.015496,0.342242,  TEncSearch::xTZ2PointSearch,[188]
,,1.897589,19.071042,  TEncSearch::xTZSearch,[32]
,,6.705438,54.086013,  TEncSearch::xTZ8PointDiamondSearch,[39]
[33],5.29,8.618523,73.499297,TEncSearch::xTZSearchHelp,[33]
,,18.526470,0.0,  TComRdCost::xGetSAD8,[50]
,,14.296843,0.0,  TComRdCost::xGetSAD16,[49]
,,12.833495,0.0,  TComRdCost::xGetSAD32,[53]
,,10.030988,0.0,  TComRdCost::xGetSAD64,[61]
,,6.952570,0.0,  TComRdCost::xGetSAD4,[78]
,,5.631889,0.0,  TComRdCost::getBitsOfVectorWithPredictor,[56]
,,3.966737,0.0,  TComRdCost::setDistParam,[104]
,,0.855920,0.0,  TComRdCost::xGetSAD24,[126]
,,0.404385,0.0,  TComRdCost::xGetSAD12,[156]
,,,,,
,,0.077809,17.250505,  TEncCu::xCheckRDCostMerge2Nx2N,[25]
,,0.669017,55.858280,  TComPrediction::motionCompensation,[37]
[34],4.75,0.746827,73.108786,TComPrediction::xPredInterBi,[34]
,,11.634739,0.980419,  TComYuv::addAvg,[69]
,,1.742690,54.022036,  TComPrediction::xPredInterUni,[38]
,,0.543856,4.185045,  TComYuv::copyPartToPartYuv,[79]
,,,,,
,,14.575411,0.0,  TComInterpolationFilter::filterHor,[41]
,,16.818821,0.0,  TEncSearch::xExtDIFUpSamplingQ,[22]
,,37.088442,0.0,  TEncSearch::xExtDIFUpSamplingH,[27]
[35],4.41,68.482674,0.0,TComInterpolationFilter::filterCopy,[35]
,,,,,
,,0.015561,67.734531,  TEncCu::xCompressCU <cycle 13>,[11]
[36],4.36,0.015561,67.734531,TEncCu::xCheckRDCostIntra,[36]
,,0.466514,56.473397,  TEncSearch::estIntraPredLumaQT,[44]
,,0.124413,0.481795,  TEncEntropy::xEncodeTransform <cycle 2>,[114]
,,0.046678,10.079522,  TEncSearch::estIntraPredChromaQT,[71]
,,0.015569,0.0,  TEncBinCABACCounter::encodeBin,[89]
,,0.015567,0.0,  TEncSbac::codePartSize,[239]
,,0.015563,0.0,  memcpy,[54]
,,0.015515,0.0,  TEncSbac::codeSkipFlag,[186]
,,,,,
,,0.295596,49.246079,  TEncSearch::xGetInterPredictionError,[40]
,,0.326687,14.390767,  TEncSearch::predInterSearch,[13]
[37],4.14,0.622283,63.636846,TComPrediction::motionCompensation,[37]
,,0.669077,0.233294,  TComPrediction::xCheckIdenticalMotion,[145]
,,0.669017,55.858280,  TComPrediction::xPredInterBi,[34]
,,0.342285,5.694025,  TComPrediction::xPredInterUni,[38]
,,0.170868,0.0,  TComDataCU::getPartIndexAndSize,[136]
,,,,,
,,0.077824,1.742204,  TEncCu::xCheckRDCostMerge2Nx2N,[25]
,,0.342285,5.694025,  TComPrediction::motionCompensation,[37]
,,1.742690,54.022036,  TComPrediction::xPredInterBi,[34]
[38],4.1,2.162799,61.458266,TComPrediction::xPredInterUni,[38]
,,4.744599,56.713667,  TComPrediction::xPredInterBlk,[29]
,,,,,
,,1.991472,60.791451,  TEncSearch::xTZSearch,[32]
[39],4.04,1.991472,60.791451,TEncSearch::xTZ8PointDiamondSearch,[39]
,,6.705438,54.086013,  TEncSearch::xTZSearchHelp,[33]
,,,,,
,,0.109067,9.614424,  TEncSearch::predInterSearch,[13]
,,0.450964,52.403112,  TEncSearch::xMergeEstimation,[43]
[40],4.03,0.560031,62.017535,TEncSearch::xGetInterPredictionError,[40]
,,0.575643,11.526821,  TComRdCost::xGetHADs,[17]
,,0.373397,0.0,  TComDataCU::getPartIndexAndSize,[136]
,,0.295596,49.246079,  TComPrediction::motionCompensation,[37]
,,,,,
,,1.213438,57.119680,  TComPrediction::xPredInterBlk,[29]
[41],3.75,1.213438,57.119680,TComInterpolationFilter::filterHor,[41]
,,30.161413,0.0,"  TComInterpolationFilter::filter<8,0,1,0>",[28]
,,14.575411,0.0,  TComInterpolationFilter::filterCopy,[35]
,,7.264976,0.0,"  TComInterpolationFilter::filter<4,0,1,0>",[81]
,,4.651105,0.0,"  TComInterpolationFilter::filter<8,0,1,1>",[97]
,,0.466775,0.0,"  TComInterpolationFilter::filter<4,0,1,1>",[184]
,,,,,
,,4.122161,54.187604,  TEncSearch::xEstimateMvPredAMVP,[30]
[42],3.75,4.122161,54.187604,TEncSearch::xGetTemplateCost,[42]
,,3.471332,41.071122,  TComPrediction::xPredInterBlk,[29]
,,2.535446,0.0,  TComRdCost::xGetSAD8,[50]
,,2.240692,0.0,  TComRdCost::xGetSAD16,[49]
,,2.162637,0.0,  TComRdCost::xGetSAD32,[53]
,,1.399863,0.0,  TComRdCost::xGetSAD64,[61]
,,1.057771,0.0,  TComRdCost::xGetSAD4,[78]
,,0.248740,0.0,  TComRdCost::xGetSAD,[222]
,,,,,
,,0.824426,56.339463,  TEncSearch::predInterSearch,[13]
[43],3.68,0.824426,56.339463,TEncSearch::xMergeEstimation,[43]
,,0.840405,1.493323,  TComDataCU::getInterMergeCandidates,[117]
,,0.653668,0.0,  TComCUMvField::setAll<signed char>,[147]
,,0.482436,0.0,  TComCUMvField::setAll<class TComMv>,[135]
,,0.450964,52.403112,  TEncSearch::xGetInterPredictionError,[40]
,,0.015554,0.0,  TComDataCU::getPartIndexAndSize,[136]
,,,,,
,,0.466514,56.473397,  TEncCu::xCheckRDCostIntra,[36]
[44],3.66,0.466514,56.473397,TEncSearch::estIntraPredLumaQT,[44]
,,0.730633,42.464857,  TEncSearch::xRecurIntraCodingLumaQT <cycle 12>,[47]
,,0.248892,6.234783,  TComRdCost::xGetHADs,[17]
,,0.233092,4.664750,  TComPrediction::predIntraAng,[84]
,,0.202012,0.746449,  TEncSearch::xModeBitsIntra,[159]
,,0.201864,0.0,  memcpy,[54]
,,0.124316,0.0,  TEncSearch::xUpdateCandList,[241]
,,0.077688,0.155650,  TComPrediction::initIntraPatternChType,[124]
,,0.046609,0.0,  memset,[45]
,,0.031146,0.015580,  TEncBinCABACCounter::getNumWrittenBits,[143]
,,0.031112,0.0,  TComYuv::getStride,[167]
,,0.031062,0.170785,  TEncSearch::xSetIntraResultLumaQT <cycle 11>,[231]
,,0.031062,0.0,  TEncBinCABAC::copyState,[125]
,,0.015545,0.0,  TEncSbac::getNumberOfWrittenBits,[193]
,,0.015508,0.0,  TComTURecurse::nextSection,[105]
,,,,,
,,0.031069,0.0,  TEncSearch::xRecurIntraChromaCodingQT <cycle 10>,[77]
,,0.031090,0.0,  TEncSearch::xRecurIntraCodingLumaQT <cycle 12>,[47]
,,0.046609,0.0,  TEncSearch::estIntraPredLumaQT,[44]
,,0.046764,0.0,  TEncCu::xCheckRDCostInter,[12]
,,0.062187,0.0,  TComDataCU::setSubPart<bool>,[196]
,,0.124328,0.0,  TEncCu::xCheckRDCostMerge2Nx2N,[25]
,,0.171011,0.0,  TComDataCU::initCtu,[218]
,,0.171083,0.0,  TComDataCU::setSubPart<unsigned char>,[182]
,,0.186557,0.0,  TEncSearch::xIntraCodingTUBlock,[48]
,,0.186825,0.0,  TEncSearch::encodeResAndCalcRdInterCU,[15]
,,0.217495,0.0,  TComTrQuant::rdpcmNxN,[110]
,,0.466737,0.0,  TEncSbac::codeCoeffNxN,[59]
,,0.513285,0.0,  TComDataCU::initSubCU,[158]
,,0.826395,0.0,  TComDataCU::setSubPart<signed char>,[129]
,,1.786927,0.0,  TComDataCU::initEstData,[83]
,,5.850671,0.0,  TEncSearch::xEstimateInterResidualQT <cycle 6>,[19]
,,18.809927,0.0,  TComTrQuant::xRateDistOptQuant,[26]
,,22.978173,0.0,  TComYuv::clear,[58]
[45],3.38,52.507133,0.0,memset,[45]
,,,,,
,,0.730633,42.464857,  TEncSearch::estIntraPredLumaQT,[44]
[46],2.78,0.730633,42.464857,<cycle 12 as a whole>,[46]
,,0.730633,42.464857,  TEncSearch::xRecurIntraCodingLumaQT <cycle 12>,[47]
,,,,,
,,,,  TEncSearch::xRecurIntraCodingLumaQT <cycle 12>,[47]
,,0.730633,42.464857,  TEncSearch::estIntraPredLumaQT,[44]
[47],2.78,0.730633,42.464857,TEncSearch::xRecurIntraCodingLumaQT <cycle 12>,[47]
,,2.549516,31.830213,  TEncSearch::xIntraCodingTUBlock,[48]
,,0.637422,0.0,  memcpy,[54]
,,0.217480,5.473935,  TEncSearch::xEncCoeffQT <cycle 9>,[86]
,,0.124287,0.248588,  TEncSearch::xEncSubdivCbfQT <cycle 8>,[177]
,,0.108820,0.388637,  TEncSearch::xEncIntraHeader,[183]
,,0.077622,0.015488,  TEncBinCABAC::copyState,[125]
,,0.062249,0.031154,  TEncSbac::resetBits,[140]
,,0.062246,0.202034,  TEncSearch::xLoadIntraResultQT,[219]
,,0.062052,0.0,  TEncSbac::getNumberOfWrittenBits,[193]
,,0.046673,0.124536,  TEncSearch::xStoreIntraResultQT,[234]
,,0.046489,0.031027,  TEncBinCABACCounter::getNumWrittenBits,[143]
,,0.031178,0.0,  TComTURecurse::nextSection,[105]
,,0.031090,0.0,  memset,[45]
,,0.030985,0.0,  TComBitCounter::resetBits,[190]
,,0.015597,0.0,  TComTU::TComTU,[123]
,,0.015540,0.0,  TComDataCU::getQuadtreeTULog2MinSizeInCU,[160]
,,,,  TEncSearch::xRecurIntraCodingLumaQT <cycle 12>,[47]
,,,,,
,,0.839245,6.967719,  TEncSearch::xRecurIntraChromaCodingQT <cycle 10>,[77]
,,2.549516,31.830213,  TEncSearch::xRecurIntraCodingLumaQT <cycle 12>,[47]
[48],2.72,3.388761,38.797933,TEncSearch::xIntraCodingTUBlock,[48]
,,0.606307,0.0,  TComYuv::getAddr,[100]
,,0.575112,1.804075,  TComPrediction::initIntraPatternChType,[124]
,,0.264515,25.736871,  TComTrQuant::transformNxN,[23]
,,0.264184,0.0,  QpParam::QpParam,[116]
,,0.201916,1.399455,  TComPrediction::predIntraAng,[84]
,,0.186557,0.0,  memset,[45]
,,0.139731,5.412054,  TComTrQuant::invTransformNxN,[62]
,,0.093120,0.481661,  TComRdCost::getDistPart,[65]
,,0.046646,1.585728,  TEncSbac::estBit,[63]
,,,,,
,,2.240692,0.0,  TEncSearch::xGetTemplateCost,[42]
,,14.296843,0.0,  TEncSearch::xTZSearchHelp,[33]
,,25.345203,0.0,  TEncSearch::xPatternSearch,[31]
[49],2.7,41.882738,0.0,TComRdCost::xGetSAD16,[49]
,,,,,
,,2.535446,0.0,  TEncSearch::xGetTemplateCost,[42]
,,18.526470,0.0,  TEncSearch::xTZSearchHelp,[33]
,,20.524320,0.0,  TEncSearch::xPatternSearch,[31]
[50],2.68,41.586236,0.0,TComRdCost::xGetSAD8,[50]
,,,,,
,,0.777387,37.181225,  TComPrediction::xPredInterBlk,[29]
[51],2.44,0.777387,37.181225,TComInterpolationFilter::filterVer,[51]
,,14.841645,0.0,"  TComInterpolationFilter::filter<8,1,0,1>",[21]
,,7.513212,0.0,"  TComInterpolationFilter::filter<8,1,0,0>",[80]
,,6.364980,0.0,"  TComInterpolationFilter::filter<8,1,1,1>",[88]
,,3.359484,0.0,"  TComInterpolationFilter::filter<8,1,1,0>",[112]
,,2.800095,0.0,"  TComInterpolationFilter::filter<4,1,0,0>",[122]
,,1.197940,0.0,"  TComInterpolationFilter::filter<4,1,0,1>",[150]
,,0.808496,0.0,"  TComInterpolationFilter::filter<4,1,1,0>",[168]
,,0.295373,0.0,"  TComInterpolationFilter::filter<4,1,1,1>",[216]
,,,,,
,,4.791174,32.230618,  TComTrQuant::transformNxN,[23]
[52],2.38,4.791174,32.230618,TComTrQuant::xT,[52]
,,1.182550,29.663654,  xTrMxN,[55]
,,1.182229,0.0,  memcpy,[54]
,,0.108959,0.0,  _chkstk,[128]
,,0.093226,0.0,  _security_check_cookie,[111]
,,,,,
,,2.162637,0.0,  TEncSearch::xGetTemplateCost,[42]
,,12.833495,0.0,  TEncSearch::xTZSearchHelp,[33]
,,20.567439,0.0,  TEncSearch::xPatternSearch,[31]
[53],2.29,35.563570,0.0,TComRdCost::xGetSAD32,[53]
,,,,,
,,0.015563,0.0,  TEncCu::xCheckRDCostIntra,[36]
,,0.015580,0.0,  TEncSearch::xModeBitsIntra,[159]
,,0.031203,0.0,  TEncSampleAdaptiveOffset::deriveModeNewRDO,[258]
,,0.046678,0.0,  TEncCu::xCheckBestMode,[243]
,,0.046743,0.0,  TEncSearch::xLoadIntraResultQT,[219]
,,0.062332,0.0,  TEncSearch::xStoreIntraResultQT,[234]
,,0.124531,0.0,  TEncSearch::xSetIntraResultChromaQT <cycle 7>,[209]
,,0.139656,0.0,  TEncSearch::xSetIntraResultLumaQT <cycle 11>,[231]
,,0.155355,0.0,  TComPrediction::xPredIntraAng,[93]
,,0.155512,0.0,  TEncSearch::xRecurIntraChromaCodingQT <cycle 10>,[77]
,,0.171131,0.0,  TComYuv::copyPartToPartComponentMxN,[194]
,,0.201864,0.0,  TEncSearch::estIntraPredLumaQT,[44]
,,0.202020,0.0,  TComPicYuv::copyToPic,[229]
,,0.202196,0.0,  TEncSearch::estIntraPredChromaQT,[71]
,,0.233309,0.0,  TComYuv::copyToPicComponent,[181]
,,0.248706,0.0,  TComTrQuant::xIT,[66]
,,0.264568,0.0,  TEncCu::xCompressCU <cycle 13>,[11]
,,0.280068,0.0,  TComYuv::copyFromPicComponent,[205]
,,0.497698,0.0,  TEncSearch::xSetInterResidualQTData <cycle 4>,[142]
,,0.497734,0.0,  TComYuv::copyToPartComponent,[153]
,,0.497878,0.0,  TComDataCU::copyPartFrom,[163]
,,0.637422,0.0,  TEncSearch::xRecurIntraCodingLumaQT <cycle 12>,[47]
,,0.715715,0.0,  TComDataCU::copyToPic,[166]
,,0.715914,0.0,  TEncSearch::predInterSearch,[13]
,,1.182229,0.0,  TComTrQuant::xT,[52]
,,1.415680,0.0,  TEncSearch::encodeResAndCalcRdInterCU,[15]
,,2.535631,0.0,  TComYuv::copyPartToPartComponent,[82]
,,21.001978,0.0,  TEncSearch::xEstimateInterResidualQT <cycle 6>,[19]
[54],2.08,32.294894,0.0,memcpy,[54]
,,,,,
,,1.182550,29.663654,  TComTrQuant::xT,[52]
[55],1.99,1.182550,29.663654,xTrMxN,[55]
,,9.409596,0.0,  partialButterfly32,[74]
,,9.239732,0.0,  partialButterfly16,[75]
,,5.865397,0.0,  partialButterfly8,[92]
,,4.169084,0.0,  partialButterfly4,[102]
,,0.559743,0.0,  fastForwardDst,[180]
,,0.233489,0.0,  _chkstk,[128]
,,0.186614,0.0,  _security_check_cookie,[111]
,,,,,
,,0.280016,0.0,  TEncSearch::xTZSearch,[32]
,,0.295513,0.0,  TEncSearch::predInterSearch,[13]
,,0.342409,0.0,  TEncSearch::xMotionEstimation,[14]
,,1.602251,0.0,  TEncSearch::xCheckBestMVP,[119]
,,5.631889,0.0,  TEncSearch::xTZSearchHelp,[33]
,,8.201829,0.0,  TEncSearch::xPatternRefinement,[16]
,,10.844091,0.0,  TEncSearch::xPatternSearch,[31]
[56],1.75,27.197999,0.0,TComRdCost::getBitsOfVectorWithPredictor,[56]
,,,,,
,,26.168543,0.497920,  TComRdCost::xGetHADs,[17]
[57],1.72,26.168543,0.497920,TComRdCost::xCalcHADs4x4,[57]
,,0.497920,0.0,  _security_check_cookie,[111]
,,,,,
,,0.295664,0.248976,  TEncSearch::encodeResAndCalcRdInterCU,[15]
,,0.544302,4.838395,  TEncSearch::predInterSearch,[13]
,,1.276151,17.890803,  TEncSearch::xEstimateMvPredAMVP,[30]
[58],1.62,2.116116,22.978173,TComYuv::clear,[58]
,,22.978173,0.0,  memset,[45]
,,,,,
,,1.336660,0.994695,  TEncEntropy::xEncodeTransform <cycle 2>,[114]
,,12.332511,9.112399,  TEncEntropy::encodeCoeffNxN,[60]
[59],1.53,13.669171,10.107094,TEncSbac::codeCoeffNxN,[59]
,,2.845184,0.0,  TComTrQuant::getSigCtxInc,[70]
,,2.814712,0.0,  TEncBinCABACCounter::encodeBin,[89]
,,0.870593,0.824469,  TEncSbac::codeLastSignificantXY,[139]
,,0.746400,0.139919,  TEncSbac::xWriteCoefRemainExGolomb,[162]
,,0.528305,0.233306,  getTUEntropyCodingParameters,[95]
,,0.466737,0.0,  memset,[45]
,,0.170989,0.124351,  TEncSbac::codeTransformSkipFlags,[217]
,,0.139946,0.0,  TEncBinCABACCounter::encodeBinsEP,[203]
,,0.108890,0.0,  TComTU::getGolombRiceStatisticsIndex,[169]
,,0.046715,0.0,  TEncBinCABAC::encodeBin,[270]
,,0.046576,0.0,  _security_check_cookie,[111]
,,,,,
,,0.046707,3.375000,  TEncSearch::xEncodeInterResidualQT <cycle 5>,[73]
,,0.093427,5.753409,  TEncSearch::xEncCoeffQT <cycle 9>,[86]
,,0.995620,12.487464,  TEncSearch::xEstimateInterResidualQT <cycle 6>,[19]
[60],1.46,1.135754,21.615872,TEncEntropy::encodeCoeffNxN,[60]
,,12.332511,9.112399,  TEncSbac::codeCoeffNxN,[59]
,,0.170962,0.0,  _security_check_cookie,[111]
,,,,,
,,1.399863,0.0,  TEncSearch::xGetTemplateCost,[42]
,,10.030988,0.0,  TEncSearch::xTZSearchHelp,[33]
,,11.198601,0.0,  TEncSearch::xPatternSearch,[31]
[61],1.46,22.629452,0.0,TComRdCost::xGetSAD64,[61]
,,,,,
,,0.139731,5.412054,  TEncSearch::xIntraCodingTUBlock,[48]
,,0.280007,15.784721,  TEncSearch::xEstimateInterResidualQT <cycle 6>,[19]
[62],1.39,0.419738,21.196775,TComTrQuant::invTransformNxN,[62]
,,5.878621,0.0,  TComTrQuant::xDeQuant,[91]
,,1.104388,13.762753,  TComTrQuant::xIT,[66]
,,0.233282,0.0,  TComTrQuant::xITransformSkip,[223]
,,0.217730,0.0,  TComTrQuant::invRdpcmNxN,[225]
,,,,,
,,0.046646,1.585728,  TEncSearch::xIntraCodingTUBlock,[48]
,,0.808659,15.822179,  TEncSearch::xEstimateInterResidualQT <cycle 6>,[19]
[63],1.18,0.855305,17.407907,TEncSbac::estBit,[63]
,,5.879889,0.0,  TEncSbac::estSignificantMapBit,[90]
,,4.714025,0.0,  TEncSbac::estLastSignificantPositionBit,[96]
,,3.328800,0.0,  TEncSbac::estSignificantCoefficientsBit,[113]
,,2.287147,0.0,  TEncSbac::estCBFBit,[127]
,,1.198045,0.0,  TEncSbac::estSignificantCoeffGroupMapBit,[149]
,,,,,
,,2.520355,14.252208,  TEncSearch::xEstimateMvPredAMVP,[30]
[64],1.08,2.520355,14.252208,TComDataCU::fillMvpCand,[64]
,,4.123096,2.271352,  TComDataCU::xAddMVPCandUnscaled,[85]
,,2.287138,0.544719,  TComDataCU::xGetColMVP,[109]
,,1.385034,0.606704,  TComDataCU::xAddMVPCandWithScaling,[133]
,,0.949220,0.0,  TComDataCU::deriveLeftRightTopIdx,[157]
,,0.840134,0.031092,  TComDataCU::getPUBelowLeft,[137]
,,0.435676,0.0,  TComDataCU::deriveLeftBottomIdx,[189]
,,0.280048,0.0,  TComDataCU::deriveRightBottomIdx,[200]
,,0.186619,0.031087,  TComDataCU::getPUAboveLeft,[201]
,,0.108976,0.0,  TComDataCU::getPULeft,[195]
,,0.108960,0.0,  std::_Deque_const_iterator<class std::_Deque_val<struct std::_Deque_simple_types<class TComSlice *> > >::operator+,[146]
,,0.046736,0.0,"  std::deque<class TComSlice *,class std::allocator<class TComSlice *> >::begin",[192]
,,0.015616,0.0,  TComDataCU::getPartIndexAndSize,[136]
,,,,,
,,0.093120,0.481661,  TEncSearch::xIntraCodingTUBlock,[48]
,,0.420056,3.173538,  TEncSearch::encodeResAndCalcRdInterCU,[15]
,,2.847377,8.181970,  TEncSearch::xEstimateInterResidualQT <cycle 6>,[19]
[65],0.98,3.360554,11.837169,TComRdCost::getDistPart,[65]
,,3.623575,0.0,  TComRdCost::xGetSSE4,[108]
,,2.940338,0.0,  TComRdCost::xGetSSE16,[120]
,,2.846948,0.0,  TComRdCost::xGetSSE8,[121]
,,1.959609,0.0,  TComRdCost::xGetSSE32,[134]
,,0.466699,0.0,  TComRdCost::xGetSSE64,[185]
,,,,,
,,1.104388,13.762753,  TComTrQuant::invTransformNxN,[62]
[66],0.96,1.104388,13.762753,TComTrQuant::xIT,[66]
,,0.341974,13.047729,  xITrMxN,[67]
,,0.248706,0.0,  memcpy,[54]
,,0.124344,0.0,  _chkstk,[128]
,,,,,
,,0.341974,13.047729,  TComTrQuant::xIT,[66]
[67],0.86,0.341974,13.047729,xITrMxN,[67]
,,5.444956,0.0,  partialButterflyInverse32,[94]
,,4.632948,0.0,  partialButterflyInverse16,[98]
,,2.036806,0.015520,  partialButterflyInverse8,[131]
,,0.591006,0.0,  partialButterflyInverse4,[175]
,,0.264226,0.0,  fastInverseDst,[220]
,,0.046673,0.0,  _security_check_cookie,[111]
,,0.015594,0.0,  _chkstk,[128]
,,,,,
,,11.416588,1.633060,  TComTrQuant::xRateDistOptQuant,[26]
[68],0.84,11.416588,1.633060,TComTrQuant::xGetCodedLevel,[68]
,,1.633060,0.0,  TComTrQuant::xGetICRate,[106]
,,,,,
,,11.634739,0.980419,  TComPrediction::xPredInterBi,[34]
[69],0.81,11.634739,0.980419,TComYuv::addAvg,[69]
,,0.684789,0.0,  TComYuv::getAddr,[130]
,,0.295630,0.0,  TComYuv::getAddr,[100]
,,,,,
,,2.845184,0.0,  TEncSbac::codeCoeffNxN,[59]
,,7.748122,0.0,  TComTrQuant::xRateDistOptQuant,[26]
[70],0.68,10.593306,0.0,TComTrQuant::getSigCtxInc,[70]
,,,,,
,,0.046678,10.079522,  TEncCu::xCheckRDCostIntra,[36]
[71],0.65,0.046678,10.079522,TEncSearch::estIntraPredChromaQT,[71]
,,0.342331,8.242389,  TEncSearch::xRecurIntraChromaCodingQT <cycle 10>,[77]
,,0.202196,0.0,  memcpy,[54]
,,0.077830,0.577332,  TEncSearch::xEncCoeffQT <cycle 9>,[86]
,,0.062081,0.155232,  TEncSearch::xEncSubdivCbfQT <cycle 8>,[177]
,,0.046707,0.264544,  TEncSearch::xSetIntraResultChromaQT <cycle 7>,[209]
,,0.031107,0.015580,  TEncSbac::resetBits,[140]
,,0.031057,0.0,  TComTU::TComTU,[199]
,,0.015549,0.0,  TEncBinCABAC::copyState,[125]
,,0.0,0.015584,  TEncSearch::xEncIntraHeader,[183]
,,,,,
,,2.753353,6.844056,  TEncSearch::xEstimateInterResidualQT <cycle 6>,[19]
[72],0.62,2.753353,6.844056,<cycle 5 as a whole>,[72]
,,2.753353,6.844056,  TEncSearch::xEncodeInterResidualQT <cycle 5>,[73]
,,,,,
,,,,  TEncSearch::xEncodeInterResidualQT <cycle 5>,[73]
,,2.753353,6.844056,  TEncSearch::xEstimateInterResidualQT <cycle 6>,[19]
[73],0.62,2.753353,6.844056,TEncSearch::xEncodeInterResidualQT <cycle 5>,[73]
,,1.337785,0.0,  TComTURecurse::nextSection,[105]
,,0.808689,0.171138,  TEncSbac::codeQtCbf,[118]
,,0.606812,0.0,  TComTU::TComTU,[123]
,,0.264579,0.0,  TComDataCU::getQuadtreeTULog2MinSizeInCU,[160]
,,0.108940,0.0,  _security_check_cookie,[111]
,,0.093288,0.0,  TEncBinCABACCounter::encodeBin,[89]
,,0.046707,3.375000,  TEncEntropy::encodeCoeffNxN,[60]
,,0.031118,0.0,  TEncSbac::codeTransformSubdivFlag,[235]
,,,,  TEncSearch::xEncodeInterResidualQT <cycle 5>,[73]
,,,,,
,,9.409596,0.0,  xTrMxN,[55]
[74],0.61,9.409596,0.0,partialButterfly32,[74]
,,,,,
,,9.239732,0.0,  xTrMxN,[55]
[75],0.59,9.239732,0.0,partialButterfly16,[75]
,,,,,
,,0.342331,8.242389,  TEncSearch::estIntraPredChromaQT,[71]
[76],0.55,0.342331,8.242389,<cycle 10 as a whole>,[76]
,,0.342331,8.242389,  TEncSearch::xRecurIntraChromaCodingQT <cycle 10>,[77]
,,,,,
,,,,  TEncSearch::xRecurIntraChromaCodingQT <cycle 10>,[77]
,,0.342331,8.242389,  TEncSearch::estIntraPredChromaQT,[71]
[77],0.55,0.342331,8.242389,TEncSearch::xRecurIntraChromaCodingQT <cycle 10>,[77]
,,0.839245,6.967719,  TEncSearch::xIntraCodingTUBlock,[48]
,,0.155512,0.0,  memcpy,[54]
,,0.108794,0.0,  TComTU::TComTU,[123]
,,0.077786,0.0,  TComTURecurse::nextSection,[105]
,,0.031191,0.0,  TEncBinCABAC::copyState,[125]
,,0.031069,0.0,  memset,[45]
,,0.015577,0.015494,  TEncSearch::xEncCoeffQT <cycle 9>,[86]
,,,,  TEncSearch::xRecurIntraChromaCodingQT <cycle 10>,[77]
,,,,,
,,0.295648,0.0,  TEncSearch::xPatternSearch,[31]
,,1.057771,0.0,  TEncSearch::xGetTemplateCost,[42]
,,6.952570,0.0,  TEncSearch::xTZSearchHelp,[33]
[78],0.53,8.305990,0.0,TComRdCost::xGetSAD4,[78]
,,,,,
,,0.295955,2.675566,  TEncSearch::xMotionEstimation,[14]
,,0.543856,4.185045,  TComPrediction::xPredInterBi,[34]
[79],0.5,0.839811,6.860612,TComYuv::copyPartToPartYuv,[79]
,,1.944752,4.915859,  TComYuv::copyPartToPartComponent,[82]
,,,,,
,,7.513212,0.0,  TComInterpolationFilter::filterVer,[51]
[80],0.48,7.513212,0.0,"TComInterpolationFilter::filter<8,1,0,0>",[80]
,,,,,
,,7.264976,0.0,  TComInterpolationFilter::filterHor,[41]
[81],0.47,7.264976,0.0,"TComInterpolationFilter::filter<4,0,1,0>",[81]
,,,,,
,,0.0,0.062204,  TEncSearch::xStoreIntraResultQT,[234]
,,0.015562,0.108739,  TEncSearch::xLoadIntraResultQT,[219]
,,1.944752,4.915859,  TComYuv::copyPartToPartYuv,[79]
[82],0.45,1.960314,5.086802,TComYuv::copyPartToPartComponent,[82]
,,2.535631,0.0,  memcpy,[54]
,,1.322114,0.0,  TComYuv::getAddr,[100]
,,1.229057,0.0,  TComYuv::getAddr,[130]
,,,,,
,,2.458433,0.729328,  TEncCu::xCheckRDCostMerge2Nx2N,[25]
,,2.642303,1.057599,  TEncCu::xCompressCU <cycle 13>,[11]
[83],0.44,5.100736,1.786927,TComDataCU::initEstData,[83]
,,1.786927,0.0,  memset,[45]
,,,,,
,,0.201916,1.399455,  TEncSearch::xIntraCodingTUBlock,[48]
,,0.233092,4.664750,  TEncSearch::estIntraPredLumaQT,[44]
[84],0.42,0.435008,6.064204,TComPrediction::predIntraAng,[84]
,,5.395421,0.310900,  TComPrediction::xPredIntraAng,[93]
,,0.326802,0.0,  TComPrediction::xPredIntraPlanar,[204]
,,0.031080,0.0,  TComPrediction::xDCPredFiltering,[281]
,,,,,
,,4.123096,2.271352,  TComDataCU::fillMvpCand,[64]
[85],0.41,4.123096,2.271352,TComDataCU::xAddMVPCandUnscaled,[85]
,,0.824386,0.0,  std::_Deque_const_iterator<class std::_Deque_val<struct std::_Deque_simple_types<class TComSlice *> > >::operator+,[146]
,,0.513654,0.077810,  TComDataCU::getPUAboveRight,[154]
,,0.388873,0.015548,  TComDataCU::getPUBelowLeft,[137]
,,0.248848,0.0,"  std::deque<class TComSlice *,class std::allocator<class TComSlice *> >::begin",[192]
,,0.202234,0.0,  TComDataCU::getPULeft,[195]
,,,,,
,,,,  TEncSearch::xEncCoeffQT <cycle 9>,[86]
,,0.015577,0.015494,  TEncSearch::xRecurIntraChromaCodingQT <cycle 10>,[77]
,,0.077830,0.577332,  TEncSearch::estIntraPredChromaQT,[71]
,,0.217480,5.473935,  TEncSearch::xRecurIntraCodingLumaQT <cycle 12>,[47]
[86],0.41,0.310888,6.066762,TEncSearch::xEncCoeffQT <cycle 9>,[86]
,,0.140006,0.0,  TComTURecurse::nextSection,[105]
,,0.093427,5.753409,  TEncEntropy::encodeCoeffNxN,[60]
,,0.079920,0.0,  TComTU::TComTU,[123]
,,,,  TEncSearch::xEncCoeffQT <cycle 9>,[86]
,,,,,
,,0.015577,0.015494,  TEncSearch::xRecurIntraChromaCodingQT <cycle 10>,[77]
,,0.077830,0.577332,  TEncSearch::estIntraPredChromaQT,[71]
,,0.217480,5.473935,  TEncSearch::xRecurIntraCodingLumaQT <cycle 12>,[47]
[87],0.41,0.310888,6.066762,<cycle 9 as a whole>,[87]
,,0.310888,6.066762,  TEncSearch::xEncCoeffQT <cycle 9>,[86]
,,,,,
,,6.364980,0.0,  TComInterpolationFilter::filterVer,[51]
[88],0.41,6.364980,0.0,"TComInterpolationFilter::filter<8,1,1,1>",[88]
,,,,,
,,0.015569,0.0,  TEncCu::xCheckRDCostIntra,[36]
,,0.015582,0.0,  TEncSbac::codeMvd,[257]
,,0.015584,0.0,  TEncSbac::xWriteUnaryMaxSymbol,[275]
,,0.015584,0.0,  TEncSbac::codeIntraDirChroma,[296]
,,0.015591,0.0,  TEncSbac::codeMergeIndex,[240]
,,0.015594,0.0,  TEncSbac::codeInterDir,[279]
,,0.031006,0.0,  TEncSearch::encodeResAndCalcRdInterCU,[15]
,,0.046666,0.0,  TEncEntropy::encodePUWise,[172]
,,0.046700,0.0,  TEncSbac::codeSplitFlag,[246]
,,0.062210,0.0,  TEncSbac::codePartSize,[239]
,,0.077800,0.0,  TEncSearch::xAddSymbolBitsInter,[103]
,,0.093288,0.0,  TEncSearch::xEncodeInterResidualQT <cycle 5>,[73]
,,0.093334,0.0,  TEncSbac::codeIntraDirLumaAng,[161]
,,0.124351,0.0,  TEncSbac::codeTransformSkipFlags,[217]
,,0.762707,0.0,  TEncSbac::codeQtCbf,[118]
,,0.808857,0.0,  TEncSbac::codeLastSignificantXY,[139]
,,1.041926,0.0,  TEncSearch::xEstimateInterResidualQT <cycle 6>,[19]
,,2.814712,0.0,  TEncSbac::codeCoeffNxN,[59]
[89],0.39,6.097061,0.0,TEncBinCABACCounter::encodeBin,[89]
,,,,,
,,5.879889,0.0,  TEncSbac::estBit,[63]
[90],0.38,5.879889,0.0,TEncSbac::estSignificantMapBit,[90]
,,,,,
,,5.878621,0.0,  TComTrQuant::invTransformNxN,[62]
[91],0.38,5.878621,0.0,TComTrQuant::xDeQuant,[91]
,,,,,
,,5.865397,0.0,  xTrMxN,[55]
[92],0.38,5.865397,0.0,partialButterfly8,[92]
,,,,,
,,5.395421,0.310900,  TComPrediction::predIntraAng,[84]
[93],0.37,5.395421,0.310900,TComPrediction::xPredIntraAng,[93]
,,0.155355,0.0,  memcpy,[54]
,,0.077859,0.0,  TComPrediction::predIntraGetPredValDC,[256]
,,0.046556,0.0,  _chkstk,[128]
,,0.031131,0.0,  _security_check_cookie,[111]
,,,,,
,,5.444956,0.0,  xITrMxN,[67]
[94],0.35,5.444956,0.0,partialButterflyInverse32,[94]
,,,,,
,,0.528305,0.233306,  TEncSbac::codeCoeffNxN,[59]
,,3.282282,0.762349,  TComTrQuant::xRateDistOptQuant,[26]
[95],0.31,3.810587,0.995655,getTUEntropyCodingParameters,[95]
,,0.995655,0.0,  TComDataCU::getCoefScanIdx,[155]
,,,,,
,,4.714025,0.0,  TEncSbac::estBit,[63]
[96],0.3,4.714025,0.0,TEncSbac::estLastSignificantPositionBit,[96]
,,,,,
,,4.651105,0.0,  TComInterpolationFilter::filterHor,[41]
[97],0.3,4.651105,0.0,"TComInterpolationFilter::filter<8,0,1,1>",[97]
,,,,,
,,4.632948,0.0,  xITrMxN,[67]
[98],0.3,4.632948,0.0,partialButterflyInverse16,[98]
,,,,,
,,4.603099,0.0,  TEncSearch::encodeResAndCalcRdInterCU,[15]
[99],0.3,4.603099,0.0,TComYuv::addClip,[99]
,,,,,
,,0.030989,0.0,  TEncSearch::xLoadIntraResultQT,[219]
,,0.046584,0.0,  TEncSearch::xSetIntraResultChromaQT <cycle 7>,[209]
,,0.233524,0.0,  TComYuv::copyToPartComponent,[153]
,,0.295630,0.0,  TComYuv::addAvg,[69]
,,0.357909,0.0,  TComYuv::removeHighFreq,[101]
,,0.606307,0.0,  TEncSearch::xIntraCodingTUBlock,[48]
,,1.322114,0.0,  TComYuv::copyPartToPartComponent,[82]
,,1.493059,0.0,  TComPrediction::xPredInterBlk,[29]
[100],0.28,4.386117,0.0,TComYuv::getAddr,[100]
,,,,,
,,3.686981,0.544695,  TEncSearch::xMotionEstimation,[14]
[101],0.27,3.686981,0.544695,TComYuv::removeHighFreq,[101]
,,0.357909,0.0,  TComYuv::getAddr,[100]
,,0.186786,0.0,  TComYuv::getAddr,[130]
,,,,,
,,4.169084,0.0,  xTrMxN,[55]
[102],0.27,4.169084,0.0,partialButterfly4,[102]
,,,,,
,,0.280072,3.793705,  TEncSearch::encodeResAndCalcRdInterCU,[15]
[103],0.26,0.280072,3.793705,TEncSearch::xAddSymbolBitsInter,[103]
,,0.326448,2.253976,  TEncEntropy::xEncodeTransform <cycle 2>,[114]
,,0.077800,0.0,  TEncBinCABACCounter::encodeBin,[89]
,,0.046739,0.046612,  TEncSbac::codePartSize,[239]
,,0.031147,0.0,  TEncSbac::codeQtRootCbf,[278]
,,0.031076,0.0,  TComTU::TComTU,[199]
,,0.015595,0.015497,  TEncSbac::resetBits,[140]
,,0.015498,0.0,  _security_check_cookie,[111]
,,0.015482,0.0,  TEncSbac::codePredMode,[300]
,,0.0,0.015540,  TEncBinCABACCounter::getNumWrittenBits,[143]
,,0.0,0.622281,  TEncEntropy::encodePredInfo,[173]
,,0.0,0.280015,  TEncSbac::codeSkipFlag,[186]
,,,,,
,,3.966737,0.0,  TEncSearch::xTZSearchHelp,[33]
[104],0.26,3.966737,0.0,TComRdCost::setDistParam,[104]
,,,,,
,,0.015508,0.0,  TEncSearch::estIntraPredLumaQT,[44]
,,0.015543,0.0,  TEncSearch::xSetIntraResultLumaQT <cycle 11>,[231]
,,0.031100,0.0,  TEncSearch::xSetIntraResultChromaQT <cycle 7>,[209]
,,0.031178,0.0,  TEncSearch::xRecurIntraCodingLumaQT <cycle 12>,[47]
,,0.077786,0.0,  TEncSearch::xRecurIntraChromaCodingQT <cycle 10>,[77]
,,0.139788,0.0,  TEncSearch::xEncSubdivCbfQT <cycle 8>,[177]
,,0.140006,0.0,  TEncSearch::xEncCoeffQT <cycle 9>,[86]
,,0.155687,0.0,  TEncEntropy::xEncodeTransform <cycle 2>,[114]
,,0.233389,0.0,  TEncSearch::xSetInterResidualQTData <cycle 4>,[142]
,,1.337785,0.0,  TEncSearch::xEncodeInterResidualQT <cycle 5>,[73]
,,1.664294,0.0,  TEncSearch::xEstimateInterResidualQT <cycle 6>,[19]
[105],0.25,3.842064,0.0,TComTURecurse::nextSection,[105]
,,,,,
,,1.633060,0.0,  TComTrQuant::xGetCodedLevel,[68]
,,2.146061,0.0,  TComTrQuant::xRateDistOptQuant,[26]
[106],0.24,3.779120,0.0,TComTrQuant::xGetICRate,[106]
,,,,,
,,3.624711,0.0,  TComTrQuant::transformNxN,[23]
[107],0.23,3.624711,0.0,TComTrQuant::xTransformSkip,[107]
,,,,,
,,3.623575,0.0,  TComRdCost::getDistPart,[65]
[108],0.23,3.623575,0.0,TComRdCost::xGetSSE4,[108]
,,,,,
,,0.591187,0.108885,  TComDataCU::getInterMergeCandidates,[117]
,,2.287138,0.544719,  TComDataCU::fillMvpCand,[64]
[109],0.23,2.878325,0.653604,TComDataCU::xGetColMVP,[109]
,,0.560239,0.0,  TComDataCU::xGetDistScaleFactor,[164]
,,0.062236,0.0,  std::_Deque_const_iterator<class std::_Deque_val<struct std::_Deque_simple_types<class TComSlice *> > >::operator+,[146]
,,0.031129,0.0,"  std::deque<class TComSlice *,class std::allocator<class TComSlice *> >::begin",[192]
,,,,,
,,2.550320,0.902282,  TComTrQuant::transformNxN,[23]
[110],0.22,2.550320,0.902282,TComTrQuant::rdpcmNxN,[110]
,,0.467087,0.0,  _chkstk,[128]
,,0.217700,0.0,  _security_check_cookie,[111]
,,0.217495,0.0,  memset,[45]
,,,,,
,,0.015498,0.0,  TEncSearch::xAddSymbolBitsInter,[103]
,,0.015520,0.0,  partialButterflyInverse8,[131]
,,0.015534,0.0,  TEncSbac::codeIntraDirLumaAng,[161]
,,0.015543,0.0,  TEncSearch::xEncSubdivCbfQT <cycle 8>,[177]
,,0.015573,0.0,  TEncSearch::xEstimateInterResidualQT <cycle 6>,[19]
,,0.015580,0.0,  TEncSearch::predInterSearch,[13]
,,0.015598,0.0,  TEncSearch::xSetIntraResultChromaQT <cycle 7>,[209]
,,0.031131,0.0,  TComPrediction::xPredIntraAng,[93]
,,0.031170,0.0,  fillReferenceSamples,[151]
,,0.046576,0.0,  TEncSbac::codeCoeffNxN,[59]
,,0.046652,0.0,  TComDataCU::getInterMergeCandidates,[117]
,,0.046673,0.0,  xITrMxN,[67]
,,0.093226,0.0,  TComTrQuant::xT,[52]
,,0.108940,0.0,  TEncSearch::xEncodeInterResidualQT <cycle 5>,[73]
,,0.170962,0.0,  TEncEntropy::encodeCoeffNxN,[60]
,,0.171084,0.0,  TComTrQuant::xQuant,[24]
,,0.186614,0.0,  xTrMxN,[55]
,,0.217700,0.0,  TComTrQuant::rdpcmNxN,[110]
,,0.451308,0.0,  TComTrQuant::xRateDistOptQuant,[26]
,,0.497920,0.0,  TComRdCost::xCalcHADs4x4,[57]
,,1.198033,0.0,  TComRdCost::xCalcHADs8x8,[20]
[111],0.22,3.406835,0.0,_security_check_cookie,[111]
,,,,,
,,3.359484,0.0,  TComInterpolationFilter::filterVer,[51]
[112],0.22,3.359484,0.0,"TComInterpolationFilter::filter<8,1,1,0>",[112]
,,,,,
,,3.328800,0.0,  TEncSbac::estBit,[63]
[113],0.21,3.328800,0.0,TEncSbac::estSignificantCoefficientsBit,[113]
,,,,,
,,0.0,0.077869,  TEncEntropy::encodeCoeff,[250]
,,,,  TEncEntropy::xEncodeTransform <cycle 2>,[114]
,,0.124413,0.481795,  TEncCu::xCheckRDCostIntra,[36]
,,0.326448,2.253976,  TEncSearch::xAddSymbolBitsInter,[103]
[114],0.21,0.450861,2.813641,TEncEntropy::xEncodeTransform <cycle 2>,[114]
,,1.336660,0.994695,  TEncSbac::codeCoeffNxN,[59]
,,0.155687,0.0,  TComTURecurse::nextSection,[105]
,,0.140063,0.046670,  TEncSbac::codeQtCbf,[118]
,,0.046647,0.0,  TEncSbac::codeCrossComponentPrediction,[237]
,,0.046594,0.0,  TEncSbac::codeTransformSubdivFlag,[235]
,,0.031062,0.0,  TComDataCU::getQuadtreeTULog2MinSizeInCU,[160]
,,0.015562,0.0,  TComTU::TComTU,[123]
,,,,  TEncEntropy::xEncodeTransform <cycle 2>,[114]
,,,,,
,,0.0,0.077869,  TEncEntropy::encodeCoeff,[250]
,,0.124413,0.481795,  TEncCu::xCheckRDCostIntra,[36]
,,0.326448,2.253976,  TEncSearch::xAddSymbolBitsInter,[103]
[115],0.21,0.450861,2.813641,<cycle 2 as a whole>,[115]
,,0.450861,2.813641,  TEncEntropy::xEncodeTransform <cycle 2>,[114]
,,,,,
,,0.264184,0.0,  TEncSearch::xIntraCodingTUBlock,[48]
,,2.940150,0.0,  TEncSearch::xEstimateInterResidualQT <cycle 6>,[19]
[116],0.21,3.204334,0.0,QpParam::QpParam,[116]
,,,,,
,,0.248837,0.466716,  TEncCu::xCheckRDCostMerge2Nx2N,[25]
,,0.840405,1.493323,  TEncSearch::xMergeEstimation,[43]
[117],0.2,1.089242,1.960039,TComDataCU::getInterMergeCandidates,[117]
,,0.591187,0.108885,  TComDataCU::xGetColMVP,[109]
,,0.295445,0.0,  TComDataCU::hasEqualMotion,[215]
,,0.217946,0.0,  TComDataCU::deriveLeftRightTopIdxGeneral,[224]
,,0.155493,0.0,  TComDataCU::getPUAboveRight,[154]
,,0.139929,0.0,  TComDataCU::getPUBelowLeft,[137]
,,0.108877,0.0,  TComDataCU::getPartPosition,[244]
,,0.093266,0.0,  TComDataCU::deriveLeftBottomIdxGeneral,[252]
,,0.077903,0.0,  TComDataCU::getPUAboveLeft,[201]
,,0.077744,0.0,  TComDataCU::deriveRightBottomIdx,[200]
,,0.046714,0.0,  TComDataCU::getPartIndexAndSize,[136]
,,0.046652,0.0,  _security_check_cookie,[111]
,,,,,
,,0.139761,0.031107,  TEncSearch::xEncSubdivCbfQT <cycle 8>,[177]
,,0.140063,0.046670,  TEncEntropy::xEncodeTransform <cycle 2>,[114]
,,0.808689,0.171138,  TEncSearch::xEncodeInterResidualQT <cycle 5>,[73]
,,1.197449,0.513792,  TEncSearch::xEstimateInterResidualQT <cycle 6>,[19]
[118],0.2,2.285963,0.762707,TEncSbac::codeQtCbf,[118]
,,0.762707,0.0,  TEncBinCABACCounter::encodeBin,[89]
,,,,,
,,1.415466,1.602251,  TEncSearch::predInterSearch,[13]
[119],0.19,1.415466,1.602251,TEncSearch::xCheckBestMVP,[119]
,,1.602251,0.0,  TComRdCost::getBitsOfVectorWithPredictor,[56]
,,,,,
,,2.940338,0.0,  TComRdCost::getDistPart,[65]
[120],0.19,2.940338,0.0,TComRdCost::xGetSSE16,[120]
,,,,,
,,2.846948,0.0,  TComRdCost::getDistPart,[65]
[121],0.18,2.846948,0.0,TComRdCost::xGetSSE8,[121]
,,,,,
,,2.800095,0.0,  TComInterpolationFilter::filterVer,[51]
[122],0.18,2.800095,0.0,"TComInterpolationFilter::filter<4,1,0,0>",[122]
,,,,,
,,0.015501,0.0,  TEncSearch::xEncSubdivCbfQT <cycle 8>,[177]
,,0.015562,0.0,  TEncEntropy::xEncodeTransform <cycle 2>,[114]
,,0.015597,0.0,  TEncSearch::xRecurIntraCodingLumaQT <cycle 12>,[47]
,,0.046710,0.0,  TEncSearch::xSetInterResidualQTData <cycle 4>,[142]
,,0.079920,0.0,  TEncSearch::xEncCoeffQT <cycle 9>,[86]
,,0.108794,0.0,  TEncSearch::xRecurIntraChromaCodingQT <cycle 10>,[77]
,,0.606812,0.0,  TEncSearch::xEncodeInterResidualQT <cycle 5>,[73]
,,1.851003,0.0,  TEncSearch::xEstimateInterResidualQT <cycle 6>,[19]
[123],0.18,2.739900,0.0,TComTU::TComTU,[123]
,,,,,
,,0.077688,0.155650,  TEncSearch::estIntraPredLumaQT,[44]
,,0.575112,1.804075,  TEncSearch::xIntraCodingTUBlock,[48]
[124],0.17,0.652800,1.959725,TComPrediction::initIntraPatternChType,[124]
,,1.166297,0.031170,  fillReferenceSamples,[151]
,,0.326688,0.0,  TComDataCU::getPUAboveRight,[154]
,,0.155515,0.0,  TComDataCU::getPUBelowLeft,[137]
,,0.109016,0.0,  isLeftAvailable,[242]
,,0.108862,0.0,  isAboveAvailable,[245]
,,0.046637,0.015540,  TComDataCU::getPUAboveLeft,[201]
,,,,,
,,0.015549,0.0,  TEncSearch::estIntraPredChromaQT,[71]
,,0.015582,0.0,  TEncCu::xCheckBestMode,[243]
,,0.031062,0.0,  TEncSearch::estIntraPredLumaQT,[44]
,,0.031191,0.0,  TEncSearch::xRecurIntraChromaCodingQT <cycle 10>,[77]
,,0.062195,0.0,  TEncSearch::xModeBitsIntra,[159]
,,0.077622,0.015488,  TEncSearch::xRecurIntraCodingLumaQT <cycle 12>,[47]
,,0.077835,0.015516,  TEncCu::xCompressCU <cycle 13>,[11]
,,0.171201,0.108829,  TEncSearch::encodeResAndCalcRdInterCU,[15]
,,1.353576,0.606533,  TEncSearch::xEstimateInterResidualQT <cycle 6>,[19]
[125],0.17,1.835813,0.746365,TEncBinCABAC::copyState,[125]
,,0.746365,0.0,  TEncBinCABAC::getTEncBinCABAC,[170]
,,,,,
,,0.855920,0.0,  TEncSearch::xTZSearchHelp,[33]
,,1.431410,0.0,  TEncSearch::xPatternSearch,[31]
[126],0.15,2.287330,0.0,TComRdCost::xGetSAD24,[126]
,,,,,
,,2.287147,0.0,  TEncSbac::estBit,[63]
[127],0.15,2.287147,0.0,TEncSbac::estCBFBit,[127]
,,,,,
,,0.015594,0.0,  xITrMxN,[67]
,,0.046556,0.0,  TComPrediction::xPredIntraAng,[93]
,,0.108959,0.0,  TComTrQuant::xT,[52]
,,0.124344,0.0,  TComTrQuant::xIT,[66]
,,0.202223,0.0,  TEncSearch::xEstimateInterResidualQT <cycle 6>,[19]
,,0.233489,0.0,  xTrMxN,[55]
,,0.467087,0.0,  TComTrQuant::rdpcmNxN,[110]
,,0.497746,0.0,  TComTrQuant::xQuant,[24]
,,0.528739,0.0,  TComTrQuant::xRateDistOptQuant,[26]
[128],0.14,2.224737,0.0,_chkstk,[128]
,,,,,
,,0.653190,0.172948,  TEncSearch::predInterSearch,[13]
,,0.731051,0.653447,  TEncSearch::xEstimateMvPredAMVP,[30]
[129],0.14,1.384241,0.826395,TComDataCU::setSubPart<signed char>,[129]
,,0.826395,0.0,  memset,[45]
,,,,,
,,0.015586,0.0,  TEncSearch::xSetIntraResultLumaQT <cycle 11>,[231]
,,0.046731,0.0,  TEncSearch::xSetIntraResultChromaQT <cycle 7>,[209]
,,0.186786,0.0,  TComYuv::removeHighFreq,[101]
,,0.684789,0.0,  TComYuv::addAvg,[69]
,,1.229057,0.0,  TComYuv::copyPartToPartComponent,[82]
[130],0.14,2.162950,0.0,TComYuv::getAddr,[130]
,,,,,
,,2.036806,0.015520,  xITrMxN,[67]
[131],0.13,2.036806,0.015520,partialButterflyInverse8,[131]
,,0.015520,0.0,  _security_check_cookie,[111]
,,,,,
,,2.006512,0.0,  TEncSearch::encodeResAndCalcRdInterCU,[15]
[132],0.13,2.006512,0.0,TComYuv::subtract,[132]
,,,,,
,,1.385034,0.606704,  TComDataCU::fillMvpCand,[64]
[133],0.13,1.385034,0.606704,TComDataCU::xAddMVPCandWithScaling,[133]
,,0.279841,0.0,  TComDataCU::xGetDistScaleFactor,[164]
,,0.124708,0.015533,  TComDataCU::getPUBelowLeft,[137]
,,0.093305,0.0,  std::_Deque_const_iterator<class std::_Deque_val<struct std::_Deque_simple_types<class TComSlice *> > >::operator+,[146]
,,0.062193,0.0,  TComDataCU::getPULeft,[195]
,,0.015560,0.0,"  std::deque<class TComSlice *,class std::allocator<class TComSlice *> >::begin",[192]
,,0.0,0.015565,  TComDataCU::getPUAboveRight,[154]
,,,,,
,,1.959609,0.0,  TComRdCost::getDistPart,[65]
[134],0.13,1.959609,0.0,TComRdCost::xGetSSE32,[134]
,,,,,
,,0.389036,0.0,  TEncCu::xCheckRDCostMerge2Nx2N,[25]
,,0.482436,0.0,  TEncSearch::xMergeEstimation,[43]
,,1.057990,0.0,  TEncSearch::predInterSearch,[13]
[135],0.12,1.929462,0.0,TComCUMvField::setAll<class TComMv>,[135]
,,,,,
,,0.015554,0.0,  TEncSearch::xMergeEstimation,[43]
,,0.015616,0.0,  TComDataCU::fillMvpCand,[64]
,,0.031073,0.0,  TEncCu::xCheckRDCostMerge2Nx2N,[25]
,,0.046714,0.0,  TComDataCU::getInterMergeCandidates,[117]
,,0.140187,0.0,  TEncSearch::predInterSearch,[13]
,,0.170868,0.0,  TComPrediction::motionCompensation,[37]
,,0.373397,0.0,  TEncSearch::xGetInterPredictionError,[40]
,,0.420190,0.0,  TEncSearch::xMotionEstimation,[14]
,,0.575823,0.0,  TEncSearch::xEstimateMvPredAMVP,[30]
[136],0.12,1.789422,0.0,TComDataCU::getPartIndexAndSize,[136]
,,,,,
,,0.124708,0.015533,  TComDataCU::xAddMVPCandWithScaling,[133]
,,0.139929,0.0,  TComDataCU::getInterMergeCandidates,[117]
,,0.155515,0.0,  TComPrediction::initIntraPatternChType,[124]
,,0.388873,0.015548,  TComDataCU::xAddMVPCandUnscaled,[85]
,,0.840134,0.031092,  TComDataCU::fillMvpCand,[64]
[137],0.11,1.649158,0.062174,TComDataCU::getPUBelowLeft,[137]
,,0.062174,0.0,  TComDataCU::CUIsFromSameSliceAndTile,[230]
,,,,,
,,0.762351,0.0,  TEncSearch::xTZSearch,[32]
,,0.933867,0.0,  TEncSearch::xMotionEstimation,[14]
[138],0.11,1.696218,0.0,TEncSearch::xSetSearchRange,[138]
,,,,,
,,0.870593,0.824469,  TEncSbac::codeCoeffNxN,[59]
[139],0.11,0.870593,0.824469,TEncSbac::codeLastSignificantXY,[139]
,,0.808857,0.0,  TEncBinCABACCounter::encodeBin,[89]
,,0.015612,0.0,  TEncBinCABACCounter::encodeBinEP,[273]
,,,,,
,,0.015535,0.015514,  TEncSearch::encodeResAndCalcRdInterCU,[15]
,,0.015595,0.015497,  TEncSearch::xAddSymbolBitsInter,[103]
,,0.031107,0.015580,  TEncSearch::estIntraPredChromaQT,[71]
,,0.031122,0.015583,  TEncSearch::xModeBitsIntra,[159]
,,0.046780,0.0,  [Unknown stack frame(s)],[266]
,,0.062249,0.031154,  TEncSearch::xRecurIntraCodingLumaQT <cycle 12>,[47]
,,0.668926,0.591336,  TEncSearch::xEstimateInterResidualQT <cycle 6>,[19]
[140],0.1,0.871313,0.684665,TEncSbac::resetBits,[140]
,,0.684665,0.0,  TEncBinCABAC::resetBits,[171]
,,,,,
,,0.357959,1.182070,  TEncSearch::encodeResAndCalcRdInterCU,[15]
[141],0.1,0.357959,1.182070,<cycle 4 as a whole>,[141]
,,0.357959,1.182070,  TEncSearch::xSetInterResidualQTData <cycle 4>,[142]
,,,,,
,,,,  TEncSearch::xSetInterResidualQTData <cycle 4>,[142]
,,0.357959,1.182070,  TEncSearch::encodeResAndCalcRdInterCU,[15]
[142],0.1,0.357959,1.182070,TEncSearch::xSetInterResidualQTData <cycle 4>,[142]
,,0.497698,0.0,  memcpy,[54]
,,0.233389,0.0,  TComTURecurse::nextSection,[105]
,,0.233143,0.171131,  TComYuv::copyPartToPartComponentMxN,[194]
,,0.046710,0.0,  TComTU::TComTU,[123]
,,,,  TEncSearch::xSetInterResidualQTData <cycle 4>,[142]
,,,,,
,,0.0,0.015583,  TEncSearch::encodeResAndCalcRdInterCU,[15]
,,0.0,0.015540,  TEncSearch::xAddSymbolBitsInter,[103]
,,0.031146,0.015580,  TEncSearch::estIntraPredLumaQT,[44]
,,0.046489,0.031027,  TEncSearch::xRecurIntraCodingLumaQT <cycle 12>,[47]
,,0.606517,0.746756,  TEncSearch::xEstimateInterResidualQT <cycle 6>,[19]
[143],0.1,0.684152,0.824485,TEncBinCABACCounter::getNumWrittenBits,[143]
,,0.824485,0.0,  TComBitCounter::getNumberOfWrittenBits,[165]
,,,,,
,,0.0,1.463896,  TEncGOP::compressGOP,[7]
[144],0.09,0.0,1.463896,TEncSampleAdaptiveOffset::SAOProcess,[144]
,,0.031153,0.0,  TComPicYuv::extendPicBorder,[262]
,,0.015600,1.183542,  TEncSampleAdaptiveOffset::getStatistics,[148]
,,0.015480,0.062196,  TComPicYuv::copyToPic,[229]
,,0.0,0.155924,  TEncSampleAdaptiveOffset::decideBlkParams,[238]
,,,,,
,,0.326933,0.202367,  TEncCu::xCheckRDCostMerge2Nx2N,[25]
,,0.669077,0.233294,  TComPrediction::motionCompensation,[37]
[145],0.09,0.996010,0.435661,TComPrediction::xCheckIdenticalMotion,[145]
,,0.342377,0.0,  std::_Deque_const_iterator<class std::_Deque_val<struct std::_Deque_simple_types<class TComSlice *> > >::operator+,[146]
,,0.093284,0.0,"  std::deque<class TComSlice *,class std::allocator<class TComSlice *> >::begin",[192]
,,,,,
,,0.062236,0.0,  TComDataCU::xGetColMVP,[109]
,,0.093305,0.0,  TComDataCU::xAddMVPCandWithScaling,[133]
,,0.108960,0.0,  TComDataCU::fillMvpCand,[64]
,,0.342377,0.0,  TComPrediction::xCheckIdenticalMotion,[145]
,,0.824386,0.0,  TComDataCU::xAddMVPCandUnscaled,[85]
[146],0.09,1.431265,0.0,std::_Deque_const_iterator<class std::_Deque_val<struct std::_Deque_simple_types<class TComSlice *> > >::operator+,[146]
,,,,,
,,0.171106,0.0,  TEncCu::xCheckRDCostMerge2Nx2N,[25]
,,0.482188,0.0,  TEncSearch::predInterSearch,[13]
,,0.653668,0.0,  TEncSearch::xMergeEstimation,[43]
[147],0.08,1.306962,0.0,TComCUMvField::setAll<signed char>,[147]
,,,,,
,,0.015600,1.183542,  TEncSampleAdaptiveOffset::SAOProcess,[144]
[148],0.08,0.015600,1.183542,TEncSampleAdaptiveOffset::getStatistics,[148]
,,1.183542,0.0,  TEncSampleAdaptiveOffset::getBlkStats,[152]
,,,,,
,,1.198045,0.0,  TEncSbac::estBit,[63]
[149],0.08,1.198045,0.0,TEncSbac::estSignificantCoeffGroupMapBit,[149]
,,,,,
,,1.197940,0.0,  TComInterpolationFilter::filterVer,[51]
[150],0.08,1.197940,0.0,"TComInterpolationFilter::filter<4,1,0,1>",[150]
,,,,,
,,1.166297,0.031170,  TComPrediction::initIntraPatternChType,[124]
[151],0.08,1.166297,0.031170,fillReferenceSamples,[151]
,,0.031170,0.0,  _security_check_cookie,[111]
,,,,,
,,1.183542,0.0,  TEncSampleAdaptiveOffset::getStatistics,[148]
[152],0.08,1.183542,0.0,TEncSampleAdaptiveOffset::getBlkStats,[152]
,,,,,
,,0.186679,0.280044,  TEncCu::xCopyYuv2Tmp,[174]
,,0.249058,0.451214,  TEncSearch::encodeResAndCalcRdInterCU,[15]
[153],0.08,0.435737,0.731258,TComYuv::copyToPartComponent,[153]
,,0.497734,0.0,  memcpy,[54]
,,0.233524,0.0,  TComYuv::getAddr,[100]
,,,,,
,,0.0,0.015565,  TComDataCU::xAddMVPCandWithScaling,[133]
,,0.155493,0.0,  TComDataCU::getInterMergeCandidates,[117]
,,0.326688,0.0,  TComPrediction::initIntraPatternChType,[124]
,,0.513654,0.077810,  TComDataCU::xAddMVPCandUnscaled,[85]
[154],0.07,0.995836,0.093374,TComDataCU::getPUAboveRight,[154]
,,0.093374,0.0,  TComDataCU::CUIsFromSameSliceAndTile,[230]
,,,,,
,,0.995655,0.0,  getTUEntropyCodingParameters,[95]
[155],0.06,0.995655,0.0,TComDataCU::getCoefScanIdx,[155]
,,,,,
,,0.404385,0.0,  TEncSearch::xTZSearchHelp,[33]
,,0.559685,0.0,  TEncSearch::xPatternSearch,[31]
[156],0.06,0.964070,0.0,TComRdCost::xGetSAD12,[156]
,,,,,
,,0.949220,0.0,  TComDataCU::fillMvpCand,[64]
[157],0.06,0.949220,0.0,TComDataCU::deriveLeftRightTopIdx,[157]
,,,,,
,,0.435641,0.513285,  TEncCu::xCompressCU <cycle 13>,[11]
[158],0.06,0.435641,0.513285,TComDataCU::initSubCU,[158]
,,0.513285,0.0,  memset,[45]
,,,,,
,,0.202012,0.746449,  TEncSearch::estIntraPredLumaQT,[44]
[159],0.06,0.202012,0.746449,TEncSearch::xModeBitsIntra,[159]
,,0.357451,0.264518,  TEncSbac::codeIntraDirLumaAng,[161]
,,0.062195,0.0,  TEncBinCABAC::copyState,[125]
,,0.031122,0.015583,  TEncSbac::resetBits,[140]
,,0.015580,0.0,  memcpy,[54]
,,,,,
,,0.015540,0.0,  TEncSearch::xRecurIntraCodingLumaQT <cycle 12>,[47]
,,0.031062,0.0,  TEncEntropy::xEncodeTransform <cycle 2>,[114]
,,0.062120,0.0,  TEncSearch::xEncSubdivCbfQT <cycle 8>,[177]
,,0.264579,0.0,  TEncSearch::xEncodeInterResidualQT <cycle 5>,[73]
,,0.544582,0.0,  TEncSearch::xEstimateInterResidualQT <cycle 6>,[19]
[160],0.06,0.917884,0.0,TComDataCU::getQuadtreeTULog2MinSizeInCU,[160]
,,,,,
,,0.139735,0.155463,  TEncSearch::xEncIntraHeader,[183]
,,0.357451,0.264518,  TEncSearch::xModeBitsIntra,[159]
[161],0.06,0.497186,0.419981,TEncSbac::codeIntraDirLumaAng,[161]
,,0.248907,0.0,  TComDataCU::getIntraDirPredictor,[221]
,,0.093334,0.0,  TEncBinCABACCounter::encodeBin,[89]
,,0.062207,0.0,  TEncBinCABACCounter::encodeBinsEP,[203]
,,0.015534,0.0,  _security_check_cookie,[111]
,,,,,
,,0.746400,0.139919,  TEncSbac::codeCoeffNxN,[59]
[162],0.06,0.746400,0.139919,TEncSbac::xWriteCoefRemainExGolomb,[162]
,,0.139919,0.0,  TEncBinCABACCounter::encodeBinsEP,[203]
,,,,,
,,0.342272,0.497878,  TEncCu::xCompressCU <cycle 13>,[11]
[163],0.05,0.342272,0.497878,TComDataCU::copyPartFrom,[163]
,,0.497878,0.0,  memcpy,[54]
,,,,,
,,0.279841,0.0,  TComDataCU::xAddMVPCandWithScaling,[133]
,,0.560239,0.0,  TComDataCU::xGetColMVP,[109]
[164],0.05,0.840080,0.0,TComDataCU::xGetDistScaleFactor,[164]
,,,,,
,,0.824485,0.0,  TEncBinCABACCounter::getNumWrittenBits,[143]
[165],0.05,0.824485,0.0,TComBitCounter::getNumberOfWrittenBits,[165]
,,,,,
,,0.093450,0.715715,  TEncCu::xCompressCU <cycle 13>,[11]
[166],0.05,0.093450,0.715715,TComDataCU::copyToPic,[166]
,,0.715715,0.0,  memcpy,[54]
,,,,,
,,0.031112,0.0,  TEncSearch::estIntraPredLumaQT,[44]
,,0.777919,0.0,  TEncSearch::xEstimateInterResidualQT <cycle 6>,[19]
[167],0.05,0.809031,0.0,TComYuv::getStride,[167]
,,,,,
,,0.808496,0.0,  TComInterpolationFilter::filterVer,[51]
[168],0.05,0.808496,0.0,"TComInterpolationFilter::filter<4,1,1,0>",[168]
,,,,,
,,0.108890,0.0,  TEncSbac::codeCoeffNxN,[59]
,,0.637786,0.0,  TComTrQuant::xRateDistOptQuant,[26]
[169],0.05,0.746677,0.0,TComTU::getGolombRiceStatisticsIndex,[169]
,,,,,
,,0.746365,0.0,  TEncBinCABAC::copyState,[125]
[170],0.05,0.746365,0.0,TEncBinCABAC::getTEncBinCABAC,[170]
,,,,,
,,0.684665,0.0,  TEncSbac::resetBits,[140]
[171],0.04,0.684665,0.0,TEncBinCABAC::resetBits,[171]
,,,,,
,,0.217704,0.404577,  TEncEntropy::encodePredInfo,[173]
[172],0.04,0.217704,0.404577,TEncEntropy::encodePUWise,[172]
,,0.093427,0.031061,  TEncSbac::codeMergeIndex,[240]
,,0.062306,0.0,  TEncSbac::codeRefFrmIdx,[263]
,,0.046666,0.0,  TEncBinCABACCounter::encodeBin,[89]
,,0.046655,0.031074,  TEncSbac::codeMvd,[257]
,,0.015552,0.015594,  TEncSbac::codeInterDir,[279]
,,0.015547,0.031167,  TEncSbac::codeMVPIdx,[271]
,,0.015528,0.0,  TEncSbac::codeMergeFlag,[299]
,,,,,
,,0.0,0.622281,  TEncSearch::xAddSymbolBitsInter,[103]
[173],0.04,0.0,0.622281,TEncEntropy::encodePredInfo,[173]
,,0.217704,0.404577,  TEncEntropy::encodePUWise,[172]
,,,,,
,,0.124318,0.466723,  TEncCu::xCompressCU <cycle 13>,[11]
[174],0.04,0.124318,0.466723,TEncCu::xCopyYuv2Tmp,[174]
,,0.186679,0.280044,  TComYuv::copyToPartComponent,[153]
,,,,,
,,0.591006,0.0,  xITrMxN,[67]
[175],0.04,0.591006,0.0,partialButterflyInverse4,[175]
,,,,,
,,0.062081,0.155232,  TEncSearch::estIntraPredChromaQT,[71]
,,0.124287,0.248588,  TEncSearch::xRecurIntraCodingLumaQT <cycle 12>,[47]
[176],0.04,0.186368,0.403820,<cycle 8 as a whole>,[176]
,,0.186368,0.403820,  TEncSearch::xEncSubdivCbfQT <cycle 8>,[177]
,,,,,
,,,,  TEncSearch::xEncSubdivCbfQT <cycle 8>,[177]
,,0.062081,0.155232,  TEncSearch::estIntraPredChromaQT,[71]
,,0.124287,0.248588,  TEncSearch::xRecurIntraCodingLumaQT <cycle 12>,[47]
[177],0.04,0.186368,0.403820,TEncSearch::xEncSubdivCbfQT <cycle 8>,[177]
,,0.139788,0.0,  TComTURecurse::nextSection,[105]
,,0.139761,0.031107,  TEncSbac::codeQtCbf,[118]
,,0.062120,0.0,  TComDataCU::getQuadtreeTULog2MinSizeInCU,[160]
,,0.015543,0.0,  _security_check_cookie,[111]
,,0.015501,0.0,  TComTU::TComTU,[123]
,,,,  TEncSearch::xEncSubdivCbfQT <cycle 8>,[177]
,,,,,
,,0.574865,0.0,  TEncSearch::xEstimateInterResidualQT <cycle 6>,[19]
[178],0.04,0.574865,0.0,TEncSbac::codeQtCbfZero,[178]
,,,,,
,,0.015544,0.202222,  TEncCu::xCompressCU <cycle 13>,[11]
,,0.031106,0.311188,  TEncCu::xCopyYuv2Pic,[187]
[179],0.04,0.046650,0.513410,TComYuv::copyToPicYuv,[179]
,,0.280102,0.233309,  TComYuv::copyToPicComponent,[181]
,,,,,
,,0.559743,0.0,  xTrMxN,[55]
[180],0.04,0.559743,0.0,fastForwardDst,[180]
,,,,,
,,0.280102,0.233309,  TComYuv::copyToPicYuv,[179]
[181],0.03,0.280102,0.233309,TComYuv::copyToPicComponent,[181]
,,0.233309,0.0,  memcpy,[54]
,,,,,
,,0.077704,0.0,  TEncCu::xCheckRDCostMerge2Nx2N,[25]
,,0.264500,0.171083,  TEncSearch::predInterSearch,[13]
[182],0.03,0.342204,0.171083,TComDataCU::setSubPart<unsigned char>,[182]
,,0.171083,0.0,  memset,[45]
,,,,,
,,0.0,0.015584,  TEncSearch::estIntraPredChromaQT,[71]
,,0.108820,0.388637,  TEncSearch::xRecurIntraCodingLumaQT <cycle 12>,[47]
[183],0.03,0.108820,0.404221,TEncSearch::xEncIntraHeader,[183]
,,0.139735,0.155463,  TEncSbac::codeIntraDirLumaAng,[161]
,,0.015589,0.015598,  TEncSbac::codePartSize,[239]
,,0.0,0.015584,  TEncSbac::codeIntraDirChroma,[296]
,,0.0,0.062252,  TEncSbac::codeSkipFlag,[186]
,,,,,
,,0.466775,0.0,  TComInterpolationFilter::filterHor,[41]
[184],0.03,0.466775,0.0,"TComInterpolationFilter::filter<4,0,1,1>",[184]
,,,,,
,,0.466699,0.0,  TComRdCost::getDistPart,[65]
[185],0.03,0.466699,0.0,TComRdCost::xGetSSE64,[185]
,,,,,
,,0.0,0.280015,  TEncSearch::xAddSymbolBitsInter,[103]
,,0.0,0.062252,  TEncSearch::xEncIntraHeader,[183]
,,0.015515,0.0,  TEncCu::xCheckRDCostIntra,[36]
,,0.015523,0.093309,  TEncSearch::encodeResAndCalcRdInterCU,[15]
[186],0.03,0.031037,0.435576,TEncSbac::codeSkipFlag,[186]
,,0.435576,0.0,  TComDataCU::getCtxSkipFlag,[191]
,,,,,
,,0.108922,0.342294,  TEncCu::xCompressCU <cycle 13>,[11]
[187],0.03,0.108922,0.342294,TEncCu::xCopyYuv2Pic,[187]
,,0.031106,0.311188,  TComYuv::copyToPicYuv,[179]
,,,,,
,,0.093301,0.357738,  TEncSearch::xTZSearch,[32]
[188],0.03,0.093301,0.357738,TEncSearch::xTZ2PointSearch,[188]
,,0.015496,0.342242,  TEncSearch::xTZSearchHelp,[33]
,,,,,
,,0.435676,0.0,  TComDataCU::fillMvpCand,[64]
[189],0.03,0.435676,0.0,TComDataCU::deriveLeftBottomIdx,[189]
,,,,,
,,0.015559,0.0,  TEncCu::xCompressCU <cycle 13>,[11]
,,0.030985,0.0,  TEncSearch::xRecurIntraCodingLumaQT <cycle 12>,[47]
,,0.389067,0.0,  TEncSearch::xEstimateInterResidualQT <cycle 6>,[19]
[190],0.03,0.435611,0.0,TComBitCounter::resetBits,[190]
,,,,,
,,0.435576,0.0,  TEncSbac::codeSkipFlag,[186]
[191],0.03,0.435576,0.0,TComDataCU::getCtxSkipFlag,[191]
,,,,,
,,0.015560,0.0,  TComDataCU::xAddMVPCandWithScaling,[133]
,,0.031129,0.0,  TComDataCU::xGetColMVP,[109]
,,0.046736,0.0,  TComDataCU::fillMvpCand,[64]
,,0.093284,0.0,  TComPrediction::xCheckIdenticalMotion,[145]
,,0.248848,0.0,  TComDataCU::xAddMVPCandUnscaled,[85]
[192],0.03,0.435557,0.0,"std::deque<class TComSlice *,class std::allocator<class TComSlice *> >::begin",[192]
,,,,,
,,0.015514,0.0,  TEncSearch::encodeResAndCalcRdInterCU,[15]
,,0.015545,0.0,  TEncSearch::estIntraPredLumaQT,[44]
,,0.015594,0.0,  TEncCu::xCompressCU <cycle 13>,[11]
,,0.062052,0.0,  TEncSearch::xRecurIntraCodingLumaQT <cycle 12>,[47]
,,0.295687,0.0,  TEncSearch::xEstimateInterResidualQT <cycle 6>,[19]
[193],0.03,0.404391,0.0,TEncSbac::getNumberOfWrittenBits,[193]
,,,,,
,,0.233143,0.171131,  TEncSearch::xSetInterResidualQTData <cycle 4>,[142]
[194],0.03,0.233143,0.171131,TComYuv::copyPartToPartComponentMxN,[194]
,,0.171131,0.0,  memcpy,[54]
,,,,,
,,0.062193,0.0,  TComDataCU::xAddMVPCandWithScaling,[133]
,,0.108976,0.0,  TComDataCU::fillMvpCand,[64]
,,0.202234,0.0,  TComDataCU::xAddMVPCandUnscaled,[85]
[195],0.02,0.373403,0.0,TComDataCU::getPULeft,[195]
,,,,,
,,0.093336,0.031101,  TEncCu::xCheckRDCostMerge2Nx2N,[25]
,,0.217790,0.031087,  TEncSearch::predInterSearch,[13]
[196],0.02,0.311127,0.062187,TComDataCU::setSubPart<bool>,[196]
,,0.062187,0.0,  memset,[45]
,,,,,
,,0.0,0.367111,  TAppEncTop::encode,[3]
[197],0.02,0.0,0.367111,TVideoIOYuv::read,[197]
,,0.050792,0.316320,  readPlane,[198]
,,,,,
,,0.050792,0.316320,  TVideoIOYuv::read,[197]
[198],0.02,0.050792,0.316320,readPlane,[198]
,,0.014355,0.301964,"  std::basic_istream<char,struct std::char_traits<char> >::read",[207]
,,,,,
,,0.031057,0.0,  TEncSearch::estIntraPredChromaQT,[71]
,,0.031076,0.0,  TEncSearch::xAddSymbolBitsInter,[103]
,,0.295727,0.0,  TEncSearch::encodeResAndCalcRdInterCU,[15]
[199],0.02,0.357859,0.0,TComTU::TComTU,[199]
,,,,,
,,0.077744,0.0,  TComDataCU::getInterMergeCandidates,[117]
,,0.280048,0.0,  TComDataCU::fillMvpCand,[64]
[200],0.02,0.357791,0.0,TComDataCU::deriveRightBottomIdx,[200]
,,,,,
,,0.046637,0.015540,  TComPrediction::initIntraPatternChType,[124]
,,0.077903,0.0,  TComDataCU::getInterMergeCandidates,[117]
,,0.186619,0.031087,  TComDataCU::fillMvpCand,[64]
[201],0.02,0.311159,0.046627,TComDataCU::getPUAboveLeft,[201]
,,0.046627,0.0,  TComDataCU::CUIsFromSameSliceAndTile,[230]
,,,,,
,,0.342250,0.0,  TEncSearch::xMotionEstimation,[14]
[202],0.02,0.342250,0.0,floor,[202]
,,,,,
,,0.062207,0.0,  TEncSbac::codeIntraDirLumaAng,[161]
,,0.139919,0.0,  TEncSbac::xWriteCoefRemainExGolomb,[162]
,,0.139946,0.0,  TEncSbac::codeCoeffNxN,[59]
[203],0.02,0.342072,0.0,TEncBinCABACCounter::encodeBinsEP,[203]
,,,,,
,,0.326802,0.0,  TComPrediction::predIntraAng,[84]
[204],0.02,0.326802,0.0,TComPrediction::xPredIntraPlanar,[204]
,,,,,
,,0.046692,0.280068,  TEncCu::xCompressCU <cycle 13>,[11]
[205],0.02,0.046692,0.280068,TComYuv::copyFromPicComponent,[205]
,,0.280068,0.0,  memcpy,[54]
,,,,,
,,0.155432,0.0,  TEncCu::xCheckRDCostMerge2Nx2N,[25]
,,0.171181,0.0,  TEncSearch::predInterSearch,[13]
[206],0.02,0.326613,0.0,TComDataCU::getNumPartitions,[206]
,,,,,
,,0.014355,0.301964,  readPlane,[198]
[207],0.02,0.014355,0.301964,"std::basic_istream<char,struct std::char_traits<char> >::read",[207]
,,0.0,0.301964,  fgetc,[212]
,,,,,
,,0.046707,0.264544,  TEncSearch::estIntraPredChromaQT,[71]
[208],0.02,0.046707,0.264544,<cycle 7 as a whole>,[208]
,,0.046707,0.264544,  TEncSearch::xSetIntraResultChromaQT <cycle 7>,[209]
,,,,,
,,,,  TEncSearch::xSetIntraResultChromaQT <cycle 7>,[209]
,,0.046707,0.264544,  TEncSearch::estIntraPredChromaQT,[71]
[209],0.02,0.046707,0.264544,TEncSearch::xSetIntraResultChromaQT <cycle 7>,[209]
,,0.124531,0.0,  memcpy,[54]
,,0.046731,0.0,  TComYuv::getAddr,[130]
,,0.046584,0.0,  TComYuv::getAddr,[100]
,,0.031100,0.0,  TComTURecurse::nextSection,[105]
,,0.015598,0.0,  _security_check_cookie,[111]
,,,,  TEncSearch::xSetIntraResultChromaQT <cycle 7>,[209]
,,,,,
,,0.301964,0.0,  read_nolock,[214]
[210],0.02,0.301964,0.0,ReadFile,[210]
,,,,,
,,0.0,0.301964,  fgetc,[212]
[211],0.02,0.0,0.301964,common_refill_and_read_nolock<char>,[211]
,,0.0,0.301964,  read,[213]
,,,,,
,,0.0,0.301964,"  std::basic_istream<char,struct std::char_traits<char> >::read",[207]
[212],0.02,0.0,0.301964,fgetc,[212]
,,0.0,0.301964,  common_refill_and_read_nolock<char>,[211]
,,,,,
,,0.0,0.301964,  common_refill_and_read_nolock<char>,[211]
[213],0.02,0.0,0.301964,read,[213]
,,0.0,0.301964,  read_nolock,[214]
,,,,,
,,0.0,0.301964,  read,[213]
[214],0.02,0.0,0.301964,read_nolock,[214]
,,0.301964,0.0,  ReadFile,[210]
,,,,,
,,0.295445,0.0,  TComDataCU::getInterMergeCandidates,[117]
[215],0.02,0.295445,0.0,TComDataCU::hasEqualMotion,[215]
,,,,,
,,0.295373,0.0,  TComInterpolationFilter::filterVer,[51]
[216],0.02,0.295373,0.0,"TComInterpolationFilter::filter<4,1,1,1>",[216]
,,,,,
,,0.170989,0.124351,  TEncSbac::codeCoeffNxN,[59]
[217],0.02,0.170989,0.124351,TEncSbac::codeTransformSkipFlags,[217]
,,0.124351,0.0,  TEncBinCABACCounter::encodeBin,[89]
,,,,,
,,0.031066,0.093300,  TEncSlice::compressSlice,[8]
,,0.062365,0.077711,  TEncCu::compressCtu,[9]
[218],0.02,0.093431,0.171011,TComDataCU::initCtu,[218]
,,0.171011,0.0,  memset,[45]
,,,,,
,,0.062246,0.202034,  TEncSearch::xRecurIntraCodingLumaQT <cycle 12>,[47]
[219],0.02,0.062246,0.202034,TEncSearch::xLoadIntraResultQT,[219]
,,0.046743,0.0,  memcpy,[54]
,,0.030989,0.0,  TComYuv::getAddr,[100]
,,0.015562,0.108739,  TComYuv::copyPartToPartComponent,[82]
,,,,,
,,0.264226,0.0,  xITrMxN,[67]
[220],0.02,0.264226,0.0,fastInverseDst,[220]
,,,,,
,,0.248907,0.0,  TEncSbac::codeIntraDirLumaAng,[161]
[221],0.02,0.248907,0.0,TComDataCU::getIntraDirPredictor,[221]
,,,,,
,,0.248740,0.0,  TEncSearch::xGetTemplateCost,[42]
[222],0.02,0.248740,0.0,TComRdCost::xGetSAD,[222]
,,,,,
,,0.233282,0.0,  TComTrQuant::invTransformNxN,[62]
[223],0.02,0.233282,0.0,TComTrQuant::xITransformSkip,[223]
,,,,,
,,0.217946,0.0,  TComDataCU::getInterMergeCandidates,[117]
[224],0.01,0.217946,0.0,TComDataCU::deriveLeftRightTopIdxGeneral,[224]
,,,,,
,,0.217730,0.0,  TComTrQuant::invTransformNxN,[62]
[225],0.01,0.217730,0.0,TComTrQuant::invRdpcmNxN,[225]
,,,,,
,,0.046726,0.170901,  TComLoopFilter::loopFilterPic,[227]
[226],0.01,0.046726,0.170901,<cycle 3 as a whole>,[226]
,,0.046726,0.170901,  TComLoopFilter::xDeblockCU <cycle 3>,[228]
,,,,,
,,0.0,0.217627,  TEncGOP::compressGOP,[7]
[227],0.01,0.0,0.217627,TComLoopFilter::loopFilterPic,[227]
,,0.046726,0.170901,  TComLoopFilter::xDeblockCU <cycle 3>,[228]
,,,,,
,,,,  TComLoopFilter::xDeblockCU <cycle 3>,[228]
,,0.046726,0.170901,  TComLoopFilter::loopFilterPic,[227]
[228],0.01,0.046726,0.170901,TComLoopFilter::xDeblockCU <cycle 3>,[228]
,,0.046651,0.0,  TComLoopFilter::xSetEdgefilterTU,[272]
,,0.031019,0.062186,  TComLoopFilter::xEdgeFilterLuma,[253]
,,0.015588,0.0,  TComLoopFilter::xSetEdgefilterPU,[295]
,,0.015458,0.0,  TComLoopFilter::xEdgeFilterChroma,[301]
,,,,  TComLoopFilter::xDeblockCU <cycle 3>,[228]
,,,,,
,,0.0,0.062302,  TEncGOP::compressGOP,[7]
,,0.0,0.077522,  TEncTop::encode,[6]
,,0.015480,0.062196,  TEncSampleAdaptiveOffset::SAOProcess,[144]
[229],0.01,0.015480,0.202020,TComPicYuv::copyToPic,[229]
,,0.202020,0.0,  memcpy,[54]
,,,,,
,,0.046627,0.0,  TComDataCU::getPUAboveLeft,[201]
,,0.062174,0.0,  TComDataCU::getPUBelowLeft,[137]
,,0.093374,0.0,  TComDataCU::getPUAboveRight,[154]
[230],0.01,0.202175,0.0,TComDataCU::CUIsFromSameSliceAndTile,[230]
,,,,,
,,,,  TEncSearch::xSetIntraResultLumaQT <cycle 11>,[231]
,,0.031062,0.170785,  TEncSearch::estIntraPredLumaQT,[44]
[231],0.01,0.031062,0.170785,TEncSearch::xSetIntraResultLumaQT <cycle 11>,[231]
,,0.139656,0.0,  memcpy,[54]
,,0.015586,0.0,  TComYuv::getAddr,[130]
,,0.015543,0.0,  TComTURecurse::nextSection,[105]
,,,,  TEncSearch::xSetIntraResultLumaQT <cycle 11>,[231]
,,,,,
,,0.031062,0.170785,  TEncSearch::estIntraPredLumaQT,[44]
[232],0.01,0.031062,0.170785,<cycle 11 as a whole>,[232]
,,0.031062,0.170785,  TEncSearch::xSetIntraResultLumaQT <cycle 11>,[231]
,,,,,
,,0.171241,0.0,  TEncSearch::xMotionEstimation,[14]
[233],0.01,0.171241,0.0,TEncSearch::setWpScalingDistParam,[233]
,,,,,
,,0.046673,0.124536,  TEncSearch::xRecurIntraCodingLumaQT <cycle 12>,[47]
[234],0.01,0.046673,0.124536,TEncSearch::xStoreIntraResultQT,[234]
,,0.062332,0.0,  memcpy,[54]
,,0.0,0.062204,  TComYuv::copyPartToPartComponent,[82]
,,,,,
,,0.031118,0.0,  TEncSearch::xEncodeInterResidualQT <cycle 5>,[73]
,,0.046594,0.0,  TEncEntropy::xEncodeTransform <cycle 2>,[114]
,,0.093395,0.0,  TEncSearch::xEstimateInterResidualQT <cycle 6>,[19]
[235],0.01,0.171107,0.0,TEncSbac::codeTransformSubdivFlag,[235]
,,,,,
,,0.171071,0.0,  TEncSearch::xEstimateInterResidualQT <cycle 6>,[19]
[236],0.01,0.171071,0.0,TComDataCU::isLosslessCoded,[236]
,,,,,
,,0.046647,0.0,  TEncEntropy::xEncodeTransform <cycle 2>,[114]
,,0.124377,0.0,  TEncSearch::xEstimateInterResidualQT <cycle 6>,[19]
[237],0.01,0.171024,0.0,TEncSbac::codeCrossComponentPrediction,[237]
,,,,,
,,0.0,0.155924,  TEncSampleAdaptiveOffset::SAOProcess,[144]
[238],0.01,0.0,0.155924,TEncSampleAdaptiveOffset::decideBlkParams,[238]
,,0.0,0.093513,  TComSampleAdaptiveOffset::offsetCTU,[247]
,,0.0,0.062412,  TEncSampleAdaptiveOffset::deriveModeNewRDO,[258]
,,,,,
,,0.015567,0.0,  TEncCu::xCheckRDCostIntra,[36]
,,0.015589,0.015598,  TEncSearch::xEncIntraHeader,[183]
,,0.046739,0.046612,  TEncSearch::xAddSymbolBitsInter,[103]
[239],0.01,0.077894,0.062210,TEncSbac::codePartSize,[239]
,,0.062210,0.0,  TEncBinCABACCounter::encodeBin,[89]
,,,,,
,,0.015563,0.0,  TEncSearch::encodeResAndCalcRdInterCU,[15]
,,0.093427,0.031061,  TEncEntropy::encodePUWise,[172]
[240],0.01,0.108991,0.031061,TEncSbac::codeMergeIndex,[240]
,,0.015591,0.0,  TEncBinCABACCounter::encodeBin,[89]
,,0.015470,0.0,  TEncBinCABACCounter::encodeBinEP,[273]
,,,,,
,,0.124316,0.0,  TEncSearch::estIntraPredLumaQT,[44]
[241],0.01,0.124316,0.0,TEncSearch::xUpdateCandList,[241]
,,,,,
,,0.109016,0.0,  TComPrediction::initIntraPatternChType,[124]
[242],0.01,0.109016,0.0,isLeftAvailable,[242]
,,,,,
,,0.046739,0.062260,  TEncCu::xCheckRDCostMerge2Nx2N,[25]
[243],0.01,0.046739,0.062260,TEncCu::xCheckBestMode,[243]
,,0.046678,0.0,  memcpy,[54]
,,0.015582,0.0,  TEncBinCABAC::copyState,[125]
,,,,,
,,0.108877,0.0,  TComDataCU::getInterMergeCandidates,[117]
[244],0.01,0.108877,0.0,TComDataCU::getPartPosition,[244]
,,,,,
,,0.108862,0.0,  TComPrediction::initIntraPatternChType,[124]
[245],0.01,0.108862,0.0,isAboveAvailable,[245]
,,,,,
,,0.0,0.108831,  TEncCu::xCompressCU <cycle 13>,[11]
[246],0.01,0.0,0.108831,TEncSbac::codeSplitFlag,[246]
,,0.062131,0.0,  TComDataCU::getCtxSplitFlag,[265]
,,0.046700,0.0,  TEncBinCABACCounter::encodeBin,[89]
,,,,,
,,0.0,0.093513,  TEncSampleAdaptiveOffset::decideBlkParams,[238]
[247],0.01,0.0,0.093513,TComSampleAdaptiveOffset::offsetCTU,[247]
,,0.077976,0.0,  TComSampleAdaptiveOffset::offsetBlock,[254]
,,0.015537,0.0,  TComPicSym::deriveLoopFilterBoundaryAvailibility,[297]
,,,,,
,,0.0,0.031094,  TEncSlice::compressSlice,[8]
,,0.0,0.062325,  TEncSlice::encodeSlice,[261]
[248],0.01,0.0,0.093419,<cycle 1 as a whole>,[248]
,,0.0,0.093419,  TEncCu::xEncodeCU <cycle 1>,[249]
,,,,,
,,,,  TEncCu::xEncodeCU <cycle 1>,[249]
,,0.0,0.031094,  TEncSlice::compressSlice,[8]
,,0.0,0.062325,  TEncSlice::encodeSlice,[261]
[249],0.01,0.0,0.093419,TEncCu::xEncodeCU <cycle 1>,[249]
,,0.015550,0.077869,  TEncEntropy::encodeCoeff,[250]
,,,,  TEncCu::xEncodeCU <cycle 1>,[249]
,,,,,
,,0.015550,0.077869,  TEncCu::xEncodeCU <cycle 1>,[249]
[250],0.01,0.015550,0.077869,TEncEntropy::encodeCoeff,[250]
,,0.0,0.077869,  TEncEntropy::xEncodeTransform <cycle 2>,[114]
,,,,,
,,0.093347,0.0,  TEncSearch::predInterSearch,[13]
[251],0.01,0.093347,0.0,TEncSearch::xGetBlkBits,[251]
,,,,,
,,0.093266,0.0,  TComDataCU::getInterMergeCandidates,[117]
[252],0.01,0.093266,0.0,TComDataCU::deriveLeftBottomIdxGeneral,[252]
,,,,,
,,0.031019,0.062186,  TComLoopFilter::xDeblockCU <cycle 3>,[228]
[253],0.01,0.031019,0.062186,TComLoopFilter::xEdgeFilterLuma,[253]
,,0.062186,0.0,  TComLoopFilter::xPelFilterLuma,[264]
,,,,,
,,0.077976,0.0,  TComSampleAdaptiveOffset::offsetCTU,[247]
[254],0.01,0.077976,0.0,TComSampleAdaptiveOffset::offsetBlock,[254]
,,,,,
,,0.077897,0.0,  TEncSearch::encodeResAndCalcRdInterCU,[15]
[255],0.01,0.077897,0.0,TComRdCost::calcRdCost,[255]
,,,,,
,,0.077859,0.0,  TComPrediction::xPredIntraAng,[93]
[256],0.01,0.077859,0.0,TComPrediction::predIntraGetPredValDC,[256]
,,,,,
,,0.046655,0.031074,  TEncEntropy::encodePUWise,[172]
[257],0.01,0.046655,0.031074,TEncSbac::codeMvd,[257]
,,0.015582,0.0,  TEncBinCABACCounter::encodeBin,[89]
,,0.015492,0.0,  TEncBinCABACCounter::encodeBinEP,[273]
,,,,,
,,0.0,0.062412,  TEncSampleAdaptiveOffset::decideBlkParams,[238]
[258],0.0,0.0,0.062412,TEncSampleAdaptiveOffset::deriveModeNewRDO,[258]
,,0.031209,0.0,  TEncSampleAdaptiveOffset::deriveOffsets,[274]
,,0.031203,0.0,  memcpy,[54]
,,,,,
,,0.062327,0.0,  TEncGOP::xCalculateAddPSNRs,[260]
[259],0.0,0.062327,0.0,TEncGOP::xCalculateAddPSNR,[259]
,,,,,
,,0.0,0.062327,  TEncGOP::compressGOP,[7]
[260],0.0,0.0,0.062327,TEncGOP::xCalculateAddPSNRs,[260]
,,0.062327,0.0,  TEncGOP::xCalculateAddPSNR,[259]
,,,,,
,,0.0,0.062325,  TEncGOP::compressGOP,[7]
[261],0.0,0.0,0.062325,TEncSlice::encodeSlice,[261]
,,0.0,0.062325,  TEncCu::xEncodeCU <cycle 1>,[249]
,,,,,
,,0.031153,0.0,  TEncSampleAdaptiveOffset::SAOProcess,[144]
,,0.031157,0.0,  TComSlice::setRefPicList,[276]
[262],0.0,0.062310,0.0,TComPicYuv::extendPicBorder,[262]
,,,,,
,,0.062306,0.0,  TEncEntropy::encodePUWise,[172]
[263],0.0,0.062306,0.0,TEncSbac::codeRefFrmIdx,[263]
,,,,,
,,0.062186,0.0,  TComLoopFilter::xEdgeFilterLuma,[253]
[264],0.0,0.062186,0.0,TComLoopFilter::xPelFilterLuma,[264]
,,,,,
,,0.062131,0.0,  TEncSbac::codeSplitFlag,[246]
[265],0.0,0.062131,0.0,TComDataCU::getCtxSplitFlag,[265]
,,,,,
,,0.0,0.046780,  TEncCu::compressCtu,[9]
[266],0.0,0.0,0.046780,[Unknown stack frame(s)],[266]
,,0.046780,0.0,  TEncSbac::resetBits,[140]
,,,,,
,,0.046780,0.0,  TComPic::compressMotion,[268]
[267],0.0,0.046780,0.0,TComCUMvField::compress,[267]
,,,,,
,,0.0,0.046780,  TEncGOP::compressGOP,[7]
[268],0.0,0.0,0.046780,TComPic::compressMotion,[268]
,,0.046780,0.0,  TComCUMvField::compress,[267]
,,,,,
,,0.015546,0.0,  TEncCu::xCheckRDCostMerge2Nx2N,[25]
,,0.031171,0.0,  TEncCu::xCheckRDCostInter,[12]
[269],0.0,0.046717,0.0,TEncCu::xCheckDQP,[269]
,,,,,
,,0.046715,0.0,  TEncSbac::codeCoeffNxN,[59]
[270],0.0,0.046715,0.0,TEncBinCABAC::encodeBin,[270]
,,,,,
,,0.015547,0.031167,  TEncEntropy::encodePUWise,[172]
[271],0.0,0.015547,0.031167,TEncSbac::codeMVPIdx,[271]
,,0.015583,0.015584,  TEncSbac::xWriteUnaryMaxSymbol,[275]
,,,,,
,,0.046651,0.0,  TComLoopFilter::xDeblockCU <cycle 3>,[228]
[272],0.0,0.046651,0.0,TComLoopFilter::xSetEdgefilterTU,[272]
,,,,,
,,0.015470,0.0,  TEncSbac::codeMergeIndex,[240]
,,0.015492,0.0,  TEncSbac::codeMvd,[257]
,,0.015612,0.0,  TEncSbac::codeLastSignificantXY,[139]
[273],0.0,0.046574,0.0,TEncBinCABACCounter::encodeBinEP,[273]
,,,,,
,,0.031209,0.0,  TEncSampleAdaptiveOffset::deriveModeNewRDO,[258]
[274],0.0,0.031209,0.0,TEncSampleAdaptiveOffset::deriveOffsets,[274]
,,,,,
,,0.015583,0.015584,  TEncSbac::codeMVPIdx,[271]
[275],0.0,0.015583,0.015584,TEncSbac::xWriteUnaryMaxSymbol,[275]
,,0.015584,0.0,  TEncBinCABACCounter::encodeBin,[89]
,,,,,
,,0.0,0.031157,  TEncGOP::compressGOP,[7]
[276],0.0,0.0,0.031157,TComSlice::setRefPicList,[276]
,,0.031157,0.0,  TComPicYuv::extendPicBorder,[262]
,,,,,
,,0.031149,0.0,  TEncCu::xCompressCU <cycle 13>,[11]
[277],0.0,0.031149,0.0,std::_Deque_iterator<class std::_Deque_val<struct std::_Deque_simple_types<class TComSlice *> > >::operator+,[277]
,,,,,
,,0.031147,0.0,  TEncSearch::xAddSymbolBitsInter,[103]
[278],0.0,0.031147,0.0,TEncSbac::codeQtRootCbf,[278]
,,,,,
,,0.015552,0.015594,  TEncEntropy::encodePUWise,[172]
[279],0.0,0.015552,0.015594,TEncSbac::codeInterDir,[279]
,,0.015594,0.0,  TEncBinCABACCounter::encodeBin,[89]
,,,,,
,,0.031095,0.0,  TEncSearch::encodeResAndCalcRdInterCU,[15]
[280],0.0,0.031095,0.0,TEncSbac::codeQtRootCbfZero,[280]
,,,,,
,,0.031080,0.0,  TComPrediction::predIntraAng,[84]
[281],0.0,0.031080,0.0,TComPrediction::xDCPredFiltering,[281]
,,,,,
,,0.031067,0.0,  free_base,[287]
[282],0.0,0.031067,0.0,RtlFreeHeap,[282]
,,,,,
,,0.0,0.031067,  TComPicSym::destroy,[285]
[283],0.0,0.0,0.031067,TComDataCU::destroy,[283]
,,0.0,0.031067,  aligned_free,[286]
,,,,,
,,0.0,0.031067,  TAppEncTop::encode,[3]
[284],0.0,0.0,0.031067,TComPic::destroy,[284]
,,0.0,0.031067,  TComPicSym::destroy,[285]
,,,,,
,,0.0,0.031067,  TComPic::destroy,[284]
[285],0.0,0.0,0.031067,TComPicSym::destroy,[285]
,,0.0,0.031067,  TComDataCU::destroy,[283]
,,,,,
,,0.0,0.031067,  TComDataCU::destroy,[283]
[286],0.0,0.0,0.031067,aligned_free,[286]
,,0.0,0.031067,  free_base,[287]
,,,,,
,,0.0,0.031067,  aligned_free,[286]
[287],0.0,0.0,0.031067,free_base,[287]
,,0.031067,0.0,  RtlFreeHeap,[282]
,,,,,
,,0.024817,0.0,  malloc_base,[294]
[288],0.0,0.024817,0.0,RtlAllocateHeap,[288]
,,,,,
,,0.0,0.024817,  TComPicSym::create,[291]
[289],0.0,0.0,0.024817,TComDataCU::create,[289]
,,0.0,0.024817,  aligned_offset_malloc_base,[293]
,,,,,
,,0.0,0.024817,  TEncTop::xGetNewPicBuffer,[292]
[290],0.0,0.0,0.024817,TComPic::create,[290]
,,0.0,0.024817,  TComPicSym::create,[291]
,,,,,
,,0.0,0.024817,  TComPic::create,[290]
[291],0.0,0.0,0.024817,TComPicSym::create,[291]
,,0.0,0.024817,  TComDataCU::create,[289]
,,,,,
,,0.0,0.024817,  TEncTop::encode,[6]
[292],0.0,0.0,0.024817,TEncTop::xGetNewPicBuffer,[292]
,,0.0,0.024817,  TComPic::create,[290]
,,,,,
,,0.0,0.024817,  TComDataCU::create,[289]
[293],0.0,0.0,0.024817,aligned_offset_malloc_base,[293]
,,0.0,0.024817,  malloc_base,[294]
,,,,,
,,0.0,0.024817,  aligned_offset_malloc_base,[293]
[294],0.0,0.0,0.024817,malloc_base,[294]
,,0.024817,0.0,  RtlAllocateHeap,[288]
,,,,,
,,0.015588,0.0,  TComLoopFilter::xDeblockCU <cycle 3>,[228]
[295],0.0,0.015588,0.0,TComLoopFilter::xSetEdgefilterPU,[295]
,,,,,
,,0.0,0.015584,  TEncSearch::xEncIntraHeader,[183]
[296],0.0,0.0,0.015584,TEncSbac::codeIntraDirChroma,[296]
,,0.015584,0.0,  TEncBinCABACCounter::encodeBin,[89]
,,,,,
,,0.015537,0.0,  TComSampleAdaptiveOffset::offsetCTU,[247]
[297],0.0,0.015537,0.0,TComPicSym::deriveLoopFilterBoundaryAvailibility,[297]
,,,,,
,,0.015534,0.0,  TEncCu::xCompressCU <cycle 13>,[11]
[298],0.0,0.015534,0.0,"std::deque<class TComSlice *,class std::allocator<class TComSlice *> >::begin",[298]
,,,,,
,,0.015528,0.0,  TEncEntropy::encodePUWise,[172]
[299],0.0,0.015528,0.0,TEncSbac::codeMergeFlag,[299]
,,,,,
,,0.015482,0.0,  TEncSearch::xAddSymbolBitsInter,[103]
[300],0.0,0.015482,0.0,TEncSbac::codePredMode,[300]
,,,,,
,,0.015458,0.0,  TComLoopFilter::xDeblockCU <cycle 3>,[228]
[301],0.0,0.015458,0.0,TComLoopFilter::xEdgeFilterChroma,[301]
,,,,,
,,0.011531,0.0,  close_nolock,[305]
[302],0.0,0.011531,0.0,CloseHandle,[302]
,,,,,
,,0.0,0.011531,  close,[304]
[303],0.0,0.0,0.011531,"__crt_seh_guarded_call<int>::operator()<class <lambda_751a882b2c74d4b022dec766aa51a29a>,class <lambda_628dfdc04ba53c8bfc02c9951375f3f5> &,class <lambda_f6c7be5f7998530c34de24c7437d6b54> >",[303]
,,0.0,0.011531,  close_nolock,[305]
,,,,,
,,0.0,0.011531,  fclose_nolock,[307]
[304],0.0,0.0,0.011531,close,[304]
,,0.0,0.011531,"  __crt_seh_guarded_call<int>::operator()<class <lambda_751a882b2c74d4b022dec766aa51a29a>,class <lambda_628dfdc04ba53c8bfc02c9951375f3f5> &,class <lambda_f6c7be5f7998530c34de24c7437d6b54> >",[303]
,,,,,
,,0.0,0.011531,"  __crt_seh_guarded_call<int>::operator()<class <lambda_751a882b2c74d4b022dec766aa51a29a>,class <lambda_628dfdc04ba53c8bfc02c9951375f3f5> &,class <lambda_f6c7be5f7998530c34de24c7437d6b54> >",[303]
[305],0.0,0.0,0.011531,close_nolock,[305]
,,0.011531,0.0,  CloseHandle,[302]
,,,,,
,,0.0,0.011531,"  std::basic_fstream<char,struct std::char_traits<char> >::~basic_fstream<char,struct std::char_traits<char> >",[308]
[306],0.0,0.0,0.011531,fclose,[306]
,,0.0,0.011531,  fclose_nolock,[307]
,,,,,
,,0.0,0.011531,  fclose,[306]
[307],0.0,0.0,0.011531,fclose_nolock,[307]
,,0.0,0.011531,  close,[304]
,,,,,
,,0.0,0.011531,  TAppEncTop::encode,[3]
[308],0.0,0.0,0.011531,"std::basic_fstream<char,struct std::char_traits<char> >::~basic_fstream<char,struct std::char_traits<char> >",[308]
,,0.0,0.011531,  fclose,[306]
,,,,,


Index by function name

Index,Function
[1],BaseThreadInitThunk
[302],CloseHandle
[116],QpParam::QpParam
[210],ReadFile
[288],RtlAllocateHeap
[282],RtlFreeHeap
[2],RtlUserThreadStart
[3],TAppEncTop::encode
[165],TComBitCounter::getNumberOfWrittenBits
[190],TComBitCounter::resetBits
[267],TComCUMvField::compress
[135],TComCUMvField::setAll<class TComMv>
[147],TComCUMvField::setAll<signed char>
[230],TComDataCU::CUIsFromSameSliceAndTile
[163],TComDataCU::copyPartFrom
[166],TComDataCU::copyToPic
[289],TComDataCU::create
[189],TComDataCU::deriveLeftBottomIdx
[252],TComDataCU::deriveLeftBottomIdxGeneral
[157],TComDataCU::deriveLeftRightTopIdx
[224],TComDataCU::deriveLeftRightTopIdxGeneral
[200],TComDataCU::deriveRightBottomIdx
[283],TComDataCU::destroy
[64],TComDataCU::fillMvpCand
[155],TComDataCU::getCoefScanIdx
[191],TComDataCU::getCtxSkipFlag
[265],TComDataCU::getCtxSplitFlag
[117],TComDataCU::getInterMergeCandidates
[221],TComDataCU::getIntraDirPredictor
[206],TComDataCU::getNumPartitions
[201],TComDataCU::getPUAboveLeft
[154],TComDataCU::getPUAboveRight
[137],TComDataCU::getPUBelowLeft
[195],TComDataCU::getPULeft
[136],TComDataCU::getPartIndexAndSize
[244],TComDataCU::getPartPosition
[160],TComDataCU::getQuadtreeTULog2MinSizeInCU
[215],TComDataCU::hasEqualMotion
[218],TComDataCU::initCtu
[83],TComDataCU::initEstData
[158],TComDataCU::initSubCU
[236],TComDataCU::isLosslessCoded
[196],TComDataCU::setSubPart<bool>
[129],TComDataCU::setSubPart<signed char>
[182],TComDataCU::setSubPart<unsigned char>
[85],TComDataCU::xAddMVPCandUnscaled
[133],TComDataCU::xAddMVPCandWithScaling
[109],TComDataCU::xGetColMVP
[164],TComDataCU::xGetDistScaleFactor
[81],"TComInterpolationFilter::filter<4,0,1,0>"
[184],"TComInterpolationFilter::filter<4,0,1,1>"
[122],"TComInterpolationFilter::filter<4,1,0,0>"
[150],"TComInterpolationFilter::filter<4,1,0,1>"
[168],"TComInterpolationFilter::filter<4,1,1,0>"
[216],"TComInterpolationFilter::filter<4,1,1,1>"
[28],"TComInterpolationFilter::filter<8,0,1,0>"
[97],"TComInterpolationFilter::filter<8,0,1,1>"
[80],"TComInterpolationFilter::filter<8,1,0,0>"
[21],"TComInterpolationFilter::filter<8,1,0,1>"
[112],"TComInterpolationFilter::filter<8,1,1,0>"
[88],"TComInterpolationFilter::filter<8,1,1,1>"
[35],TComInterpolationFilter::filterCopy
[41],TComInterpolationFilter::filterHor
[51],TComInterpolationFilter::filterVer
[227],TComLoopFilter::loopFilterPic
[228],TComLoopFilter::xDeblockCU
[301],TComLoopFilter::xEdgeFilterChroma
[253],TComLoopFilter::xEdgeFilterLuma
[264],TComLoopFilter::xPelFilterLuma
[295],TComLoopFilter::xSetEdgefilterPU
[272],TComLoopFilter::xSetEdgefilterTU
[268],TComPic::compressMotion
[290],TComPic::create
[284],TComPic::destroy
[291],TComPicSym::create
[297],TComPicSym::deriveLoopFilterBoundaryAvailibility
[285],TComPicSym::destroy
[229],TComPicYuv::copyToPic
[262],TComPicYuv::extendPicBorder
[124],TComPrediction::initIntraPatternChType
[37],TComPrediction::motionCompensation
[84],TComPrediction::predIntraAng
[256],TComPrediction::predIntraGetPredValDC
[145],TComPrediction::xCheckIdenticalMotion
[281],TComPrediction::xDCPredFiltering
[34],TComPrediction::xPredInterBi
[29],TComPrediction::xPredInterBlk
[38],TComPrediction::xPredInterUni
[93],TComPrediction::xPredIntraAng
[204],TComPrediction::xPredIntraPlanar
[255],TComRdCost::calcRdCost
[56],TComRdCost::getBitsOfVectorWithPredictor
[65],TComRdCost::getDistPart
[104],TComRdCost::setDistParam
[57],TComRdCost::xCalcHADs4x4
[20],TComRdCost::xCalcHADs8x8
[17],TComRdCost::xGetHADs
[222],TComRdCost::xGetSAD
[156],TComRdCost::xGetSAD12
[49],TComRdCost::xGetSAD16
[126],TComRdCost::xGetSAD24
[53],TComRdCost::xGetSAD32
[78],TComRdCost::xGetSAD4
[61],TComRdCost::xGetSAD64
[50],TComRdCost::xGetSAD8
[120],TComRdCost::xGetSSE16
[134],TComRdCost::xGetSSE32
[108],TComRdCost::xGetSSE4
[185],TComRdCost::xGetSSE64
[121],TComRdCost::xGetSSE8
[254],TComSampleAdaptiveOffset::offsetBlock
[247],TComSampleAdaptiveOffset::offsetCTU
[276],TComSlice::setRefPicList
[199],TComTU::TComTU
[123],TComTU::TComTU
[169],TComTU::getGolombRiceStatisticsIndex
[105],TComTURecurse::nextSection
[70],TComTrQuant::getSigCtxInc
[225],TComTrQuant::invRdpcmNxN
[62],TComTrQuant::invTransformNxN
[110],TComTrQuant::rdpcmNxN
[23],TComTrQuant::transformNxN
[91],TComTrQuant::xDeQuant
[68],TComTrQuant::xGetCodedLevel
[106],TComTrQuant::xGetICRate
[66],TComTrQuant::xIT
[223],TComTrQuant::xITransformSkip
[24],TComTrQuant::xQuant
[26],TComTrQuant::xRateDistOptQuant
[52],TComTrQuant::xT
[107],TComTrQuant::xTransformSkip
[69],TComYuv::addAvg
[99],TComYuv::addClip
[58],TComYuv::clear
[205],TComYuv::copyFromPicComponent
[82],TComYuv::copyPartToPartComponent
[194],TComYuv::copyPartToPartComponentMxN
[79],TComYuv::copyPartToPartYuv
[153],TComYuv::copyToPartComponent
[181],TComYuv::copyToPicComponent
[179],TComYuv::copyToPicYuv
[130],TComYuv::getAddr
[100],TComYuv::getAddr
[167],TComYuv::getStride
[101],TComYuv::removeHighFreq
[132],TComYuv::subtract
[125],TEncBinCABAC::copyState
[270],TEncBinCABAC::encodeBin
[170],TEncBinCABAC::getTEncBinCABAC
[171],TEncBinCABAC::resetBits
[89],TEncBinCABACCounter::encodeBin
[273],TEncBinCABACCounter::encodeBinEP
[203],TEncBinCABACCounter::encodeBinsEP
[143],TEncBinCABACCounter::getNumWrittenBits
[9],TEncCu::compressCtu
[243],TEncCu::xCheckBestMode
[269],TEncCu::xCheckDQP
[12],TEncCu::xCheckRDCostInter
[36],TEncCu::xCheckRDCostIntra
[25],TEncCu::xCheckRDCostMerge2Nx2N
[11],TEncCu::xCompressCU
[187],TEncCu::xCopyYuv2Pic
[174],TEncCu::xCopyYuv2Tmp
[249],TEncCu::xEncodeCU
[250],TEncEntropy::encodeCoeff
[60],TEncEntropy::encodeCoeffNxN
[172],TEncEntropy::encodePUWise
[173],TEncEntropy::encodePredInfo
[114],TEncEntropy::xEncodeTransform
[7],TEncGOP::compressGOP
[259],TEncGOP::xCalculateAddPSNR
[260],TEncGOP::xCalculateAddPSNRs
[144],TEncSampleAdaptiveOffset::SAOProcess
[238],TEncSampleAdaptiveOffset::decideBlkParams
[258],TEncSampleAdaptiveOffset::deriveModeNewRDO
[274],TEncSampleAdaptiveOffset::deriveOffsets
[152],TEncSampleAdaptiveOffset::getBlkStats
[148],TEncSampleAdaptiveOffset::getStatistics
[59],TEncSbac::codeCoeffNxN
[237],TEncSbac::codeCrossComponentPrediction
[279],TEncSbac::codeInterDir
[296],TEncSbac::codeIntraDirChroma
[161],TEncSbac::codeIntraDirLumaAng
[139],TEncSbac::codeLastSignificantXY
[271],TEncSbac::codeMVPIdx
[299],TEncSbac::codeMergeFlag
[240],TEncSbac::codeMergeIndex
[257],TEncSbac::codeMvd
[239],TEncSbac::codePartSize
[300],TEncSbac::codePredMode
[118],TEncSbac::codeQtCbf
[178],TEncSbac::codeQtCbfZero
[278],TEncSbac::codeQtRootCbf
[280],TEncSbac::codeQtRootCbfZero
[263],TEncSbac::codeRefFrmIdx
[186],TEncSbac::codeSkipFlag
[246],TEncSbac::codeSplitFlag
[217],TEncSbac::codeTransformSkipFlags
[235],TEncSbac::codeTransformSubdivFlag
[63],TEncSbac::estBit
[127],TEncSbac::estCBFBit
[96],TEncSbac::estLastSignificantPositionBit
[149],TEncSbac::estSignificantCoeffGroupMapBit
[113],TEncSbac::estSignificantCoefficientsBit
[90],TEncSbac::estSignificantMapBit
[193],TEncSbac::getNumberOfWrittenBits
[140],TEncSbac::resetBits
[162],TEncSbac::xWriteCoefRemainExGolomb
[275],TEncSbac::xWriteUnaryMaxSymbol
[15],TEncSearch::encodeResAndCalcRdInterCU
[71],TEncSearch::estIntraPredChromaQT
[44],TEncSearch::estIntraPredLumaQT
[13],TEncSearch::predInterSearch
[233],TEncSearch::setWpScalingDistParam
[103],TEncSearch::xAddSymbolBitsInter
[119],TEncSearch::xCheckBestMVP
[86],TEncSearch::xEncCoeffQT
[183],TEncSearch::xEncIntraHeader
[177],TEncSearch::xEncSubdivCbfQT
[73],TEncSearch::xEncodeInterResidualQT
[19],TEncSearch::xEstimateInterResidualQT
[30],TEncSearch::xEstimateMvPredAMVP
[27],TEncSearch::xExtDIFUpSamplingH
[22],TEncSearch::xExtDIFUpSamplingQ
[251],TEncSearch::xGetBlkBits
[40],TEncSearch::xGetInterPredictionError
[42],TEncSearch::xGetTemplateCost
[48],TEncSearch::xIntraCodingTUBlock
[219],TEncSearch::xLoadIntraResultQT
[43],TEncSearch::xMergeEstimation
[159],TEncSearch::xModeBitsIntra
[14],TEncSearch::xMotionEstimation
[16],TEncSearch::xPatternRefinement
[31],TEncSearch::xPatternSearch
[77],TEncSearch::xRecurIntraChromaCodingQT
[47],TEncSearch::xRecurIntraCodingLumaQT
[142],TEncSearch::xSetInterResidualQTData
[209],TEncSearch::xSetIntraResultChromaQT
[231],TEncSearch::xSetIntraResultLumaQT
[138],TEncSearch::xSetSearchRange
[234],TEncSearch::xStoreIntraResultQT
[188],TEncSearch::xTZ2PointSearch
[39],TEncSearch::xTZ8PointDiamondSearch
[32],TEncSearch::xTZSearch
[33],TEncSearch::xTZSearchHelp
[241],TEncSearch::xUpdateCandList
[8],TEncSlice::compressSlice
[261],TEncSlice::encodeSlice
[6],TEncTop::encode
[292],TEncTop::xGetNewPicBuffer
[197],TVideoIOYuv::read
[266],[Unknown stack frame(s)]
[303],"__crt_seh_guarded_call<int>::operator()<class <lambda_751a882b2c74d4b022dec766aa51a29a>,class <lambda_628dfdc04ba53c8bfc02c9951375f3f5> &,class <lambda_f6c7be5f7998530c34de24c7437d6b54> >"
[128],_chkstk
[4],_scrt_common_main_seh
[111],_security_check_cookie
[286],aligned_free
[293],aligned_offset_malloc_base
[304],close
[305],close_nolock
[211],common_refill_and_read_nolock<char>
[180],fastForwardDst
[220],fastInverseDst
[306],fclose
[307],fclose_nolock
[212],fgetc
[151],fillReferenceSamples
[202],floor
[287],free_base
[95],getTUEntropyCodingParameters
[245],isAboveAvailable
[242],isLeftAvailable
[5],main
[294],malloc_base
[54],memcpy
[45],memset
[75],partialButterfly16
[74],partialButterfly32
[102],partialButterfly4
[92],partialButterfly8
[98],partialButterflyInverse16
[94],partialButterflyInverse32
[175],partialButterflyInverse4
[131],partialButterflyInverse8
[213],read
[198],readPlane
[214],read_nolock
[146],std::_Deque_const_iterator<class std::_Deque_val<struct std::_Deque_simple_types<class TComSlice *> > >::operator+
[277],std::_Deque_iterator<class std::_Deque_val<struct std::_Deque_simple_types<class TComSlice *> > >::operator+
[308],"std::basic_fstream<char,struct std::char_traits<char> >::~basic_fstream<char,struct std::char_traits<char> >"
[207],"std::basic_istream<char,struct std::char_traits<char> >::read"
[192],"std::deque<class TComSlice *,class std::allocator<class TComSlice *> >::begin"
[298],"std::deque<class TComSlice *,class std::allocator<class TComSlice *> >::begin"
[67],xITrMxN
[55],xTrMxN
[248],<cycle 1>
[115],<cycle 2>
[226],<cycle 3>
[141],<cycle 4>
[72],<cycle 5>
[18],<cycle 6>
[208],<cycle 7>
[176],<cycle 8>
[87],<cycle 9>
[76],<cycle 10>
[232],<cycle 11>
[46],<cycle 12>
[10],<cycle 13>
