Index,% CPU Time:Total,CPU Time:Self,CPU Time:Children,Name,Index
,,0.0,8.853438,  RtlUserThreadStart,[2]
[1],100.0,0.0,8.853438,BaseThreadInitThunk,[1]
,,0.0,8.853438,  _scrt_common_main_seh,[4]
,,,,,
,,,,  <spontaneous>,
[2],100.0,0.0,8.853438,RtlUserThreadStart,[2]
,,0.0,8.853438,  BaseThreadInitThunk,[1]
,,,,,
,,0.0,8.853438,  main,[5]
[3],100.0,0.0,8.853438,TAppDecTop::decode,[3]
,,0.015541,0.0,  TComSlice::sortPicList,[164]
,,0.0,0.046657,  TAppDecTop::xFlushOutput,[119]
,,0.0,0.450881,  TAppDecTop::xWriteOutput,[45]
,,0.0,1.932717,  TDecGop::filterPicture,[15]
,,0.0,6.138619,  TDecTop::decode,[6]
,,0.0,0.256134,  byteStreamNALUnit,[65]
,,0.0,0.012889,"  std::basic_filebuf<char,struct std::char_traits<char> >::close",[185]
,,,,,
,,0.0,8.853438,  BaseThreadInitThunk,[1]
[4],100.0,0.0,8.853438,_scrt_common_main_seh,[4]
,,0.0,8.853438,  main,[5]
,,,,,
,,0.0,8.853438,  _scrt_common_main_seh,[4]
[5],100.0,0.0,8.853438,main,[5]
,,0.0,8.853438,  TAppDecTop::decode,[3]
,,,,,
,,0.0,6.138619,  TAppDecTop::decode,[3]
[6],69.34,0.0,6.138619,TDecTop::decode,[6]
,,0.0,6.138619,  TDecTop::xDecodeSlice,[7]
,,,,,
,,0.0,6.138619,  TDecTop::decode,[6]
[7],69.34,0.0,6.138619,TDecTop::xDecodeSlice,[7]
,,0.0,0.031148,  TComSlice::setRefPicList,[128]
,,0.0,5.313666,  TDecGop::decompressSlice,[8]
,,0.0,0.793806,  TDecTop::xActivateParameterSets,[27]
,,,,,
,,0.0,5.313666,  TDecTop::xDecodeSlice,[7]
[8],60.02,0.0,5.313666,TDecGop::decompressSlice,[8]
,,0.0,5.313666,  TDecSlice::decompressSlice,[9]
,,,,,
,,0.0,5.313666,  TDecGop::decompressSlice,[8]
[9],60.02,0.0,5.313666,TDecSlice::decompressSlice,[9]
,,0.062184,0.124246,  TComDataCU::initCtu,[84]
,,0.046599,1.367650,  TDecCu::xDecodeCU <cycle 4>,[18]
,,0.031006,3.666436,  TDecCu::xDecompressCU <cycle 7>,[11]
,,0.015545,0.0,  TDecSbac::resetEntropy,[162]
,,,,,
,,0.031006,3.666436,  TDecSlice::decompressSlice,[9]
[10],41.76,0.031006,3.666436,<cycle 7 as a whole>,[10]
,,0.031006,3.666436,  TDecCu::xDecompressCU <cycle 7>,[11]
,,,,,
,,,,  TDecCu::xDecompressCU <cycle 7>,[11]
,,0.031006,3.666436,  TDecSlice::decompressSlice,[9]
[11],41.76,0.031006,3.666436,TDecCu::xDecompressCU <cycle 7>,[11]
,,0.015521,0.0,  TComDataCU::copySubCU,[171]
,,0.0,0.217625,  TDecCu::xCopyToPic,[78]
,,,,  TDecCu::xDecompressCU <cycle 7>,[11]
,,0.0,2.749107,  TDecCu::xReconInter,[12]
,,0.0,0.684183,  TDecCu::xReconIntraQT,[30]
,,,,,
,,0.0,2.749107,  TDecCu::xDecompressCU <cycle 7>,[11]
[12],31.05,0.0,2.749107,TDecCu::xReconInter,[12]
,,0.062251,0.0,  TComYuv::addClip,[107]
,,0.015524,0.497410,  TDecCu::xDecodeInterTexture,[36]
,,0.0,2.158399,  TComPrediction::motionCompensation,[13]
,,0.0,0.015525,  TComYuv::copyPartToPartYuv,[139]
,,,,,
,,0.0,2.158399,  TDecCu::xReconInter,[12]
[13],24.38,0.0,2.158399,TComPrediction::motionCompensation,[13]
,,0.0,0.046670,  TComPrediction::xCheckIdenticalMotion,[118]
,,0.0,2.111729,  TComPrediction::xPredInterBi,[14]
,,,,,
,,0.0,2.111729,  TComPrediction::motionCompensation,[13]
[14],23.85,0.0,2.111729,TComPrediction::xPredInterBi,[14]
,,0.310871,0.031047,  TComYuv::addAvg,[54]
,,0.062163,1.692109,  TComPrediction::xPredInterUni,[16]
,,0.0,0.015539,  TComYuv::copyPartToPartYuv,[139]
,,,,,
,,0.0,1.932717,  TAppDecTop::decode,[3]
[15],21.83,0.0,1.932717,TDecGop::filterPicture,[15]
,,0.015583,0.465598,  TComSampleAdaptiveOffset::offsetCTU,[40]
,,0.0,1.063275,  TComLoopFilter::loopFilterPic,[22]
,,0.0,0.093277,  TComPic::compressMotion,[101]
,,0.0,0.279433,  TComPicYuv::copyToPic,[63]
,,0.0,0.015552,  printf,[160]
,,,,,
,,0.062163,1.692109,  TComPrediction::xPredInterBi,[14]
[16],19.81,0.062163,1.692109,TComPrediction::xPredInterUni,[16]
,,0.062193,1.629916,  TComPrediction::xPredInterBlk,[17]
,,,,,
,,0.062193,1.629916,  TComPrediction::xPredInterUni,[16]
[17],19.11,0.062193,1.629916,TComPrediction::xPredInterBlk,[17]
,,0.046641,0.0,  TComYuv::getAddr,[88]
,,0.031055,0.590047,  TComInterpolationFilter::filterVer,[34]
,,0.0,0.962171,  TComInterpolationFilter::filterHor,[23]
,,,,,
,,,,  TDecCu::xDecodeCU <cycle 4>,[18]
,,0.046599,1.367650,  TDecSlice::decompressSlice,[9]
[18],15.97,0.046599,1.367650,TDecCu::xDecodeCU <cycle 4>,[18]
,,0.031116,0.0,  TComCUMvField::setAll<class TComMv>,[99]
,,0.015563,0.0,  TDecSbac::parseSplitFlag,[151]
,,0.015560,0.031077,  TComDataCU::getInterMergeCandidates,[103]
,,0.015557,0.0,  TComDataCU::copyInterPredInfoFrom,[153]
,,0.015507,0.0,  TDecCu::xFinishDecodeCU,[174]
,,,,  TDecCu::xDecodeCU <cycle 4>,[18]
,,0.0,0.885828,  TDecEntropy::decodeCoeff,[24]
,,0.0,0.326428,  TDecEntropy::decodePredInfo,[55]
,,0.0,0.015496,  TDecSbac::parsePartSize,[175]
,,0.0,0.015517,  TDecSbac::parseSkipFlag,[173]
,,,,,
,,0.046599,1.367650,  TDecSlice::decompressSlice,[9]
[19],15.97,0.046599,1.367650,<cycle 4 as a whole>,[19]
,,0.046599,1.367650,  TDecCu::xDecodeCU <cycle 4>,[18]
,,,,,
,,,,  TComLoopFilter::xDeblockCU <cycle 1>,[20]
,,0.108735,0.954540,  TComLoopFilter::loopFilterPic,[22]
[20],12.01,0.108735,0.954540,TComLoopFilter::xDeblockCU <cycle 1>,[20]
,,0.276023,0.015523,  TComLoopFilter::xGetBoundaryStrengthSingle,[62]
,,0.233028,0.092916,  TComLoopFilter::xEdgeFilterLuma,[56]
,,0.155152,0.015572,  TComLoopFilter::xSetEdgefilterTU <cycle 2>,[86]
,,0.104065,0.0,  TComLoopFilter::xEdgeFilterChroma,[98]
,,0.031072,0.0,  TComTU::TComTU,[108]
,,0.015639,0.0,  TComLoopFilter::xSetLoopfilterParam,[144]
,,0.015550,0.0,  TComLoopFilter::xSetEdgefilterPU,[161]
,,,,  TComLoopFilter::xDeblockCU <cycle 1>,[20]
,,,,,
,,0.108735,0.954540,  TComLoopFilter::loopFilterPic,[22]
[21],12.01,0.108735,0.954540,<cycle 1 as a whole>,[21]
,,0.108735,0.954540,  TComLoopFilter::xDeblockCU <cycle 1>,[20]
,,,,,
,,0.0,1.063275,  TDecGop::filterPicture,[15]
[22],12.01,0.0,1.063275,TComLoopFilter::loopFilterPic,[22]
,,0.108735,0.954540,  TComLoopFilter::xDeblockCU <cycle 1>,[20]
,,,,,
,,0.0,0.962171,  TComPrediction::xPredInterBlk,[17]
[23],10.87,0.0,0.962171,TComInterpolationFilter::filterHor,[23]
,,0.388313,0.0,"  TComInterpolationFilter::filter<8,0,1,0>",[53]
,,0.310025,0.0,"  TComInterpolationFilter::filter<4,0,1,0>",[60]
,,0.232720,0.0,  TComInterpolationFilter::filterCopy,[70]
,,0.031112,0.0,"  TComInterpolationFilter::filter<4,0,1,1>",[131]
,,,,,
,,0.0,0.885828,  TDecCu::xDecodeCU <cycle 4>,[18]
[24],10.01,0.0,0.885828,TDecEntropy::decodeCoeff,[24]
,,0.046694,0.792482,  TDecEntropy::xDecodeTransform <cycle 3>,[26]
,,0.031088,0.0,  TComDataCU::getQuadtreeTULog2MinSizeInCU,[134]
,,0.015564,0.0,  TComTU::TComTU,[108]
,,,,,
,,0.046694,0.792482,  TDecEntropy::decodeCoeff,[24]
[25],9.48,0.046694,0.792482,<cycle 3 as a whole>,[25]
,,0.046694,0.792482,  TDecEntropy::xDecodeTransform <cycle 3>,[26]
,,,,,
,,,,  TDecEntropy::xDecodeTransform <cycle 3>,[26]
,,0.046694,0.792482,  TDecEntropy::decodeCoeff,[24]
[26],9.48,0.046694,0.792482,TDecEntropy::xDecodeTransform <cycle 3>,[26]
,,0.217370,0.528515,  TDecSbac::parseCoeffNxN,[29]
,,0.015572,0.0,  TDecSbac::parseQtCbf,[150]
,,0.015543,0.0,  _security_check_cookie,[136]
,,0.015482,0.0,  TDecBinCABAC::decodeBin,[66]
,,,,  TDecEntropy::xDecodeTransform <cycle 3>,[26]
,,,,,
,,0.0,0.793806,  TDecTop::xDecodeSlice,[7]
[27],8.97,0.0,0.793806,TDecTop::xActivateParameterSets,[27]
,,0.0,0.047183,  TComSampleAdaptiveOffset::create,[115]
,,0.0,0.746623,  TDecTop::xGetNewPicBuffer,[28]
,,,,,
,,0.0,0.746623,  TDecTop::xActivateParameterSets,[27]
[28],8.43,0.0,0.746623,TDecTop::xGetNewPicBuffer,[28]
,,0.0,0.310957,  TComPic::create,[58]
,,0.0,0.435666,  TComPic::destroy,[41]
,,,,,
,,0.217370,0.528515,  TDecEntropy::xDecodeTransform <cycle 3>,[26]
[29],8.42,0.217370,0.528515,TDecSbac::parseCoeffNxN,[29]
,,0.171114,0.0,  TDecBinCABAC::decodeBin,[66]
,,0.093223,0.031096,  TDecSbac::parseLastSignificantXY,[93]
,,0.077699,0.0,  TComTrQuant::getSigCtxInc,[106]
,,0.031040,0.0,  TDecBinCABAC::decodeBinsEP,[111]
,,0.015568,0.015597,  TDecSbac::xReadCoefRemainExGolomb,[126]
,,0.015513,0.062206,  getTUEntropyCodingParameters,[105]
,,0.015459,0.0,  memset,[80]
,,,,,
,,0.0,0.684183,  TDecCu::xDecompressCU <cycle 7>,[11]
[30],7.73,0.0,0.684183,TDecCu::xReconIntraQT,[30]
,,0.031117,0.0,  TComTU::TComTU,[116]
,,0.015580,0.0,  TComTU::TComTU,[108]
,,0.015555,0.0,  TComTURecurse::nextSection,[112]
,,0.0,0.621931,  TDecCu::xIntraRecQT <cycle 6>,[33]
,,,,,
,,0.015560,0.217673,  TDecCu::xIntraRecBlk,[35]
,,0.031168,0.404058,  TComTrQuant::invRecurTransformNxN <cycle 5>,[38]
[31],7.55,0.046727,0.621731,TComTrQuant::invTransformNxN,[31]
,,0.155392,0.0,  TComTrQuant::xDeQuant,[89]
,,0.031145,0.419615,  TComTrQuant::xIT,[46]
,,0.015578,0.0,  TComTrQuant::xITransformSkip,[148]
,,,,,
,,0.0,0.621931,  TDecCu::xReconIntraQT,[30]
[32],7.02,0.0,0.621931,<cycle 6 as a whole>,[32]
,,0.0,0.621931,  TDecCu::xIntraRecQT <cycle 6>,[33]
,,,,,
,,,,  TDecCu::xIntraRecQT <cycle 6>,[33]
,,0.0,0.621931,  TDecCu::xReconIntraQT,[30]
[33],7.02,0.0,0.621931,TDecCu::xIntraRecQT <cycle 6>,[33]
,,0.015593,0.590791,  TDecCu::xIntraRecBlk,[35]
,,0.015547,0.0,  TComTURecurse::nextSection,[112]
,,,,  TDecCu::xIntraRecQT <cycle 6>,[33]
,,,,,
,,0.031055,0.590047,  TComPrediction::xPredInterBlk,[17]
[34],7.02,0.031055,0.590047,TComInterpolationFilter::filterVer,[34]
,,0.217596,0.0,"  TComInterpolationFilter::filter<8,1,0,0>",[79]
,,0.217354,0.0,"  TComInterpolationFilter::filter<8,1,1,0>",[81]
,,0.062074,0.0,"  TComInterpolationFilter::filter<4,1,1,0>",[113]
,,0.031054,0.0,"  TComInterpolationFilter::filter<4,1,0,0>",[140]
,,0.030987,0.0,"  TComInterpolationFilter::filter<8,1,1,1>",[143]
,,0.015523,0.0,"  TComInterpolationFilter::filter<8,1,0,1>",[169]
,,0.015458,0.0,"  TComInterpolationFilter::filter<4,1,0,1>",[177]
,,,,,
,,0.015593,0.590791,  TDecCu::xIntraRecQT <cycle 6>,[33]
[35],6.85,0.015593,0.590791,TDecCu::xIntraRecBlk,[35]
,,0.062201,0.0,  TComYuv::getAddr,[88]
,,0.031159,0.108890,  TComPrediction::initIntraPatternChType,[90]
,,0.031008,0.093287,  TComPrediction::predIntraAng,[94]
,,0.015560,0.217673,  TComTrQuant::invTransformNxN,[31]
,,0.015531,0.0,  QpParam::QpParam,[168]
,,0.015484,0.0,  TComPrediction::filteringIntraReferenceSamples,[176]
,,,,,
,,0.015524,0.497410,  TDecCu::xReconInter,[12]
[36],5.79,0.015524,0.497410,TDecCu::xDecodeInterTexture,[36]
,,0.031091,0.466319,  TComTrQuant::invRecurTransformNxN <cycle 5>,[38]
,,,,,
,,0.031091,0.466319,  TDecCu::xDecodeInterTexture,[36]
[37],5.62,0.031091,0.466319,<cycle 5 as a whole>,[37]
,,0.031091,0.466319,  TComTrQuant::invRecurTransformNxN <cycle 5>,[38]
,,,,,
,,,,  TComTrQuant::invRecurTransformNxN <cycle 5>,[38]
,,0.031091,0.466319,  TDecCu::xDecodeInterTexture,[36]
[38],5.62,0.031091,0.466319,TComTrQuant::invRecurTransformNxN <cycle 5>,[38]
,,0.031168,0.404058,  TComTrQuant::invTransformNxN,[31]
,,0.031093,0.0,  TComTURecurse::nextSection,[112]
,,,,  TComTrQuant::invRecurTransformNxN <cycle 5>,[38]
,,,,,
,,0.015539,0.0,  TComYuv::copyPartToPartComponent,[138]
,,0.015583,0.0,"  std::basic_ostream<char,struct std::char_traits<char> >::write",[67]
,,0.186509,0.0,  TComYuv::copyToPicComponent,[77]
,,0.279433,0.0,  TComPicYuv::copyToPic,[63]
[39],5.61,0.497064,0.0,memcpy,[39]
,,,,,
,,0.015583,0.465598,  TDecGop::filterPicture,[15]
[40],5.43,0.015583,0.465598,TComSampleAdaptiveOffset::offsetCTU,[40]
,,0.465598,0.0,  TComSampleAdaptiveOffset::offsetBlock,[44]
,,,,,
,,0.0,0.031075,  TAppDecTop::xFlushOutput,[119]
,,0.0,0.435666,  TDecTop::xGetNewPicBuffer,[28]
[41],5.27,0.0,0.466740,TComPic::destroy,[41]
,,0.0,0.388347,  TComPicSym::destroy,[52]
,,0.0,0.078394,  TComPicYuv::destroy,[92]
,,,,,
,,0.0,0.015583,  TAppDecTop::xFlushOutput,[119]
,,0.0,0.450881,  TAppDecTop::xWriteOutput,[45]
[42],5.27,0.0,0.466463,TVideoIOYuv::write,[42]
,,0.217651,0.248812,  writePlane,[43]
,,,,,
,,0.217651,0.248812,  TVideoIOYuv::write,[42]
[43],5.27,0.217651,0.248812,writePlane,[43]
,,0.015535,0.233277,"  std::basic_ostream<char,struct std::char_traits<char> >::write",[67]
,,,,,
,,0.465598,0.0,  TComSampleAdaptiveOffset::offsetCTU,[40]
[44],5.26,0.465598,0.0,TComSampleAdaptiveOffset::offsetBlock,[44]
,,,,,
,,0.0,0.450881,  TAppDecTop::decode,[3]
[45],5.09,0.0,0.450881,TAppDecTop::xWriteOutput,[45]
,,0.0,0.450881,  TVideoIOYuv::write,[42]
,,,,,
,,0.031145,0.419615,  TComTrQuant::invTransformNxN,[31]
[46],5.09,0.031145,0.419615,TComTrQuant::xIT,[46]
,,0.0,0.419615,  xITrMxN,[48]
,,,,,
,,0.0,0.125577,  TComPicYuv::destroy,[92]
,,0.124263,0.186360,  TComDataCU::destroy,[51]
[47],4.93,0.124263,0.311937,aligned_free,[47]
,,0.0,0.311937,  free_base,[50]
,,,,,
,,0.0,0.419615,  TComTrQuant::xIT,[46]
[48],4.74,0.0,0.419615,xITrMxN,[48]
,,0.139739,0.0,  partialButterflyInverse16,[91]
,,0.108888,0.0,  partialButterflyInverse8,[95]
,,0.108812,0.0,  partialButterflyInverse32,[96]
,,0.031108,0.0,  fastInverseDst,[132]
,,0.031069,0.0,  partialButterflyInverse4,[137]
,,,,,
,,0.389660,0.0,  free_base,[50]
[49],4.4,0.389660,0.0,RtlFreeHeap,[49]
,,,,,
,,0.0,0.077724,  TComDataCU::destroy,[51]
,,0.0,0.311937,  aligned_free,[47]
[50],4.4,0.0,0.389660,free_base,[50]
,,0.389660,0.0,  RtlFreeHeap,[49]
,,,,,
,,0.0,0.388347,  TComPicSym::destroy,[52]
[51],4.39,0.0,0.388347,TComDataCU::destroy,[51]
,,0.124263,0.186360,  aligned_free,[47]
,,0.0,0.077724,  free_base,[50]
,,,,,
,,0.0,0.388347,  TComPic::destroy,[41]
[52],4.39,0.0,0.388347,TComPicSym::destroy,[52]
,,0.0,0.388347,  TComDataCU::destroy,[51]
,,,,,
,,0.388313,0.0,  TComInterpolationFilter::filterHor,[23]
[53],4.39,0.388313,0.0,"TComInterpolationFilter::filter<8,0,1,0>",[53]
,,,,,
,,0.310871,0.031047,  TComPrediction::xPredInterBi,[14]
[54],3.86,0.310871,0.031047,TComYuv::addAvg,[54]
,,0.031047,0.0,  TComYuv::getAddr,[88]
,,,,,
,,0.0,0.326428,  TDecCu::xDecodeCU <cycle 4>,[18]
[55],3.69,0.0,0.326428,TDecEntropy::decodePredInfo,[55]
,,0.031004,0.264321,  TDecEntropy::decodePUWise,[61]
,,0.015544,0.015559,  TDecSbac::parseIntraDirChroma,[133]
,,,,,
,,0.233028,0.092916,  TComLoopFilter::xDeblockCU <cycle 1>,[20]
[56],3.68,0.233028,0.092916,TComLoopFilter::xEdgeFilterLuma,[56]
,,0.092916,0.0,  TComLoopFilter::xPelFilterLuma,[102]
,,,,,
,,0.0,0.310957,  TComPicSym::create,[59]
[57],3.51,0.0,0.310957,TComDataCU::create,[57]
,,0.062197,0.0,  memset,[80]
,,0.015564,0.170981,  aligned_offset_malloc_base,[83]
,,0.015542,0.015540,  TComCUMvField::create,[135]
,,0.0,0.031134,  operator new,[114]
,,,,,
,,0.0,0.310957,  TDecTop::xGetNewPicBuffer,[28]
[58],3.51,0.0,0.310957,TComPic::create,[58]
,,0.0,0.310957,  TComPicSym::create,[59]
,,,,,
,,0.0,0.310957,  TComPic::create,[58]
[59],3.51,0.0,0.310957,TComPicSym::create,[59]
,,0.0,0.310957,  TComDataCU::create,[57]
,,,,,
,,0.310025,0.0,  TComInterpolationFilter::filterHor,[23]
[60],3.5,0.310025,0.0,"TComInterpolationFilter::filter<4,0,1,0>",[60]
,,,,,
,,0.031004,0.264321,  TDecEntropy::decodePredInfo,[55]
[61],3.34,0.031004,0.264321,TDecEntropy::decodePUWise,[61]
,,0.046655,0.0,  TComCUMvField::setAll<class TComMv>,[99]
,,0.031117,0.077647,  TDecEntropy::decodeMVPIdxPU,[97]
,,0.031026,0.0,  TComCUMvField::setAll<signed char>,[142]
,,0.015593,0.0,  TComDataCU::setSubPart<signed char>,[129]
,,0.0,0.031124,  TComDataCU::getInterMergeCandidates,[103]
,,0.0,0.015576,  TDecSbac::parseInterDir,[149]
,,0.0,0.015582,  TDecSbac::parseMvd,[146]
,,,,,
,,0.276023,0.015523,  TComLoopFilter::xDeblockCU <cycle 1>,[20]
[62],3.29,0.276023,0.015523,TComLoopFilter::xGetBoundaryStrengthSingle,[62]
,,0.015523,0.0,  TComDataCU::getPULeft,[170]
,,,,,
,,0.0,0.279433,  TDecGop::filterPicture,[15]
[63],3.16,0.0,0.279433,TComPicYuv::copyToPic,[63]
,,0.279433,0.0,  memcpy,[39]
,,,,,
,,0.046659,0.209475,  byteStreamNALUnit,[65]
[64],2.89,0.046659,0.209475,byteStreamNALUnit,[64]
,,0.030771,0.163547,  InputByteStream::eofBeforeNBytes,[82]
,,0.0,0.015157,"  std::vector<unsigned char,class std::allocator<unsigned char> >::emplace_back<unsigned char>",[178]
,,,,,
,,0.0,0.256134,  TAppDecTop::decode,[3]
[65],2.89,0.0,0.256134,byteStreamNALUnit,[65]
,,0.046659,0.209475,  byteStreamNALUnit,[64]
,,,,,
,,0.015482,0.0,  TDecEntropy::xDecodeTransform <cycle 3>,[26]
,,0.015576,0.0,  TDecSbac::parseInterDir,[149]
,,0.015582,0.0,  TDecSbac::parseMvd,[146]
,,0.031096,0.0,  TDecSbac::parseLastSignificantXY,[93]
,,0.171114,0.0,  TDecSbac::parseCoeffNxN,[29]
[66],2.81,0.248850,0.0,TDecBinCABAC::decodeBin,[66]
,,,,,
,,0.015535,0.233277,  writePlane,[43]
[67],2.81,0.015535,0.233277,"std::basic_ostream<char,struct std::char_traits<char> >::write",[67]
,,0.015583,0.0,  memcpy,[39]
,,0.0,0.217694,  fputc,[73]
,,,,,
,,0.232812,0.0,  malloc_base,[69]
[68],2.63,0.232812,0.0,RtlAllocateHeap,[68]
,,,,,
,,0.0,0.170981,  aligned_offset_malloc_base,[83]
,,0.0,0.061831,  operator new,[114]
[69],2.63,0.0,0.232812,malloc_base,[69]
,,0.232812,0.0,  RtlAllocateHeap,[68]
,,,,,
,,0.232720,0.0,  TComInterpolationFilter::filterHor,[23]
[70],2.63,0.232720,0.0,TComInterpolationFilter::filterCopy,[70]
,,,,,
,,0.217694,0.0,  write_nolock,[76]
[71],2.46,0.217694,0.0,WriteFile,[71]
,,,,,
,,0.0,0.217694,  fputc,[73]
[72],2.46,0.0,0.217694,_acrt_stdio_flush_and_write_narrow_nolock,[72]
,,0.0,0.217694,  write_buffer_nolock<char>,[75]
,,,,,
,,0.0,0.217694,"  std::basic_ostream<char,struct std::char_traits<char> >::write",[67]
[73],2.46,0.0,0.217694,fputc,[73]
,,0.0,0.217694,  _acrt_stdio_flush_and_write_narrow_nolock,[72]
,,,,,
,,0.0,0.217694,  write_buffer_nolock<char>,[75]
[74],2.46,0.0,0.217694,write,[74]
,,0.0,0.217694,  write_nolock,[76]
,,,,,
,,0.0,0.217694,  _acrt_stdio_flush_and_write_narrow_nolock,[72]
[75],2.46,0.0,0.217694,write_buffer_nolock<char>,[75]
,,0.0,0.217694,  write,[74]
,,,,,
,,0.0,0.217694,  write,[74]
[76],2.46,0.0,0.217694,write_nolock,[76]
,,0.217694,0.0,  WriteFile,[71]
,,,,,
,,0.031116,0.186509,  TDecCu::xCopyToPic,[78]
[77],2.46,0.031116,0.186509,TComYuv::copyToPicComponent,[77]
,,0.186509,0.0,  memcpy,[39]
,,,,,
,,0.0,0.217625,  TDecCu::xDecompressCU <cycle 7>,[11]
[78],2.46,0.0,0.217625,TDecCu::xCopyToPic,[78]
,,0.031116,0.186509,  TComYuv::copyToPicComponent,[77]
,,,,,
,,0.217596,0.0,  TComInterpolationFilter::filterVer,[34]
[79],2.46,0.217596,0.0,"TComInterpolationFilter::filter<8,1,0,0>",[79]
,,,,,
,,0.015459,0.0,  TDecSbac::parseCoeffNxN,[29]
,,0.015496,0.0,  TDecSbac::parsePartSize,[175]
,,0.062197,0.0,  TComDataCU::create,[57]
,,0.124246,0.0,  TComDataCU::initCtu,[84]
[80],2.46,0.217398,0.0,memset,[80]
,,,,,
,,0.217354,0.0,  TComInterpolationFilter::filterVer,[34]
[81],2.46,0.217354,0.0,"TComInterpolationFilter::filter<8,1,1,0>",[81]
,,,,,
,,0.030771,0.163547,  byteStreamNALUnit,[64]
[82],2.19,0.030771,0.163547,InputByteStream::eofBeforeNBytes,[82]
,,0.123937,0.039610,"  std::basic_istream<char,struct std::char_traits<char> >::get",[87]
,,,,,
,,0.015564,0.170981,  TComDataCU::create,[57]
[83],2.11,0.015564,0.170981,aligned_offset_malloc_base,[83]
,,0.0,0.170981,  malloc_base,[69]
,,,,,
,,0.062184,0.124246,  TDecSlice::decompressSlice,[9]
[84],2.11,0.062184,0.124246,TComDataCU::initCtu,[84]
,,0.124246,0.0,  memset,[80]
,,,,,
,,0.155152,0.015572,  TComLoopFilter::xDeblockCU <cycle 1>,[20]
[85],1.93,0.155152,0.015572,<cycle 2 as a whole>,[85]
,,0.155152,0.015572,  TComLoopFilter::xSetEdgefilterTU <cycle 2>,[86]
,,,,,
,,,,  TComLoopFilter::xSetEdgefilterTU <cycle 2>,[86]
,,0.155152,0.015572,  TComLoopFilter::xDeblockCU <cycle 1>,[20]
[86],1.93,0.155152,0.015572,TComLoopFilter::xSetEdgefilterTU <cycle 2>,[86]
,,0.015572,0.0,  TComTU::TComTU,[116]
,,,,  TComLoopFilter::xSetEdgefilterTU <cycle 2>,[86]
,,,,,
,,0.123937,0.039610,  InputByteStream::eofBeforeNBytes,[82]
[87],1.85,0.123937,0.039610,"std::basic_istream<char,struct std::char_traits<char> >::get",[87]
,,0.0,0.039610,  fgetc,[123]
,,,,,
,,0.015525,0.0,  TComYuv::copyPartToPartComponent,[138]
,,0.031047,0.0,  TComYuv::addAvg,[54]
,,0.046641,0.0,  TComPrediction::xPredInterBlk,[17]
,,0.062201,0.0,  TDecCu::xIntraRecBlk,[35]
[88],1.76,0.155414,0.0,TComYuv::getAddr,[88]
,,,,,
,,0.155392,0.0,  TComTrQuant::invTransformNxN,[31]
[89],1.76,0.155392,0.0,TComTrQuant::xDeQuant,[89]
,,,,,
,,0.031159,0.108890,  TDecCu::xIntraRecBlk,[35]
[90],1.58,0.031159,0.108890,TComPrediction::initIntraPatternChType,[90]
,,0.062210,0.0,  fillReferenceSamples,[109]
,,0.015592,0.0,  TComDataCU::getPUBelowLeft,[145]
,,0.015554,0.0,  TComDataCU::getPUAboveRight,[155]
,,0.015533,0.0,  isAboveAvailable,[166]
,,,,,
,,0.139739,0.0,  xITrMxN,[48]
[91],1.58,0.139739,0.0,partialButterflyInverse16,[91]
,,,,,
,,0.0,0.078394,  TComPic::destroy,[41]
,,0.0,0.047183,  TComSampleAdaptiveOffset::create,[115]
[92],1.42,0.0,0.125577,TComPicYuv::destroy,[92]
,,0.0,0.125577,  aligned_free,[47]
,,,,,
,,0.093223,0.031096,  TDecSbac::parseCoeffNxN,[29]
[93],1.4,0.093223,0.031096,TDecSbac::parseLastSignificantXY,[93]
,,0.031096,0.0,  TDecBinCABAC::decodeBin,[66]
,,,,,
,,0.031008,0.093287,  TDecCu::xIntraRecBlk,[35]
[94],1.4,0.031008,0.093287,TComPrediction::predIntraAng,[94]
,,0.077755,0.0,  TComPrediction::xPredIntraAng,[104]
,,0.0,0.015532,  TComPrediction::xPredIntraPlanar,[167]
,,,,,
,,0.108888,0.0,  xITrMxN,[48]
[95],1.23,0.108888,0.0,partialButterflyInverse8,[95]
,,,,,
,,0.108812,0.0,  xITrMxN,[48]
[96],1.23,0.108812,0.0,partialButterflyInverse32,[96]
,,,,,
,,0.031117,0.077647,  TDecEntropy::decodePUWise,[61]
[97],1.23,0.031117,0.077647,TDecEntropy::decodeMVPIdxPU,[97]
,,0.015533,0.0,  TComDataCU::setSubPart<signed char>,[129]
,,0.015523,0.0,  TComCUMvField::setAll<class TComMv>,[99]
,,0.0,0.046591,  TComDataCU::fillMvpCand,[120]
,,,,,
,,0.104065,0.0,  TComLoopFilter::xDeblockCU <cycle 1>,[20]
[98],1.18,0.104065,0.0,TComLoopFilter::xEdgeFilterChroma,[98]
,,,,,
,,0.015523,0.0,  TDecEntropy::decodeMVPIdxPU,[97]
,,0.031116,0.0,  TDecCu::xDecodeCU <cycle 4>,[18]
,,0.046655,0.0,  TDecEntropy::decodePUWise,[61]
[99],1.05,0.093294,0.0,TComCUMvField::setAll<class TComMv>,[99]
,,,,,
,,0.093277,0.0,  TComPic::compressMotion,[101]
[100],1.05,0.093277,0.0,TComCUMvField::compress,[100]
,,,,,
,,0.0,0.093277,  TDecGop::filterPicture,[15]
[101],1.05,0.0,0.093277,TComPic::compressMotion,[101]
,,0.093277,0.0,  TComCUMvField::compress,[100]
,,,,,
,,0.092916,0.0,  TComLoopFilter::xEdgeFilterLuma,[56]
[102],1.05,0.092916,0.0,TComLoopFilter::xPelFilterLuma,[102]
,,,,,
,,0.0,0.031124,  TDecEntropy::decodePUWise,[61]
,,0.015560,0.031077,  TDecCu::xDecodeCU <cycle 4>,[18]
[103],0.88,0.015560,0.062202,TComDataCU::getInterMergeCandidates,[103]
,,0.031124,0.0,  TComDataCU::deriveLeftRightTopIdxGeneral,[130]
,,0.015543,0.0,  TComDataCU::deriveLeftBottomIdxGeneral,[163]
,,0.015534,0.0,  TComDataCU::xGetColMVP,[141]
,,,,,
,,0.077755,0.0,  TComPrediction::predIntraAng,[94]
[104],0.88,0.077755,0.0,TComPrediction::xPredIntraAng,[104]
,,,,,
,,0.015513,0.062206,  TDecSbac::parseCoeffNxN,[29]
[105],0.88,0.015513,0.062206,getTUEntropyCodingParameters,[105]
,,0.062206,0.0,  TComDataCU::getCoefScanIdx,[110]
,,,,,
,,0.077699,0.0,  TDecSbac::parseCoeffNxN,[29]
[106],0.88,0.077699,0.0,TComTrQuant::getSigCtxInc,[106]
,,,,,
,,0.062251,0.0,  TDecCu::xReconInter,[12]
[107],0.7,0.062251,0.0,TComYuv::addClip,[107]
,,,,,
,,0.015564,0.0,  TDecEntropy::decodeCoeff,[24]
,,0.015580,0.0,  TDecCu::xReconIntraQT,[30]
,,0.031072,0.0,  TComLoopFilter::xDeblockCU <cycle 1>,[20]
[108],0.7,0.062216,0.0,TComTU::TComTU,[108]
,,,,,
,,0.062210,0.0,  TComPrediction::initIntraPatternChType,[90]
[109],0.7,0.062210,0.0,fillReferenceSamples,[109]
,,,,,
,,0.062206,0.0,  getTUEntropyCodingParameters,[105]
[110],0.7,0.062206,0.0,TComDataCU::getCoefScanIdx,[110]
,,,,,
,,0.015559,0.0,  TDecSbac::parseIntraDirChroma,[133]
,,0.015597,0.0,  TDecSbac::xReadCoefRemainExGolomb,[126]
,,0.031040,0.0,  TDecSbac::parseCoeffNxN,[29]
[111],0.7,0.062196,0.0,TDecBinCABAC::decodeBinsEP,[111]
,,,,,
,,0.015547,0.0,  TDecCu::xIntraRecQT <cycle 6>,[33]
,,0.015555,0.0,  TDecCu::xReconIntraQT,[30]
,,0.031093,0.0,  TComTrQuant::invRecurTransformNxN <cycle 5>,[38]
[112],0.7,0.062196,0.0,TComTURecurse::nextSection,[112]
,,,,,
,,0.062074,0.0,  TComInterpolationFilter::filterVer,[34]
[113],0.7,0.062074,0.0,"TComInterpolationFilter::filter<4,1,1,0>",[113]
,,,,,
,,0.0,0.015540,  TComCUMvField::create,[135]
,,0.0,0.031134,  TComDataCU::create,[57]
,,0.0,0.015157,"  std::vector<unsigned char,class std::allocator<unsigned char> >::emplace_back<unsigned char>",[178]
[114],0.7,0.0,0.061831,operator new,[114]
,,0.0,0.061831,  malloc_base,[69]
,,,,,
,,0.0,0.047183,  TDecTop::xActivateParameterSets,[27]
[115],0.53,0.0,0.047183,TComSampleAdaptiveOffset::create,[115]
,,0.0,0.047183,  TComPicYuv::destroy,[92]
,,,,,
,,0.015572,0.0,  TComLoopFilter::xSetEdgefilterTU <cycle 2>,[86]
,,0.031117,0.0,  TDecCu::xReconIntraQT,[30]
[116],0.53,0.046689,0.0,TComTU::TComTU,[116]
,,,,,
,,0.015528,0.031142,  TComPrediction::xCheckIdenticalMotion,[118]
[117],0.53,0.015528,0.031142,TComPic::getPOC,[117]
,,0.015582,0.0,"  std::deque<class TComSlice *,class std::allocator<class TComSlice *> >::begin",[147]
,,0.015560,0.0,  std::_Deque_const_iterator<class std::_Deque_val<struct std::_Deque_simple_types<class TComSlice *> > >::operator+,[152]
,,,,,
,,0.0,0.046670,  TComPrediction::motionCompensation,[13]
[118],0.53,0.0,0.046670,TComPrediction::xCheckIdenticalMotion,[118]
,,0.015528,0.031142,  TComPic::getPOC,[117]
,,,,,
,,0.0,0.046657,  TAppDecTop::decode,[3]
[119],0.53,0.0,0.046657,TAppDecTop::xFlushOutput,[119]
,,0.0,0.031075,  TComPic::destroy,[41]
,,0.0,0.015583,  TVideoIOYuv::write,[42]
,,,,,
,,0.0,0.046591,  TDecEntropy::decodeMVPIdxPU,[97]
[120],0.53,0.0,0.046591,TComDataCU::fillMvpCand,[120]
,,0.015557,0.0,  TComDataCU::xAddMVPCandUnscaled,[154]
,,0.015536,0.0,  TComDataCU::xAddMVPCandWithScaling,[165]
,,0.015498,0.0,  TComDataCU::xGetColMVP,[141]
,,,,,
,,0.039610,0.0,  read_nolock,[125]
[121],0.45,0.039610,0.0,ReadFile,[121]
,,,,,
,,0.0,0.039610,  fgetc,[123]
[122],0.45,0.0,0.039610,common_refill_and_read_nolock<char>,[122]
,,0.0,0.039610,  read,[124]
,,,,,
,,0.0,0.039610,"  std::basic_istream<char,struct std::char_traits<char> >::get",[87]
[123],0.45,0.0,0.039610,fgetc,[123]
,,0.0,0.039610,  common_refill_and_read_nolock<char>,[122]
,,,,,
,,0.0,0.039610,  common_refill_and_read_nolock<char>,[122]
[124],0.45,0.0,0.039610,read,[124]
,,0.0,0.039610,  read_nolock,[125]
,,,,,
,,0.0,0.039610,  read,[124]
[125],0.45,0.0,0.039610,read_nolock,[125]
,,0.039610,0.0,  ReadFile,[121]
,,,,,
,,0.015568,0.015597,  TDecSbac::parseCoeffNxN,[29]
[126],0.35,0.015568,0.015597,TDecSbac::xReadCoefRemainExGolomb,[126]
,,0.015597,0.0,  TDecBinCABAC::decodeBinsEP,[111]
,,,,,
,,0.031148,0.0,  TComSlice::setRefPicList,[128]
[127],0.35,0.031148,0.0,TComPicYuv::extendPicBorder,[127]
,,,,,
,,0.0,0.031148,  TDecTop::xDecodeSlice,[7]
[128],0.35,0.0,0.031148,TComSlice::setRefPicList,[128]
,,0.031148,0.0,  TComPicYuv::extendPicBorder,[127]
,,,,,
,,0.015533,0.0,  TDecEntropy::decodeMVPIdxPU,[97]
,,0.015593,0.0,  TDecEntropy::decodePUWise,[61]
[129],0.35,0.031125,0.0,TComDataCU::setSubPart<signed char>,[129]
,,,,,
,,0.031124,0.0,  TComDataCU::getInterMergeCandidates,[103]
[130],0.35,0.031124,0.0,TComDataCU::deriveLeftRightTopIdxGeneral,[130]
,,,,,
,,0.031112,0.0,  TComInterpolationFilter::filterHor,[23]
[131],0.35,0.031112,0.0,"TComInterpolationFilter::filter<4,0,1,1>",[131]
,,,,,
,,0.031108,0.0,  xITrMxN,[48]
[132],0.35,0.031108,0.0,fastInverseDst,[132]
,,,,,
,,0.015544,0.015559,  TDecEntropy::decodePredInfo,[55]
[133],0.35,0.015544,0.015559,TDecSbac::parseIntraDirChroma,[133]
,,0.015559,0.0,  TDecBinCABAC::decodeBinsEP,[111]
,,,,,
,,0.031088,0.0,  TDecEntropy::decodeCoeff,[24]
[134],0.35,0.031088,0.0,TComDataCU::getQuadtreeTULog2MinSizeInCU,[134]
,,,,,
,,0.015542,0.015540,  TComDataCU::create,[57]
[135],0.35,0.015542,0.015540,TComCUMvField::create,[135]
,,0.0,0.015540,  operator new,[114]
,,,,,
,,0.015532,0.0,  TComPrediction::xPredIntraPlanar,[167]
,,0.015543,0.0,  TDecEntropy::xDecodeTransform <cycle 3>,[26]
[136],0.35,0.031075,0.0,_security_check_cookie,[136]
,,,,,
,,0.031069,0.0,  xITrMxN,[48]
[137],0.35,0.031069,0.0,partialButterflyInverse4,[137]
,,,,,
,,0.0,0.031064,  TComYuv::copyPartToPartYuv,[139]
[138],0.35,0.0,0.031064,TComYuv::copyPartToPartComponent,[138]
,,0.015539,0.0,  memcpy,[39]
,,0.015525,0.0,  TComYuv::getAddr,[88]
,,,,,
,,0.0,0.015539,  TComPrediction::xPredInterBi,[14]
,,0.0,0.015525,  TDecCu::xReconInter,[12]
[139],0.35,0.0,0.031064,TComYuv::copyPartToPartYuv,[139]
,,0.0,0.031064,  TComYuv::copyPartToPartComponent,[138]
,,,,,
,,0.031054,0.0,  TComInterpolationFilter::filterVer,[34]
[140],0.35,0.031054,0.0,"TComInterpolationFilter::filter<4,1,0,0>",[140]
,,,,,
,,0.015498,0.0,  TComDataCU::fillMvpCand,[120]
,,0.015534,0.0,  TComDataCU::getInterMergeCandidates,[103]
[141],0.35,0.031033,0.0,TComDataCU::xGetColMVP,[141]
,,,,,
,,0.031026,0.0,  TDecEntropy::decodePUWise,[61]
[142],0.35,0.031026,0.0,TComCUMvField::setAll<signed char>,[142]
,,,,,
,,0.030987,0.0,  TComInterpolationFilter::filterVer,[34]
[143],0.35,0.030987,0.0,"TComInterpolationFilter::filter<8,1,1,1>",[143]
,,,,,
,,0.015639,0.0,  TComLoopFilter::xDeblockCU <cycle 1>,[20]
[144],0.18,0.015639,0.0,TComLoopFilter::xSetLoopfilterParam,[144]
,,,,,
,,0.015592,0.0,  TComPrediction::initIntraPatternChType,[90]
[145],0.18,0.015592,0.0,TComDataCU::getPUBelowLeft,[145]
,,,,,
,,0.0,0.015582,  TDecEntropy::decodePUWise,[61]
[146],0.18,0.0,0.015582,TDecSbac::parseMvd,[146]
,,0.015582,0.0,  TDecBinCABAC::decodeBin,[66]
,,,,,
,,0.015582,0.0,  TComPic::getPOC,[117]
[147],0.18,0.015582,0.0,"std::deque<class TComSlice *,class std::allocator<class TComSlice *> >::begin",[147]
,,,,,
,,0.015578,0.0,  TComTrQuant::invTransformNxN,[31]
[148],0.18,0.015578,0.0,TComTrQuant::xITransformSkip,[148]
,,,,,
,,0.0,0.015576,  TDecEntropy::decodePUWise,[61]
[149],0.18,0.0,0.015576,TDecSbac::parseInterDir,[149]
,,0.015576,0.0,  TDecBinCABAC::decodeBin,[66]
,,,,,
,,0.015572,0.0,  TDecEntropy::xDecodeTransform <cycle 3>,[26]
[150],0.18,0.015572,0.0,TDecSbac::parseQtCbf,[150]
,,,,,
,,0.015563,0.0,  TDecCu::xDecodeCU <cycle 4>,[18]
[151],0.18,0.015563,0.0,TDecSbac::parseSplitFlag,[151]
,,,,,
,,0.015560,0.0,  TComPic::getPOC,[117]
[152],0.18,0.015560,0.0,std::_Deque_const_iterator<class std::_Deque_val<struct std::_Deque_simple_types<class TComSlice *> > >::operator+,[152]
,,,,,
,,0.015557,0.0,  TDecCu::xDecodeCU <cycle 4>,[18]
[153],0.18,0.015557,0.0,TComDataCU::copyInterPredInfoFrom,[153]
,,,,,
,,0.015557,0.0,  TComDataCU::fillMvpCand,[120]
[154],0.18,0.015557,0.0,TComDataCU::xAddMVPCandUnscaled,[154]
,,,,,
,,0.015554,0.0,  TComPrediction::initIntraPatternChType,[90]
[155],0.18,0.015554,0.0,TComDataCU::getPUAboveRight,[155]
,,,,,
,,0.0,0.015552,"  __crt_seh_guarded_call<int>::operator()<class <lambda_a62c933ada0517137acf5807a1eeac1f>,class <lambda_a31071773b9a94e445cbd5d04ef99106> &,class <lambda_56065050dbf3ada7e59a83db45153de3> >",[157]
[156],0.18,0.0,0.015552,<lambda_a31071773b9a94e445cbd5d04ef99106>::operator(),[156]
,,0.015552,0.0,"  __crt_stdio_output::output_processor<char,class __crt_stdio_output::stream_output_adapter<char>,class __crt_stdio_output::standard_base<char,class __crt_stdio_output::stream_output_adapter<char> > >::process",[158]
,,,,,
,,0.0,0.015552,  _stdio_common_vfprintf,[159]
[157],0.18,0.0,0.015552,"__crt_seh_guarded_call<int>::operator()<class <lambda_a62c933ada0517137acf5807a1eeac1f>,class <lambda_a31071773b9a94e445cbd5d04ef99106> &,class <lambda_56065050dbf3ada7e59a83db45153de3> >",[157]
,,0.0,0.015552,  <lambda_a31071773b9a94e445cbd5d04ef99106>::operator(),[156]
,,,,,
,,0.015552,0.0,  <lambda_a31071773b9a94e445cbd5d04ef99106>::operator(),[156]
[158],0.18,0.015552,0.0,"__crt_stdio_output::output_processor<char,class __crt_stdio_output::stream_output_adapter<char>,class __crt_stdio_output::standard_base<char,class __crt_stdio_output::stream_output_adapter<char> > >::process",[158]
,,,,,
,,0.0,0.015552,  printf,[160]
[159],0.18,0.0,0.015552,_stdio_common_vfprintf,[159]
,,0.0,0.015552,"  __crt_seh_guarded_call<int>::operator()<class <lambda_a62c933ada0517137acf5807a1eeac1f>,class <lambda_a31071773b9a94e445cbd5d04ef99106> &,class <lambda_56065050dbf3ada7e59a83db45153de3> >",[157]
,,,,,
,,0.0,0.015552,  TDecGop::filterPicture,[15]
[160],0.18,0.0,0.015552,printf,[160]
,,0.0,0.015552,  _stdio_common_vfprintf,[159]
,,,,,
,,0.015550,0.0,  TComLoopFilter::xDeblockCU <cycle 1>,[20]
[161],0.18,0.015550,0.0,TComLoopFilter::xSetEdgefilterPU,[161]
,,,,,
,,0.015545,0.0,  TDecSlice::decompressSlice,[9]
[162],0.18,0.015545,0.0,TDecSbac::resetEntropy,[162]
,,,,,
,,0.015543,0.0,  TComDataCU::getInterMergeCandidates,[103]
[163],0.18,0.015543,0.0,TComDataCU::deriveLeftBottomIdxGeneral,[163]
,,,,,
,,0.015541,0.0,  TAppDecTop::decode,[3]
[164],0.18,0.015541,0.0,TComSlice::sortPicList,[164]
,,,,,
,,0.015536,0.0,  TComDataCU::fillMvpCand,[120]
[165],0.18,0.015536,0.0,TComDataCU::xAddMVPCandWithScaling,[165]
,,,,,
,,0.015533,0.0,  TComPrediction::initIntraPatternChType,[90]
[166],0.18,0.015533,0.0,isAboveAvailable,[166]
,,,,,
,,0.0,0.015532,  TComPrediction::predIntraAng,[94]
[167],0.18,0.0,0.015532,TComPrediction::xPredIntraPlanar,[167]
,,0.015532,0.0,  _security_check_cookie,[136]
,,,,,
,,0.015531,0.0,  TDecCu::xIntraRecBlk,[35]
[168],0.18,0.015531,0.0,QpParam::QpParam,[168]
,,,,,
,,0.015523,0.0,  TComInterpolationFilter::filterVer,[34]
[169],0.18,0.015523,0.0,"TComInterpolationFilter::filter<8,1,0,1>",[169]
,,,,,
,,0.015523,0.0,  TComLoopFilter::xGetBoundaryStrengthSingle,[62]
[170],0.18,0.015523,0.0,TComDataCU::getPULeft,[170]
,,,,,
,,0.015521,0.0,  TDecCu::xDecompressCU <cycle 7>,[11]
[171],0.18,0.015521,0.0,TComDataCU::copySubCU,[171]
,,,,,
,,0.015517,0.0,  TDecSbac::parseSkipFlag,[173]
[172],0.18,0.015517,0.0,TComDataCU::getCtxSkipFlag,[172]
,,,,,
,,0.0,0.015517,  TDecCu::xDecodeCU <cycle 4>,[18]
[173],0.18,0.0,0.015517,TDecSbac::parseSkipFlag,[173]
,,0.015517,0.0,  TComDataCU::getCtxSkipFlag,[172]
,,,,,
,,0.015507,0.0,  TDecCu::xDecodeCU <cycle 4>,[18]
[174],0.18,0.015507,0.0,TDecCu::xFinishDecodeCU,[174]
,,,,,
,,0.0,0.015496,  TDecCu::xDecodeCU <cycle 4>,[18]
[175],0.18,0.0,0.015496,TDecSbac::parsePartSize,[175]
,,0.015496,0.0,  memset,[80]
,,,,,
,,0.015484,0.0,  TDecCu::xIntraRecBlk,[35]
[176],0.17,0.015484,0.0,TComPrediction::filteringIntraReferenceSamples,[176]
,,,,,
,,0.015458,0.0,  TComInterpolationFilter::filterVer,[34]
[177],0.17,0.015458,0.0,"TComInterpolationFilter::filter<4,1,0,1>",[177]
,,,,,
,,0.0,0.015157,  byteStreamNALUnit,[64]
[178],0.17,0.0,0.015157,"std::vector<unsigned char,class std::allocator<unsigned char> >::emplace_back<unsigned char>",[178]
,,0.0,0.015157,  operator new,[114]
,,,,,
,,0.012889,0.0,  close_nolock,[182]
[179],0.15,0.012889,0.0,CloseHandle,[179]
,,,,,
,,0.0,0.012889,  close,[181]
[180],0.15,0.0,0.012889,"__crt_seh_guarded_call<int>::operator()<class <lambda_751a882b2c74d4b022dec766aa51a29a>,class <lambda_628dfdc04ba53c8bfc02c9951375f3f5> &,class <lambda_f6c7be5f7998530c34de24c7437d6b54> >",[180]
,,0.0,0.012889,  close_nolock,[182]
,,,,,
,,0.0,0.012889,  fclose_nolock,[184]
[181],0.15,0.0,0.012889,close,[181]
,,0.0,0.012889,"  __crt_seh_guarded_call<int>::operator()<class <lambda_751a882b2c74d4b022dec766aa51a29a>,class <lambda_628dfdc04ba53c8bfc02c9951375f3f5> &,class <lambda_f6c7be5f7998530c34de24c7437d6b54> >",[180]
,,,,,
,,0.0,0.012889,"  __crt_seh_guarded_call<int>::operator()<class <lambda_751a882b2c74d4b022dec766aa51a29a>,class <lambda_628dfdc04ba53c8bfc02c9951375f3f5> &,class <lambda_f6c7be5f7998530c34de24c7437d6b54> >",[180]
[182],0.15,0.0,0.012889,close_nolock,[182]
,,0.012889,0.0,  CloseHandle,[179]
,,,,,
,,0.0,0.012889,"  std::basic_filebuf<char,struct std::char_traits<char> >::close",[185]
[183],0.15,0.0,0.012889,fclose,[183]
,,0.0,0.012889,  fclose_nolock,[184]
,,,,,
,,0.0,0.012889,  fclose,[183]
[184],0.15,0.0,0.012889,fclose_nolock,[184]
,,0.0,0.012889,  close,[181]
,,,,,
,,0.0,0.012889,  TAppDecTop::decode,[3]
[185],0.15,0.0,0.012889,"std::basic_filebuf<char,struct std::char_traits<char> >::close",[185]
,,0.0,0.012889,  fclose,[183]
,,,,,


Index by function name

Index,Function
[156],<lambda_a31071773b9a94e445cbd5d04ef99106>::operator()
[1],BaseThreadInitThunk
[179],CloseHandle
[82],InputByteStream::eofBeforeNBytes
[168],QpParam::QpParam
[121],ReadFile
[68],RtlAllocateHeap
[49],RtlFreeHeap
[2],RtlUserThreadStart
[3],TAppDecTop::decode
[119],TAppDecTop::xFlushOutput
[45],TAppDecTop::xWriteOutput
[100],TComCUMvField::compress
[135],TComCUMvField::create
[99],TComCUMvField::setAll<class TComMv>
[142],TComCUMvField::setAll<signed char>
[153],TComDataCU::copyInterPredInfoFrom
[171],TComDataCU::copySubCU
[57],TComDataCU::create
[163],TComDataCU::deriveLeftBottomIdxGeneral
[130],TComDataCU::deriveLeftRightTopIdxGeneral
[51],TComDataCU::destroy
[120],TComDataCU::fillMvpCand
[110],TComDataCU::getCoefScanIdx
[172],TComDataCU::getCtxSkipFlag
[103],TComDataCU::getInterMergeCandidates
[155],TComDataCU::getPUAboveRight
[145],TComDataCU::getPUBelowLeft
[170],TComDataCU::getPULeft
[134],TComDataCU::getQuadtreeTULog2MinSizeInCU
[84],TComDataCU::initCtu
[129],TComDataCU::setSubPart<signed char>
[154],TComDataCU::xAddMVPCandUnscaled
[165],TComDataCU::xAddMVPCandWithScaling
[141],TComDataCU::xGetColMVP
[60],"TComInterpolationFilter::filter<4,0,1,0>"
[131],"TComInterpolationFilter::filter<4,0,1,1>"
[140],"TComInterpolationFilter::filter<4,1,0,0>"
[177],"TComInterpolationFilter::filter<4,1,0,1>"
[113],"TComInterpolationFilter::filter<4,1,1,0>"
[53],"TComInterpolationFilter::filter<8,0,1,0>"
[79],"TComInterpolationFilter::filter<8,1,0,0>"
[169],"TComInterpolationFilter::filter<8,1,0,1>"
[81],"TComInterpolationFilter::filter<8,1,1,0>"
[143],"TComInterpolationFilter::filter<8,1,1,1>"
[70],TComInterpolationFilter::filterCopy
[23],TComInterpolationFilter::filterHor
[34],TComInterpolationFilter::filterVer
[22],TComLoopFilter::loopFilterPic
[20],TComLoopFilter::xDeblockCU
[98],TComLoopFilter::xEdgeFilterChroma
[56],TComLoopFilter::xEdgeFilterLuma
[62],TComLoopFilter::xGetBoundaryStrengthSingle
[102],TComLoopFilter::xPelFilterLuma
[161],TComLoopFilter::xSetEdgefilterPU
[86],TComLoopFilter::xSetEdgefilterTU
[144],TComLoopFilter::xSetLoopfilterParam
[101],TComPic::compressMotion
[58],TComPic::create
[41],TComPic::destroy
[117],TComPic::getPOC
[59],TComPicSym::create
[52],TComPicSym::destroy
[63],TComPicYuv::copyToPic
[92],TComPicYuv::destroy
[127],TComPicYuv::extendPicBorder
[176],TComPrediction::filteringIntraReferenceSamples
[90],TComPrediction::initIntraPatternChType
[13],TComPrediction::motionCompensation
[94],TComPrediction::predIntraAng
[118],TComPrediction::xCheckIdenticalMotion
[14],TComPrediction::xPredInterBi
[17],TComPrediction::xPredInterBlk
[16],TComPrediction::xPredInterUni
[104],TComPrediction::xPredIntraAng
[167],TComPrediction::xPredIntraPlanar
[115],TComSampleAdaptiveOffset::create
[44],TComSampleAdaptiveOffset::offsetBlock
[40],TComSampleAdaptiveOffset::offsetCTU
[128],TComSlice::setRefPicList
[164],TComSlice::sortPicList
[116],TComTU::TComTU
[108],TComTU::TComTU
[112],TComTURecurse::nextSection
[106],TComTrQuant::getSigCtxInc
[38],TComTrQuant::invRecurTransformNxN
[31],TComTrQuant::invTransformNxN
[89],TComTrQuant::xDeQuant
[46],TComTrQuant::xIT
[148],TComTrQuant::xITransformSkip
[54],TComYuv::addAvg
[107],TComYuv::addClip
[138],TComYuv::copyPartToPartComponent
[139],TComYuv::copyPartToPartYuv
[77],TComYuv::copyToPicComponent
[88],TComYuv::getAddr
[66],TDecBinCABAC::decodeBin
[111],TDecBinCABAC::decodeBinsEP
[78],TDecCu::xCopyToPic
[18],TDecCu::xDecodeCU
[36],TDecCu::xDecodeInterTexture
[11],TDecCu::xDecompressCU
[174],TDecCu::xFinishDecodeCU
[35],TDecCu::xIntraRecBlk
[33],TDecCu::xIntraRecQT
[12],TDecCu::xReconInter
[30],TDecCu::xReconIntraQT
[24],TDecEntropy::decodeCoeff
[97],TDecEntropy::decodeMVPIdxPU
[61],TDecEntropy::decodePUWise
[55],TDecEntropy::decodePredInfo
[26],TDecEntropy::xDecodeTransform
[8],TDecGop::decompressSlice
[15],TDecGop::filterPicture
[29],TDecSbac::parseCoeffNxN
[149],TDecSbac::parseInterDir
[133],TDecSbac::parseIntraDirChroma
[93],TDecSbac::parseLastSignificantXY
[146],TDecSbac::parseMvd
[175],TDecSbac::parsePartSize
[150],TDecSbac::parseQtCbf
[173],TDecSbac::parseSkipFlag
[151],TDecSbac::parseSplitFlag
[162],TDecSbac::resetEntropy
[126],TDecSbac::xReadCoefRemainExGolomb
[9],TDecSlice::decompressSlice
[6],TDecTop::decode
[27],TDecTop::xActivateParameterSets
[7],TDecTop::xDecodeSlice
[28],TDecTop::xGetNewPicBuffer
[42],TVideoIOYuv::write
[71],WriteFile
[180],"__crt_seh_guarded_call<int>::operator()<class <lambda_751a882b2c74d4b022dec766aa51a29a>,class <lambda_628dfdc04ba53c8bfc02c9951375f3f5> &,class <lambda_f6c7be5f7998530c34de24c7437d6b54> >"
[157],"__crt_seh_guarded_call<int>::operator()<class <lambda_a62c933ada0517137acf5807a1eeac1f>,class <lambda_a31071773b9a94e445cbd5d04ef99106> &,class <lambda_56065050dbf3ada7e59a83db45153de3> >"
[158],"__crt_stdio_output::output_processor<char,class __crt_stdio_output::stream_output_adapter<char>,class __crt_stdio_output::standard_base<char,class __crt_stdio_output::stream_output_adapter<char> > >::process"
[72],_acrt_stdio_flush_and_write_narrow_nolock
[4],_scrt_common_main_seh
[136],_security_check_cookie
[159],_stdio_common_vfprintf
[47],aligned_free
[83],aligned_offset_malloc_base
[64],byteStreamNALUnit
[65],byteStreamNALUnit
[181],close
[182],close_nolock
[122],common_refill_and_read_nolock<char>
[132],fastInverseDst
[183],fclose
[184],fclose_nolock
[123],fgetc
[109],fillReferenceSamples
[73],fputc
[50],free_base
[105],getTUEntropyCodingParameters
[166],isAboveAvailable
[5],main
[69],malloc_base
[39],memcpy
[80],memset
[114],operator new
[91],partialButterflyInverse16
[96],partialButterflyInverse32
[137],partialButterflyInverse4
[95],partialButterflyInverse8
[160],printf
[124],read
[125],read_nolock
[152],std::_Deque_const_iterator<class std::_Deque_val<struct std::_Deque_simple_types<class TComSlice *> > >::operator+
[185],"std::basic_filebuf<char,struct std::char_traits<char> >::close"
[87],"std::basic_istream<char,struct std::char_traits<char> >::get"
[67],"std::basic_ostream<char,struct std::char_traits<char> >::write"
[147],"std::deque<class TComSlice *,class std::allocator<class TComSlice *> >::begin"
[178],"std::vector<unsigned char,class std::allocator<unsigned char> >::emplace_back<unsigned char>"
[74],write
[43],writePlane
[75],write_buffer_nolock<char>
[76],write_nolock
[48],xITrMxN
[21],<cycle 1>
[85],<cycle 2>
[25],<cycle 3>
[19],<cycle 4>
[37],<cycle 5>
[32],<cycle 6>
[10],<cycle 7>
