Index,% CPU Time:Total,CPU Time:Self,CPU Time:Children,Name,Index
,,0.0,1.878085,  RtlUserThreadStart,[2]
[1],100.0,0.0,1.878085,BaseThreadInitThunk,[1]
,,0.0,1.878085,  _scrt_common_main_seh,[4]
,,,,,
,,,,  <spontaneous>,
[2],100.0,0.0,1.878085,RtlUserThreadStart,[2]
,,0.0,1.878085,  BaseThreadInitThunk,[1]
,,,,,
,,0.0,1.878085,  main,[5]
[3],100.0,0.0,1.878085,TAppDecTop::decode,[3]
,,0.0,0.031108,  TAppDecTop::xFlushOutput,[61]
,,0.0,0.217259,  TAppDecTop::xWriteOutput,[23]
,,0.0,0.170555,  TDecGop::filterPicture,[34]
,,0.0,1.459162,  TDecTop::decode,[6]
,,,,,
,,0.0,1.878085,  BaseThreadInitThunk,[1]
[4],100.0,0.0,1.878085,_scrt_common_main_seh,[4]
,,0.0,1.878085,  main,[5]
,,,,,
,,0.0,1.878085,  _scrt_common_main_seh,[4]
[5],100.0,0.0,1.878085,main,[5]
,,0.0,1.878085,  TAppDecTop::decode,[3]
,,,,,
,,0.0,1.459162,  TAppDecTop::decode,[3]
[6],77.69,0.0,1.459162,TDecTop::decode,[6]
,,0.0,1.459162,  TDecTop::xDecodeSlice,[7]
,,,,,
,,0.0,1.459162,  TDecTop::decode,[6]
[7],77.69,0.0,1.459162,TDecTop::xDecodeSlice,[7]
,,0.031034,0.0,  TComTrQuant::setErrScaleCoeff,[66]
,,0.0,0.015488,  TComSlice::setRefPicList,[91]
,,0.0,1.008688,  TDecGop::decompressSlice,[8]
,,0.0,0.403953,  TDecTop::xActivateParameterSets,[18]
,,,,,
,,0.0,1.008688,  TDecTop::xDecodeSlice,[7]
[8],53.71,0.0,1.008688,TDecGop::decompressSlice,[8]
,,0.0,1.008688,  TDecSlice::decompressSlice,[9]
,,,,,
,,0.0,1.008688,  TDecGop::decompressSlice,[8]
[9],53.71,0.0,1.008688,TDecSlice::decompressSlice,[9]
,,0.046540,0.046587,  TComDataCU::initCtu,[51]
,,0.0,0.031003,  TDecCu::xDecodeCU <cycle 1>,[70]
,,0.0,0.884558,  TDecCu::xDecompressCU <cycle 4>,[11]
,,,,,
,,0.0,0.884558,  TDecSlice::decompressSlice,[9]
[10],47.1,0.0,0.884558,<cycle 4 as a whole>,[10]
,,0.0,0.884558,  TDecCu::xDecompressCU <cycle 4>,[11]
,,,,,
,,,,  TDecCu::xDecompressCU <cycle 4>,[11]
,,0.0,0.884558,  TDecSlice::decompressSlice,[9]
[11],47.1,0.0,0.884558,TDecCu::xDecompressCU <cycle 4>,[11]
,,0.015517,0.667373,  TDecCu::xReconInter,[12]
,,0.0,0.170751,  TDecCu::xCopyToPic,[33]
,,,,  TDecCu::xDecompressCU <cycle 4>,[11]
,,0.0,0.030917,  TDecCu::xReconIntraQT,[75]
,,,,,
,,0.015517,0.667373,  TDecCu::xDecompressCU <cycle 4>,[11]
[12],36.36,0.015517,0.667373,TDecCu::xReconInter,[12]
,,0.0,0.636271,  TComPrediction::motionCompensation,[13]
,,0.0,0.031102,  TDecCu::xDecodeInterTexture,[64]
,,,,,
,,0.0,0.636271,  TDecCu::xReconInter,[12]
[13],33.88,0.0,0.636271,TComPrediction::motionCompensation,[13]
,,0.0,0.636271,  TComPrediction::xPredInterBi,[14]
,,,,,
,,0.0,0.636271,  TComPrediction::motionCompensation,[13]
[14],33.88,0.0,0.636271,TComPrediction::xPredInterBi,[14]
,,0.077486,0.015544,  TComYuv::addAvg,[52]
,,0.0,0.543240,  TComPrediction::xPredInterUni,[16]
,,,,,
,,0.015490,0.527751,  TComPrediction::xPredInterUni,[16]
[15],28.93,0.015490,0.527751,TComPrediction::xPredInterBlk,[15]
,,0.0,0.496722,  TComInterpolationFilter::filterHor,[17]
,,0.0,0.031029,  TComInterpolationFilter::filterVer,[67]
,,,,,
,,0.0,0.543240,  TComPrediction::xPredInterBi,[14]
[16],28.93,0.0,0.543240,TComPrediction::xPredInterUni,[16]
,,0.015490,0.527751,  TComPrediction::xPredInterBlk,[15]
,,,,,
,,0.0,0.496722,  TComPrediction::xPredInterBlk,[15]
[17],26.45,0.0,0.496722,TComInterpolationFilter::filterHor,[17]
,,0.279410,0.0,  TComInterpolationFilter::filterCopy,[20]
,,0.186258,0.0,"  TComInterpolationFilter::filter<8,0,1,0>",[29]
,,0.031054,0.0,"  TComInterpolationFilter::filter<4,0,1,0>",[65]
,,,,,
,,0.0,0.403953,  TDecTop::xDecodeSlice,[7]
[18],21.51,0.0,0.403953,TDecTop::xActivateParameterSets,[18]
,,0.0,0.403953,  TDecTop::xGetNewPicBuffer,[19]
,,,,,
,,0.0,0.403953,  TDecTop::xActivateParameterSets,[18]
[19],21.51,0.0,0.403953,TDecTop::xGetNewPicBuffer,[19]
,,0.0,0.248242,  TComPic::create,[21]
,,0.0,0.155711,  TComPic::destroy,[28]
,,,,,
,,0.279410,0.0,  TComInterpolationFilter::filterHor,[17]
[20],14.88,0.279410,0.0,TComInterpolationFilter::filterCopy,[20]
,,,,,
,,0.0,0.248242,  TDecTop::xGetNewPicBuffer,[19]
[21],13.22,0.0,0.248242,TComPic::create,[21]
,,0.015555,0.0,  TComPicSym::xInitCtuTsRsAddrMaps,[76]
,,0.0,0.232688,  TComPicSym::create,[22]
,,,,,
,,0.0,0.232688,  TComPic::create,[21]
[22],12.39,0.0,0.232688,TComPicSym::create,[22]
,,0.0,0.217131,  TComDataCU::create,[26]
,,0.0,0.015556,  operator new,[54]
,,,,,
,,0.0,0.217259,  TAppDecTop::decode,[3]
[23],11.57,0.0,0.217259,TAppDecTop::xWriteOutput,[23]
,,0.0,0.217259,  TVideoIOYuv::write,[24]
,,,,,
,,0.0,0.217259,  TAppDecTop::xWriteOutput,[23]
[24],11.57,0.0,0.217259,TVideoIOYuv::write,[24]
,,0.124127,0.093133,  writePlane,[25]
,,,,,
,,0.124127,0.093133,  TVideoIOYuv::write,[24]
[25],11.57,0.124127,0.093133,writePlane,[25]
,,0.0,0.093133,"  std::basic_ostream<char,struct std::char_traits<char> >::write",[47]
,,,,,
,,0.0,0.217131,  TComPicSym::create,[22]
[26],11.56,0.0,0.217131,TComDataCU::create,[26]
,,0.030995,0.015483,  TComCUMvField::create,[55]
,,0.015529,0.0,  memset,[53]
,,0.0,0.139584,  aligned_offset_malloc_base,[38]
,,0.0,0.015541,  operator new,[54]
,,,,,
,,0.030972,0.0,  TComPicYuv::copyToPic,[71]
,,0.170751,0.0,  TComYuv::copyToPicComponent,[32]
[27],10.74,0.201724,0.0,memcpy,[27]
,,,,,
,,0.0,0.031108,  TAppDecTop::xFlushOutput,[61]
,,0.0,0.155711,  TDecTop::xGetNewPicBuffer,[19]
[28],9.95,0.0,0.186819,TComPic::destroy,[28]
,,0.0,0.155504,  TComPicSym::destroy,[36]
,,0.0,0.031315,  TComPicYuv::destroy,[56]
,,,,,
,,0.186258,0.0,  TComInterpolationFilter::filterHor,[17]
[29],9.92,0.186258,0.0,"TComInterpolationFilter::filter<8,0,1,0>",[29]
,,,,,
,,0.186163,0.0,  malloc_base,[31]
[30],9.91,0.186163,0.0,RtlAllocateHeap,[30]
,,,,,
,,0.0,0.139584,  aligned_offset_malloc_base,[38]
,,0.0,0.046580,  operator new,[54]
[31],9.91,0.0,0.186163,malloc_base,[31]
,,0.186163,0.0,  RtlAllocateHeap,[30]
,,,,,
,,0.0,0.170751,  TDecCu::xCopyToPic,[33]
[32],9.09,0.0,0.170751,TComYuv::copyToPicComponent,[32]
,,0.170751,0.0,  memcpy,[27]
,,,,,
,,0.0,0.170751,  TDecCu::xDecompressCU <cycle 4>,[11]
[33],9.09,0.0,0.170751,TDecCu::xCopyToPic,[33]
,,0.0,0.170751,  TComYuv::copyToPicComponent,[32]
,,,,,
,,0.0,0.170555,  TAppDecTop::decode,[3]
[34],9.08,0.0,0.170555,TDecGop::filterPicture,[34]
,,0.0,0.108550,  TComLoopFilter::loopFilterPic,[40]
,,0.0,0.015502,  TComPic::compressMotion,[85]
,,0.0,0.030972,  TComPicYuv::copyToPic,[71]
,,0.0,0.015531,  TComSampleAdaptiveOffset::offsetCTU,[80]
,,,,,
,,0.031048,0.124456,  TComPicSym::destroy,[36]
[35],8.28,0.031048,0.124456,TComDataCU::destroy,[35]
,,0.062169,0.046745,  aligned_free,[37]
,,0.0,0.015542,  free_base,[43]
,,,,,
,,0.0,0.155504,  TComPic::destroy,[28]
[36],8.28,0.0,0.155504,TComPicSym::destroy,[36]
,,0.031048,0.124456,  TComDataCU::destroy,[35]
,,,,,
,,0.0,0.031315,  TComPicYuv::destroy,[56]
,,0.062169,0.046745,  TComDataCU::destroy,[35]
[37],7.47,0.062169,0.078060,aligned_free,[37]
,,0.0,0.078060,  free_base,[43]
,,,,,
,,0.0,0.139584,  TComDataCU::create,[26]
[38],7.43,0.0,0.139584,aligned_offset_malloc_base,[38]
,,0.0,0.139584,  malloc_base,[31]
,,,,,
,,0.031090,0.077460,  TComLoopFilter::loopFilterPic,[40]
[39],5.78,0.031090,0.077460,<cycle 5 as a whole>,[39]
,,0.031090,0.077460,  TComLoopFilter::xDeblockCU <cycle 5>,[41]
,,,,,
,,0.0,0.108550,  TDecGop::filterPicture,[34]
[40],5.78,0.0,0.108550,TComLoopFilter::loopFilterPic,[40]
,,0.031090,0.077460,  TComLoopFilter::xDeblockCU <cycle 5>,[41]
,,,,,
,,,,  TComLoopFilter::xDeblockCU <cycle 5>,[41]
,,0.031090,0.077460,  TComLoopFilter::loopFilterPic,[40]
[41],5.78,0.031090,0.077460,TComLoopFilter::xDeblockCU <cycle 5>,[41]
,,0.031003,0.0,  TComLoopFilter::xGetBoundaryStrengthSingle,[68]
,,0.015522,0.0,  TComLoopFilter::xEdgeFilterChroma,[81]
,,0.015484,0.0,  TComLoopFilter::xSetEdgefilterTU <cycle 6>,[93]
,,0.015451,0.0,  TComLoopFilter::xEdgeFilterLuma,[94]
,,,,  TComLoopFilter::xDeblockCU <cycle 5>,[41]
,,,,,
,,0.093602,0.0,  free_base,[43]
[42],4.98,0.093602,0.0,RtlFreeHeap,[42]
,,,,,
,,0.0,0.015542,  TComDataCU::destroy,[35]
,,0.0,0.078060,  aligned_free,[37]
[43],4.98,0.0,0.093602,free_base,[43]
,,0.093602,0.0,  RtlFreeHeap,[42]
,,,,,
,,0.093133,0.0,  write_nolock,[50]
[44],4.96,0.093133,0.0,WriteFile,[44]
,,,,,
,,0.0,0.093133,  fputc,[46]
[45],4.96,0.0,0.093133,_acrt_stdio_flush_and_write_narrow_nolock,[45]
,,0.0,0.093133,  write_buffer_nolock<char>,[49]
,,,,,
,,0.0,0.093133,"  std::basic_ostream<char,struct std::char_traits<char> >::write",[47]
[46],4.96,0.0,0.093133,fputc,[46]
,,0.0,0.093133,  _acrt_stdio_flush_and_write_narrow_nolock,[45]
,,,,,
,,0.0,0.093133,  writePlane,[25]
[47],4.96,0.0,0.093133,"std::basic_ostream<char,struct std::char_traits<char> >::write",[47]
,,0.0,0.093133,  fputc,[46]
,,,,,
,,0.0,0.093133,  write_buffer_nolock<char>,[49]
[48],4.96,0.0,0.093133,write,[48]
,,0.0,0.093133,  write_nolock,[50]
,,,,,
,,0.0,0.093133,  _acrt_stdio_flush_and_write_narrow_nolock,[45]
[49],4.96,0.0,0.093133,write_buffer_nolock<char>,[49]
,,0.0,0.093133,  write,[48]
,,,,,
,,0.0,0.093133,  write,[48]
[50],4.96,0.0,0.093133,write_nolock,[50]
,,0.093133,0.0,  WriteFile,[44]
,,,,,
,,0.046540,0.046587,  TDecSlice::decompressSlice,[9]
[51],4.96,0.046540,0.046587,TComDataCU::initCtu,[51]
,,0.046587,0.0,  memset,[53]
,,,,,
,,0.077486,0.015544,  TComPrediction::xPredInterBi,[14]
[52],4.95,0.077486,0.015544,TComYuv::addAvg,[52]
,,0.015544,0.0,  TComYuv::getAddr,[77]
,,,,,
,,0.015529,0.0,  TComDataCU::create,[26]
,,0.046587,0.0,  TComDataCU::initCtu,[51]
[53],3.31,0.062117,0.0,memset,[53]
,,,,,
,,0.0,0.015483,  TComCUMvField::create,[55]
,,0.0,0.015541,  TComDataCU::create,[26]
,,0.0,0.015556,  TComPicSym::create,[22]
[54],2.48,0.0,0.046580,operator new,[54]
,,0.0,0.046580,  malloc_base,[31]
,,,,,
,,0.030995,0.015483,  TComDataCU::create,[26]
[55],2.47,0.030995,0.015483,TComCUMvField::create,[55]
,,0.0,0.015483,  operator new,[54]
,,,,,
,,0.0,0.031315,  TComPic::destroy,[28]
[56],1.67,0.0,0.031315,TComPicYuv::destroy,[56]
,,0.0,0.031315,  aligned_free,[37]
,,,,,
,,0.0,0.015555,  TComTrQuant::invRecurTransformNxN <cycle 3>,[63]
,,0.0,0.015629,  TDecCu::xIntraRecBlk,[73]
[57],1.66,0.0,0.031184,TComTrQuant::invTransformNxN,[57]
,,0.0,0.031184,  TComTrQuant::xIT,[58]
,,,,,
,,0.0,0.031184,  TComTrQuant::invTransformNxN,[57]
[58],1.66,0.0,0.031184,TComTrQuant::xIT,[58]
,,0.0,0.031184,  xITrMxN,[60]
,,,,,
,,0.031184,0.0,  xITrMxN,[60]
[59],1.66,0.031184,0.0,partialButterflyInverse32,[59]
,,,,,
,,0.0,0.031184,  TComTrQuant::xIT,[58]
[60],1.66,0.0,0.031184,xITrMxN,[60]
,,0.031184,0.0,  partialButterflyInverse32,[59]
,,,,,
,,0.0,0.031108,  TAppDecTop::decode,[3]
[61],1.66,0.0,0.031108,TAppDecTop::xFlushOutput,[61]
,,0.0,0.031108,  TComPic::destroy,[28]
,,,,,
,,0.015547,0.015555,  TDecCu::xDecodeInterTexture,[64]
[62],1.66,0.015547,0.015555,<cycle 3 as a whole>,[62]
,,0.015547,0.015555,  TComTrQuant::invRecurTransformNxN <cycle 3>,[63]
,,,,,
,,,,  TComTrQuant::invRecurTransformNxN <cycle 3>,[63]
,,0.015547,0.015555,  TDecCu::xDecodeInterTexture,[64]
[63],1.66,0.015547,0.015555,TComTrQuant::invRecurTransformNxN <cycle 3>,[63]
,,,,  TComTrQuant::invRecurTransformNxN <cycle 3>,[63]
,,0.0,0.015555,  TComTrQuant::invTransformNxN,[57]
,,,,,
,,0.0,0.031102,  TDecCu::xReconInter,[12]
[64],1.66,0.0,0.031102,TDecCu::xDecodeInterTexture,[64]
,,0.015547,0.015555,  TComTrQuant::invRecurTransformNxN <cycle 3>,[63]
,,,,,
,,0.031054,0.0,  TComInterpolationFilter::filterHor,[17]
[65],1.65,0.031054,0.0,"TComInterpolationFilter::filter<4,0,1,0>",[65]
,,,,,
,,0.031034,0.0,  TDecTop::xDecodeSlice,[7]
[66],1.65,0.031034,0.0,TComTrQuant::setErrScaleCoeff,[66]
,,,,,
,,0.0,0.031029,  TComPrediction::xPredInterBlk,[15]
[67],1.65,0.0,0.031029,TComInterpolationFilter::filterVer,[67]
,,0.015535,0.0,"  TComInterpolationFilter::filter<8,1,1,0>",[78]
,,0.015493,0.0,"  TComInterpolationFilter::filter<8,1,0,0>",[86]
,,,,,
,,0.031003,0.0,  TComLoopFilter::xDeblockCU <cycle 5>,[41]
[68],1.65,0.031003,0.0,TComLoopFilter::xGetBoundaryStrengthSingle,[68]
,,,,,
,,0.0,0.031003,  TDecSlice::decompressSlice,[9]
[69],1.65,0.0,0.031003,<cycle 1 as a whole>,[69]
,,0.0,0.031003,  TDecCu::xDecodeCU <cycle 1>,[70]
,,,,,
,,,,  TDecCu::xDecodeCU <cycle 1>,[70]
,,0.0,0.031003,  TDecSlice::decompressSlice,[9]
[70],1.65,0.0,0.031003,TDecCu::xDecodeCU <cycle 1>,[70]
,,,,  TDecCu::xDecodeCU <cycle 1>,[70]
,,0.0,0.015511,  TDecCu::xFinishDecodeCU,[83]
,,0.0,0.015491,  TDecEntropy::decodePredInfo,[88]
,,,,,
,,0.0,0.030972,  TDecGop::filterPicture,[34]
[71],1.65,0.0,0.030972,TComPicYuv::copyToPic,[71]
,,0.030972,0.0,  memcpy,[27]
,,,,,
,,0.0,0.030917,  TDecCu::xReconIntraQT,[75]
[72],1.65,0.0,0.030917,<cycle 2 as a whole>,[72]
,,0.0,0.030917,  TDecCu::xIntraRecQT <cycle 2>,[74]
,,,,,
,,0.015287,0.015629,  TDecCu::xIntraRecQT <cycle 2>,[74]
[73],1.65,0.015287,0.015629,TDecCu::xIntraRecBlk,[73]
,,0.0,0.015629,  TComTrQuant::invTransformNxN,[57]
,,,,,
,,,,  TDecCu::xIntraRecQT <cycle 2>,[74]
,,0.0,0.030917,  TDecCu::xReconIntraQT,[75]
[74],1.65,0.0,0.030917,TDecCu::xIntraRecQT <cycle 2>,[74]
,,0.015287,0.015629,  TDecCu::xIntraRecBlk,[73]
,,,,  TDecCu::xIntraRecQT <cycle 2>,[74]
,,,,,
,,0.0,0.030917,  TDecCu::xDecompressCU <cycle 4>,[11]
[75],1.65,0.0,0.030917,TDecCu::xReconIntraQT,[75]
,,0.0,0.030917,  TDecCu::xIntraRecQT <cycle 2>,[74]
,,,,,
,,0.015555,0.0,  TComPic::create,[21]
[76],0.83,0.015555,0.0,TComPicSym::xInitCtuTsRsAddrMaps,[76]
,,,,,
,,0.015544,0.0,  TComYuv::addAvg,[52]
[77],0.83,0.015544,0.0,TComYuv::getAddr,[77]
,,,,,
,,0.015535,0.0,  TComInterpolationFilter::filterVer,[67]
[78],0.83,0.015535,0.0,"TComInterpolationFilter::filter<8,1,1,0>",[78]
,,,,,
,,0.015531,0.0,  TComSampleAdaptiveOffset::offsetCTU,[80]
[79],0.83,0.015531,0.0,TComSampleAdaptiveOffset::offsetBlock,[79]
,,,,,
,,0.0,0.015531,  TDecGop::filterPicture,[34]
[80],0.83,0.0,0.015531,TComSampleAdaptiveOffset::offsetCTU,[80]
,,0.015531,0.0,  TComSampleAdaptiveOffset::offsetBlock,[79]
,,,,,
,,0.015522,0.0,  TComLoopFilter::xDeblockCU <cycle 5>,[41]
[81],0.83,0.015522,0.0,TComLoopFilter::xEdgeFilterChroma,[81]
,,,,,
,,0.015511,0.0,  TDecCu::xFinishDecodeCU,[83]
[82],0.83,0.015511,0.0,TComDataCU::isLastSubCUOfCtu,[82]
,,,,,
,,0.0,0.015511,  TDecCu::xDecodeCU <cycle 1>,[70]
[83],0.83,0.0,0.015511,TDecCu::xFinishDecodeCU,[83]
,,0.015511,0.0,  TComDataCU::isLastSubCUOfCtu,[82]
,,,,,
,,0.015502,0.0,  TComPic::compressMotion,[85]
[84],0.83,0.015502,0.0,TComCUMvField::compress,[84]
,,,,,
,,0.0,0.015502,  TDecGop::filterPicture,[34]
[85],0.83,0.0,0.015502,TComPic::compressMotion,[85]
,,0.015502,0.0,  TComCUMvField::compress,[84]
,,,,,
,,0.015493,0.0,  TComInterpolationFilter::filterVer,[67]
[86],0.82,0.015493,0.0,"TComInterpolationFilter::filter<8,1,0,0>",[86]
,,,,,
,,0.015491,0.0,  TDecSbac::parseIntraDirLumaAng,[89]
[87],0.82,0.015491,0.0,TComDataCU::getIntraDirPredictor,[87]
,,,,,
,,0.0,0.015491,  TDecCu::xDecodeCU <cycle 1>,[70]
[88],0.82,0.0,0.015491,TDecEntropy::decodePredInfo,[88]
,,0.0,0.015491,  TDecSbac::parseIntraDirLumaAng,[89]
,,,,,
,,0.0,0.015491,  TDecEntropy::decodePredInfo,[88]
[89],0.82,0.0,0.015491,TDecSbac::parseIntraDirLumaAng,[89]
,,0.015491,0.0,  TComDataCU::getIntraDirPredictor,[87]
,,,,,
,,0.015488,0.0,  TComSlice::setRefPicList,[91]
[90],0.82,0.015488,0.0,TComPicYuv::extendPicBorder,[90]
,,,,,
,,0.0,0.015488,  TDecTop::xDecodeSlice,[7]
[91],0.82,0.0,0.015488,TComSlice::setRefPicList,[91]
,,0.015488,0.0,  TComPicYuv::extendPicBorder,[90]
,,,,,
,,0.015484,0.0,  TComLoopFilter::xDeblockCU <cycle 5>,[41]
[92],0.82,0.015484,0.0,<cycle 6 as a whole>,[92]
,,0.015484,0.0,  TComLoopFilter::xSetEdgefilterTU <cycle 6>,[93]
,,,,,
,,,,  TComLoopFilter::xSetEdgefilterTU <cycle 6>,[93]
,,0.015484,0.0,  TComLoopFilter::xDeblockCU <cycle 5>,[41]
[93],0.82,0.015484,0.0,TComLoopFilter::xSetEdgefilterTU <cycle 6>,[93]
,,,,  TComLoopFilter::xSetEdgefilterTU <cycle 6>,[93]
,,,,,
,,0.015451,0.0,  TComLoopFilter::xDeblockCU <cycle 5>,[41]
[94],0.82,0.015451,0.0,TComLoopFilter::xEdgeFilterLuma,[94]
,,,,,


Index by function name

Index,Function
[1],BaseThreadInitThunk
[30],RtlAllocateHeap
[42],RtlFreeHeap
[2],RtlUserThreadStart
[3],TAppDecTop::decode
[61],TAppDecTop::xFlushOutput
[23],TAppDecTop::xWriteOutput
[84],TComCUMvField::compress
[55],TComCUMvField::create
[26],TComDataCU::create
[35],TComDataCU::destroy
[87],TComDataCU::getIntraDirPredictor
[51],TComDataCU::initCtu
[82],TComDataCU::isLastSubCUOfCtu
[65],"TComInterpolationFilter::filter<4,0,1,0>"
[29],"TComInterpolationFilter::filter<8,0,1,0>"
[86],"TComInterpolationFilter::filter<8,1,0,0>"
[78],"TComInterpolationFilter::filter<8,1,1,0>"
[20],TComInterpolationFilter::filterCopy
[17],TComInterpolationFilter::filterHor
[67],TComInterpolationFilter::filterVer
[40],TComLoopFilter::loopFilterPic
[41],TComLoopFilter::xDeblockCU
[81],TComLoopFilter::xEdgeFilterChroma
[94],TComLoopFilter::xEdgeFilterLuma
[68],TComLoopFilter::xGetBoundaryStrengthSingle
[93],TComLoopFilter::xSetEdgefilterTU
[85],TComPic::compressMotion
[21],TComPic::create
[28],TComPic::destroy
[22],TComPicSym::create
[36],TComPicSym::destroy
[76],TComPicSym::xInitCtuTsRsAddrMaps
[71],TComPicYuv::copyToPic
[56],TComPicYuv::destroy
[90],TComPicYuv::extendPicBorder
[13],TComPrediction::motionCompensation
[14],TComPrediction::xPredInterBi
[15],TComPrediction::xPredInterBlk
[16],TComPrediction::xPredInterUni
[79],TComSampleAdaptiveOffset::offsetBlock
[80],TComSampleAdaptiveOffset::offsetCTU
[91],TComSlice::setRefPicList
[63],TComTrQuant::invRecurTransformNxN
[57],TComTrQuant::invTransformNxN
[66],TComTrQuant::setErrScaleCoeff
[58],TComTrQuant::xIT
[52],TComYuv::addAvg
[32],TComYuv::copyToPicComponent
[77],TComYuv::getAddr
[33],TDecCu::xCopyToPic
[70],TDecCu::xDecodeCU
[64],TDecCu::xDecodeInterTexture
[11],TDecCu::xDecompressCU
[83],TDecCu::xFinishDecodeCU
[73],TDecCu::xIntraRecBlk
[74],TDecCu::xIntraRecQT
[12],TDecCu::xReconInter
[75],TDecCu::xReconIntraQT
[88],TDecEntropy::decodePredInfo
[8],TDecGop::decompressSlice
[34],TDecGop::filterPicture
[89],TDecSbac::parseIntraDirLumaAng
[9],TDecSlice::decompressSlice
[6],TDecTop::decode
[18],TDecTop::xActivateParameterSets
[7],TDecTop::xDecodeSlice
[19],TDecTop::xGetNewPicBuffer
[24],TVideoIOYuv::write
[44],WriteFile
[45],_acrt_stdio_flush_and_write_narrow_nolock
[4],_scrt_common_main_seh
[37],aligned_free
[38],aligned_offset_malloc_base
[46],fputc
[43],free_base
[5],main
[31],malloc_base
[27],memcpy
[53],memset
[54],operator new
[59],partialButterflyInverse32
[47],"std::basic_ostream<char,struct std::char_traits<char> >::write"
[48],write
[25],writePlane
[49],write_buffer_nolock<char>
[50],write_nolock
[60],xITrMxN
[69],<cycle 1>
[72],<cycle 2>
[62],<cycle 3>
[10],<cycle 4>
[39],<cycle 5>
[92],<cycle 6>
