Index,% CPU Time:Total,CPU Time:Self,CPU Time:Children,Name,Index
,,0.0,8.170727,  RtlUserThreadStart,[2]
[1],100.0,0.0,8.170727,BaseThreadInitThunk,[1]
,,0.0,8.170727,  _scrt_common_main_seh,[3]
,,,,,
,,,,  <spontaneous>,
[2],100.0,0.0,8.170727,RtlUserThreadStart,[2]
,,0.0,8.170727,  BaseThreadInitThunk,[1]
,,,,,
,,0.0,8.170727,  BaseThreadInitThunk,[1]
[3],100.0,0.0,8.170727,_scrt_common_main_seh,[3]
,,0.019329,0.045422,  exit,[93]
,,0.0,0.004155,  initterm,[193]
,,0.0,8.101821,  main,[5]
,,,,,
,,0.0,8.101821,  main,[5]
[4],99.16,0.0,8.101821,DecApp::decode,[4]
,,0.002268,0.0,  free_base,[76]
,,0.0,0.010462,  DecApp::xCreateDecLib,[189]
,,0.0,0.010807,  DecApp::xDestroyDecLib,[186]
,,0.0,0.015626,  DecApp::xFlushOutput,[143]
,,0.0,0.164543,  DecApp::xWriteOutput,[51]
,,0.0,5.378821,  DecLib::decode,[6]
,,0.0,1.570020,  DecLib::executeLoopFilters,[19]
,,0.0,0.078718,  DecLib::finishPicture,[77]
,,0.0,0.870555,  byteStreamNALUnit,[26]
,,,,,
,,0.0,8.101821,  _scrt_common_main_seh,[3]
[5],99.16,0.0,8.101821,main,[5]
,,0.0,8.101821,  DecApp::decode,[4]
,,,,,
,,0.0,5.378821,  DecApp::decode,[4]
[6],65.83,0.0,5.378821,DecLib::decode,[6]
,,0.0,5.378821,  DecLib::xDecodeSlice,[7]
,,,,,
,,0.0,5.378821,  DecLib::decode,[6]
[7],65.83,0.0,5.378821,DecLib::xDecodeSlice,[7]
,,0.0,0.078026,  DecLib::xActivateParameterSets,[78]
,,0.0,5.300795,  DecSlice::decompressSlice,[8]
,,,,,
,,0.0,5.300795,  DecLib::xDecodeSlice,[7]
[8],64.88,0.0,5.300795,DecSlice::decompressSlice,[8]
,,0.0,3.825460,  CABACReader::coding_tree_unit,[11]
,,0.0,1.475335,  DecCu::decompressCtu,[20]
,,,,,
,,,,  CABACReader::coding_tree <cycle 1>,[9]
,,0.031117,3.794343,  CABACReader::coding_tree_unit,[11]
[9],46.82,0.031117,3.794343,CABACReader::coding_tree <cycle 1>,[9]
,,0.015581,0.0,  QTBTPartitioner::nextPart,[155]
,,0.015567,0.0,  QTBTPartitioner::exitCurrSplit,[160]
,,0.015530,0.046621,  CodingStructure::addCU,[98]
,,,,  CABACReader::coding_tree <cycle 1>,[9]
,,0.0,3.436687,  CABACReader::coding_unit,[12]
,,0.0,0.124382,  CABACReader::split_cu_mode,[63]
,,0.0,0.015551,  CS::getArea,[86]
,,0.0,0.046577,  QTBTPartitioner::canSplit,[73]
,,0.0,0.077848,  QTBTPartitioner::splitCurrArea,[81]
,,,,,
,,0.031117,3.794343,  CABACReader::coding_tree_unit,[11]
[10],46.82,0.031117,3.794343,<cycle 1 as a whole>,[10]
,,0.031117,3.794343,  CABACReader::coding_tree <cycle 1>,[9]
,,,,,
,,0.0,3.825460,  DecSlice::decompressSlice,[8]
[11],46.82,0.0,3.825460,CABACReader::coding_tree_unit,[11]
,,0.031117,3.794343,  CABACReader::coding_tree <cycle 1>,[9]
,,,,,
,,0.0,3.436687,  CABACReader::coding_tree <cycle 1>,[9]
[12],42.06,0.0,3.436687,CABACReader::coding_unit,[12]
,,0.031086,0.031164,  CodingStructure::addPU,[96]
,,0.015582,0.139940,  CABACReader::cu_pred_data,[56]
,,0.015526,3.203389,  CABACReader::cu_residual,[13]
,,,,,
,,0.015526,3.203389,  CABACReader::coding_unit,[12]
[13],39.4,0.015526,3.203389,CABACReader::cu_residual,[13]
,,0.031158,3.063256,  CABACReader::transform_tree <cycle 2>,[14]
,,0.015554,0.0,  CU::getISPType,[164]
,,0.015549,0.0,  _security_check_cookie,[62]
,,0.0,0.062267,  TUIntraSubPartitioner::TUIntraSubPartitioner,[94]
,,0.0,0.015605,  `eh vector destructor iterator',[147]
,,,,,
,,,,  CABACReader::transform_tree <cycle 2>,[14]
,,0.031158,3.063256,  CABACReader::cu_residual,[13]
[14],37.87,0.031158,3.063256,CABACReader::transform_tree <cycle 2>,[14]
,,0.124462,0.077783,  CodingStructure::addTU,[44]
,,0.046652,2.581198,  CABACReader::transform_unit,[16]
,,0.015591,0.062199,  AreaBuf<int>::fill,[88]
,,0.015559,0.0,  CodingStructure::getCU,[57]
,,0.015514,0.015442,  QTBTPartitioner::canSplit,[73]
,,0.0,0.015510,  AreaBuf<short>::fill,[130]
,,,,  CABACReader::transform_tree <cycle 2>,[14]
,,0.0,0.062248,  CS::getArea,[86]
,,0.0,0.031100,  TUIntraSubPartitioner::splitCurrArea,[124]
,,,,,
,,0.031158,3.063256,  CABACReader::cu_residual,[13]
[15],37.87,0.031158,3.063256,<cycle 2 as a whole>,[15]
,,0.031158,3.063256,  CABACReader::transform_tree <cycle 2>,[14]
,,,,,
,,0.046652,2.581198,  CABACReader::transform_tree <cycle 2>,[14]
[16],32.16,0.046652,2.581198,CABACReader::transform_unit,[16]
,,0.031169,2.503359,  CABACReader::residual_coding,[17]
,,0.0,0.046669,  CABACReader::cbf_comp,[110]
,,,,,
,,0.031169,2.503359,  CABACReader::transform_unit,[16]
[17],31.02,0.031169,2.503359,CABACReader::residual_coding,[17]
,,0.357737,1.554884,  CABACReader::residual_coding_subblock,[18]
,,0.093281,0.0,  CoeffCodingContext::initSubblock,[65]
,,0.015538,0.0,  CoeffCodingContext::CoeffCodingContext,[176]
,,0.0,0.077699,  CABACReader::last_sig_coeff,[91]
,,0.0,0.015542,  CABACReader::mts_coding,[173]
,,0.0,0.388678,  CABACReader::residual_codingTS,[32]
,,,,,
,,0.357737,1.554884,  CABACReader::residual_coding,[17]
[18],23.41,0.357737,1.554884,CABACReader::residual_coding_subblock,[18]
,,0.450788,0.311102,  TBinDecoder<class BinProbModel_Std>::decodeBin,[24]
,,0.342364,0.0,  CoeffCodingContext::sigCtxIdAbs,[36]
,,0.233060,0.0,  CoeffCodingContext::templateAbsSum,[43]
,,0.046547,0.015570,  BinDecoderBase::decodeBinsEP,[72]
,,0.031158,0.077708,  BinDecoderBase::decodeRemAbsEP,[69]
,,0.031033,0.0,  CoeffCodingContext::ctxOffsetAbs,[131]
,,0.015555,0.0,  _security_check_cookie,[62]
,,,,,
,,0.0,1.570020,  DecApp::decode,[4]
[19],19.22,0.0,1.570020,DecLib::executeLoopFilters,[19]
,,0.015585,0.062152,  CS::setRefinedMotionField,[89]
,,0.0,0.357580,  AdaptiveLoopFilter::ALFProcess,[35]
,,0.0,0.948259,  LoopFilter::loopFilterPic,[25]
,,0.0,0.186443,  SampleAdaptiveOffset::SAOProcess,[47]
,,,,,
,,0.0,1.475335,  DecSlice::decompressSlice,[8]
[20],18.06,0.0,1.475335,DecCu::decompressCtu,[20]
,,0.015577,0.093285,  InterPrediction::xFillIBCBuffer,[70]
,,0.0,1.366473,  DecCu::xReconIntraQT,[23]
,,,,,
,,0.031103,1.335370,  DecCu::xIntraRecQT,[22]
[21],16.72,0.031103,1.335370,DecCu::xIntraRecBlk,[21]
,,0.046717,0.015536,  AreaBuf<short>::reconstruct,[95]
,,0.046717,0.0,  IntraPrediction::xGetLumaRecPixels,[107]
,,0.046590,0.139995,  IntraPrediction::predIntraAng,[45]
,,0.015593,0.0,  CU::isPredRegDiffFromTB,[150]
,,0.015563,0.684059,  TrQuant::invTransformNxN,[30]
,,0.015557,0.140100,  AreaBuf<short>::copyFrom,[39]
,,0.0,0.015534,  AreaBuf<short>::fill,[130]
,,0.0,0.077812,  IntraPrediction::initIntraPatternChType,[84]
,,0.0,0.075597,  IntraPrediction::initIntraPatternChTypeISP,[92]
,,,,,
,,0.0,1.366473,  DecCu::xReconIntraQT,[23]
[22],16.72,0.0,1.366473,DecCu::xIntraRecQT,[22]
,,0.031103,1.335370,  DecCu::xIntraRecBlk,[21]
,,,,,
,,0.0,1.366473,  DecCu::decompressCtu,[20]
[23],16.72,0.0,1.366473,DecCu::xReconIntraQT,[23]
,,0.0,1.366473,  DecCu::xIntraRecQT,[22]
,,,,,
,,0.0,0.015541,  CABACReader::split_cu_mode,[63]
,,0.015544,0.0,  CABACReader::isp_mode,[127]
,,0.031067,0.031111,  CABACReader::last_sig_coeff,[91]
,,0.031170,0.0,  CABACReader::cbf_comp,[110]
,,0.062170,0.062246,  CABACReader::residual_coding_subblockTS,[34]
,,0.450788,0.311102,  CABACReader::residual_coding_subblock,[18]
[24],12.37,0.590738,0.420001,TBinDecoder<class BinProbModel_Std>::decodeBin,[24]
,,0.357763,0.0,  BinProbModel_Std::update,[33]
,,0.046697,0.015541,  InputBitstream::readByte,[85]
,,,,,
,,0.0,0.948259,  DecLib::executeLoopFilters,[19]
[25],11.61,0.0,0.948259,LoopFilter::loopFilterPic,[25]
,,0.124497,0.699376,  LoopFilter::xDeblockCU,[28]
,,0.046699,0.046651,  CodingStructure::traverseCUs,[75]
,,0.031036,0.0,  memset,[49]
,,,,,
,,0.0,0.870555,  DecApp::decode,[4]
[26],10.65,0.0,0.870555,byteStreamNALUnit,[26]
,,0.108654,0.761901,  byteStreamNALUnit,[27]
,,,,,
,,0.108654,0.761901,  byteStreamNALUnit,[26]
[27],10.65,0.108654,0.761901,byteStreamNALUnit,[27]
,,0.062100,0.0,"  std::vector<unsigned char,class std::allocator<unsigned char> >::emplace_back<unsigned char>",[100]
,,0.046606,0.653195,  InputByteStream::eofBeforeNBytes,[29]
,,,,,
,,0.124497,0.699376,  LoopFilter::loopFilterPic,[25]
[28],10.08,0.124497,0.699376,LoopFilter::xDeblockCU,[28]
,,0.170935,0.0,  LoopFilter::xSetEdgefilterMultiple,[50]
,,0.077914,0.0,  LoopFilter::xEdgeFilterLuma,[79]
,,0.062259,0.108799,  LoopFilter::xSetMaxFilterLengthPQFromTransformSizes,[48]
,,0.062036,0.0,  CU::traversePUs,[74]
,,0.031082,0.093175,  LoopFilter::xGetBoundaryStrengthSingle,[66]
,,0.015551,0.031040,  LoopFilter::xEdgeFilterChroma,[113]
,,0.015483,0.0,  CU::traverseTUs,[132]
,,0.0,0.031102,  LoopFilter::xSetLoopfilterParam,[122]
,,,,,
,,0.046606,0.653195,  byteStreamNALUnit,[27]
[29],8.56,0.046606,0.653195,InputByteStream::eofBeforeNBytes,[29]
,,0.606356,0.0,"  std::basic_istream<char,struct std::char_traits<char> >::get",[31]
,,0.046838,0.0,  _security_check_cookie,[62]
,,,,,
,,0.015563,0.684059,  DecCu::xIntraRecBlk,[21]
[30],8.56,0.015563,0.684059,TrQuant::invTransformNxN,[30]
,,0.046620,0.295430,  TrQuant::xIT,[37]
,,0.015584,0.310872,  DepQuant::dequant,[38]
,,0.015553,0.0,  TrQuant::xDeQuant,[165]
,,,,,
,,0.606356,0.0,  InputByteStream::eofBeforeNBytes,[29]
[31],7.42,0.606356,0.0,"std::basic_istream<char,struct std::char_traits<char> >::get",[31]
,,,,,
,,0.0,0.388678,  CABACReader::residual_coding,[17]
[32],4.76,0.0,0.388678,CABACReader::residual_codingTS,[32]
,,0.155432,0.202184,  CABACReader::residual_coding_subblockTS,[34]
,,0.031062,0.0,  CoeffCodingContext::initSubblock,[65]
,,,,,
,,0.357763,0.0,  TBinDecoder<class BinProbModel_Std>::decodeBin,[24]
[33],4.38,0.357763,0.0,BinProbModel_Std::update,[33]
,,,,,
,,0.155432,0.202184,  CABACReader::residual_codingTS,[32]
[34],4.38,0.155432,0.202184,CABACReader::residual_coding_subblockTS,[34]
,,0.062170,0.062246,  TBinDecoder<class BinProbModel_Std>::decodeBin,[24]
,,0.031149,0.0,  CoeffCodingContext::signCtxIdAbsTS,[119]
,,0.031097,0.0,  BinDecoderBase::decodeBinEP,[90]
,,0.015523,0.0,  CoeffCodingContext::sigCtxIdAbsTS,[179]
,,,,,
,,0.0,0.357580,  DecLib::executeLoopFilters,[19]
[35],4.38,0.0,0.357580,AdaptiveLoopFilter::ALFProcess,[35]
,,0.186444,0.0,  simdFilter7x7Blk<4>,[46]
,,0.062063,0.0,  simdFilter5x5Blk<4>,[101]
,,0.0,0.077846,  AdaptiveLoopFilter::deriveClassification,[82]
,,0.0,0.031226,  UnitBuf<short>::copyFrom,[80]
,,,,,
,,0.342364,0.0,  CABACReader::residual_coding_subblock,[18]
[36],4.19,0.342364,0.0,CoeffCodingContext::sigCtxIdAbs,[36]
,,,,,
,,0.046620,0.295430,  TrQuant::invTransformNxN,[30]
[37],4.19,0.046620,0.295430,TrQuant::xIT,[37]
,,0.264359,0.0,  fastInverseDCT2_B32,[41]
,,0.015575,0.0,  fastInverseDST7_B16,[156]
,,0.015496,0.0,  fastInverseDCT2_B16,[182]
,,,,,
,,0.015584,0.310872,  TrQuant::invTransformNxN,[30]
[38],4.0,0.015584,0.310872,DepQuant::dequant,[38]
,,0.264245,0.015598,  DQIntern::Quantizer::dequantBlock,[40]
,,0.031030,0.0,  Quant::dequant,[133]
,,,,,
,,0.0,0.077905,  UnitBuf<short>::copyFrom,[80]
,,0.015557,0.140100,  DecCu::xIntraRecBlk,[21]
,,0.031129,0.046609,  InterPrediction::xFillIBCBuffer,[70]
[39],3.81,0.046686,0.264614,AreaBuf<short>::copyFrom,[39]
,,0.249062,0.0,  memcpy,[42]
,,0.015551,0.0,  [Import thunk memcpy],[166]
,,,,,
,,0.264245,0.015598,  DepQuant::dequant,[38]
[40],3.42,0.264245,0.015598,DQIntern::Quantizer::dequantBlock,[40]
,,0.015598,0.0,  TransformUnit::getCoeffs,[149]
,,,,,
,,0.264359,0.0,  TrQuant::xIT,[37]
[41],3.24,0.264359,0.0,fastInverseDCT2_B32,[41]
,,,,,
,,0.249062,0.0,  AreaBuf<short>::copyFrom,[39]
[42],3.05,0.249062,0.0,memcpy,[42]
,,,,,
,,0.233060,0.0,  CABACReader::residual_coding_subblock,[18]
[43],2.85,0.233060,0.0,CoeffCodingContext::templateAbsSum,[43]
,,,,,
,,0.124462,0.077783,  CABACReader::transform_tree <cycle 2>,[14]
[44],2.48,0.124462,0.077783,CodingStructure::addTU,[44]
,,0.0,0.077783,  operator new,[55]
,,,,,
,,0.046590,0.139995,  DecCu::xIntraRecBlk,[21]
[45],2.28,0.046590,0.139995,IntraPrediction::predIntraAng,[45]
,,0.108867,0.0,  IntraPrediction::xPredIntraAng,[68]
,,0.031128,0.0,  IntraPrediction::xPredIntraPlanar,[120]
,,,,,
,,0.186444,0.0,  AdaptiveLoopFilter::ALFProcess,[35]
[46],2.28,0.186444,0.0,simdFilter7x7Blk<4>,[46]
,,,,,
,,0.0,0.186443,  DecLib::executeLoopFilters,[19]
[47],2.28,0.0,0.186443,SampleAdaptiveOffset::SAOProcess,[47]
,,0.0,0.139764,  SampleAdaptiveOffset::offsetCTU,[61]
,,0.0,0.046679,  UnitBuf<short>::copyFrom,[80]
,,,,,
,,0.062259,0.108799,  LoopFilter::xDeblockCU,[28]
[48],2.09,0.062259,0.108799,LoopFilter::xSetMaxFilterLengthPQFromTransformSizes,[48]
,,0.108799,0.0,  CodingStructure::getTU,[71]
,,,,,
,,0.015576,0.0,  CodingStructure::clearPUs,[136]
,,0.015596,0.0,  CodingStructure::initStructData,[105]
,,0.015604,0.0,  CodingStructure::clearTUs,[135]
,,0.031036,0.0,  LoopFilter::loopFilterPic,[25]
,,0.031044,0.0,  AreaBuf<short>::fill,[130]
,,0.062199,0.0,  AreaBuf<int>::fill,[88]
[49],2.09,0.171055,0.0,memset,[49]
,,,,,
,,0.170935,0.0,  LoopFilter::xDeblockCU,[28]
[50],2.09,0.170935,0.0,LoopFilter::xSetEdgefilterMultiple,[50]
,,,,,
,,0.0,0.164543,  DecApp::decode,[4]
[51],2.01,0.0,0.164543,DecApp::xWriteOutput,[51]
,,0.0,0.164543,  VideoIOYuv::write,[52]
,,,,,
,,0.0,0.164543,  DecApp::xWriteOutput,[51]
[52],2.01,0.0,0.164543,VideoIOYuv::write,[52]
,,0.046491,0.118052,  writePlane,[53]
,,,,,
,,0.046491,0.118052,  VideoIOYuv::write,[52]
[53],2.01,0.046491,0.118052,writePlane,[53]
,,0.118052,0.0,"  std::basic_ostream<char,struct std::char_traits<char> >::write",[67]
,,,,,
,,0.155613,0.0,  operator new,[55]
[54],1.9,0.155613,0.0,malloc_base,[54]
,,,,,
,,0.0,0.015546,  CodingStructure::addCU,[98]
,,0.0,0.015603,  CodingStructure::addPU,[96]
,,0.0,0.077783,  CodingStructure::addTU,[44]
,,0.0,0.015571,"  std::vector<UnitArea,std::allocator<UnitArea> >::_Resize<<lambda_d78323a2134c02019bcc3999c203baa5> >",[125]
,,0.0,0.031111,"  std::vector<struct UnitArea,class std::allocator<struct UnitArea> >::_Range_construct_or_tidy<struct UnitArea const *>",[121]
[55],1.9,0.0,0.155613,operator new,[55]
,,0.155613,0.0,  malloc_base,[54]
,,,,,
,,0.015582,0.139940,  CABACReader::coding_unit,[12]
[56],1.9,0.015582,0.139940,CABACReader::cu_pred_data,[56]
,,0.031102,0.093251,  CABACReader::intra_luma_pred_modes,[64]
,,0.015587,0.0,  CABACReader::intra_chroma_pred_modes,[152]
,,,,,
,,0.015500,0.0,  CABACReader::cbf_comp,[110]
,,0.015551,0.0,  LoopFilter::xEdgeFilterChroma,[113]
,,0.015557,0.0,  LoopFilter::xSetLoopfilterParam,[122]
,,0.015559,0.0,  CABACReader::transform_tree <cycle 2>,[14]
,,0.077608,0.015567,  LoopFilter::xGetBoundaryStrengthSingle,[66]
[57],1.9,0.139774,0.015567,CodingStructure::getCU,[57]
,,0.015567,0.0,  _security_check_cookie,[62]
,,,,,
,,0.0,0.077812,  IntraPrediction::initIntraPatternChType,[84]
,,0.031008,0.044589,  IntraPrediction::initIntraPatternChTypeISP,[92]
[58],1.88,0.031008,0.122400,IntraPrediction::xFillReferenceSamples,[58]
,,0.015569,0.0,  CodingStructure::isDecomp,[108]
,,0.015569,0.0,  isBelowLeftAvailable,[158]
,,0.015550,0.044624,  isLeftAvailable,[102]
,,0.015520,0.015570,  isAboveRightAvailable,[126]
,,,,,
,,0.015552,0.031164,  CABACReader::split_cu_mode,[63]
,,0.062066,0.031160,  QTBTPartitioner::canSplit,[73]
[59],1.71,0.077618,0.062324,QTBTPartitioner::canSplit,[59]
,,0.031164,0.0,  QTBTPartitioner::getImplicitSplit,[109]
,,0.015612,0.0,  PreCalcValues::getMaxBtDepth,[145]
,,0.015548,0.0,  PreCalcValues::getMaxTtSize,[169]
,,,,,
,,0.139764,0.0,  SampleAdaptiveOffset::offsetCTU,[61]
[60],1.71,0.139764,0.0,SampleAdaptiveOffset::offsetBlock,[60]
,,,,,
,,0.0,0.139764,  SampleAdaptiveOffset::SAOProcess,[47]
[61],1.71,0.0,0.139764,SampleAdaptiveOffset::offsetCTU,[61]
,,0.139764,0.0,  SampleAdaptiveOffset::offsetBlock,[60]
,,,,,
,,0.015549,0.0,  CABACReader::cu_residual,[13]
,,0.015555,0.0,  CABACReader::residual_coding_subblock,[18]
,,0.015567,0.0,  CodingStructure::getCU,[57]
,,0.031111,0.0,  InputBitstream::readByte,[85]
,,0.046838,0.0,  InputByteStream::eofBeforeNBytes,[29]
[62],1.53,0.124620,0.0,_security_check_cookie,[62]
,,,,,
,,0.0,0.124382,  CABACReader::coding_tree <cycle 1>,[9]
[63],1.52,0.0,0.124382,CABACReader::split_cu_mode,[63]
,,0.015552,0.031164,  QTBTPartitioner::canSplit,[59]
,,0.015523,0.046601,  DeriveCtx::CtxSplit,[99]
,,0.0,0.015541,  TBinDecoder<class BinProbModel_Std>::decodeBin,[24]
,,,,,
,,0.031102,0.093251,  CABACReader::cu_pred_data,[56]
[64],1.52,0.031102,0.093251,CABACReader::intra_luma_pred_modes,[64]
,,0.015580,0.046582,  PU::getIntraMPMs,[97]
,,0.0,0.031089,  CABACReader::isp_mode,[127]
,,,,,
,,0.031062,0.0,  CABACReader::residual_codingTS,[32]
,,0.093281,0.0,  CABACReader::residual_coding,[17]
[65],1.52,0.124343,0.0,CoeffCodingContext::initSubblock,[65]
,,,,,
,,0.031082,0.093175,  LoopFilter::xDeblockCU,[28]
[66],1.52,0.031082,0.093175,LoopFilter::xGetBoundaryStrengthSingle,[66]
,,0.077608,0.015567,  CodingStructure::getCU,[57]
,,,,,
,,0.118052,0.0,  writePlane,[53]
[67],1.44,0.118052,0.0,"std::basic_ostream<char,struct std::char_traits<char> >::write",[67]
,,,,,
,,0.108867,0.0,  IntraPrediction::predIntraAng,[45]
[68],1.33,0.108867,0.0,IntraPrediction::xPredIntraAng,[68]
,,,,,
,,0.031158,0.077708,  CABACReader::residual_coding_subblock,[18]
[69],1.33,0.031158,0.077708,BinDecoderBase::decodeRemAbsEP,[69]
,,0.046624,0.0,  BinDecoderBase::decodeBinsEP,[72]
,,0.031084,0.0,  BinDecoderBase::decodeBinEP,[90]
,,,,,
,,0.015577,0.093285,  DecCu::decompressCtu,[20]
[70],1.33,0.015577,0.093285,InterPrediction::xFillIBCBuffer,[70]
,,0.031129,0.046609,  AreaBuf<short>::copyFrom,[39]
,,0.015547,0.0,  CU::traverseTUs,[132]
,,,,,
,,0.108799,0.0,  LoopFilter::xSetMaxFilterLengthPQFromTransformSizes,[48]
[71],1.33,0.108799,0.0,CodingStructure::getTU,[71]
,,,,,
,,0.046547,0.015570,  CABACReader::residual_coding_subblock,[18]
,,0.046624,0.0,  BinDecoderBase::decodeRemAbsEP,[69]
[72],1.33,0.093171,0.015570,BinDecoderBase::decodeBinsEP,[72]
,,0.0,0.015570,  InputBitstream::readByte,[85]
,,,,,
,,0.0,0.046577,  CABACReader::coding_tree <cycle 1>,[9]
,,0.0,0.031206,  QTBTPartitioner::splitCurrArea,[81]
,,0.015514,0.015442,  CABACReader::transform_tree <cycle 2>,[14]
[73],1.33,0.015514,0.093225,QTBTPartitioner::canSplit,[73]
,,0.062066,0.031160,  QTBTPartitioner::canSplit,[59]
,,,,,
,,0.046634,0.0,  CS::setRefinedMotionField,[89]
,,0.062036,0.0,  LoopFilter::xDeblockCU,[28]
[74],1.33,0.108670,0.0,CU::traversePUs,[74]
,,,,,
,,0.046699,0.046651,  LoopFilter::loopFilterPic,[25]
[75],1.14,0.046699,0.046651,CodingStructure::traverseCUs,[75]
,,0.031080,0.015571,  UnitArea::contains,[111]
,,,,,
,,0.002268,0.0,  DecApp::decode,[4]
,,0.014459,0.0,  dynamic_cache<struct TransformUnit>::deleteEntries,[184]
,,0.015626,0.0,  CodingStructure::~CodingStructure,[142]
,,0.015669,0.0,  Quant::xDestroyScalingList,[140]
,,0.030963,0.0,  dynamic_cache<struct PredictionUnit>::deleteEntries,[134]
[76],0.97,0.078985,0.0,free_base,[76]
,,,,,
,,0.0,0.078718,  DecApp::decode,[4]
[77],0.96,0.0,0.078718,DecLib::finishPicture,[77]
,,0.0,0.048234,  CodingStructure::destroyCoeffs,[103]
,,0.0,0.030484,  CodingStructure::releaseIntermediateData,[137]
,,,,,
,,0.0,0.078026,  DecLib::xDecodeSlice,[7]
[78],0.95,0.0,0.078026,DecLib::xActivateParameterSets,[78]
,,0.0,0.015582,  CodingStructure::createCoeffs,[153]
,,0.0,0.046776,  Picture::finalInit,[106]
,,0.0,0.015669,  TrQuant::init,[141]
,,,,,
,,0.077914,0.0,  LoopFilter::xDeblockCU,[28]
[79],0.95,0.077914,0.0,LoopFilter::xEdgeFilterLuma,[79]
,,,,,
,,0.0,0.031226,  AdaptiveLoopFilter::ALFProcess,[35]
,,0.0,0.046679,  SampleAdaptiveOffset::SAOProcess,[47]
[80],0.95,0.0,0.077905,UnitBuf<short>::copyFrom,[80]
,,0.0,0.077905,  AreaBuf<short>::copyFrom,[39]
,,,,,
,,0.0,0.077848,  CABACReader::coding_tree <cycle 1>,[9]
[81],0.95,0.0,0.077848,QTBTPartitioner::splitCurrArea,[81]
,,0.015540,0.015541,  QTBTPartitioner::isSplitImplicit,[128]
,,0.0,0.015561,  PartitionerImpl::getCUSubPartitions,[162]
,,0.0,0.031206,  QTBTPartitioner::canSplit,[73]
,,,,,
,,0.0,0.077846,  AdaptiveLoopFilter::ALFProcess,[35]
[82],0.95,0.0,0.077846,AdaptiveLoopFilter::deriveClassification,[82]
,,0.077846,0.0,  simdDeriveClassificationBlk<4>,[83]
,,,,,
,,0.077846,0.0,  AdaptiveLoopFilter::deriveClassification,[82]
[83],0.95,0.077846,0.0,simdDeriveClassificationBlk<4>,[83]
,,,,,
,,0.0,0.077812,  DecCu::xIntraRecBlk,[21]
[84],0.95,0.0,0.077812,IntraPrediction::initIntraPatternChType,[84]
,,0.0,0.077812,  IntraPrediction::xFillReferenceSamples,[58]
,,,,,
,,0.0,0.015570,  BinDecoderBase::decodeBinsEP,[72]
,,0.046697,0.015541,  TBinDecoder<class BinProbModel_Std>::decodeBin,[24]
[85],0.95,0.046697,0.031111,InputBitstream::readByte,[85]
,,0.031111,0.0,  _security_check_cookie,[62]
,,,,,
,,0.0,0.015551,  CABACReader::coding_tree <cycle 1>,[9]
,,0.0,0.062248,  CABACReader::transform_tree <cycle 2>,[14]
[86],0.95,0.0,0.077799,CS::getArea,[86]
,,0.062248,0.015551,  UnitArea::singleChan,[87]
,,,,,
,,0.062248,0.015551,  CS::getArea,[86]
[87],0.95,0.062248,0.015551,UnitArea::singleChan,[87]
,,0.015551,0.0,  UnitArea::UnitArea,[167]
,,,,,
,,0.015591,0.062199,  CABACReader::transform_tree <cycle 2>,[14]
[88],0.95,0.015591,0.062199,AreaBuf<int>::fill,[88]
,,0.062199,0.0,  memset,[49]
,,,,,
,,0.015585,0.062152,  DecLib::executeLoopFilters,[19]
[89],0.95,0.015585,0.062152,CS::setRefinedMotionField,[89]
,,0.046634,0.0,  CU::traversePUs,[74]
,,0.015518,0.0,  PU::checkDMVRCondition,[180]
,,,,,
,,0.015521,0.0,  CABACReader::last_sig_coeff,[91]
,,0.031084,0.0,  BinDecoderBase::decodeRemAbsEP,[69]
,,0.031097,0.0,  CABACReader::residual_coding_subblockTS,[34]
[90],0.95,0.077701,0.0,BinDecoderBase::decodeBinEP,[90]
,,,,,
,,0.0,0.077699,  CABACReader::residual_coding,[17]
[91],0.95,0.0,0.077699,CABACReader::last_sig_coeff,[91]
,,0.031067,0.031111,  TBinDecoder<class BinProbModel_Std>::decodeBin,[24]
,,0.015521,0.0,  BinDecoderBase::decodeBinEP,[90]
,,,,,
,,0.0,0.075597,  DecCu::xIntraRecBlk,[21]
[92],0.93,0.0,0.075597,IntraPrediction::initIntraPatternChTypeISP,[92]
,,0.031008,0.044589,  IntraPrediction::xFillReferenceSamples,[58]
,,,,,
,,0.019329,0.045422,  _scrt_common_main_seh,[3]
[93],0.79,0.019329,0.045422,exit,[93]
,,0.0,0.045422,  XUCache::~XUCache,[114]
,,,,,
,,0.0,0.062267,  CABACReader::cu_residual,[13]
[94],0.76,0.0,0.062267,TUIntraSubPartitioner::TUIntraSubPartitioner,[94]
,,0.0,0.031156,  Partitioner::Partitioner,[117]
,,0.0,0.031111,"  std::vector<struct UnitArea,class std::allocator<struct UnitArea> >::_Range_construct_or_tidy<struct UnitArea const *>",[121]
,,,,,
,,0.046717,0.015536,  DecCu::xIntraRecBlk,[21]
[95],0.76,0.046717,0.015536,AreaBuf<short>::reconstruct,[95]
,,0.015536,0.0,"  reco_SSE<4,4>",[177]
,,,,,
,,0.031086,0.031164,  CABACReader::coding_unit,[12]
[96],0.76,0.031086,0.031164,CodingStructure::addPU,[96]
,,0.015562,0.0,  PredictionUnit::initData,[161]
,,0.0,0.015603,  operator new,[55]
,,,,,
,,0.015580,0.046582,  CABACReader::intra_luma_pred_modes,[64]
[97],0.76,0.015580,0.046582,PU::getIntraMPMs,[97]
,,0.015518,0.015548,  CodingStructure::getPURestricted,[129]
,,0.015516,0.0,  CU::isSameCtu,[181]
,,,,,
,,0.015530,0.046621,  CABACReader::coding_tree <cycle 1>,[9]
[98],0.76,0.015530,0.046621,CodingStructure::addCU,[98]
,,0.015540,0.0,"  std::vector<struct CodingUnit *,class std::allocator<struct CodingUnit *> >::emplace_back<struct CodingUnit * const &>",[175]
,,0.015535,0.0,  AreaBuf<unsigned int>::fill,[178]
,,0.0,0.015546,  operator new,[55]
,,,,,
,,0.015523,0.046601,  CABACReader::split_cu_mode,[63]
[99],0.76,0.015523,0.046601,DeriveCtx::CtxSplit,[99]
,,0.046601,0.0,  CodingStructure::getCURestricted,[112]
,,,,,
,,0.062100,0.0,  byteStreamNALUnit,[27]
[100],0.76,0.062100,0.0,"std::vector<unsigned char,class std::allocator<unsigned char> >::emplace_back<unsigned char>",[100]
,,,,,
,,0.062063,0.0,  AdaptiveLoopFilter::ALFProcess,[35]
[101],0.76,0.062063,0.0,simdFilter5x5Blk<4>,[101]
,,,,,
,,0.015550,0.044624,  IntraPrediction::xFillReferenceSamples,[58]
[102],0.74,0.015550,0.044624,isLeftAvailable,[102]
,,0.015570,0.0,  CodingStructure::isDecomp,[108]
,,0.015535,0.013519,  CodingStructure::getCURestricted,[138]
,,,,,
,,0.0,0.048234,  DecLib::finishPicture,[77]
[103],0.59,0.0,0.048234,CodingStructure::destroyCoeffs,[103]
,,0.048234,0.0,  aligned_free,[104]
,,,,,
,,0.048234,0.0,  CodingStructure::destroyCoeffs,[103]
[104],0.59,0.048234,0.0,aligned_free,[104]
,,,,,
,,0.0,0.031201,  CodingStructure::createInternals,[116]
,,0.0,0.015576,  Picture::finalInit,[106]
[105],0.57,0.0,0.046776,CodingStructure::initStructData,[105]
,,0.015596,0.0,  memset,[49]
,,0.0,0.015576,  CodingStructure::clearPUs,[136]
,,0.0,0.015604,  CodingStructure::clearTUs,[135]
,,,,,
,,0.0,0.046776,  DecLib::xActivateParameterSets,[78]
[106],0.57,0.0,0.046776,Picture::finalInit,[106]
,,0.0,0.031201,  CodingStructure::create,[115]
,,0.0,0.015576,  CodingStructure::initStructData,[105]
,,,,,
,,0.046717,0.0,  DecCu::xIntraRecBlk,[21]
[107],0.57,0.046717,0.0,IntraPrediction::xGetLumaRecPixels,[107]
,,,,,
,,0.015569,0.0,  IntraPrediction::xFillReferenceSamples,[58]
,,0.015570,0.0,  isLeftAvailable,[102]
,,0.015570,0.0,  isAboveRightAvailable,[126]
[108],0.57,0.046708,0.0,CodingStructure::isDecomp,[108]
,,,,,
,,0.015541,0.0,  QTBTPartitioner::isSplitImplicit,[128]
,,0.031164,0.0,  QTBTPartitioner::canSplit,[59]
[109],0.57,0.046705,0.0,QTBTPartitioner::getImplicitSplit,[109]
,,,,,
,,0.0,0.046669,  CABACReader::transform_unit,[16]
[110],0.57,0.0,0.046669,CABACReader::cbf_comp,[110]
,,0.031170,0.0,  TBinDecoder<class BinProbModel_Std>::decodeBin,[24]
,,0.015500,0.0,  CodingStructure::getCU,[57]
,,,,,
,,0.031080,0.015571,  CodingStructure::traverseCUs,[75]
[111],0.57,0.031080,0.015571,UnitArea::contains,[111]
,,0.015571,0.0,  Area::contains,[157]
,,,,,
,,0.046601,0.0,  DeriveCtx::CtxSplit,[99]
[112],0.57,0.046601,0.0,CodingStructure::getCURestricted,[112]
,,,,,
,,0.015551,0.031040,  LoopFilter::xDeblockCU,[28]
[113],0.57,0.015551,0.031040,LoopFilter::xEdgeFilterChroma,[113]
,,0.015551,0.0,  CodingStructure::getCU,[57]
,,0.015489,0.0,  LoopFilter::xPelFilterChroma,[183]
,,,,,
,,0.0,0.045422,  exit,[93]
[114],0.56,0.0,0.045422,XUCache::~XUCache,[114]
,,0.0,0.030963,  dynamic_cache<struct PredictionUnit>::deleteEntries,[134]
,,0.0,0.014459,  dynamic_cache<struct TransformUnit>::deleteEntries,[184]
,,,,,
,,0.0,0.031201,  Picture::finalInit,[106]
[115],0.38,0.0,0.031201,CodingStructure::create,[115]
,,0.0,0.031201,  CodingStructure::createInternals,[116]
,,,,,
,,0.0,0.031201,  CodingStructure::create,[115]
[116],0.38,0.0,0.031201,CodingStructure::createInternals,[116]
,,0.0,0.031201,  CodingStructure::initStructData,[105]
,,,,,
,,0.0,0.031156,  TUIntraSubPartitioner::TUIntraSubPartitioner,[94]
[117],0.38,0.0,0.031156,Partitioner::Partitioner,[117]
,,0.0,0.031156,  `eh vector constructor iterator',[118]
,,,,,
,,0.0,0.031156,  Partitioner::Partitioner,[117]
[118],0.38,0.0,0.031156,`eh vector constructor iterator',[118]
,,0.015588,0.0,  guard_check_icall_nop,[151]
,,0.015568,0.0,  guard_check_icall,[159]
,,,,,
,,0.031149,0.0,  CABACReader::residual_coding_subblockTS,[34]
[119],0.38,0.031149,0.0,CoeffCodingContext::signCtxIdAbsTS,[119]
,,,,,
,,0.031128,0.0,  IntraPrediction::predIntraAng,[45]
[120],0.38,0.031128,0.0,IntraPrediction::xPredIntraPlanar,[120]
,,,,,
,,0.0,0.031111,  TUIntraSubPartitioner::TUIntraSubPartitioner,[94]
[121],0.38,0.0,0.031111,"std::vector<struct UnitArea,class std::allocator<struct UnitArea> >::_Range_construct_or_tidy<struct UnitArea const *>",[121]
,,0.0,0.031111,  operator new,[55]
,,,,,
,,0.0,0.031102,  LoopFilter::xDeblockCU,[28]
[122],0.38,0.0,0.031102,LoopFilter::xSetLoopfilterParam,[122]
,,0.015557,0.0,  CodingStructure::getCU,[57]
,,0.0,0.015546,  isAvailableLeft,[171]
,,,,,
,,0.0,0.031100,  TUIntraSubPartitioner::splitCurrArea,[124]
[123],0.38,0.0,0.031100,PartitionerImpl::getTUIntraSubPartitions,[123]
,,0.015529,0.015571,"  std::vector<UnitArea,std::allocator<UnitArea> >::_Resize<<lambda_d78323a2134c02019bcc3999c203baa5> >",[125]
,,,,,
,,0.0,0.031100,  CABACReader::transform_tree <cycle 2>,[14]
[124],0.38,0.0,0.031100,TUIntraSubPartitioner::splitCurrArea,[124]
,,0.0,0.031100,  PartitionerImpl::getTUIntraSubPartitions,[123]
,,,,,
,,0.015529,0.015571,  PartitionerImpl::getTUIntraSubPartitions,[123]
[125],0.38,0.015529,0.015571,"std::vector<UnitArea,std::allocator<UnitArea> >::_Resize<<lambda_d78323a2134c02019bcc3999c203baa5> >",[125]
,,0.0,0.015571,  operator new,[55]
,,,,,
,,0.015520,0.015570,  IntraPrediction::xFillReferenceSamples,[58]
[126],0.38,0.015520,0.015570,isAboveRightAvailable,[126]
,,0.015570,0.0,  CodingStructure::isDecomp,[108]
,,,,,
,,0.0,0.031089,  CABACReader::intra_luma_pred_modes,[64]
[127],0.38,0.0,0.031089,CABACReader::isp_mode,[127]
,,0.015545,0.0,  CU::canUseISP,[172]
,,0.015544,0.0,  TBinDecoder<class BinProbModel_Std>::decodeBin,[24]
,,,,,
,,0.015540,0.015541,  QTBTPartitioner::splitCurrArea,[81]
[128],0.38,0.015540,0.015541,QTBTPartitioner::isSplitImplicit,[128]
,,0.015541,0.0,  QTBTPartitioner::getImplicitSplit,[109]
,,,,,
,,0.015518,0.015548,  PU::getIntraMPMs,[97]
[129],0.38,0.015518,0.015548,CodingStructure::getPURestricted,[129]
,,0.015548,0.0,  CodingStructure::getPU,[168]
,,,,,
,,0.0,0.015510,  CABACReader::transform_tree <cycle 2>,[14]
,,0.0,0.015534,  DecCu::xIntraRecBlk,[21]
[130],0.38,0.0,0.031044,AreaBuf<short>::fill,[130]
,,0.031044,0.0,  memset,[49]
,,,,,
,,0.031033,0.0,  CABACReader::residual_coding_subblock,[18]
[131],0.38,0.031033,0.0,CoeffCodingContext::ctxOffsetAbs,[131]
,,,,,
,,0.015483,0.0,  LoopFilter::xDeblockCU,[28]
,,0.015547,0.0,  InterPrediction::xFillIBCBuffer,[70]
[132],0.38,0.031030,0.0,CU::traverseTUs,[132]
,,,,,
,,0.031030,0.0,  DepQuant::dequant,[38]
[133],0.38,0.031030,0.0,Quant::dequant,[133]
,,,,,
,,0.0,0.030963,  XUCache::~XUCache,[114]
[134],0.38,0.0,0.030963,dynamic_cache<struct PredictionUnit>::deleteEntries,[134]
,,0.030963,0.0,  free_base,[76]
,,,,,
,,0.0,0.015604,  CodingStructure::initStructData,[105]
,,0.015249,0.0,  CodingStructure::releaseIntermediateData,[137]
[135],0.38,0.015249,0.015604,CodingStructure::clearTUs,[135]
,,0.015604,0.0,  memset,[49]
,,,,,
,,0.0,0.015576,  CodingStructure::initStructData,[105]
,,0.015235,0.0,  CodingStructure::releaseIntermediateData,[137]
[136],0.38,0.015235,0.015576,CodingStructure::clearPUs,[136]
,,0.015576,0.0,  memset,[49]
,,,,,
,,0.0,0.030484,  DecLib::finishPicture,[77]
[137],0.37,0.0,0.030484,CodingStructure::releaseIntermediateData,[137]
,,0.015249,0.0,  CodingStructure::clearTUs,[135]
,,0.015235,0.0,  CodingStructure::clearPUs,[136]
,,,,,
,,0.015535,0.013519,  isLeftAvailable,[102]
[138],0.36,0.015535,0.013519,CodingStructure::getCURestricted,[138]
,,0.013519,0.0,  CodingStructure::getCU,[185]
,,,,,
,,0.0,0.015669,  TrQuant::init,[141]
[139],0.19,0.0,0.015669,DepQuant::`scalar deleting destructor',[139]
,,0.0,0.015669,  Quant::xDestroyScalingList,[140]
,,,,,
,,0.0,0.015669,  DepQuant::`scalar deleting destructor',[139]
[140],0.19,0.0,0.015669,Quant::xDestroyScalingList,[140]
,,0.015669,0.0,  free_base,[76]
,,,,,
,,0.0,0.015669,  DecLib::xActivateParameterSets,[78]
[141],0.19,0.0,0.015669,TrQuant::init,[141]
,,0.0,0.015669,  DepQuant::`scalar deleting destructor',[139]
,,,,,
,,0.0,0.015626,  Picture::destroy,[144]
[142],0.19,0.0,0.015626,CodingStructure::~CodingStructure,[142]
,,0.015626,0.0,  free_base,[76]
,,,,,
,,0.0,0.015626,  DecApp::decode,[4]
[143],0.19,0.0,0.015626,DecApp::xFlushOutput,[143]
,,0.0,0.015626,  Picture::destroy,[144]
,,,,,
,,0.0,0.015626,  DecApp::xFlushOutput,[143]
[144],0.19,0.0,0.015626,Picture::destroy,[144]
,,0.0,0.015626,  CodingStructure::~CodingStructure,[142]
,,,,,
,,0.015612,0.0,  QTBTPartitioner::canSplit,[59]
[145],0.19,0.015612,0.0,PreCalcValues::getMaxBtDepth,[145]
,,,,,
,,0.0,0.015605,  `eh vector destructor iterator',[147]
[146],0.19,0.0,0.015605,PartLevel::~PartLevel,[146]
,,0.015605,0.0,  free,[148]
,,,,,
,,0.0,0.015605,  CABACReader::cu_residual,[13]
[147],0.19,0.0,0.015605,`eh vector destructor iterator',[147]
,,0.0,0.015605,  PartLevel::~PartLevel,[146]
,,,,,
,,0.015605,0.0,  PartLevel::~PartLevel,[146]
[148],0.19,0.015605,0.0,free,[148]
,,,,,
,,0.015598,0.0,  DQIntern::Quantizer::dequantBlock,[40]
[149],0.19,0.015598,0.0,TransformUnit::getCoeffs,[149]
,,,,,
,,0.015593,0.0,  DecCu::xIntraRecBlk,[21]
[150],0.19,0.015593,0.0,CU::isPredRegDiffFromTB,[150]
,,,,,
,,0.015588,0.0,  `eh vector constructor iterator',[118]
[151],0.19,0.015588,0.0,guard_check_icall_nop,[151]
,,,,,
,,0.015587,0.0,  CABACReader::cu_pred_data,[56]
[152],0.19,0.015587,0.0,CABACReader::intra_chroma_pred_modes,[152]
,,,,,
,,0.0,0.015582,  DecLib::xActivateParameterSets,[78]
[153],0.19,0.0,0.015582,CodingStructure::createCoeffs,[153]
,,0.015582,0.0,  func@0x1800524df,[154]
,,,,,
,,0.015582,0.0,  CodingStructure::createCoeffs,[153]
[154],0.19,0.015582,0.0,func@0x1800524df,[154]
,,,,,
,,0.015581,0.0,  CABACReader::coding_tree <cycle 1>,[9]
[155],0.19,0.015581,0.0,QTBTPartitioner::nextPart,[155]
,,,,,
,,0.015575,0.0,  TrQuant::xIT,[37]
[156],0.19,0.015575,0.0,fastInverseDST7_B16,[156]
,,,,,
,,0.015571,0.0,  UnitArea::contains,[111]
[157],0.19,0.015571,0.0,Area::contains,[157]
,,,,,
,,0.015569,0.0,  IntraPrediction::xFillReferenceSamples,[58]
[158],0.19,0.015569,0.0,isBelowLeftAvailable,[158]
,,,,,
,,0.015568,0.0,  `eh vector constructor iterator',[118]
[159],0.19,0.015568,0.0,guard_check_icall,[159]
,,,,,
,,0.015567,0.0,  CABACReader::coding_tree <cycle 1>,[9]
[160],0.19,0.015567,0.0,QTBTPartitioner::exitCurrSplit,[160]
,,,,,
,,0.015562,0.0,  CodingStructure::addPU,[96]
[161],0.19,0.015562,0.0,PredictionUnit::initData,[161]
,,,,,
,,0.0,0.015561,  QTBTPartitioner::splitCurrArea,[81]
[162],0.19,0.0,0.015561,PartitionerImpl::getCUSubPartitions,[162]
,,0.015561,0.0,"  std::vector<UnitArea,std::allocator<UnitArea> >::_Resize<<lambda_63dc83d50a1b614a535247b0b3d8cd3f> >",[163]
,,,,,
,,0.015561,0.0,  PartitionerImpl::getCUSubPartitions,[162]
[163],0.19,0.015561,0.0,"std::vector<UnitArea,std::allocator<UnitArea> >::_Resize<<lambda_63dc83d50a1b614a535247b0b3d8cd3f> >",[163]
,,,,,
,,0.015554,0.0,  CABACReader::cu_residual,[13]
[164],0.19,0.015554,0.0,CU::getISPType,[164]
,,,,,
,,0.015553,0.0,  TrQuant::invTransformNxN,[30]
[165],0.19,0.015553,0.0,TrQuant::xDeQuant,[165]
,,,,,
,,0.015551,0.0,  AreaBuf<short>::copyFrom,[39]
[166],0.19,0.015551,0.0,[Import thunk memcpy],[166]
,,,,,
,,0.015551,0.0,  UnitArea::singleChan,[87]
[167],0.19,0.015551,0.0,UnitArea::UnitArea,[167]
,,,,,
,,0.015548,0.0,  CodingStructure::getPURestricted,[129]
[168],0.19,0.015548,0.0,CodingStructure::getPU,[168]
,,,,,
,,0.015548,0.0,  QTBTPartitioner::canSplit,[59]
[169],0.19,0.015548,0.0,PreCalcValues::getMaxTtSize,[169]
,,,,,
,,0.015546,0.0,  isAvailableLeft,[171]
[170],0.19,0.015546,0.0,CU::isSameSlice,[170]
,,,,,
,,0.0,0.015546,  LoopFilter::xSetLoopfilterParam,[122]
[171],0.19,0.0,0.015546,isAvailableLeft,[171]
,,0.015546,0.0,  CU::isSameSlice,[170]
,,,,,
,,0.015545,0.0,  CABACReader::isp_mode,[127]
[172],0.19,0.015545,0.0,CU::canUseISP,[172]
,,,,,
,,0.0,0.015542,  CABACReader::residual_coding,[17]
[173],0.19,0.0,0.015542,CABACReader::mts_coding,[173]
,,0.015542,0.0,  TU::isTSAllowed,[174]
,,,,,
,,0.015542,0.0,  CABACReader::mts_coding,[173]
[174],0.19,0.015542,0.0,TU::isTSAllowed,[174]
,,,,,
,,0.015540,0.0,  CodingStructure::addCU,[98]
[175],0.19,0.015540,0.0,"std::vector<struct CodingUnit *,class std::allocator<struct CodingUnit *> >::emplace_back<struct CodingUnit * const &>",[175]
,,,,,
,,0.015538,0.0,  CABACReader::residual_coding,[17]
[176],0.19,0.015538,0.0,CoeffCodingContext::CoeffCodingContext,[176]
,,,,,
,,0.015536,0.0,  AreaBuf<short>::reconstruct,[95]
[177],0.19,0.015536,0.0,"reco_SSE<4,4>",[177]
,,,,,
,,0.015535,0.0,  CodingStructure::addCU,[98]
[178],0.19,0.015535,0.0,AreaBuf<unsigned int>::fill,[178]
,,,,,
,,0.015523,0.0,  CABACReader::residual_coding_subblockTS,[34]
[179],0.19,0.015523,0.0,CoeffCodingContext::sigCtxIdAbsTS,[179]
,,,,,
,,0.015518,0.0,  CS::setRefinedMotionField,[89]
[180],0.19,0.015518,0.0,PU::checkDMVRCondition,[180]
,,,,,
,,0.015516,0.0,  PU::getIntraMPMs,[97]
[181],0.19,0.015516,0.0,CU::isSameCtu,[181]
,,,,,
,,0.015496,0.0,  TrQuant::xIT,[37]
[182],0.19,0.015496,0.0,fastInverseDCT2_B16,[182]
,,,,,
,,0.015489,0.0,  LoopFilter::xEdgeFilterChroma,[113]
[183],0.19,0.015489,0.0,LoopFilter::xPelFilterChroma,[183]
,,,,,
,,0.0,0.014459,  XUCache::~XUCache,[114]
[184],0.18,0.0,0.014459,dynamic_cache<struct TransformUnit>::deleteEntries,[184]
,,0.014459,0.0,  free_base,[76]
,,,,,
,,0.013519,0.0,  CodingStructure::getCURestricted,[138]
[185],0.17,0.013519,0.0,CodingStructure::getCU,[185]
,,,,,
,,0.0,0.010807,  DecApp::decode,[4]
[186],0.13,0.0,0.010807,DecApp::xDestroyDecLib,[186]
,,0.0,0.010807,  VideoIOYuv::close,[187]
,,,,,
,,0.0,0.010807,  DecApp::xDestroyDecLib,[186]
[187],0.13,0.0,0.010807,VideoIOYuv::close,[187]
,,0.010807,0.0,"  std::basic_filebuf<char,struct std::char_traits<char> >::close",[188]
,,,,,
,,0.010807,0.0,  VideoIOYuv::close,[187]
[188],0.13,0.010807,0.0,"std::basic_filebuf<char,struct std::char_traits<char> >::close",[188]
,,,,,
,,0.0,0.010462,  DecApp::decode,[4]
[189],0.13,0.0,0.010462,DecApp::xCreateDecLib,[189]
,,0.0,0.010462,  initROM,[191]
,,,,,
,,0.010462,0.0,  initROM,[191]
[190],0.13,0.010462,0.0,ScanGenerator::GetNextIndex,[190]
,,,,,
,,0.0,0.010462,  DecApp::xCreateDecLib,[189]
[191],0.13,0.0,0.010462,initROM,[191]
,,0.010462,0.0,  ScanGenerator::GetNextIndex,[190]
,,,,,
,,0.004155,0.0,  initterm,[193]
[192],0.05,0.004155,0.0,`dynamic initializer for 'g_reusedUniMVs'',[192]
,,,,,
,,0.0,0.004155,  _scrt_common_main_seh,[3]
[193],0.05,0.0,0.004155,initterm,[193]
,,0.004155,0.0,  `dynamic initializer for 'g_reusedUniMVs'',[192]
,,,,,


Index by function name

Index,Function
[35],AdaptiveLoopFilter::ALFProcess
[82],AdaptiveLoopFilter::deriveClassification
[157],Area::contains
[88],AreaBuf<int>::fill
[39],AreaBuf<short>::copyFrom
[130],AreaBuf<short>::fill
[95],AreaBuf<short>::reconstruct
[178],AreaBuf<unsigned int>::fill
[1],BaseThreadInitThunk
[90],BinDecoderBase::decodeBinEP
[72],BinDecoderBase::decodeBinsEP
[69],BinDecoderBase::decodeRemAbsEP
[33],BinProbModel_Std::update
[110],CABACReader::cbf_comp
[9],CABACReader::coding_tree
[11],CABACReader::coding_tree_unit
[12],CABACReader::coding_unit
[56],CABACReader::cu_pred_data
[13],CABACReader::cu_residual
[152],CABACReader::intra_chroma_pred_modes
[64],CABACReader::intra_luma_pred_modes
[127],CABACReader::isp_mode
[91],CABACReader::last_sig_coeff
[173],CABACReader::mts_coding
[17],CABACReader::residual_coding
[32],CABACReader::residual_codingTS
[18],CABACReader::residual_coding_subblock
[34],CABACReader::residual_coding_subblockTS
[63],CABACReader::split_cu_mode
[14],CABACReader::transform_tree
[16],CABACReader::transform_unit
[86],CS::getArea
[89],CS::setRefinedMotionField
[172],CU::canUseISP
[164],CU::getISPType
[150],CU::isPredRegDiffFromTB
[181],CU::isSameCtu
[170],CU::isSameSlice
[74],CU::traversePUs
[132],CU::traverseTUs
[98],CodingStructure::addCU
[96],CodingStructure::addPU
[44],CodingStructure::addTU
[136],CodingStructure::clearPUs
[135],CodingStructure::clearTUs
[115],CodingStructure::create
[153],CodingStructure::createCoeffs
[116],CodingStructure::createInternals
[103],CodingStructure::destroyCoeffs
[185],CodingStructure::getCU
[57],CodingStructure::getCU
[112],CodingStructure::getCURestricted
[138],CodingStructure::getCURestricted
[168],CodingStructure::getPU
[129],CodingStructure::getPURestricted
[71],CodingStructure::getTU
[105],CodingStructure::initStructData
[108],CodingStructure::isDecomp
[137],CodingStructure::releaseIntermediateData
[75],CodingStructure::traverseCUs
[142],CodingStructure::~CodingStructure
[176],CoeffCodingContext::CoeffCodingContext
[131],CoeffCodingContext::ctxOffsetAbs
[65],CoeffCodingContext::initSubblock
[36],CoeffCodingContext::sigCtxIdAbs
[179],CoeffCodingContext::sigCtxIdAbsTS
[119],CoeffCodingContext::signCtxIdAbsTS
[43],CoeffCodingContext::templateAbsSum
[40],DQIntern::Quantizer::dequantBlock
[4],DecApp::decode
[189],DecApp::xCreateDecLib
[186],DecApp::xDestroyDecLib
[143],DecApp::xFlushOutput
[51],DecApp::xWriteOutput
[20],DecCu::decompressCtu
[21],DecCu::xIntraRecBlk
[22],DecCu::xIntraRecQT
[23],DecCu::xReconIntraQT
[6],DecLib::decode
[19],DecLib::executeLoopFilters
[77],DecLib::finishPicture
[78],DecLib::xActivateParameterSets
[7],DecLib::xDecodeSlice
[8],DecSlice::decompressSlice
[139],DepQuant::`scalar deleting destructor'
[38],DepQuant::dequant
[99],DeriveCtx::CtxSplit
[85],InputBitstream::readByte
[29],InputByteStream::eofBeforeNBytes
[70],InterPrediction::xFillIBCBuffer
[84],IntraPrediction::initIntraPatternChType
[92],IntraPrediction::initIntraPatternChTypeISP
[45],IntraPrediction::predIntraAng
[58],IntraPrediction::xFillReferenceSamples
[107],IntraPrediction::xGetLumaRecPixels
[68],IntraPrediction::xPredIntraAng
[120],IntraPrediction::xPredIntraPlanar
[25],LoopFilter::loopFilterPic
[28],LoopFilter::xDeblockCU
[113],LoopFilter::xEdgeFilterChroma
[79],LoopFilter::xEdgeFilterLuma
[66],LoopFilter::xGetBoundaryStrengthSingle
[183],LoopFilter::xPelFilterChroma
[50],LoopFilter::xSetEdgefilterMultiple
[122],LoopFilter::xSetLoopfilterParam
[48],LoopFilter::xSetMaxFilterLengthPQFromTransformSizes
[180],PU::checkDMVRCondition
[97],PU::getIntraMPMs
[146],PartLevel::~PartLevel
[117],Partitioner::Partitioner
[162],PartitionerImpl::getCUSubPartitions
[123],PartitionerImpl::getTUIntraSubPartitions
[144],Picture::destroy
[106],Picture::finalInit
[145],PreCalcValues::getMaxBtDepth
[169],PreCalcValues::getMaxTtSize
[161],PredictionUnit::initData
[73],QTBTPartitioner::canSplit
[59],QTBTPartitioner::canSplit
[160],QTBTPartitioner::exitCurrSplit
[109],QTBTPartitioner::getImplicitSplit
[128],QTBTPartitioner::isSplitImplicit
[155],QTBTPartitioner::nextPart
[81],QTBTPartitioner::splitCurrArea
[133],Quant::dequant
[140],Quant::xDestroyScalingList
[2],RtlUserThreadStart
[47],SampleAdaptiveOffset::SAOProcess
[60],SampleAdaptiveOffset::offsetBlock
[61],SampleAdaptiveOffset::offsetCTU
[190],ScanGenerator::GetNextIndex
[24],TBinDecoder<class BinProbModel_Std>::decodeBin
[174],TU::isTSAllowed
[94],TUIntraSubPartitioner::TUIntraSubPartitioner
[124],TUIntraSubPartitioner::splitCurrArea
[141],TrQuant::init
[30],TrQuant::invTransformNxN
[165],TrQuant::xDeQuant
[37],TrQuant::xIT
[149],TransformUnit::getCoeffs
[167],UnitArea::UnitArea
[111],UnitArea::contains
[87],UnitArea::singleChan
[80],UnitBuf<short>::copyFrom
[187],VideoIOYuv::close
[52],VideoIOYuv::write
[114],XUCache::~XUCache
[166],[Import thunk memcpy]
[3],_scrt_common_main_seh
[62],_security_check_cookie
[192],`dynamic initializer for 'g_reusedUniMVs''
[118],`eh vector constructor iterator'
[147],`eh vector destructor iterator'
[104],aligned_free
[26],byteStreamNALUnit
[27],byteStreamNALUnit
[134],dynamic_cache<struct PredictionUnit>::deleteEntries
[184],dynamic_cache<struct TransformUnit>::deleteEntries
[93],exit
[182],fastInverseDCT2_B16
[41],fastInverseDCT2_B32
[156],fastInverseDST7_B16
[148],free
[76],free_base
[154],func@0x1800524df
[159],guard_check_icall
[151],guard_check_icall_nop
[191],initROM
[193],initterm
[126],isAboveRightAvailable
[171],isAvailableLeft
[158],isBelowLeftAvailable
[102],isLeftAvailable
[5],main
[54],malloc_base
[42],memcpy
[49],memset
[55],operator new
[177],"reco_SSE<4,4>"
[83],simdDeriveClassificationBlk<4>
[101],simdFilter5x5Blk<4>
[46],simdFilter7x7Blk<4>
[188],"std::basic_filebuf<char,struct std::char_traits<char> >::close"
[31],"std::basic_istream<char,struct std::char_traits<char> >::get"
[67],"std::basic_ostream<char,struct std::char_traits<char> >::write"
[163],"std::vector<UnitArea,std::allocator<UnitArea> >::_Resize<<lambda_63dc83d50a1b614a535247b0b3d8cd3f> >"
[125],"std::vector<UnitArea,std::allocator<UnitArea> >::_Resize<<lambda_d78323a2134c02019bcc3999c203baa5> >"
[175],"std::vector<struct CodingUnit *,class std::allocator<struct CodingUnit *> >::emplace_back<struct CodingUnit * const &>"
[121],"std::vector<struct UnitArea,class std::allocator<struct UnitArea> >::_Range_construct_or_tidy<struct UnitArea const *>"
[100],"std::vector<unsigned char,class std::allocator<unsigned char> >::emplace_back<unsigned char>"
[53],writePlane
[10],<cycle 1>
[15],<cycle 2>
