Index,% CPU Time:Total,CPU Time:Self,CPU Time:Children,Name,Index
,,0.0,3.569010,  RtlUserThreadStart,[2]
[1],100.0,0.0,3.569010,BaseThreadInitThunk,[1]
,,0.0,3.569010,  _scrt_common_main_seh,[3]
,,,,,
,,,,  <spontaneous>,
[2],100.0,0.0,3.569010,RtlUserThreadStart,[2]
,,0.0,3.569010,  BaseThreadInitThunk,[1]
,,,,,
,,0.0,3.569010,  BaseThreadInitThunk,[1]
[3],100.0,0.0,3.569010,_scrt_common_main_seh,[3]
,,0.0,3.569010,  main,[4]
,,,,,
,,0.0,3.569010,  _scrt_common_main_seh,[3]
[4],100.0,0.0,3.569010,main,[4]
,,0.0,3.556765,  TAppDecTop::decode,[5]
,,0.0,0.012245,  TDecTop::~TDecTop,[110]
,,,,,
,,0.0,3.556765,  main,[4]
[5],99.66,0.0,3.556765,TAppDecTop::decode,[5]
,,0.0,0.331063,  TAppDecTop::xWriteOutput,[24]
,,0.0,0.972141,  TDecGop::filterPicture,[16]
,,0.0,2.223087,  TDecTop::decode,[6]
,,0.0,0.030189,  byteStreamNALUnit,[85]
,,0.0,0.000285,"  std::basic_ifstream<char,struct std::char_traits<char> >::basic_ifstream<char,struct std::char_traits<char> >",[119]
,,,,,
,,0.0,2.223087,  TAppDecTop::decode,[5]
[6],62.29,0.0,2.223087,TDecTop::decode,[6]
,,0.0,2.223087,  TDecTop::xDecodeSlice,[7]
,,,,,
,,0.0,2.223087,  TDecTop::decode,[6]
[7],62.29,0.0,2.223087,TDecTop::xDecodeSlice,[7]
,,0.015279,0.0,  TComTrQuant::setErrScaleCoeff,[102]
,,0.0,1.796325,  TDecGop::decompressSlice,[8]
,,0.0,0.411483,  TDecTop::xActivateParameterSets,[21]
,,,,,
,,0.0,1.796325,  TDecTop::xDecodeSlice,[7]
[8],50.33,0.0,1.796325,TDecGop::decompressSlice,[8]
,,0.0,1.796325,  TDecSlice::decompressSlice,[9]
,,,,,
,,0.0,1.796325,  TDecGop::decompressSlice,[8]
[9],50.33,0.0,1.796325,TDecSlice::decompressSlice,[9]
,,0.045933,0.152831,  TComDataCU::initCtu,[36]
,,0.015541,1.413823,  TDecCu::xDecompressCU <cycle 6>,[10]
,,0.015460,0.0,  TDecSbac::setBitstream,[100]
,,0.0,0.152737,  TDecCu::xDecodeCU <cycle 4>,[50]
,,,,,
,,,,  TDecCu::xDecompressCU <cycle 6>,[10]
,,0.015541,1.413823,  TDecSlice::decompressSlice,[9]
[10],40.05,0.015541,1.413823,TDecCu::xDecompressCU <cycle 6>,[10]
,,0.015553,1.382770,  TDecCu::xReconIntraQT,[12]
,,0.015500,0.0,  TComDataCU::copySubCU,[98]
,,,,  TDecCu::xDecompressCU <cycle 6>,[10]
,,,,,
,,0.015541,1.413823,  TDecSlice::decompressSlice,[9]
[11],40.05,0.015541,1.413823,<cycle 6 as a whole>,[11]
,,0.015541,1.413823,  TDecCu::xDecompressCU <cycle 6>,[10]
,,,,,
,,0.015553,1.382770,  TDecCu::xDecompressCU <cycle 6>,[10]
[12],39.18,0.015553,1.382770,TDecCu::xReconIntraQT,[12]
,,0.0,1.382770,  TDecCu::xIntraRecQT <cycle 5>,[15]
,,,,,
,,0.0,1.382770,  TDecCu::xReconIntraQT,[12]
[13],38.74,0.0,1.382770,<cycle 5 as a whole>,[13]
,,0.0,1.382770,  TDecCu::xIntraRecQT <cycle 5>,[15]
,,,,,
,,0.383288,0.999482,  TDecCu::xIntraRecQT <cycle 5>,[15]
[14],38.74,0.383288,0.999482,TDecCu::xIntraRecBlk,[14]
,,0.046667,0.216310,  TComPrediction::initIntraPatternChType,[29]
,,0.046113,0.0,  QpParam::QpParam,[74]
,,0.015641,0.169137,  TComPrediction::predIntraAng,[41]
,,0.0,0.505614,  TComTrQuant::invTransformNxN,[20]
,,,,,
,,,,  TDecCu::xIntraRecQT <cycle 5>,[15]
,,0.0,1.382770,  TDecCu::xReconIntraQT,[12]
[15],38.74,0.0,1.382770,TDecCu::xIntraRecQT <cycle 5>,[15]
,,0.383288,0.999482,  TDecCu::xIntraRecBlk,[14]
,,,,  TDecCu::xIntraRecQT <cycle 5>,[15]
,,,,,
,,0.0,0.972141,  TAppDecTop::decode,[5]
[16],27.24,0.0,0.972141,TDecGop::filterPicture,[16]
,,0.015574,0.046418,  TComPic::compressMotion,[68]
,,0.0,0.616092,  TComLoopFilter::loopFilterPic,[18]
,,0.0,0.124321,  TComPicYuv::copyToPic,[58]
,,0.0,0.139607,  TComSampleAdaptiveOffset::offsetCTU,[55]
,,0.0,0.030128,  calcAndPrintHashStatus,[92]
,,,,,
,,0.015526,0.600567,  TComLoopFilter::loopFilterPic,[18]
[17],17.26,0.015526,0.600567,<cycle 1 as a whole>,[17]
,,0.015526,0.600567,  TComLoopFilter::xDeblockCU <cycle 1>,[19]
,,,,,
,,0.0,0.616092,  TDecGop::filterPicture,[16]
[18],17.26,0.0,0.616092,TComLoopFilter::loopFilterPic,[18]
,,0.015526,0.600567,  TComLoopFilter::xDeblockCU <cycle 1>,[19]
,,,,,
,,,,  TComLoopFilter::xDeblockCU <cycle 1>,[19]
,,0.015526,0.600567,  TComLoopFilter::loopFilterPic,[18]
[19],17.26,0.015526,0.600567,TComLoopFilter::xDeblockCU <cycle 1>,[19]
,,0.182098,0.0,  TComLoopFilter::xEdgeFilterChroma,[43]
,,0.093044,0.170873,  TComLoopFilter::xEdgeFilterLuma,[28]
,,0.046001,0.015496,  TComLoopFilter::xSetEdgefilterTU <cycle 2>,[71]
,,0.031037,0.0,  TComTU::TComTU,[72]
,,0.031009,0.0,  TComLoopFilter::xSetEdgefilterPU,[78]
,,0.031009,0.0,  TComLoopFilter::xGetBoundaryStrengthSingle,[79]
,,,,  TComLoopFilter::xDeblockCU <cycle 1>,[19]
,,,,,
,,0.0,0.505614,  TDecCu::xIntraRecBlk,[14]
[20],14.17,0.0,0.505614,TComTrQuant::invTransformNxN,[20]
,,0.168674,0.0,  TComTrQuant::xDeQuant,[46]
,,0.015524,0.321416,  TComTrQuant::xIT,[23]
,,,,,
,,0.0,0.411483,  TDecTop::xDecodeSlice,[7]
[21],11.53,0.0,0.411483,TDecTop::xActivateParameterSets,[21]
,,0.0,0.019723,  TComSampleAdaptiveOffset::create,[95]
,,0.0,0.391760,  TDecTop::xGetNewPicBuffer,[22]
,,,,,
,,0.0,0.391760,  TDecTop::xActivateParameterSets,[21]
[22],10.98,0.0,0.391760,TDecTop::xGetNewPicBuffer,[22]
,,0.0,0.255633,  TComPic::create,[31]
,,0.0,0.136127,  TComPic::destroy,[56]
,,,,,
,,0.015524,0.321416,  TComTrQuant::invTransformNxN,[20]
[23],9.44,0.015524,0.321416,TComTrQuant::xIT,[23]
,,0.0,0.321416,  xITrMxN,[27]
,,,,,
,,0.0,0.331063,  TAppDecTop::decode,[5]
[24],9.28,0.0,0.331063,TAppDecTop::xWriteOutput,[24]
,,0.0,0.331063,  TVideoIOYuv::write,[25]
,,,,,
,,0.0,0.331063,  TAppDecTop::xWriteOutput,[24]
[25],9.28,0.0,0.331063,TVideoIOYuv::write,[25]
,,0.150483,0.180580,  writePlane,[26]
,,,,,
,,0.150483,0.180580,  TVideoIOYuv::write,[25]
[26],9.28,0.150483,0.180580,writePlane,[26]
,,0.015118,0.165462,"  std::basic_ostream<char,struct std::char_traits<char> >::write",[44]
,,,,,
,,0.0,0.321416,  TComTrQuant::xIT,[23]
[27],9.01,0.0,0.321416,xITrMxN,[27]
,,0.213197,0.0,  partialButterflyInverse32,[35]
,,0.077511,0.0,  partialButterflyInverse8,[67]
,,0.015445,0.0,  partialButterflyInverse16,[101]
,,0.015263,0.0,  fastInverseDst,[103]
,,,,,
,,0.093044,0.170873,  TComLoopFilter::xDeblockCU <cycle 1>,[19]
[28],7.39,0.093044,0.170873,TComLoopFilter::xEdgeFilterLuma,[28]
,,0.170873,0.0,  TComLoopFilter::xPelFilterLuma,[45]
,,,,,
,,0.046667,0.216310,  TDecCu::xIntraRecBlk,[14]
[29],7.37,0.046667,0.216310,TComPrediction::initIntraPatternChType,[29]
,,0.108385,0.0,  fillReferenceSamples,[63]
,,0.031164,0.0,  TComDataCU::getPUBelowLeft,[77]
,,0.030816,0.0,  isLeftAvailable,[80]
,,0.030370,0.0,  TComDataCU::getPUAboveRight,[81]
,,0.015575,0.0,  TComDataCU::getPUAboveLeft,[96]
,,,,,
,,0.0,0.255633,  TComPicSym::create,[32]
[30],7.16,0.0,0.255633,TComDataCU::create,[30]
,,0.029583,0.0,  memset,[42]
,,0.0,0.030267,  TComCUMvField::create,[82]
,,0.0,0.180859,  aligned_offset_malloc_base,[40]
,,0.0,0.014924,  operator new,[76]
,,,,,
,,0.0,0.255633,  TDecTop::xGetNewPicBuffer,[22]
[31],7.16,0.0,0.255633,TComPic::create,[31]
,,0.0,0.255633,  TComPicSym::create,[32]
,,,,,
,,0.0,0.255633,  TComPic::create,[31]
[32],7.16,0.0,0.255633,TComPicSym::create,[32]
,,0.0,0.255633,  TComDataCU::create,[30]
,,,,,
,,0.0,0.045192,  operator new,[76]
,,0.014943,0.170759,  aligned_offset_malloc_base,[40]
[33],6.47,0.014943,0.215951,malloc_base,[33]
,,0.215951,0.0,  RtlAllocateHeap,[34]
,,,,,
,,0.215951,0.0,  malloc_base,[33]
[34],6.05,0.215951,0.0,RtlAllocateHeap,[34]
,,,,,
,,0.213197,0.0,  xITrMxN,[27]
[35],5.97,0.213197,0.0,partialButterflyInverse32,[35]
,,,,,
,,0.045933,0.152831,  TDecSlice::decompressSlice,[9]
[36],5.57,0.045933,0.152831,TComDataCU::initCtu,[36]
,,0.152831,0.0,  memset,[42]
,,,,,
,,0.030128,0.0,  write_text_ansi_nolock,[94]
,,0.165462,0.0,  write_nolock,[39]
[37],5.48,0.195590,0.0,WriteFile,[37]
,,,,,
,,0.0,0.030128,  _acrt_stdio_flush_nolock,[90]
,,0.0,0.165462,  write_buffer_nolock<char>,[49]
[38],5.48,0.0,0.195590,write,[38]
,,0.0,0.195590,  write_nolock,[39]
,,,,,
,,0.0,0.195590,  write,[38]
[39],5.48,0.0,0.195590,write_nolock,[39]
,,0.165462,0.0,  WriteFile,[37]
,,0.0,0.030128,  write_text_ansi_nolock,[94]
,,,,,
,,0.0,0.180859,  TComDataCU::create,[30]
,,0.0,0.004843,  TComPicYuv::createWithoutCUInfo,[112]
[40],5.2,0.0,0.185702,aligned_offset_malloc_base,[40]
,,0.014943,0.170759,  malloc_base,[33]
,,,,,
,,0.015641,0.169137,  TDecCu::xIntraRecBlk,[14]
[41],5.18,0.015641,0.169137,TComPrediction::predIntraAng,[41]
,,0.107196,0.0,  TComPrediction::xPredIntraAng,[64]
,,0.061941,0.0,  TComPrediction::xPredIntraPlanar,[69]
,,,,,
,,0.029583,0.0,  TComDataCU::create,[30]
,,0.152831,0.0,  TComDataCU::initCtu,[36]
[42],5.11,0.182414,0.0,memset,[42]
,,,,,
,,0.182098,0.0,  TComLoopFilter::xDeblockCU <cycle 1>,[19]
[43],5.1,0.182098,0.0,TComLoopFilter::xEdgeFilterChroma,[43]
,,,,,
,,0.015118,0.165462,  writePlane,[26]
[44],5.06,0.015118,0.165462,"std::basic_ostream<char,struct std::char_traits<char> >::write",[44]
,,0.0,0.165462,  fputc,[48]
,,,,,
,,0.170873,0.0,  TComLoopFilter::xEdgeFilterLuma,[28]
[45],4.79,0.170873,0.0,TComLoopFilter::xPelFilterLuma,[45]
,,,,,
,,0.168674,0.0,  TComTrQuant::invTransformNxN,[20]
[46],4.73,0.168674,0.0,TComTrQuant::xDeQuant,[46]
,,,,,
,,0.0,0.165462,  fputc,[48]
[47],4.64,0.0,0.165462,_acrt_stdio_flush_and_write_narrow_nolock,[47]
,,0.0,0.165462,  write_buffer_nolock<char>,[49]
,,,,,
,,0.0,0.165462,"  std::basic_ostream<char,struct std::char_traits<char> >::write",[44]
[48],4.64,0.0,0.165462,fputc,[48]
,,0.0,0.165462,  _acrt_stdio_flush_and_write_narrow_nolock,[47]
,,,,,
,,0.0,0.165462,  _acrt_stdio_flush_and_write_narrow_nolock,[47]
[49],4.64,0.0,0.165462,write_buffer_nolock<char>,[49]
,,0.0,0.165462,  write,[38]
,,,,,
,,,,  TDecCu::xDecodeCU <cycle 4>,[50]
,,0.0,0.152737,  TDecSlice::decompressSlice,[9]
[50],4.28,0.0,0.152737,TDecCu::xDecodeCU <cycle 4>,[50]
,,0.015272,0.107044,  TDecEntropy::decodeCoeff,[60]
,,0.015260,0.0,  TDecSbac::parsePartSize,[104]
,,0.015160,0.0,  TDecSbac::parsePredMode,[107]
,,,,  TDecCu::xDecodeCU <cycle 4>,[50]
,,,,,
,,0.0,0.152737,  TDecSlice::decompressSlice,[9]
[51],4.28,0.0,0.152737,<cycle 4 as a whole>,[51]
,,0.0,0.152737,  TDecCu::xDecodeCU <cycle 4>,[50]
,,,,,
,,0.148009,0.0,  free_base,[53]
[52],4.15,0.148009,0.0,RtlFreeHeap,[52]
,,,,,
,,0.0,0.015219,  TComDataCU::destroy,[61]
,,0.0,0.015010,  TComPicSym::destroy,[57]
,,0.0,0.012245,  TComTrQuant::destroyScalingList,[109]
,,0.0,0.105535,  aligned_free,[62]
[53],4.15,0.0,0.148009,free_base,[53]
,,0.148009,0.0,  RtlFreeHeap,[52]
,,,,,
,,0.139607,0.0,  TComSampleAdaptiveOffset::offsetCTU,[55]
[54],3.91,0.139607,0.0,TComSampleAdaptiveOffset::offsetBlock,[54]
,,,,,
,,0.0,0.139607,  TDecGop::filterPicture,[16]
[55],3.91,0.0,0.139607,TComSampleAdaptiveOffset::offsetCTU,[55]
,,0.139607,0.0,  TComSampleAdaptiveOffset::offsetBlock,[54]
,,,,,
,,0.0,0.136127,  TDecTop::xGetNewPicBuffer,[22]
[56],3.81,0.0,0.136127,TComPic::destroy,[56]
,,0.0,0.136127,  TComPicSym::destroy,[57]
,,,,,
,,0.0,0.136127,  TComPic::destroy,[56]
[57],3.81,0.0,0.136127,TComPicSym::destroy,[57]
,,0.0,0.121116,  TComDataCU::destroy,[61]
,,0.0,0.015010,  free_base,[53]
,,,,,
,,0.0,0.124321,  TDecGop::filterPicture,[16]
[58],3.48,0.0,0.124321,TComPicYuv::copyToPic,[58]
,,0.124321,0.0,  memcpy,[59]
,,,,,
,,0.124321,0.0,  TComPicYuv::copyToPic,[58]
[59],3.48,0.124321,0.0,memcpy,[59]
,,,,,
,,0.015272,0.107044,  TDecCu::xDecodeCU <cycle 4>,[50]
[60],3.43,0.015272,0.107044,TDecEntropy::decodeCoeff,[60]
,,0.045517,0.046007,  TDecEntropy::xDecodeTransform <cycle 3>,[66]
,,0.015520,0.0,  TComTU::TComTU,[72]
,,,,,
,,0.0,0.121116,  TComPicSym::destroy,[57]
[61],3.39,0.0,0.121116,TComDataCU::destroy,[61]
,,0.015242,0.090655,  aligned_free,[62]
,,0.0,0.015219,  free_base,[53]
,,,,,
,,0.0,0.014880,  TComPicYuv::destroy,[108]
,,0.015242,0.090655,  TComDataCU::destroy,[61]
[62],3.38,0.015242,0.105535,aligned_free,[62]
,,0.0,0.105535,  free_base,[53]
,,,,,
,,0.108385,0.0,  TComPrediction::initIntraPatternChType,[29]
[63],3.04,0.108385,0.0,fillReferenceSamples,[63]
,,,,,
,,0.107196,0.0,  TComPrediction::predIntraAng,[41]
[64],3.0,0.107196,0.0,TComPrediction::xPredIntraAng,[64]
,,,,,
,,0.045517,0.046007,  TDecEntropy::decodeCoeff,[60]
[65],2.56,0.045517,0.046007,<cycle 3 as a whole>,[65]
,,0.045517,0.046007,  TDecEntropy::xDecodeTransform <cycle 3>,[66]
,,,,,
,,,,  TDecEntropy::xDecodeTransform <cycle 3>,[66]
,,0.045517,0.046007,  TDecEntropy::decodeCoeff,[60]
[66],2.56,0.045517,0.046007,TDecEntropy::xDecodeTransform <cycle 3>,[66]
,,,,  TDecEntropy::xDecodeTransform <cycle 3>,[66]
,,0.0,0.046007,  TDecSbac::parseCoeffNxN,[75]
,,,,,
,,0.077511,0.0,  xITrMxN,[27]
[67],2.17,0.077511,0.0,partialButterflyInverse8,[67]
,,,,,
,,0.015574,0.046418,  TDecGop::filterPicture,[16]
[68],1.74,0.015574,0.046418,TComPic::compressMotion,[68]
,,0.046418,0.0,  TComCUMvField::compress,[73]
,,,,,
,,0.061941,0.0,  TComPrediction::predIntraAng,[41]
[69],1.74,0.061941,0.0,TComPrediction::xPredIntraPlanar,[69]
,,,,,
,,0.046001,0.015496,  TComLoopFilter::xDeblockCU <cycle 1>,[19]
[70],1.72,0.046001,0.015496,<cycle 2 as a whole>,[70]
,,0.046001,0.015496,  TComLoopFilter::xSetEdgefilterTU <cycle 2>,[71]
,,,,,
,,,,  TComLoopFilter::xSetEdgefilterTU <cycle 2>,[71]
,,0.046001,0.015496,  TComLoopFilter::xDeblockCU <cycle 1>,[19]
[71],1.72,0.046001,0.015496,TComLoopFilter::xSetEdgefilterTU <cycle 2>,[71]
,,0.015496,0.0,  TComTU::TComTU,[99]
,,,,  TComLoopFilter::xSetEdgefilterTU <cycle 2>,[71]
,,,,,
,,0.015520,0.0,  TDecEntropy::decodeCoeff,[60]
,,0.031037,0.0,  TComLoopFilter::xDeblockCU <cycle 1>,[19]
[72],1.3,0.046557,0.0,TComTU::TComTU,[72]
,,,,,
,,0.046418,0.0,  TComPic::compressMotion,[68]
[73],1.3,0.046418,0.0,TComCUMvField::compress,[73]
,,,,,
,,0.046113,0.0,  TDecCu::xIntraRecBlk,[14]
[74],1.29,0.046113,0.0,QpParam::QpParam,[74]
,,,,,
,,0.0,0.046007,  TDecEntropy::xDecodeTransform <cycle 3>,[66]
[75],1.29,0.0,0.046007,TDecSbac::parseCoeffNxN,[75]
,,0.015574,0.0,  TDecBinCABAC::decodeBin,[97]
,,0.015234,0.0,  TDecSbac::xReadCoefRemainExGolomb,[105]
,,0.015199,0.0,  getTUEntropyCodingParameters,[106]
,,,,,
,,0.0,0.030267,  TComCUMvField::create,[82]
,,0.0,0.014924,  TComDataCU::create,[30]
[76],1.27,0.0,0.045192,operator new,[76]
,,0.0,0.045192,  malloc_base,[33]
,,,,,
,,0.031164,0.0,  TComPrediction::initIntraPatternChType,[29]
[77],0.87,0.031164,0.0,TComDataCU::getPUBelowLeft,[77]
,,,,,
,,0.031009,0.0,  TComLoopFilter::xDeblockCU <cycle 1>,[19]
[78],0.87,0.031009,0.0,TComLoopFilter::xSetEdgefilterPU,[78]
,,,,,
,,0.031009,0.0,  TComLoopFilter::xDeblockCU <cycle 1>,[19]
[79],0.87,0.031009,0.0,TComLoopFilter::xGetBoundaryStrengthSingle,[79]
,,,,,
,,0.030816,0.0,  TComPrediction::initIntraPatternChType,[29]
[80],0.86,0.030816,0.0,isLeftAvailable,[80]
,,,,,
,,0.030370,0.0,  TComPrediction::initIntraPatternChType,[29]
[81],0.85,0.030370,0.0,TComDataCU::getPUAboveRight,[81]
,,,,,
,,0.0,0.030267,  TComDataCU::create,[30]
[82],0.85,0.0,0.030267,TComCUMvField::create,[82]
,,0.0,0.030267,  operator new,[76]
,,,,,
,,0.0,0.030189,  byteStreamNALUnit,[84]
[83],0.85,0.0,0.030189,InputByteStream::eofBeforeNBytes,[83]
,,0.030189,0.0,"  std::basic_istream<char,struct std::char_traits<char> >::get",[86]
,,,,,
,,0.0,0.030189,  byteStreamNALUnit,[85]
[84],0.85,0.0,0.030189,byteStreamNALUnit,[84]
,,0.0,0.030189,  InputByteStream::eofBeforeNBytes,[83]
,,,,,
,,0.0,0.030189,  TAppDecTop::decode,[5]
[85],0.85,0.0,0.030189,byteStreamNALUnit,[85]
,,0.0,0.030189,  byteStreamNALUnit,[84]
,,,,,
,,0.030189,0.0,  InputByteStream::eofBeforeNBytes,[83]
[86],0.85,0.030189,0.0,"std::basic_istream<char,struct std::char_traits<char> >::get",[86]
,,,,,
,,0.0,0.030128,"  __crt_seh_guarded_call<int>::operator()<class <lambda_a62c933ada0517137acf5807a1eeac1f>,class <lambda_a31071773b9a94e445cbd5d04ef99106> &,class <lambda_56065050dbf3ada7e59a83db45153de3> >",[88]
[87],0.84,0.0,0.030128,<lambda_a31071773b9a94e445cbd5d04ef99106>::operator(),[87]
,,0.0,0.030128,  _acrt_stdio_end_temporary_buffering_nolock,[89]
,,,,,
,,0.0,0.030128,  _stdio_common_vfprintf,[91]
[88],0.84,0.0,0.030128,"__crt_seh_guarded_call<int>::operator()<class <lambda_a62c933ada0517137acf5807a1eeac1f>,class <lambda_a31071773b9a94e445cbd5d04ef99106> &,class <lambda_56065050dbf3ada7e59a83db45153de3> >",[88]
,,0.0,0.030128,  <lambda_a31071773b9a94e445cbd5d04ef99106>::operator(),[87]
,,,,,
,,0.0,0.030128,  <lambda_a31071773b9a94e445cbd5d04ef99106>::operator(),[87]
[89],0.84,0.0,0.030128,_acrt_stdio_end_temporary_buffering_nolock,[89]
,,0.0,0.030128,  _acrt_stdio_flush_nolock,[90]
,,,,,
,,0.0,0.030128,  _acrt_stdio_end_temporary_buffering_nolock,[89]
[90],0.84,0.0,0.030128,_acrt_stdio_flush_nolock,[90]
,,0.0,0.030128,  write,[38]
,,,,,
,,0.0,0.030128,  printf,[93]
[91],0.84,0.0,0.030128,_stdio_common_vfprintf,[91]
,,0.0,0.030128,"  __crt_seh_guarded_call<int>::operator()<class <lambda_a62c933ada0517137acf5807a1eeac1f>,class <lambda_a31071773b9a94e445cbd5d04ef99106> &,class <lambda_56065050dbf3ada7e59a83db45153de3> >",[88]
,,,,,
,,0.0,0.030128,  TDecGop::filterPicture,[16]
[92],0.84,0.0,0.030128,calcAndPrintHashStatus,[92]
,,0.0,0.030128,  printf,[93]
,,,,,
,,0.0,0.030128,  calcAndPrintHashStatus,[92]
[93],0.84,0.0,0.030128,printf,[93]
,,0.0,0.030128,  _stdio_common_vfprintf,[91]
,,,,,
,,0.0,0.030128,  write_nolock,[39]
[94],0.84,0.0,0.030128,write_text_ansi_nolock,[94]
,,0.030128,0.0,  WriteFile,[37]
,,,,,
,,0.0,0.019723,  TDecTop::xActivateParameterSets,[21]
[95],0.55,0.0,0.019723,TComSampleAdaptiveOffset::create,[95]
,,0.0,0.004843,  TComPicYuv::create,[111]
,,0.0,0.014880,  TComPicYuv::destroy,[108]
,,,,,
,,0.015575,0.0,  TComPrediction::initIntraPatternChType,[29]
[96],0.44,0.015575,0.0,TComDataCU::getPUAboveLeft,[96]
,,,,,
,,0.015574,0.0,  TDecSbac::parseCoeffNxN,[75]
[97],0.44,0.015574,0.0,TDecBinCABAC::decodeBin,[97]
,,,,,
,,0.015500,0.0,  TDecCu::xDecompressCU <cycle 6>,[10]
[98],0.43,0.015500,0.0,TComDataCU::copySubCU,[98]
,,,,,
,,0.015496,0.0,  TComLoopFilter::xSetEdgefilterTU <cycle 2>,[71]
[99],0.43,0.015496,0.0,TComTU::TComTU,[99]
,,,,,
,,0.015460,0.0,  TDecSlice::decompressSlice,[9]
[100],0.43,0.015460,0.0,TDecSbac::setBitstream,[100]
,,,,,
,,0.015445,0.0,  xITrMxN,[27]
[101],0.43,0.015445,0.0,partialButterflyInverse16,[101]
,,,,,
,,0.015279,0.0,  TDecTop::xDecodeSlice,[7]
[102],0.43,0.015279,0.0,TComTrQuant::setErrScaleCoeff,[102]
,,,,,
,,0.015263,0.0,  xITrMxN,[27]
[103],0.43,0.015263,0.0,fastInverseDst,[103]
,,,,,
,,0.015260,0.0,  TDecCu::xDecodeCU <cycle 4>,[50]
[104],0.43,0.015260,0.0,TDecSbac::parsePartSize,[104]
,,,,,
,,0.015234,0.0,  TDecSbac::parseCoeffNxN,[75]
[105],0.43,0.015234,0.0,TDecSbac::xReadCoefRemainExGolomb,[105]
,,,,,
,,0.015199,0.0,  TDecSbac::parseCoeffNxN,[75]
[106],0.43,0.015199,0.0,getTUEntropyCodingParameters,[106]
,,,,,
,,0.015160,0.0,  TDecCu::xDecodeCU <cycle 4>,[50]
[107],0.42,0.015160,0.0,TDecSbac::parsePredMode,[107]
,,,,,
,,0.0,0.014880,  TComSampleAdaptiveOffset::create,[95]
[108],0.42,0.0,0.014880,TComPicYuv::destroy,[108]
,,0.0,0.014880,  aligned_free,[62]
,,,,,
,,0.0,0.012245,  TDecTop::~TDecTop,[110]
[109],0.34,0.0,0.012245,TComTrQuant::destroyScalingList,[109]
,,0.0,0.012245,  free_base,[53]
,,,,,
,,0.0,0.012245,  main,[4]
[110],0.34,0.0,0.012245,TDecTop::~TDecTop,[110]
,,0.0,0.012245,  TComTrQuant::destroyScalingList,[109]
,,,,,
,,0.0,0.004843,  TComSampleAdaptiveOffset::create,[95]
[111],0.14,0.0,0.004843,TComPicYuv::create,[111]
,,0.0,0.004843,  TComPicYuv::createWithoutCUInfo,[112]
,,,,,
,,0.0,0.004843,  TComPicYuv::create,[111]
[112],0.14,0.0,0.004843,TComPicYuv::createWithoutCUInfo,[112]
,,0.0,0.004843,  aligned_offset_malloc_base,[40]
,,,,,
,,0.000285,0.0,  wsopen_nolock,[120]
[113],0.01,0.000285,0.0,CreateFileW,[113]
,,,,,
,,0.0,0.000285,"  std::basic_ifstream<char,struct std::char_traits<char> >::basic_ifstream<char,struct std::char_traits<char> >",[119]
[114],0.01,0.0,0.000285,common_fsopen<char>,[114]
,,0.0,0.000285,  openfile,[116]
,,,,,
,,0.0,0.000285,  sopen_s,[118]
[115],0.01,0.0,0.000285,common_sopen_dispatch<char>,[115]
,,0.0,0.000285,  sopen_nolock,[117]
,,,,,
,,0.0,0.000285,  common_fsopen<char>,[114]
[116],0.01,0.0,0.000285,openfile,[116]
,,0.0,0.000285,  sopen_s,[118]
,,,,,
,,0.0,0.000285,  common_sopen_dispatch<char>,[115]
[117],0.01,0.0,0.000285,sopen_nolock,[117]
,,0.0,0.000285,  wsopen_nolock,[120]
,,,,,
,,0.0,0.000285,  openfile,[116]
[118],0.01,0.0,0.000285,sopen_s,[118]
,,0.0,0.000285,  common_sopen_dispatch<char>,[115]
,,,,,
,,0.0,0.000285,  TAppDecTop::decode,[5]
[119],0.01,0.0,0.000285,"std::basic_ifstream<char,struct std::char_traits<char> >::basic_ifstream<char,struct std::char_traits<char> >",[119]
,,0.0,0.000285,  common_fsopen<char>,[114]
,,,,,
,,0.0,0.000285,  sopen_nolock,[117]
[120],0.01,0.0,0.000285,wsopen_nolock,[120]
,,0.000285,0.0,  CreateFileW,[113]
,,,,,


Index by function name

Index,Function
[87],<lambda_a31071773b9a94e445cbd5d04ef99106>::operator()
[1],BaseThreadInitThunk
[113],CreateFileW
[83],InputByteStream::eofBeforeNBytes
[74],QpParam::QpParam
[34],RtlAllocateHeap
[52],RtlFreeHeap
[2],RtlUserThreadStart
[5],TAppDecTop::decode
[24],TAppDecTop::xWriteOutput
[73],TComCUMvField::compress
[82],TComCUMvField::create
[98],TComDataCU::copySubCU
[30],TComDataCU::create
[61],TComDataCU::destroy
[96],TComDataCU::getPUAboveLeft
[81],TComDataCU::getPUAboveRight
[77],TComDataCU::getPUBelowLeft
[36],TComDataCU::initCtu
[18],TComLoopFilter::loopFilterPic
[19],TComLoopFilter::xDeblockCU
[43],TComLoopFilter::xEdgeFilterChroma
[28],TComLoopFilter::xEdgeFilterLuma
[79],TComLoopFilter::xGetBoundaryStrengthSingle
[45],TComLoopFilter::xPelFilterLuma
[78],TComLoopFilter::xSetEdgefilterPU
[71],TComLoopFilter::xSetEdgefilterTU
[68],TComPic::compressMotion
[31],TComPic::create
[56],TComPic::destroy
[32],TComPicSym::create
[57],TComPicSym::destroy
[58],TComPicYuv::copyToPic
[111],TComPicYuv::create
[112],TComPicYuv::createWithoutCUInfo
[108],TComPicYuv::destroy
[29],TComPrediction::initIntraPatternChType
[41],TComPrediction::predIntraAng
[64],TComPrediction::xPredIntraAng
[69],TComPrediction::xPredIntraPlanar
[95],TComSampleAdaptiveOffset::create
[54],TComSampleAdaptiveOffset::offsetBlock
[55],TComSampleAdaptiveOffset::offsetCTU
[72],TComTU::TComTU
[99],TComTU::TComTU
[109],TComTrQuant::destroyScalingList
[20],TComTrQuant::invTransformNxN
[102],TComTrQuant::setErrScaleCoeff
[46],TComTrQuant::xDeQuant
[23],TComTrQuant::xIT
[97],TDecBinCABAC::decodeBin
[50],TDecCu::xDecodeCU
[10],TDecCu::xDecompressCU
[14],TDecCu::xIntraRecBlk
[15],TDecCu::xIntraRecQT
[12],TDecCu::xReconIntraQT
[60],TDecEntropy::decodeCoeff
[66],TDecEntropy::xDecodeTransform
[8],TDecGop::decompressSlice
[16],TDecGop::filterPicture
[75],TDecSbac::parseCoeffNxN
[104],TDecSbac::parsePartSize
[107],TDecSbac::parsePredMode
[100],TDecSbac::setBitstream
[105],TDecSbac::xReadCoefRemainExGolomb
[9],TDecSlice::decompressSlice
[6],TDecTop::decode
[21],TDecTop::xActivateParameterSets
[7],TDecTop::xDecodeSlice
[22],TDecTop::xGetNewPicBuffer
[110],TDecTop::~TDecTop
[25],TVideoIOYuv::write
[37],WriteFile
[88],"__crt_seh_guarded_call<int>::operator()<class <lambda_a62c933ada0517137acf5807a1eeac1f>,class <lambda_a31071773b9a94e445cbd5d04ef99106> &,class <lambda_56065050dbf3ada7e59a83db45153de3> >"
[89],_acrt_stdio_end_temporary_buffering_nolock
[47],_acrt_stdio_flush_and_write_narrow_nolock
[90],_acrt_stdio_flush_nolock
[3],_scrt_common_main_seh
[91],_stdio_common_vfprintf
[62],aligned_free
[40],aligned_offset_malloc_base
[84],byteStreamNALUnit
[85],byteStreamNALUnit
[92],calcAndPrintHashStatus
[114],common_fsopen<char>
[115],common_sopen_dispatch<char>
[103],fastInverseDst
[63],fillReferenceSamples
[48],fputc
[53],free_base
[106],getTUEntropyCodingParameters
[80],isLeftAvailable
[4],main
[33],malloc_base
[59],memcpy
[42],memset
[116],openfile
[76],operator new
[101],partialButterflyInverse16
[35],partialButterflyInverse32
[67],partialButterflyInverse8
[93],printf
[117],sopen_nolock
[118],sopen_s
[119],"std::basic_ifstream<char,struct std::char_traits<char> >::basic_ifstream<char,struct std::char_traits<char> >"
[86],"std::basic_istream<char,struct std::char_traits<char> >::get"
[44],"std::basic_ostream<char,struct std::char_traits<char> >::write"
[38],write
[26],writePlane
[49],write_buffer_nolock<char>
[39],write_nolock
[94],write_text_ansi_nolock
[120],wsopen_nolock
[27],xITrMxN
[17],<cycle 1>
[70],<cycle 2>
[65],<cycle 3>
[51],<cycle 4>
[13],<cycle 5>
[11],<cycle 6>
