Index,% CPU Time:Total,CPU Time:Self,CPU Time:Children,Name,Index
,,0.0,2.423881,  RtlUserThreadStart,[2]
[1],100.0,0.0,2.423881,BaseThreadInitThunk,[1]
,,0.0,2.423881,  _scrt_common_main_seh,[4]
,,,,,
,,,,  <spontaneous>,
[2],100.0,0.0,2.423881,RtlUserThreadStart,[2]
,,0.0,2.423881,  BaseThreadInitThunk,[1]
,,,,,
,,0.0,2.423881,  main,[5]
[3],100.0,0.0,2.423881,TAppDecTop::decode,[3]
,,0.0,0.031069,  TAppDecTop::xFlushOutput,[88]
,,0.0,0.170907,  TAppDecTop::xWriteOutput,[28]
,,0.0,0.015536,  TDecCu::destroy,[104]
,,0.0,0.388289,  TDecGop::filterPicture,[18]
,,0.0,1.771537,  TDecTop::decode,[6]
,,0.0,0.046542,  byteStreamNALUnit,[82]
,,,,,
,,0.0,2.423881,  BaseThreadInitThunk,[1]
[4],100.0,0.0,2.423881,_scrt_common_main_seh,[4]
,,0.0,2.423881,  main,[5]
,,,,,
,,0.0,2.423881,  _scrt_common_main_seh,[4]
[5],100.0,0.0,2.423881,main,[5]
,,0.0,2.423881,  TAppDecTop::decode,[3]
,,,,,
,,0.0,1.771537,  TAppDecTop::decode,[3]
[6],73.09,0.0,1.771537,TDecTop::decode,[6]
,,0.0,1.771537,  TDecTop::xDecodeSlice,[7]
,,,,,
,,0.0,1.771537,  TDecTop::decode,[6]
[7],73.09,0.0,1.771537,TDecTop::xDecodeSlice,[7]
,,0.046664,0.0,  TComTrQuant::setErrScaleCoeff,[72]
,,0.0,1.429652,  TDecGop::decompressSlice,[8]
,,0.0,0.295221,  TDecTop::xActivateParameterSets,[19]
,,,,,
,,0.0,1.429652,  TDecTop::xDecodeSlice,[7]
[8],58.98,0.0,1.429652,TDecGop::decompressSlice,[8]
,,0.0,1.429652,  TDecSlice::decompressSlice,[9]
,,,,,
,,0.0,1.429652,  TDecGop::decompressSlice,[8]
[9],58.98,0.0,1.429652,TDecSlice::decompressSlice,[9]
,,0.062091,0.030984,  TComDataCU::initCtu,[58]
,,0.015503,0.0,  TDecSbac::setBitstream,[112]
,,0.0,0.139844,  TDecCu::xDecodeCU <cycle 2>,[45]
,,0.0,1.165665,  TDecCu::xDecompressCU <cycle 4>,[11]
,,0.0,0.015565,  TDecSbac::parseSAOBlkParam,[96]
,,,,,
,,0.0,1.165665,  TDecSlice::decompressSlice,[9]
[10],48.09,0.0,1.165665,<cycle 4 as a whole>,[10]
,,0.0,1.165665,  TDecCu::xDecompressCU <cycle 4>,[11]
,,,,,
,,,,  TDecCu::xDecompressCU <cycle 4>,[11]
,,0.0,1.165665,  TDecSlice::decompressSlice,[9]
[11],48.09,0.0,1.165665,TDecCu::xDecompressCU <cycle 4>,[11]
,,0.0,0.031101,  TComYuv::clear,[84]
,,0.0,0.155290,  TDecCu::xCopyToPic,[41]
,,,,  TDecCu::xDecompressCU <cycle 4>,[11]
,,0.0,0.886250,  TDecCu::xReconInter,[12]
,,0.0,0.093024,  TDecCu::xReconIntraQT,[61]
,,,,,
,,0.0,0.886250,  TDecCu::xDecompressCU <cycle 4>,[11]
[12],36.56,0.0,0.886250,TDecCu::xReconInter,[12]
,,0.0,0.839653,  TComPrediction::motionCompensation,[13]
,,0.0,0.046598,  TDecCu::xDecodeInterTexture,[78]
,,,,,
,,0.0,0.839653,  TDecCu::xReconInter,[12]
[13],34.64,0.0,0.839653,TComPrediction::motionCompensation,[13]
,,0.0,0.839653,  TComPrediction::xPredInterBi,[14]
,,,,,
,,0.0,0.839653,  TComPrediction::motionCompensation,[13]
[14],34.64,0.0,0.839653,TComPrediction::xPredInterBi,[14]
,,0.077769,0.015524,  TComYuv::addAvg,[55]
,,0.015550,0.730811,  TComPrediction::xPredInterUni,[15]
,,,,,
,,0.015550,0.730811,  TComPrediction::xPredInterBi,[14]
[15],30.79,0.015550,0.730811,TComPrediction::xPredInterUni,[15]
,,0.015520,0.715290,  TComPrediction::xPredInterBlk,[16]
,,,,,
,,0.015520,0.715290,  TComPrediction::xPredInterUni,[15]
[16],30.15,0.015520,0.715290,TComPrediction::xPredInterBlk,[16]
,,0.015476,0.0,  TComYuv::getAddr,[118]
,,0.0,0.451075,  TComInterpolationFilter::filterHor,[17]
,,0.0,0.248739,  TComInterpolationFilter::filterVer,[25]
,,,,,
,,0.0,0.451075,  TComPrediction::xPredInterBlk,[16]
[17],18.61,0.0,0.451075,TComInterpolationFilter::filterHor,[17]
,,0.264502,0.0,"  TComInterpolationFilter::filter<8,0,1,0>",[21]
,,0.108878,0.0,  TComInterpolationFilter::filterCopy,[49]
,,0.077695,0.0,"  TComInterpolationFilter::filter<4,0,1,0>",[64]
,,,,,
,,0.0,0.388289,  TAppDecTop::decode,[3]
[18],16.02,0.0,0.388289,TDecGop::filterPicture,[18]
,,0.0,0.263940,  TComLoopFilter::loopFilterPic,[23]
,,0.0,0.015523,  TComPic::compressMotion,[111]
,,0.0,0.031099,  TComPicYuv::copyToPic,[85]
,,0.0,0.077728,  TComSampleAdaptiveOffset::offsetCTU,[63]
,,,,,
,,0.0,0.295221,  TDecTop::xDecodeSlice,[7]
[19],12.18,0.0,0.295221,TDecTop::xActivateParameterSets,[19]
,,0.0,0.295221,  TDecTop::xGetNewPicBuffer,[20]
,,,,,
,,0.0,0.295221,  TDecTop::xActivateParameterSets,[19]
[20],12.18,0.0,0.295221,TDecTop::xGetNewPicBuffer,[20]
,,0.0,0.170876,  TComPic::create,[31]
,,0.0,0.124345,  TComPic::destroy,[43]
,,,,,
,,0.264502,0.0,  TComInterpolationFilter::filterHor,[17]
[21],10.91,0.264502,0.0,"TComInterpolationFilter::filter<8,0,1,0>",[21]
,,,,,
,,0.046611,0.217329,  TComLoopFilter::loopFilterPic,[23]
[22],10.89,0.046611,0.217329,<cycle 1 as a whole>,[22]
,,0.046611,0.217329,  TComLoopFilter::xDeblockCU <cycle 1>,[24]
,,,,,
,,0.0,0.263940,  TDecGop::filterPicture,[18]
[23],10.89,0.0,0.263940,TComLoopFilter::loopFilterPic,[23]
,,0.046611,0.217329,  TComLoopFilter::xDeblockCU <cycle 1>,[24]
,,,,,
,,,,  TComLoopFilter::xDeblockCU <cycle 1>,[24]
,,0.046611,0.217329,  TComLoopFilter::loopFilterPic,[23]
[24],10.89,0.046611,0.217329,TComLoopFilter::xDeblockCU <cycle 1>,[24]
,,0.062096,0.046572,  TComLoopFilter::xEdgeFilterLuma,[53]
,,0.046613,0.0,  TComLoopFilter::xGetBoundaryStrengthSingle,[75]
,,0.046512,0.0,  TComLoopFilter::xEdgeFilterChroma,[83]
,,0.015536,0.0,  TComLoopFilter::xSetEdgefilterTU,[105]
,,,,  TComLoopFilter::xDeblockCU <cycle 1>,[24]
,,,,,
,,0.0,0.248739,  TComPrediction::xPredInterBlk,[16]
[25],10.26,0.0,0.248739,TComInterpolationFilter::filterVer,[25]
,,0.139908,0.0,"  TComInterpolationFilter::filter<8,1,0,0>",[42]
,,0.046626,0.0,"  TComInterpolationFilter::filter<4,1,0,0>",[73]
,,0.031053,0.0,"  TComInterpolationFilter::filter<8,1,1,0>",[89]
,,0.015586,0.0,"  TComInterpolationFilter::filter<8,1,0,1>",[93]
,,0.015566,0.0,"  TComInterpolationFilter::filter<8,1,1,1>",[95]
,,,,,
,,0.0,0.015532,  TAppDecTop::xFlushOutput,[88]
,,0.0,0.170907,  TAppDecTop::xWriteOutput,[28]
[26],7.69,0.0,0.186438,TVideoIOYuv::write,[26]
,,0.031122,0.155317,  writePlane,[27]
,,,,,
,,0.031122,0.155317,  TVideoIOYuv::write,[26]
[27],7.69,0.031122,0.155317,writePlane,[27]
,,0.0,0.155317,"  std::basic_ostream<char,struct std::char_traits<char> >::write",[36]
,,,,,
,,0.0,0.170907,  TAppDecTop::decode,[3]
[28],7.05,0.0,0.170907,TAppDecTop::xWriteOutput,[28]
,,0.0,0.170907,  TVideoIOYuv::write,[26]
,,,,,
,,0.031099,0.0,  TComPicYuv::copyToPic,[85]
,,0.139804,0.0,  TComYuv::copyToPicComponent,[40]
[29],7.05,0.170903,0.0,memcpy,[29]
,,,,,
,,0.0,0.170876,  TComPicSym::create,[32]
[30],7.05,0.0,0.170876,TComDataCU::create,[30]
,,0.031072,0.0,  memset,[54]
,,0.0,0.108719,  aligned_offset_malloc_base,[52]
,,0.0,0.031086,  operator new,[86]
,,,,,
,,0.0,0.170876,  TDecTop::xGetNewPicBuffer,[20]
[31],7.05,0.0,0.170876,TComPic::create,[31]
,,0.0,0.170876,  TComPicSym::create,[32]
,,,,,
,,0.0,0.170876,  TComPic::create,[31]
[32],7.05,0.0,0.170876,TComPicSym::create,[32]
,,0.0,0.170876,  TComDataCU::create,[30]
,,,,,
,,0.155317,0.0,  write_nolock,[39]
[33],6.41,0.155317,0.0,WriteFile,[33]
,,,,,
,,0.0,0.155317,  fputc,[35]
[34],6.41,0.0,0.155317,_acrt_stdio_flush_and_write_narrow_nolock,[34]
,,0.0,0.155317,  write_buffer_nolock<char>,[38]
,,,,,
,,0.0,0.155317,"  std::basic_ostream<char,struct std::char_traits<char> >::write",[36]
[35],6.41,0.0,0.155317,fputc,[35]
,,0.0,0.155317,  _acrt_stdio_flush_and_write_narrow_nolock,[34]
,,,,,
,,0.0,0.155317,  writePlane,[27]
[36],6.41,0.0,0.155317,"std::basic_ostream<char,struct std::char_traits<char> >::write",[36]
,,0.0,0.155317,  fputc,[35]
,,,,,
,,0.0,0.155317,  write_buffer_nolock<char>,[38]
[37],6.41,0.0,0.155317,write,[37]
,,0.0,0.155317,  write_nolock,[39]
,,,,,
,,0.0,0.155317,  _acrt_stdio_flush_and_write_narrow_nolock,[34]
[38],6.41,0.0,0.155317,write_buffer_nolock<char>,[38]
,,0.0,0.155317,  write,[37]
,,,,,
,,0.0,0.155317,  write,[37]
[39],6.41,0.0,0.155317,write_nolock,[39]
,,0.155317,0.0,  WriteFile,[33]
,,,,,
,,0.015486,0.139804,  TDecCu::xCopyToPic,[41]
[40],6.41,0.015486,0.139804,TComYuv::copyToPicComponent,[40]
,,0.139804,0.0,  memcpy,[29]
,,,,,
,,0.0,0.155290,  TDecCu::xDecompressCU <cycle 4>,[11]
[41],6.41,0.0,0.155290,TDecCu::xCopyToPic,[41]
,,0.015486,0.139804,  TComYuv::copyToPicComponent,[40]
,,,,,
,,0.139908,0.0,  TComInterpolationFilter::filterVer,[25]
[42],5.77,0.139908,0.0,"TComInterpolationFilter::filter<8,1,0,0>",[42]
,,,,,
,,0.0,0.015538,  TAppDecTop::xFlushOutput,[88]
,,0.0,0.124345,  TDecTop::xGetNewPicBuffer,[20]
[43],5.77,0.0,0.139882,TComPic::destroy,[43]
,,0.0,0.108800,  TComPicSym::destroy,[51]
,,0.0,0.031082,  TComPicYuv::destroy,[87]
,,,,,
,,0.0,0.139844,  TDecSlice::decompressSlice,[9]
[44],5.77,0.0,0.139844,<cycle 2 as a whole>,[44]
,,0.0,0.139844,  TDecCu::xDecodeCU <cycle 2>,[45]
,,,,,
,,,,  TDecCu::xDecodeCU <cycle 2>,[45]
,,0.0,0.139844,  TDecSlice::decompressSlice,[9]
[45],5.77,0.0,0.139844,TDecCu::xDecodeCU <cycle 2>,[45]
,,0.0,0.015489,  TComDataCU::getInterMergeCandidates,[114]
,,0.0,0.015489,  TComDataCU::setSubPart<unsigned char>,[116]
,,,,  TDecCu::xDecodeCU <cycle 2>,[45]
,,0.0,0.046706,  TDecEntropy::decodeCoeff,[70]
,,0.0,0.046617,  TDecEntropy::decodePredInfo,[74]
,,0.0,0.015543,  TDecSbac::parseSkipFlag,[103]
,,,,,
,,0.139805,0.0,  malloc_base,[47]
[46],5.77,0.139805,0.0,func@0x18003b880,[46]
,,,,,
,,0.0,0.108719,  aligned_offset_malloc_base,[52]
,,0.0,0.031086,  operator new,[86]
[47],5.77,0.0,0.139805,malloc_base,[47]
,,0.139805,0.0,  func@0x18003b880,[46]
,,,,,
,,0.0,0.031082,  TComPicYuv::destroy,[87]
,,0.0,0.015536,  TDecCu::destroy,[104]
,,0.046705,0.031067,  TComDataCU::destroy,[50]
[48],5.13,0.046705,0.077685,aligned_free,[48]
,,0.0,0.077685,  free_base,[57]
,,,,,
,,0.108878,0.0,  TComInterpolationFilter::filterHor,[17]
[49],4.49,0.108878,0.0,TComInterpolationFilter::filterCopy,[49]
,,,,,
,,0.015506,0.093294,  TComPicSym::destroy,[51]
[50],4.49,0.015506,0.093294,TComDataCU::destroy,[50]
,,0.046705,0.031067,  aligned_free,[48]
,,0.0,0.015522,  free_base,[57]
,,,,,
,,0.0,0.108800,  TComPic::destroy,[43]
[51],4.49,0.0,0.108800,TComPicSym::destroy,[51]
,,0.015506,0.093294,  TComDataCU::destroy,[50]
,,,,,
,,0.0,0.108719,  TComDataCU::create,[30]
[52],4.49,0.0,0.108719,aligned_offset_malloc_base,[52]
,,0.0,0.108719,  malloc_base,[47]
,,,,,
,,0.062096,0.046572,  TComLoopFilter::xDeblockCU <cycle 1>,[24]
[53],4.48,0.062096,0.046572,TComLoopFilter::xEdgeFilterLuma,[53]
,,0.046572,0.0,  TComLoopFilter::xPelFilterLuma,[80]
,,,,,
,,0.015489,0.0,  TComDataCU::setSubPart<unsigned char>,[116]
,,0.030984,0.0,  TComDataCU::initCtu,[58]
,,0.031072,0.0,  TComDataCU::create,[30]
,,0.031101,0.0,  TComYuv::clear,[84]
[54],4.48,0.108646,0.0,memset,[54]
,,,,,
,,0.077769,0.015524,  TComPrediction::xPredInterBi,[14]
[55],3.85,0.077769,0.015524,TComYuv::addAvg,[55]
,,0.015524,0.0,  TComYuv::getAddr,[109]
,,,,,
,,0.093207,0.0,  free_base,[57]
[56],3.85,0.093207,0.0,RtlFreeHeap,[56]
,,,,,
,,0.0,0.015522,  TComDataCU::destroy,[50]
,,0.0,0.077685,  aligned_free,[48]
[57],3.85,0.0,0.093207,free_base,[57]
,,0.093207,0.0,  RtlFreeHeap,[56]
,,,,,
,,0.062091,0.030984,  TDecSlice::decompressSlice,[9]
[58],3.84,0.062091,0.030984,TComDataCU::initCtu,[58]
,,0.030984,0.0,  memset,[54]
,,,,,
,,0.015545,0.077479,  TDecCu::xIntraRecQT,[60]
[59],3.84,0.015545,0.077479,TDecCu::xIntraRecBlk,[59]
,,0.0,0.031041,  TComPrediction::initIntraPatternChType,[90]
,,0.0,0.015419,  TComPrediction::predIntraAng,[119]
,,0.0,0.031020,  TComTrQuant::invTransformNxN,[65]
,,,,,
,,0.0,0.093024,  TDecCu::xReconIntraQT,[61]
[60],3.84,0.0,0.093024,TDecCu::xIntraRecQT,[60]
,,0.015545,0.077479,  TDecCu::xIntraRecBlk,[59]
,,,,,
,,0.0,0.093024,  TDecCu::xDecompressCU <cycle 4>,[11]
[61],3.84,0.0,0.093024,TDecCu::xReconIntraQT,[61]
,,0.0,0.093024,  TDecCu::xIntraRecQT,[60]
,,,,,
,,0.077728,0.0,  TComSampleAdaptiveOffset::offsetCTU,[63]
[62],3.21,0.077728,0.0,TComSampleAdaptiveOffset::offsetBlock,[62]
,,,,,
,,0.0,0.077728,  TDecGop::filterPicture,[18]
[63],3.21,0.0,0.077728,TComSampleAdaptiveOffset::offsetCTU,[63]
,,0.077728,0.0,  TComSampleAdaptiveOffset::offsetBlock,[62]
,,,,,
,,0.077695,0.0,  TComInterpolationFilter::filterHor,[17]
[64],3.21,0.077695,0.0,"TComInterpolationFilter::filter<4,0,1,0>",[64]
,,,,,
,,0.0,0.046598,  TComTrQuant::invRecurTransformNxN <cycle 5>,[77]
,,0.0,0.031020,  TDecCu::xIntraRecBlk,[59]
[65],3.2,0.0,0.077617,TComTrQuant::invTransformNxN,[65]
,,0.015486,0.0,  TComTrQuant::xDeQuant,[117]
,,0.0,0.062132,  TComTrQuant::xIT,[67]
,,,,,
,,0.015533,0.0,  TDecSbac::parseIntraDirChroma,[108]
,,0.015565,0.0,  TDecSbac::parseSAOBlkParam,[96]
,,0.015578,0.0,  TDecSbac::parseCoeffNxN,[94]
,,0.015592,0.0,  TDecSbac::parseQtCbf,[92]
[66],2.57,0.062267,0.0,TDecBinCABAC::decodeBin,[66]
,,,,,
,,0.0,0.062132,  TComTrQuant::invTransformNxN,[65]
[67],2.56,0.0,0.062132,TComTrQuant::xIT,[67]
,,0.0,0.062132,  xITrMxN,[68]
,,,,,
,,0.0,0.062132,  TComTrQuant::xIT,[67]
[68],2.56,0.0,0.062132,xITrMxN,[68]
,,0.046598,0.0,  partialButterflyInverse16,[79]
,,0.015534,0.0,  fastInverseDst,[107]
,,,,,
,,0.015537,0.031169,  TDecEntropy::decodeCoeff,[70]
[69],1.93,0.015537,0.031169,<cycle 3 as a whole>,[69]
,,0.015537,0.031169,  TDecEntropy::xDecodeTransform <cycle 3>,[71]
,,,,,
,,0.0,0.046706,  TDecCu::xDecodeCU <cycle 2>,[45]
[70],1.93,0.0,0.046706,TDecEntropy::decodeCoeff,[70]
,,0.015537,0.031169,  TDecEntropy::xDecodeTransform <cycle 3>,[71]
,,,,,
,,,,  TDecEntropy::xDecodeTransform <cycle 3>,[71]
,,0.015537,0.031169,  TDecEntropy::decodeCoeff,[70]
[71],1.93,0.015537,0.031169,TDecEntropy::xDecodeTransform <cycle 3>,[71]
,,,,  TDecEntropy::xDecodeTransform <cycle 3>,[71]
,,0.0,0.015578,  TDecSbac::parseCoeffNxN,[94]
,,0.0,0.015592,  TDecSbac::parseQtCbf,[92]
,,,,,
,,0.046664,0.0,  TDecTop::xDecodeSlice,[7]
[72],1.93,0.046664,0.0,TComTrQuant::setErrScaleCoeff,[72]
,,,,,
,,0.046626,0.0,  TComInterpolationFilter::filterVer,[25]
[73],1.92,0.046626,0.0,"TComInterpolationFilter::filter<4,1,0,0>",[73]
,,,,,
,,0.0,0.046617,  TDecCu::xDecodeCU <cycle 2>,[45]
[74],1.92,0.0,0.046617,TDecEntropy::decodePredInfo,[74]
,,0.015535,0.0,  TDecSbac::parseIntraDirLumaAng,[106]
,,0.0,0.015549,  TDecEntropy::decodePUWise,[101]
,,0.0,0.015533,  TDecSbac::parseIntraDirChroma,[108]
,,,,,
,,0.046613,0.0,  TComLoopFilter::xDeblockCU <cycle 1>,[24]
[75],1.92,0.046613,0.0,TComLoopFilter::xGetBoundaryStrengthSingle,[75]
,,,,,
,,0.0,0.046598,  TDecCu::xDecodeInterTexture,[78]
[76],1.92,0.0,0.046598,<cycle 5 as a whole>,[76]
,,0.0,0.046598,  TComTrQuant::invRecurTransformNxN <cycle 5>,[77]
,,,,,
,,,,  TComTrQuant::invRecurTransformNxN <cycle 5>,[77]
,,0.0,0.046598,  TDecCu::xDecodeInterTexture,[78]
[77],1.92,0.0,0.046598,TComTrQuant::invRecurTransformNxN <cycle 5>,[77]
,,,,  TComTrQuant::invRecurTransformNxN <cycle 5>,[77]
,,0.0,0.046598,  TComTrQuant::invTransformNxN,[65]
,,,,,
,,0.0,0.046598,  TDecCu::xReconInter,[12]
[78],1.92,0.0,0.046598,TDecCu::xDecodeInterTexture,[78]
,,0.0,0.046598,  TComTrQuant::invRecurTransformNxN <cycle 5>,[77]
,,,,,
,,0.046598,0.0,  xITrMxN,[68]
[79],1.92,0.046598,0.0,partialButterflyInverse16,[79]
,,,,,
,,0.046572,0.0,  TComLoopFilter::xEdgeFilterLuma,[53]
[80],1.92,0.046572,0.0,TComLoopFilter::xPelFilterLuma,[80]
,,,,,
,,0.015542,0.031000,  byteStreamNALUnit,[82]
[81],1.92,0.015542,0.031000,byteStreamNALUnit,[81]
,,0.015435,0.015565,  InputByteStream::eofBeforeNBytes,[91]
,,,,,
,,0.0,0.046542,  TAppDecTop::decode,[3]
[82],1.92,0.0,0.046542,byteStreamNALUnit,[82]
,,0.015542,0.031000,  byteStreamNALUnit,[81]
,,,,,
,,0.046512,0.0,  TComLoopFilter::xDeblockCU <cycle 1>,[24]
[83],1.92,0.046512,0.0,TComLoopFilter::xEdgeFilterChroma,[83]
,,,,,
,,0.0,0.031101,  TDecCu::xDecompressCU <cycle 4>,[11]
[84],1.28,0.0,0.031101,TComYuv::clear,[84]
,,0.031101,0.0,  memset,[54]
,,,,,
,,0.0,0.031099,  TDecGop::filterPicture,[18]
[85],1.28,0.0,0.031099,TComPicYuv::copyToPic,[85]
,,0.031099,0.0,  memcpy,[29]
,,,,,
,,0.0,0.031086,  TComDataCU::create,[30]
[86],1.28,0.0,0.031086,operator new,[86]
,,0.0,0.031086,  malloc_base,[47]
,,,,,
,,0.0,0.031082,  TComPic::destroy,[43]
[87],1.28,0.0,0.031082,TComPicYuv::destroy,[87]
,,0.0,0.031082,  aligned_free,[48]
,,,,,
,,0.0,0.031069,  TAppDecTop::decode,[3]
[88],1.28,0.0,0.031069,TAppDecTop::xFlushOutput,[88]
,,0.0,0.015538,  TComPic::destroy,[43]
,,0.0,0.015532,  TVideoIOYuv::write,[26]
,,,,,
,,0.031053,0.0,  TComInterpolationFilter::filterVer,[25]
[89],1.28,0.031053,0.0,"TComInterpolationFilter::filter<8,1,1,0>",[89]
,,,,,
,,0.0,0.031041,  TDecCu::xIntraRecBlk,[59]
[90],1.28,0.0,0.031041,TComPrediction::initIntraPatternChType,[90]
,,0.015550,0.0,  isAboveAvailable,[98]
,,0.015490,0.0,  isLeftAvailable,[113]
,,,,,
,,0.015435,0.015565,  byteStreamNALUnit,[81]
[91],1.28,0.015435,0.015565,InputByteStream::eofBeforeNBytes,[91]
,,0.015565,0.0,"  std::basic_istream<char,struct std::char_traits<char> >::get",[97]
,,,,,
,,0.0,0.015592,  TDecEntropy::xDecodeTransform <cycle 3>,[71]
[92],0.64,0.0,0.015592,TDecSbac::parseQtCbf,[92]
,,0.015592,0.0,  TDecBinCABAC::decodeBin,[66]
,,,,,
,,0.015586,0.0,  TComInterpolationFilter::filterVer,[25]
[93],0.64,0.015586,0.0,"TComInterpolationFilter::filter<8,1,0,1>",[93]
,,,,,
,,0.0,0.015578,  TDecEntropy::xDecodeTransform <cycle 3>,[71]
[94],0.64,0.0,0.015578,TDecSbac::parseCoeffNxN,[94]
,,0.015578,0.0,  TDecBinCABAC::decodeBin,[66]
,,,,,
,,0.015566,0.0,  TComInterpolationFilter::filterVer,[25]
[95],0.64,0.015566,0.0,"TComInterpolationFilter::filter<8,1,1,1>",[95]
,,,,,
,,0.0,0.015565,  TDecSlice::decompressSlice,[9]
[96],0.64,0.0,0.015565,TDecSbac::parseSAOBlkParam,[96]
,,0.015565,0.0,  TDecBinCABAC::decodeBin,[66]
,,,,,
,,0.015565,0.0,  InputByteStream::eofBeforeNBytes,[91]
[97],0.64,0.015565,0.0,"std::basic_istream<char,struct std::char_traits<char> >::get",[97]
,,,,,
,,0.015550,0.0,  TComPrediction::initIntraPatternChType,[90]
[98],0.64,0.015550,0.0,isAboveAvailable,[98]
,,,,,
,,0.015549,0.0,  TDecEntropy::decodeMVPIdxPU,[100]
[99],0.64,0.015549,0.0,TComDataCU::fillMvpCand,[99]
,,,,,
,,0.0,0.015549,  TDecEntropy::decodePUWise,[101]
[100],0.64,0.0,0.015549,TDecEntropy::decodeMVPIdxPU,[100]
,,0.015549,0.0,  TComDataCU::fillMvpCand,[99]
,,,,,
,,0.0,0.015549,  TDecEntropy::decodePredInfo,[74]
[101],0.64,0.0,0.015549,TDecEntropy::decodePUWise,[101]
,,0.0,0.015549,  TDecEntropy::decodeMVPIdxPU,[100]
,,,,,
,,0.015543,0.0,  TDecSbac::parseSkipFlag,[103]
[102],0.64,0.015543,0.0,TComDataCU::setSubPart<bool>,[102]
,,,,,
,,0.0,0.015543,  TDecCu::xDecodeCU <cycle 2>,[45]
[103],0.64,0.0,0.015543,TDecSbac::parseSkipFlag,[103]
,,0.015543,0.0,  TComDataCU::setSubPart<bool>,[102]
,,,,,
,,0.0,0.015536,  TAppDecTop::decode,[3]
[104],0.64,0.0,0.015536,TDecCu::destroy,[104]
,,0.0,0.015536,  aligned_free,[48]
,,,,,
,,0.015536,0.0,  TComLoopFilter::xDeblockCU <cycle 1>,[24]
[105],0.64,0.015536,0.0,TComLoopFilter::xSetEdgefilterTU,[105]
,,,,,
,,0.015535,0.0,  TDecEntropy::decodePredInfo,[74]
[106],0.64,0.015535,0.0,TDecSbac::parseIntraDirLumaAng,[106]
,,,,,
,,0.015534,0.0,  xITrMxN,[68]
[107],0.64,0.015534,0.0,fastInverseDst,[107]
,,,,,
,,0.0,0.015533,  TDecEntropy::decodePredInfo,[74]
[108],0.64,0.0,0.015533,TDecSbac::parseIntraDirChroma,[108]
,,0.015533,0.0,  TDecBinCABAC::decodeBin,[66]
,,,,,
,,0.015524,0.0,  TComYuv::addAvg,[55]
[109],0.64,0.015524,0.0,TComYuv::getAddr,[109]
,,,,,
,,0.015523,0.0,  TComPic::compressMotion,[111]
[110],0.64,0.015523,0.0,TComCUMvField::compress,[110]
,,,,,
,,0.0,0.015523,  TDecGop::filterPicture,[18]
[111],0.64,0.0,0.015523,TComPic::compressMotion,[111]
,,0.015523,0.0,  TComCUMvField::compress,[110]
,,,,,
,,0.015503,0.0,  TDecSlice::decompressSlice,[9]
[112],0.64,0.015503,0.0,TDecSbac::setBitstream,[112]
,,,,,
,,0.015490,0.0,  TComPrediction::initIntraPatternChType,[90]
[113],0.64,0.015490,0.0,isLeftAvailable,[113]
,,,,,
,,0.0,0.015489,  TDecCu::xDecodeCU <cycle 2>,[45]
[114],0.64,0.0,0.015489,TComDataCU::getInterMergeCandidates,[114]
,,0.015489,0.0,  TComDataCU::xGetColMVP,[115]
,,,,,
,,0.015489,0.0,  TComDataCU::getInterMergeCandidates,[114]
[115],0.64,0.015489,0.0,TComDataCU::xGetColMVP,[115]
,,,,,
,,0.0,0.015489,  TDecCu::xDecodeCU <cycle 2>,[45]
[116],0.64,0.0,0.015489,TComDataCU::setSubPart<unsigned char>,[116]
,,0.015489,0.0,  memset,[54]
,,,,,
,,0.015486,0.0,  TComTrQuant::invTransformNxN,[65]
[117],0.64,0.015486,0.0,TComTrQuant::xDeQuant,[117]
,,,,,
,,0.015476,0.0,  TComPrediction::xPredInterBlk,[16]
[118],0.64,0.015476,0.0,TComYuv::getAddr,[118]
,,,,,
,,0.0,0.015419,  TDecCu::xIntraRecBlk,[59]
[119],0.64,0.0,0.015419,TComPrediction::predIntraAng,[119]
,,0.015419,0.0,  TComPrediction::xPredIntraPlanar,[120]
,,,,,
,,0.015419,0.0,  TComPrediction::predIntraAng,[119]
[120],0.64,0.015419,0.0,TComPrediction::xPredIntraPlanar,[120]
,,,,,


Index by function name

Index,Function
[1],BaseThreadInitThunk
[91],InputByteStream::eofBeforeNBytes
[56],RtlFreeHeap
[2],RtlUserThreadStart
[3],TAppDecTop::decode
[88],TAppDecTop::xFlushOutput
[28],TAppDecTop::xWriteOutput
[110],TComCUMvField::compress
[30],TComDataCU::create
[50],TComDataCU::destroy
[99],TComDataCU::fillMvpCand
[114],TComDataCU::getInterMergeCandidates
[58],TComDataCU::initCtu
[102],TComDataCU::setSubPart<bool>
[116],TComDataCU::setSubPart<unsigned char>
[115],TComDataCU::xGetColMVP
[64],"TComInterpolationFilter::filter<4,0,1,0>"
[73],"TComInterpolationFilter::filter<4,1,0,0>"
[21],"TComInterpolationFilter::filter<8,0,1,0>"
[42],"TComInterpolationFilter::filter<8,1,0,0>"
[93],"TComInterpolationFilter::filter<8,1,0,1>"
[89],"TComInterpolationFilter::filter<8,1,1,0>"
[95],"TComInterpolationFilter::filter<8,1,1,1>"
[49],TComInterpolationFilter::filterCopy
[17],TComInterpolationFilter::filterHor
[25],TComInterpolationFilter::filterVer
[23],TComLoopFilter::loopFilterPic
[24],TComLoopFilter::xDeblockCU
[83],TComLoopFilter::xEdgeFilterChroma
[53],TComLoopFilter::xEdgeFilterLuma
[75],TComLoopFilter::xGetBoundaryStrengthSingle
[80],TComLoopFilter::xPelFilterLuma
[105],TComLoopFilter::xSetEdgefilterTU
[111],TComPic::compressMotion
[31],TComPic::create
[43],TComPic::destroy
[32],TComPicSym::create
[51],TComPicSym::destroy
[85],TComPicYuv::copyToPic
[87],TComPicYuv::destroy
[90],TComPrediction::initIntraPatternChType
[13],TComPrediction::motionCompensation
[119],TComPrediction::predIntraAng
[14],TComPrediction::xPredInterBi
[16],TComPrediction::xPredInterBlk
[15],TComPrediction::xPredInterUni
[120],TComPrediction::xPredIntraPlanar
[62],TComSampleAdaptiveOffset::offsetBlock
[63],TComSampleAdaptiveOffset::offsetCTU
[77],TComTrQuant::invRecurTransformNxN
[65],TComTrQuant::invTransformNxN
[72],TComTrQuant::setErrScaleCoeff
[117],TComTrQuant::xDeQuant
[67],TComTrQuant::xIT
[55],TComYuv::addAvg
[84],TComYuv::clear
[40],TComYuv::copyToPicComponent
[118],TComYuv::getAddr
[109],TComYuv::getAddr
[66],TDecBinCABAC::decodeBin
[104],TDecCu::destroy
[41],TDecCu::xCopyToPic
[45],TDecCu::xDecodeCU
[78],TDecCu::xDecodeInterTexture
[11],TDecCu::xDecompressCU
[59],TDecCu::xIntraRecBlk
[60],TDecCu::xIntraRecQT
[12],TDecCu::xReconInter
[61],TDecCu::xReconIntraQT
[70],TDecEntropy::decodeCoeff
[100],TDecEntropy::decodeMVPIdxPU
[101],TDecEntropy::decodePUWise
[74],TDecEntropy::decodePredInfo
[71],TDecEntropy::xDecodeTransform
[8],TDecGop::decompressSlice
[18],TDecGop::filterPicture
[94],TDecSbac::parseCoeffNxN
[108],TDecSbac::parseIntraDirChroma
[106],TDecSbac::parseIntraDirLumaAng
[92],TDecSbac::parseQtCbf
[96],TDecSbac::parseSAOBlkParam
[103],TDecSbac::parseSkipFlag
[112],TDecSbac::setBitstream
[9],TDecSlice::decompressSlice
[6],TDecTop::decode
[19],TDecTop::xActivateParameterSets
[7],TDecTop::xDecodeSlice
[20],TDecTop::xGetNewPicBuffer
[26],TVideoIOYuv::write
[33],WriteFile
[34],_acrt_stdio_flush_and_write_narrow_nolock
[4],_scrt_common_main_seh
[48],aligned_free
[52],aligned_offset_malloc_base
[81],byteStreamNALUnit
[82],byteStreamNALUnit
[107],fastInverseDst
[35],fputc
[57],free_base
[46],func@0x18003b880
[98],isAboveAvailable
[113],isLeftAvailable
[5],main
[47],malloc_base
[29],memcpy
[54],memset
[86],operator new
[79],partialButterflyInverse16
[97],"std::basic_istream<char,struct std::char_traits<char> >::get"
[36],"std::basic_ostream<char,struct std::char_traits<char> >::write"
[37],write
[27],writePlane
[38],write_buffer_nolock<char>
[39],write_nolock
[68],xITrMxN
[22],<cycle 1>
[44],<cycle 2>
[69],<cycle 3>
[10],<cycle 4>
[76],<cycle 5>
