Index,% CPU Time:Total,CPU Time:Self,CPU Time:Children,Name,Index
,,0.0,9.506475,  RtlUserThreadStart,[2]
[1],100.0,0.0,9.506475,BaseThreadInitThunk,[1]
,,0.0,9.506475,  _scrt_common_main_seh,[4]
,,,,,
,,,,  <spontaneous>,
[2],100.0,0.0,9.506475,RtlUserThreadStart,[2]
,,0.0,9.506475,  BaseThreadInitThunk,[1]
,,,,,
,,0.0,9.506475,  main,[5]
[3],100.0,0.0,9.506475,TAppDecTop::decode,[3]
,,0.0,0.014816,  TAppDecTop::xFlushOutput,[135]
,,0.0,0.530041,  TAppDecTop::xWriteOutput,[32]
,,0.0,2.620047,  TDecGop::filterPicture,[16]
,,0.0,6.070672,  TDecTop::decode,[6]
,,0.0,0.266980,  byteStreamNALUnit,[68]
,,0.0,0.003920,"  std::basic_filebuf<char,struct std::char_traits<char> >::close",[142]
,,,,,
,,0.0,9.506475,  BaseThreadInitThunk,[1]
[4],100.0,0.0,9.506475,_scrt_common_main_seh,[4]
,,0.0,9.506475,  main,[5]
,,,,,
,,0.0,9.506475,  _scrt_common_main_seh,[4]
[5],100.0,0.0,9.506475,main,[5]
,,0.0,9.506475,  TAppDecTop::decode,[3]
,,,,,
,,0.0,6.070672,  TAppDecTop::decode,[3]
[6],63.86,0.0,6.070672,TDecTop::decode,[6]
,,0.0,6.070672,  TDecTop::xDecodeSlice,[7]
,,,,,
,,0.0,6.070672,  TDecTop::decode,[6]
[7],63.86,0.0,6.070672,TDecTop::xDecodeSlice,[7]
,,0.0,5.184065,  TDecGop::decompressSlice,[8]
,,0.0,0.886607,  TDecTop::xActivateParameterSets,[23]
,,,,,
,,0.0,5.184065,  TDecTop::xDecodeSlice,[7]
[8],54.53,0.0,5.184065,TDecGop::decompressSlice,[8]
,,0.0,5.184065,  TDecSlice::decompressSlice,[9]
,,,,,
,,0.0,5.184065,  TDecGop::decompressSlice,[8]
[9],54.53,0.0,5.184065,TDecSlice::decompressSlice,[9]
,,0.062099,0.263516,  TComDataCU::initCtu,[64]
,,0.015539,4.144947,  TDecCu::xDecompressCU <cycle 7>,[10]
,,0.015518,0.0,  TDecSbac::parseSAOBlkParam,[122]
,,0.0,0.682447,  TDecCu::xDecodeCU <cycle 5>,[27]
,,,,,
,,,,  TDecCu::xDecompressCU <cycle 7>,[10]
,,0.015539,4.144947,  TDecSlice::decompressSlice,[9]
[10],43.76,0.015539,4.144947,TDecCu::xDecompressCU <cycle 7>,[10]
,,0.031006,3.974354,  TDecCu::xReconIntraQT,[12]
,,0.030988,0.0,  TComDataCU::copySubCU,[115]
,,0.0,0.031060,  TComYuv::clear,[107]
,,0.0,0.077539,  TDecCu::xCopyToPic,[87]
,,,,  TDecCu::xDecompressCU <cycle 7>,[10]
,,,,,
,,0.015539,4.144947,  TDecSlice::decompressSlice,[9]
[11],43.76,0.015539,4.144947,<cycle 7 as a whole>,[11]
,,0.015539,4.144947,  TDecCu::xDecompressCU <cycle 7>,[10]
,,,,,
,,0.031006,3.974354,  TDecCu::xDecompressCU <cycle 7>,[10]
[12],42.13,0.031006,3.974354,TDecCu::xReconIntraQT,[12]
,,0.031025,3.881935,  TDecCu::xIntraRecQT <cycle 6>,[14]
,,0.030333,0.0,  TComTURecurse::nextSection,[85]
,,0.015549,0.0,  TComTU::TComTU,[90]
,,0.015512,0.0,  TComTU::TComTU,[78]
,,,,,
,,0.031025,3.881935,  TDecCu::xReconIntraQT,[12]
[13],41.16,0.031025,3.881935,<cycle 6 as a whole>,[13]
,,0.031025,3.881935,  TDecCu::xIntraRecQT <cycle 6>,[14]
,,,,,
,,,,  TDecCu::xIntraRecQT <cycle 6>,[14]
,,0.031025,3.881935,  TDecCu::xReconIntraQT,[12]
[14],41.16,0.031025,3.881935,TDecCu::xIntraRecQT <cycle 6>,[14]
,,0.885299,2.965476,  TDecCu::xIntraRecBlk,[15]
,,0.031160,0.0,  TComTURecurse::nextSection,[85]
,,,,  TDecCu::xIntraRecQT <cycle 6>,[14]
,,,,,
,,0.885299,2.965476,  TDecCu::xIntraRecQT <cycle 6>,[14]
[15],40.51,0.885299,2.965476,TDecCu::xIntraRecBlk,[15]
,,0.139332,0.604567,  TComPrediction::initIntraPatternChType,[26]
,,0.108753,0.0,  QpParam::QpParam,[81]
,,0.093321,0.0,  TComYuv::getAddr,[83]
,,0.031019,1.600164,  TComTrQuant::invTransformNxN,[20]
,,0.015588,0.357166,  TComPrediction::predIntraAng,[47]
,,0.015565,0.0,  _security_check_cookie,[103]
,,,,,
,,0.0,2.620047,  TAppDecTop::decode,[3]
[16],27.56,0.0,2.620047,TDecGop::filterPicture,[16]
,,0.015562,1.764208,  TComLoopFilter::loopFilterPic,[17]
,,0.0,0.108933,  TComPic::compressMotion,[80]
,,0.0,0.373670,  TComPicYuv::copyToPic,[44]
,,0.0,0.357673,  TComSampleAdaptiveOffset::offsetCTU,[52]
,,,,,
,,0.015562,1.764208,  TDecGop::filterPicture,[16]
[17],18.72,0.015562,1.764208,TComLoopFilter::loopFilterPic,[17]
,,0.201649,1.562559,  TComLoopFilter::xDeblockCU <cycle 1>,[18]
,,,,,
,,,,  TComLoopFilter::xDeblockCU <cycle 1>,[18]
,,0.201649,1.562559,  TComLoopFilter::loopFilterPic,[17]
[18],18.56,0.201649,1.562559,TComLoopFilter::xDeblockCU <cycle 1>,[18]
,,0.386092,0.494302,  TComLoopFilter::xEdgeFilterLuma,[24]
,,0.310050,0.031016,  TComLoopFilter::xEdgeFilterChroma,[61]
,,0.139544,0.062308,  TComLoopFilter::xSetEdgefilterTU <cycle 2>,[73]
,,0.108140,0.0,  TComTU::TComTU,[78]
,,0.015555,0.0,  TComLoopFilter::xSetLoopfilterParam,[120]
,,0.015552,0.0,  TComLoopFilter::xGetBoundaryStrengthSingle,[121]
,,,,  TComLoopFilter::xDeblockCU <cycle 1>,[18]
,,,,,
,,0.201649,1.562559,  TComLoopFilter::loopFilterPic,[17]
[19],18.56,0.201649,1.562559,<cycle 1 as a whole>,[19]
,,0.201649,1.562559,  TComLoopFilter::xDeblockCU <cycle 1>,[18]
,,,,,
,,0.031019,1.600164,  TDecCu::xIntraRecBlk,[15]
[20],17.16,0.031019,1.600164,TComTrQuant::invTransformNxN,[20]
,,0.372953,0.0,  TComTrQuant::xDeQuant,[45]
,,0.077725,1.149486,  TComTrQuant::xIT,[21]
,,,,,
,,0.077725,1.149486,  TComTrQuant::invTransformNxN,[20]
[21],12.91,0.077725,1.149486,TComTrQuant::xIT,[21]
,,0.062060,0.0,  memcpy,[36]
,,0.046638,1.040788,  xITrMxN,[22]
,,,,,
,,0.046638,1.040788,  TComTrQuant::xIT,[21]
[22],11.44,0.046638,1.040788,xITrMxN,[22]
,,0.528134,0.0,  partialButterflyInverse32,[35]
,,0.326219,0.0,  partialButterflyInverse16,[63]
,,0.124299,0.0,  partialButterflyInverse8,[77]
,,0.031080,0.0,  partialButterflyInverse4,[104]
,,0.031056,0.0,  fastInverseDst,[111]
,,,,,
,,0.0,0.886607,  TDecTop::xDecodeSlice,[7]
[23],9.33,0.0,0.886607,TDecTop::xActivateParameterSets,[23]
,,0.0,0.141737,  TComSampleAdaptiveOffset::create,[76]
,,0.0,0.744869,  TDecTop::xGetNewPicBuffer,[25]
,,,,,
,,0.386092,0.494302,  TComLoopFilter::xDeblockCU <cycle 1>,[18]
[24],9.26,0.386092,0.494302,TComLoopFilter::xEdgeFilterLuma,[24]
,,0.463226,0.0,  TComLoopFilter::xPelFilterLuma,[37]
,,0.031077,0.0,  TComLoopFilter::xUseStrongFiltering,[106]
,,,,,
,,0.0,0.744869,  TDecTop::xActivateParameterSets,[23]
[25],7.84,0.0,0.744869,TDecTop::xGetNewPicBuffer,[25]
,,0.0,0.015296,  TComPic::TComPic,[127]
,,0.0,0.364768,  TComPic::create,[48]
,,0.0,0.364806,  TComPic::destroy,[43]
,,,,,
,,0.139332,0.604567,  TDecCu::xIntraRecBlk,[15]
[26],7.83,0.139332,0.604567,TComPrediction::initIntraPatternChType,[26]
,,0.357225,0.015544,  fillReferenceSamples,[46]
,,0.077106,0.0,  TComDataCU::getPUAboveRight,[88]
,,0.046645,0.0,  TComDataCU::getPUBelowLeft,[99]
,,0.046537,0.0,  isLeftAvailable,[101]
,,0.031079,0.0,  isAboveAvailable,[105]
,,0.030432,0.0,  TComDataCU::getPUAboveLeft,[116]
,,,,,
,,,,  TDecCu::xDecodeCU <cycle 5>,[27]
,,0.0,0.682447,  TDecSlice::decompressSlice,[9]
[27],7.18,0.0,0.682447,TDecCu::xDecodeCU <cycle 5>,[27]
,,,,  TDecCu::xDecodeCU <cycle 5>,[27]
,,0.0,0.604818,  TDecEntropy::decodeCoeff,[29]
,,0.0,0.031057,  TDecEntropy::decodePredInfo,[108]
,,0.0,0.015573,  TDecSbac::parsePartSize,[118]
,,0.0,0.030998,  TDecSbac::parseSplitFlag,[114]
,,,,,
,,0.0,0.682447,  TDecSlice::decompressSlice,[9]
[28],7.18,0.0,0.682447,<cycle 5 as a whole>,[28]
,,0.0,0.682447,  TDecCu::xDecodeCU <cycle 5>,[27]
,,,,,
,,0.0,0.604818,  TDecCu::xDecodeCU <cycle 5>,[27]
[29],6.36,0.0,0.604818,TDecEntropy::decodeCoeff,[29]
,,0.108815,0.464970,  TDecEntropy::xDecodeTransform <cycle 4>,[31]
,,0.031034,0.0,  TComDataCU::getQuadtreeTULog2MinSizeInCU,[112]
,,,,,
,,0.108815,0.464970,  TDecEntropy::decodeCoeff,[29]
[30],6.04,0.108815,0.464970,<cycle 4 as a whole>,[30]
,,0.108815,0.464970,  TDecEntropy::xDecodeTransform <cycle 4>,[31]
,,,,,
,,,,  TDecEntropy::xDecodeTransform <cycle 4>,[31]
,,0.108815,0.464970,  TDecEntropy::decodeCoeff,[29]
[31],6.04,0.108815,0.464970,TDecEntropy::xDecodeTransform <cycle 4>,[31]
,,0.139651,0.263252,  TDecSbac::parseCoeffNxN,[40]
,,0.031057,0.0,  TDecSbac::parseQtCbf,[110]
,,0.015544,0.0,  TComTURecurse::nextSection,[85]
,,0.015466,0.0,  memset,[38]
,,,,  TDecEntropy::xDecodeTransform <cycle 4>,[31]
,,,,,
,,0.0,0.530041,  TAppDecTop::decode,[3]
[32],5.58,0.0,0.530041,TAppDecTop::xWriteOutput,[32]
,,0.0,0.530041,  TVideoIOYuv::write,[33]
,,,,,
,,0.0,0.530041,  TAppDecTop::xWriteOutput,[32]
[33],5.58,0.0,0.530041,TVideoIOYuv::write,[33]
,,0.165839,0.364202,  writePlane,[34]
,,,,,
,,0.165839,0.364202,  TVideoIOYuv::write,[33]
[34],5.58,0.165839,0.364202,writePlane,[34]
,,0.0,0.364202,"  std::basic_ostream<char,struct std::char_traits<char> >::write",[50]
,,,,,
,,0.528134,0.0,  xITrMxN,[22]
[35],5.56,0.528134,0.0,partialButterflyInverse32,[35]
,,,,,
,,0.014877,0.0,"  std::basic_ostream<char,struct std::char_traits<char> >::write",[50]
,,0.061995,0.0,  TComYuv::copyToPicComponent,[86]
,,0.062060,0.0,  TComTrQuant::xIT,[21]
,,0.373670,0.0,  TComPicYuv::copyToPic,[44]
[36],5.39,0.512602,0.0,memcpy,[36]
,,,,,
,,0.463226,0.0,  TComLoopFilter::xEdgeFilterLuma,[24]
[37],4.87,0.463226,0.0,TComLoopFilter::xPelFilterLuma,[37]
,,,,,
,,0.015300,0.0,  SAOBlkParam::SAOBlkParam <cycle 3>,[126]
,,0.015466,0.0,  TDecEntropy::xDecodeTransform <cycle 4>,[31]
,,0.015523,0.0,  TDecSbac::parseCoeffNxN,[40]
,,0.015545,0.0,  TDecSbac::parseSplitFlag,[114]
,,0.031060,0.0,  TComYuv::clear,[107]
,,0.090400,0.0,  TComDataCU::create,[62]
,,0.263516,0.0,  TComDataCU::initCtu,[64]
[38],4.7,0.446809,0.0,memset,[38]
,,,,,
,,0.0,0.173470,  TComPicYuv::destroy,[74]
,,0.106676,0.150565,  TComDataCU::destroy,[59]
[39],4.53,0.106676,0.324035,aligned_free,[39]
,,0.0,0.324035,  free_base,[42]
,,,,,
,,0.139651,0.263252,  TDecEntropy::xDecodeTransform <cycle 4>,[31]
[40],4.24,0.139651,0.263252,TDecSbac::parseCoeffNxN,[40]
,,0.061973,0.0,  TComTrQuant::getSigCtxInc,[92]
,,0.046591,0.0,  TDecBinCABAC::decodeBinsEP,[100]
,,0.031081,0.030415,  TDecSbac::parseLastSignificantXY,[93]
,,0.031003,0.031151,  getTUEntropyCodingParameters,[91]
,,0.015523,0.0,  memset,[38]
,,0.0,0.015514,  TDecSbac::parseTransformSkipFlags,[124]
,,,,,
,,0.384312,0.0,  free_base,[42]
[41],4.04,0.384312,0.0,RtlFreeHeap,[41]
,,,,,
,,0.0,0.060277,  TComDataCU::destroy,[59]
,,0.0,0.324035,  aligned_free,[39]
[42],4.04,0.0,0.384312,free_base,[42]
,,0.384312,0.0,  RtlFreeHeap,[41]
,,,,,
,,0.0,0.014816,  TAppDecTop::xFlushOutput,[135]
,,0.0,0.364806,  TDecTop::xGetNewPicBuffer,[25]
[43],3.99,0.0,0.379622,TComPic::destroy,[43]
,,0.0,0.347889,  TComPicSym::destroy,[60]
,,0.0,0.031732,  TComPicYuv::destroy,[74]
,,,,,
,,0.0,0.373670,  TDecGop::filterPicture,[16]
[44],3.93,0.0,0.373670,TComPicYuv::copyToPic,[44]
,,0.373670,0.0,  memcpy,[36]
,,,,,
,,0.372953,0.0,  TComTrQuant::invTransformNxN,[20]
[45],3.92,0.372953,0.0,TComTrQuant::xDeQuant,[45]
,,,,,
,,0.357225,0.015544,  TComPrediction::initIntraPatternChType,[26]
[46],3.92,0.357225,0.015544,fillReferenceSamples,[46]
,,0.015544,0.0,  _security_check_cookie,[103]
,,,,,
,,0.015588,0.357166,  TDecCu::xIntraRecBlk,[15]
[47],3.92,0.015588,0.357166,TComPrediction::predIntraAng,[47]
,,0.248368,0.015517,  TComPrediction::xPredIntraAng,[69]
,,0.093280,0.0,  TComPrediction::xPredIntraPlanar,[84]
,,,,,
,,0.0,0.364768,  TDecTop::xGetNewPicBuffer,[25]
[48],3.84,0.0,0.364768,TComPic::create,[48]
,,0.0,0.364768,  TComPicSym::create,[49]
,,,,,
,,0.0,0.364768,  TComPic::create,[48]
[49],3.84,0.0,0.364768,TComPicSym::create,[49]
,,0.0,0.334522,  TComDataCU::create,[62]
,,0.0,0.030246,  `eh vector constructor iterator' <cycle 3>,[134]
,,,,,
,,0.0,0.364202,  writePlane,[34]
[50],3.83,0.0,0.364202,"std::basic_ostream<char,struct std::char_traits<char> >::write",[50]
,,0.014877,0.0,  memcpy,[36]
,,0.0,0.349325,  fputc,[55]
,,,,,
,,0.357673,0.0,  TComSampleAdaptiveOffset::offsetCTU,[52]
[51],3.76,0.357673,0.0,TComSampleAdaptiveOffset::offsetBlock,[51]
,,,,,
,,0.0,0.357673,  TDecGop::filterPicture,[16]
[52],3.76,0.0,0.357673,TComSampleAdaptiveOffset::offsetCTU,[52]
,,0.357673,0.0,  TComSampleAdaptiveOffset::offsetBlock,[51]
,,,,,
,,0.349325,0.0,  write_nolock,[58]
[53],3.67,0.349325,0.0,WriteFile,[53]
,,,,,
,,0.0,0.349325,  fputc,[55]
[54],3.67,0.0,0.349325,_acrt_stdio_flush_and_write_narrow_nolock,[54]
,,0.0,0.349325,  write_buffer_nolock<char>,[57]
,,,,,
,,0.0,0.349325,"  std::basic_ostream<char,struct std::char_traits<char> >::write",[50]
[55],3.67,0.0,0.349325,fputc,[55]
,,0.0,0.349325,  _acrt_stdio_flush_and_write_narrow_nolock,[54]
,,,,,
,,0.0,0.349325,  write_buffer_nolock<char>,[57]
[56],3.67,0.0,0.349325,write,[56]
,,0.0,0.349325,  write_nolock,[58]
,,,,,
,,0.0,0.349325,  _acrt_stdio_flush_and_write_narrow_nolock,[54]
[57],3.67,0.0,0.349325,write_buffer_nolock<char>,[57]
,,0.0,0.349325,  write,[56]
,,,,,
,,0.0,0.349325,  write,[56]
[58],3.67,0.0,0.349325,write_nolock,[58]
,,0.349325,0.0,  WriteFile,[53]
,,,,,
,,0.030371,0.317518,  TComPicSym::destroy,[60]
[59],3.66,0.030371,0.317518,TComDataCU::destroy,[59]
,,0.106676,0.150565,  aligned_free,[39]
,,0.0,0.060277,  free_base,[42]
,,,,,
,,0.0,0.347889,  TComPic::destroy,[43]
[60],3.66,0.0,0.347889,TComPicSym::destroy,[60]
,,0.030371,0.317518,  TComDataCU::destroy,[59]
,,,,,
,,0.310050,0.031016,  TComLoopFilter::xDeblockCU <cycle 1>,[18]
[61],3.59,0.310050,0.031016,TComLoopFilter::xEdgeFilterChroma,[61]
,,0.031016,0.0,  TComDataCU::getPULeft,[113]
,,,,,
,,0.0,0.334522,  TComPicSym::create,[49]
[62],3.52,0.0,0.334522,TComDataCU::create,[62]
,,0.090400,0.0,  memset,[38]
,,0.0,0.167613,  aligned_offset_malloc_base,[75]
,,0.0,0.076510,  operator new,[82]
,,,,,
,,0.326219,0.0,  xITrMxN,[22]
[63],3.43,0.326219,0.0,partialButterflyInverse16,[63]
,,,,,
,,0.062099,0.263516,  TDecSlice::decompressSlice,[9]
[64],3.43,0.062099,0.263516,TComDataCU::initCtu,[64]
,,0.263516,0.0,  memset,[38]
,,,,,
,,0.274511,0.0,  malloc_base,[66]
[65],2.89,0.274511,0.0,RtlAllocateHeap,[65]
,,,,,
,,0.0,0.167613,  aligned_offset_malloc_base,[75]
,,0.0,0.106898,  operator new,[82]
[66],2.89,0.0,0.274511,malloc_base,[66]
,,0.274511,0.0,  RtlAllocateHeap,[65]
,,,,,
,,0.0,0.266980,  byteStreamNALUnit,[68]
[67],2.81,0.0,0.266980,byteStreamNALUnit,[67]
,,0.030207,0.221680,  InputByteStream::eofBeforeNBytes,[70]
,,0.0,0.015092,"  std::vector<unsigned char,class std::allocator<unsigned char> >::emplace_back<unsigned char>",[132]
,,,,,
,,0.0,0.266980,  TAppDecTop::decode,[3]
[68],2.81,0.0,0.266980,byteStreamNALUnit,[68]
,,0.0,0.266980,  byteStreamNALUnit,[67]
,,,,,
,,0.248368,0.015517,  TComPrediction::predIntraAng,[47]
[69],2.78,0.248368,0.015517,TComPrediction::xPredIntraAng,[69]
,,0.015517,0.0,  TComPrediction::predIntraGetPredValDC,[123]
,,,,,
,,0.030207,0.221680,  byteStreamNALUnit,[67]
[70],2.65,0.030207,0.221680,InputByteStream::eofBeforeNBytes,[70]
,,0.167872,0.053808,"  std::basic_istream<char,struct std::char_traits<char> >::get",[71]
,,,,,
,,0.167872,0.053808,  InputByteStream::eofBeforeNBytes,[70]
[71],2.33,0.167872,0.053808,"std::basic_istream<char,struct std::char_traits<char> >::get",[71]
,,0.0,0.053808,  fgetc,[96]
,,,,,
,,0.139544,0.062308,  TComLoopFilter::xDeblockCU <cycle 1>,[18]
[72],2.12,0.139544,0.062308,<cycle 2 as a whole>,[72]
,,0.139544,0.062308,  TComLoopFilter::xSetEdgefilterTU <cycle 2>,[73]
,,,,,
,,,,  TComLoopFilter::xSetEdgefilterTU <cycle 2>,[73]
,,0.139544,0.062308,  TComLoopFilter::xDeblockCU <cycle 1>,[18]
[73],2.12,0.139544,0.062308,TComLoopFilter::xSetEdgefilterTU <cycle 2>,[73]
,,0.046748,0.0,  TComTU::TComTU,[90]
,,0.015560,0.0,  TComTURecurse::nextSection,[85]
,,,,  TComLoopFilter::xSetEdgefilterTU <cycle 2>,[73]
,,,,,
,,0.0,0.031732,  TComPic::destroy,[43]
,,0.0,0.141737,  TComSampleAdaptiveOffset::create,[76]
[74],1.82,0.0,0.173470,TComPicYuv::destroy,[74]
,,0.0,0.173470,  aligned_free,[39]
,,,,,
,,0.0,0.167613,  TComDataCU::create,[62]
[75],1.76,0.0,0.167613,aligned_offset_malloc_base,[75]
,,0.0,0.167613,  malloc_base,[66]
,,,,,
,,0.0,0.141737,  TDecTop::xActivateParameterSets,[23]
[76],1.49,0.0,0.141737,TComSampleAdaptiveOffset::create,[76]
,,0.0,0.141737,  TComPicYuv::destroy,[74]
,,,,,
,,0.124299,0.0,  xITrMxN,[22]
[77],1.31,0.124299,0.0,partialButterflyInverse8,[77]
,,,,,
,,0.015512,0.0,  TDecCu::xReconIntraQT,[12]
,,0.108140,0.0,  TComLoopFilter::xDeblockCU <cycle 1>,[18]
[78],1.3,0.123652,0.0,TComTU::TComTU,[78]
,,,,,
,,0.108933,0.0,  TComPic::compressMotion,[80]
[79],1.15,0.108933,0.0,TComCUMvField::compress,[79]
,,,,,
,,0.0,0.108933,  TDecGop::filterPicture,[16]
[80],1.15,0.0,0.108933,TComPic::compressMotion,[80]
,,0.108933,0.0,  TComCUMvField::compress,[79]
,,,,,
,,0.108753,0.0,  TDecCu::xIntraRecBlk,[15]
[81],1.14,0.108753,0.0,QpParam::QpParam,[81]
,,,,,
,,0.0,0.076510,  TComDataCU::create,[62]
,,0.0,0.015296,"  std::vector<int,std::allocator<int> >::_Resize<<lambda_9d4f0376838c6e4b6a263e96e2e67082> >",[131]
,,0.0,0.015092,"  std::vector<unsigned char,class std::allocator<unsigned char> >::emplace_back<unsigned char>",[132]
[82],1.12,0.0,0.106898,operator new,[82]
,,0.0,0.106898,  malloc_base,[66]
,,,,,
,,0.093321,0.0,  TDecCu::xIntraRecBlk,[15]
[83],0.98,0.093321,0.0,TComYuv::getAddr,[83]
,,,,,
,,0.093280,0.0,  TComPrediction::predIntraAng,[47]
[84],0.98,0.093280,0.0,TComPrediction::xPredIntraPlanar,[84]
,,,,,
,,0.015544,0.0,  TDecEntropy::xDecodeTransform <cycle 4>,[31]
,,0.015560,0.0,  TComLoopFilter::xSetEdgefilterTU <cycle 2>,[73]
,,0.030333,0.0,  TDecCu::xReconIntraQT,[12]
,,0.031160,0.0,  TDecCu::xIntraRecQT <cycle 6>,[14]
[85],0.97,0.092596,0.0,TComTURecurse::nextSection,[85]
,,,,,
,,0.015544,0.061995,  TDecCu::xCopyToPic,[87]
[86],0.82,0.015544,0.061995,TComYuv::copyToPicComponent,[86]
,,0.061995,0.0,  memcpy,[36]
,,,,,
,,0.0,0.077539,  TDecCu::xDecompressCU <cycle 7>,[10]
[87],0.82,0.0,0.077539,TDecCu::xCopyToPic,[87]
,,0.015544,0.061995,  TComYuv::copyToPicComponent,[86]
,,,,,
,,0.077106,0.0,  TComPrediction::initIntraPatternChType,[26]
[88],0.81,0.077106,0.0,TComDataCU::getPUAboveRight,[88]
,,,,,
,,0.015487,0.0,  TDecSbac::parseIntraDirLumaAng,[109]
,,0.015514,0.0,  TDecSbac::parseTransformSkipFlags,[124]
,,0.015573,0.0,  TDecSbac::parsePartSize,[118]
,,0.030415,0.0,  TDecSbac::parseLastSignificantXY,[93]
[89],0.81,0.076990,0.0,TDecBinCABAC::decodeBin,[89]
,,,,,
,,0.015549,0.0,  TDecCu::xReconIntraQT,[12]
,,0.046748,0.0,  TComLoopFilter::xSetEdgefilterTU <cycle 2>,[73]
[90],0.66,0.062297,0.0,TComTU::TComTU,[90]
,,,,,
,,0.031003,0.031151,  TDecSbac::parseCoeffNxN,[40]
[91],0.65,0.031003,0.031151,getTUEntropyCodingParameters,[91]
,,0.031151,0.0,  TComDataCU::getCoefScanIdx,[102]
,,,,,
,,0.061973,0.0,  TDecSbac::parseCoeffNxN,[40]
[92],0.65,0.061973,0.0,TComTrQuant::getSigCtxInc,[92]
,,,,,
,,0.031081,0.030415,  TDecSbac::parseCoeffNxN,[40]
[93],0.65,0.031081,0.030415,TDecSbac::parseLastSignificantXY,[93]
,,0.030415,0.0,  TDecBinCABAC::decodeBin,[89]
,,,,,
,,0.053808,0.0,  read_nolock,[98]
[94],0.57,0.053808,0.0,ReadFile,[94]
,,,,,
,,0.0,0.053808,  fgetc,[96]
[95],0.57,0.0,0.053808,common_refill_and_read_nolock<char>,[95]
,,0.0,0.053808,  read,[97]
,,,,,
,,0.0,0.053808,"  std::basic_istream<char,struct std::char_traits<char> >::get",[71]
[96],0.57,0.0,0.053808,fgetc,[96]
,,0.0,0.053808,  common_refill_and_read_nolock<char>,[95]
,,,,,
,,0.0,0.053808,  common_refill_and_read_nolock<char>,[95]
[97],0.57,0.0,0.053808,read,[97]
,,0.0,0.053808,  read_nolock,[98]
,,,,,
,,0.0,0.053808,  read,[97]
[98],0.57,0.0,0.053808,read_nolock,[98]
,,0.053808,0.0,  ReadFile,[94]
,,,,,
,,0.046645,0.0,  TComPrediction::initIntraPatternChType,[26]
[99],0.49,0.046645,0.0,TComDataCU::getPUBelowLeft,[99]
,,,,,
,,0.046591,0.0,  TDecSbac::parseCoeffNxN,[40]
[100],0.49,0.046591,0.0,TDecBinCABAC::decodeBinsEP,[100]
,,,,,
,,0.046537,0.0,  TComPrediction::initIntraPatternChType,[26]
[101],0.49,0.046537,0.0,isLeftAvailable,[101]
,,,,,
,,0.031151,0.0,  getTUEntropyCodingParameters,[91]
[102],0.33,0.031151,0.0,TComDataCU::getCoefScanIdx,[102]
,,,,,
,,0.015544,0.0,  fillReferenceSamples,[46]
,,0.015565,0.0,  TDecCu::xIntraRecBlk,[15]
[103],0.33,0.031109,0.0,_security_check_cookie,[103]
,,,,,
,,0.031080,0.0,  xITrMxN,[22]
[104],0.33,0.031080,0.0,partialButterflyInverse4,[104]
,,,,,
,,0.031079,0.0,  TComPrediction::initIntraPatternChType,[26]
[105],0.33,0.031079,0.0,isAboveAvailable,[105]
,,,,,
,,0.031077,0.0,  TComLoopFilter::xEdgeFilterLuma,[24]
[106],0.33,0.031077,0.0,TComLoopFilter::xUseStrongFiltering,[106]
,,,,,
,,0.0,0.031060,  TDecCu::xDecompressCU <cycle 7>,[10]
[107],0.33,0.0,0.031060,TComYuv::clear,[107]
,,0.031060,0.0,  memset,[38]
,,,,,
,,0.0,0.031057,  TDecCu::xDecodeCU <cycle 5>,[27]
[108],0.33,0.0,0.031057,TDecEntropy::decodePredInfo,[108]
,,0.0,0.031057,  TDecSbac::parseIntraDirLumaAng,[109]
,,,,,
,,0.0,0.031057,  TDecEntropy::decodePredInfo,[108]
[109],0.33,0.0,0.031057,TDecSbac::parseIntraDirLumaAng,[109]
,,0.015570,0.0,  TDecBinCABAC::decodeBinEP,[119]
,,0.015487,0.0,  TDecBinCABAC::decodeBin,[89]
,,,,,
,,0.031057,0.0,  TDecEntropy::xDecodeTransform <cycle 4>,[31]
[110],0.33,0.031057,0.0,TDecSbac::parseQtCbf,[110]
,,,,,
,,0.031056,0.0,  xITrMxN,[22]
[111],0.33,0.031056,0.0,fastInverseDst,[111]
,,,,,
,,0.031034,0.0,  TDecEntropy::decodeCoeff,[29]
[112],0.33,0.031034,0.0,TComDataCU::getQuadtreeTULog2MinSizeInCU,[112]
,,,,,
,,0.031016,0.0,  TComLoopFilter::xEdgeFilterChroma,[61]
[113],0.33,0.031016,0.0,TComDataCU::getPULeft,[113]
,,,,,
,,0.0,0.030998,  TDecCu::xDecodeCU <cycle 5>,[27]
[114],0.33,0.0,0.030998,TDecSbac::parseSplitFlag,[114]
,,0.015545,0.0,  memset,[38]
,,0.015454,0.0,  TComDataCU::getCtxSplitFlag,[125]
,,,,,
,,0.030988,0.0,  TDecCu::xDecompressCU <cycle 7>,[10]
[115],0.33,0.030988,0.0,TComDataCU::copySubCU,[115]
,,,,,
,,0.030432,0.0,  TComPrediction::initIntraPatternChType,[26]
[116],0.32,0.030432,0.0,TComDataCU::getPUAboveLeft,[116]
,,,,,
,,0.0,0.030246,  TComPicSym::create,[49]
[117],0.32,0.0,0.030246,<cycle 3 as a whole>,[117]
,,0.0,0.015300,  SAOBlkParam::SAOBlkParam <cycle 3>,[126]
,,0.0,0.014946,  `eh vector constructor iterator' <cycle 3>,[134]
,,,,,
,,0.0,0.015573,  TDecCu::xDecodeCU <cycle 5>,[27]
[118],0.16,0.0,0.015573,TDecSbac::parsePartSize,[118]
,,0.015573,0.0,  TDecBinCABAC::decodeBin,[89]
,,,,,
,,0.015570,0.0,  TDecSbac::parseIntraDirLumaAng,[109]
[119],0.16,0.015570,0.0,TDecBinCABAC::decodeBinEP,[119]
,,,,,
,,0.015555,0.0,  TComLoopFilter::xDeblockCU <cycle 1>,[18]
[120],0.16,0.015555,0.0,TComLoopFilter::xSetLoopfilterParam,[120]
,,,,,
,,0.015552,0.0,  TComLoopFilter::xDeblockCU <cycle 1>,[18]
[121],0.16,0.015552,0.0,TComLoopFilter::xGetBoundaryStrengthSingle,[121]
,,,,,
,,0.015518,0.0,  TDecSlice::decompressSlice,[9]
[122],0.16,0.015518,0.0,TDecSbac::parseSAOBlkParam,[122]
,,,,,
,,0.015517,0.0,  TComPrediction::xPredIntraAng,[69]
[123],0.16,0.015517,0.0,TComPrediction::predIntraGetPredValDC,[123]
,,,,,
,,0.0,0.015514,  TDecSbac::parseCoeffNxN,[40]
[124],0.16,0.0,0.015514,TDecSbac::parseTransformSkipFlags,[124]
,,0.015514,0.0,  TDecBinCABAC::decodeBin,[89]
,,,,,
,,0.015454,0.0,  TDecSbac::parseSplitFlag,[114]
[125],0.16,0.015454,0.0,TComDataCU::getCtxSplitFlag,[125]
,,,,,
,,,,  `eh vector constructor iterator' <cycle 3>,[134]
[126],0.16,0.0,0.015300,SAOBlkParam::SAOBlkParam <cycle 3>,[126]
,,0.015300,0.0,  memset,[38]
,,,,  `eh vector constructor iterator' <cycle 3>,[134]
,,,,,
,,0.0,0.015296,  TDecTop::xGetNewPicBuffer,[25]
[127],0.16,0.0,0.015296,TComPic::TComPic,[127]
,,0.0,0.015296,  TComPicSym::TComPicSym,[128]
,,,,,
,,0.0,0.015296,  TComPic::TComPic,[127]
[128],0.16,0.0,0.015296,TComPicSym::TComPicSym,[128]
,,0.0,0.015296,  TComSPS::TComSPS,[129]
,,,,,
,,0.0,0.015296,  TComPicSym::TComPicSym,[128]
[129],0.16,0.0,0.015296,TComSPS::TComSPS,[129]
,,0.0,0.015296,  TComScalingList::TComScalingList,[130]
,,,,,
,,0.0,0.015296,  TComSPS::TComSPS,[129]
[130],0.16,0.0,0.015296,TComScalingList::TComScalingList,[130]
,,0.0,0.015296,"  std::vector<int,std::allocator<int> >::_Resize<<lambda_9d4f0376838c6e4b6a263e96e2e67082> >",[131]
,,,,,
,,0.0,0.015296,  TComScalingList::TComScalingList,[130]
[131],0.16,0.0,0.015296,"std::vector<int,std::allocator<int> >::_Resize<<lambda_9d4f0376838c6e4b6a263e96e2e67082> >",[131]
,,0.0,0.015296,  operator new,[82]
,,,,,
,,0.0,0.015092,  byteStreamNALUnit,[67]
[132],0.16,0.0,0.015092,"std::vector<unsigned char,class std::allocator<unsigned char> >::emplace_back<unsigned char>",[132]
,,0.0,0.015092,  operator new,[82]
,,,,,
,,0.014946,0.0,  `eh vector constructor iterator' <cycle 3>,[134]
[133],0.16,0.014946,0.0,SAOOffset::SAOOffset,[133]
,,,,,
,,,,  SAOBlkParam::SAOBlkParam <cycle 3>,[126]
,,0.0,0.030246,  TComPicSym::create,[49]
[134],0.16,0.0,0.014946,`eh vector constructor iterator' <cycle 3>,[134]
,,0.014946,0.0,  SAOOffset::SAOOffset,[133]
,,,,  SAOBlkParam::SAOBlkParam <cycle 3>,[126]
,,,,,
,,0.0,0.014816,  TAppDecTop::decode,[3]
[135],0.16,0.0,0.014816,TAppDecTop::xFlushOutput,[135]
,,0.0,0.014816,  TComPic::destroy,[43]
,,,,,
,,0.003920,0.0,  close_nolock,[139]
[136],0.04,0.003920,0.0,CloseHandle,[136]
,,,,,
,,0.0,0.003920,  close,[138]
[137],0.04,0.0,0.003920,"__crt_seh_guarded_call<int>::operator()<class <lambda_751a882b2c74d4b022dec766aa51a29a>,class <lambda_628dfdc04ba53c8bfc02c9951375f3f5> &,class <lambda_f6c7be5f7998530c34de24c7437d6b54> >",[137]
,,0.0,0.003920,  close_nolock,[139]
,,,,,
,,0.0,0.003920,  fclose_nolock,[141]
[138],0.04,0.0,0.003920,close,[138]
,,0.0,0.003920,"  __crt_seh_guarded_call<int>::operator()<class <lambda_751a882b2c74d4b022dec766aa51a29a>,class <lambda_628dfdc04ba53c8bfc02c9951375f3f5> &,class <lambda_f6c7be5f7998530c34de24c7437d6b54> >",[137]
,,,,,
,,0.0,0.003920,"  __crt_seh_guarded_call<int>::operator()<class <lambda_751a882b2c74d4b022dec766aa51a29a>,class <lambda_628dfdc04ba53c8bfc02c9951375f3f5> &,class <lambda_f6c7be5f7998530c34de24c7437d6b54> >",[137]
[139],0.04,0.0,0.003920,close_nolock,[139]
,,0.003920,0.0,  CloseHandle,[136]
,,,,,
,,0.0,0.003920,"  std::basic_filebuf<char,struct std::char_traits<char> >::close",[142]
[140],0.04,0.0,0.003920,fclose,[140]
,,0.0,0.003920,  fclose_nolock,[141]
,,,,,
,,0.0,0.003920,  fclose,[140]
[141],0.04,0.0,0.003920,fclose_nolock,[141]
,,0.0,0.003920,  close,[138]
,,,,,
,,0.0,0.003920,  TAppDecTop::decode,[3]
[142],0.04,0.0,0.003920,"std::basic_filebuf<char,struct std::char_traits<char> >::close",[142]
,,0.0,0.003920,  fclose,[140]
,,,,,


Index by function name

Index,Function
[1],BaseThreadInitThunk
[136],CloseHandle
[70],InputByteStream::eofBeforeNBytes
[81],QpParam::QpParam
[94],ReadFile
[65],RtlAllocateHeap
[41],RtlFreeHeap
[2],RtlUserThreadStart
[126],SAOBlkParam::SAOBlkParam
[133],SAOOffset::SAOOffset
[3],TAppDecTop::decode
[135],TAppDecTop::xFlushOutput
[32],TAppDecTop::xWriteOutput
[79],TComCUMvField::compress
[115],TComDataCU::copySubCU
[62],TComDataCU::create
[59],TComDataCU::destroy
[102],TComDataCU::getCoefScanIdx
[125],TComDataCU::getCtxSplitFlag
[116],TComDataCU::getPUAboveLeft
[88],TComDataCU::getPUAboveRight
[99],TComDataCU::getPUBelowLeft
[113],TComDataCU::getPULeft
[112],TComDataCU::getQuadtreeTULog2MinSizeInCU
[64],TComDataCU::initCtu
[17],TComLoopFilter::loopFilterPic
[18],TComLoopFilter::xDeblockCU
[61],TComLoopFilter::xEdgeFilterChroma
[24],TComLoopFilter::xEdgeFilterLuma
[121],TComLoopFilter::xGetBoundaryStrengthSingle
[37],TComLoopFilter::xPelFilterLuma
[73],TComLoopFilter::xSetEdgefilterTU
[120],TComLoopFilter::xSetLoopfilterParam
[106],TComLoopFilter::xUseStrongFiltering
[127],TComPic::TComPic
[80],TComPic::compressMotion
[48],TComPic::create
[43],TComPic::destroy
[128],TComPicSym::TComPicSym
[49],TComPicSym::create
[60],TComPicSym::destroy
[44],TComPicYuv::copyToPic
[74],TComPicYuv::destroy
[26],TComPrediction::initIntraPatternChType
[47],TComPrediction::predIntraAng
[123],TComPrediction::predIntraGetPredValDC
[69],TComPrediction::xPredIntraAng
[84],TComPrediction::xPredIntraPlanar
[129],TComSPS::TComSPS
[76],TComSampleAdaptiveOffset::create
[51],TComSampleAdaptiveOffset::offsetBlock
[52],TComSampleAdaptiveOffset::offsetCTU
[130],TComScalingList::TComScalingList
[90],TComTU::TComTU
[78],TComTU::TComTU
[85],TComTURecurse::nextSection
[92],TComTrQuant::getSigCtxInc
[20],TComTrQuant::invTransformNxN
[45],TComTrQuant::xDeQuant
[21],TComTrQuant::xIT
[107],TComYuv::clear
[86],TComYuv::copyToPicComponent
[83],TComYuv::getAddr
[89],TDecBinCABAC::decodeBin
[119],TDecBinCABAC::decodeBinEP
[100],TDecBinCABAC::decodeBinsEP
[87],TDecCu::xCopyToPic
[27],TDecCu::xDecodeCU
[10],TDecCu::xDecompressCU
[15],TDecCu::xIntraRecBlk
[14],TDecCu::xIntraRecQT
[12],TDecCu::xReconIntraQT
[29],TDecEntropy::decodeCoeff
[108],TDecEntropy::decodePredInfo
[31],TDecEntropy::xDecodeTransform
[8],TDecGop::decompressSlice
[16],TDecGop::filterPicture
[40],TDecSbac::parseCoeffNxN
[109],TDecSbac::parseIntraDirLumaAng
[93],TDecSbac::parseLastSignificantXY
[118],TDecSbac::parsePartSize
[110],TDecSbac::parseQtCbf
[122],TDecSbac::parseSAOBlkParam
[114],TDecSbac::parseSplitFlag
[124],TDecSbac::parseTransformSkipFlags
[9],TDecSlice::decompressSlice
[6],TDecTop::decode
[23],TDecTop::xActivateParameterSets
[7],TDecTop::xDecodeSlice
[25],TDecTop::xGetNewPicBuffer
[33],TVideoIOYuv::write
[53],WriteFile
[137],"__crt_seh_guarded_call<int>::operator()<class <lambda_751a882b2c74d4b022dec766aa51a29a>,class <lambda_628dfdc04ba53c8bfc02c9951375f3f5> &,class <lambda_f6c7be5f7998530c34de24c7437d6b54> >"
[54],_acrt_stdio_flush_and_write_narrow_nolock
[4],_scrt_common_main_seh
[103],_security_check_cookie
[134],`eh vector constructor iterator'
[39],aligned_free
[75],aligned_offset_malloc_base
[67],byteStreamNALUnit
[68],byteStreamNALUnit
[138],close
[139],close_nolock
[95],common_refill_and_read_nolock<char>
[111],fastInverseDst
[140],fclose
[141],fclose_nolock
[96],fgetc
[46],fillReferenceSamples
[55],fputc
[42],free_base
[91],getTUEntropyCodingParameters
[105],isAboveAvailable
[101],isLeftAvailable
[5],main
[66],malloc_base
[36],memcpy
[38],memset
[82],operator new
[63],partialButterflyInverse16
[35],partialButterflyInverse32
[104],partialButterflyInverse4
[77],partialButterflyInverse8
[97],read
[98],read_nolock
[142],"std::basic_filebuf<char,struct std::char_traits<char> >::close"
[71],"std::basic_istream<char,struct std::char_traits<char> >::get"
[50],"std::basic_ostream<char,struct std::char_traits<char> >::write"
[131],"std::vector<int,std::allocator<int> >::_Resize<<lambda_9d4f0376838c6e4b6a263e96e2e67082> >"
[132],"std::vector<unsigned char,class std::allocator<unsigned char> >::emplace_back<unsigned char>"
[56],write
[34],writePlane
[57],write_buffer_nolock<char>
[58],write_nolock
[22],xITrMxN
[19],<cycle 1>
[72],<cycle 2>
[117],<cycle 3>
[30],<cycle 4>
[28],<cycle 5>
[13],<cycle 6>
[11],<cycle 7>
