Index,% CPU Time:Total,CPU Time:Self,CPU Time:Children,Name,Index
,,0.0,0.894262,  RtlUserThreadStart,[2]
[1],100.0,0.0,0.894262,BaseThreadInitThunk,[1]
,,0.0,0.894262,  _scrt_common_main_seh,[3]
,,,,,
,,,,  <spontaneous>,
[2],100.0,0.0,0.894262,RtlUserThreadStart,[2]
,,0.0,0.894262,  BaseThreadInitThunk,[1]
,,,,,
,,0.0,0.894262,  BaseThreadInitThunk,[1]
[3],100.0,0.0,0.894262,_scrt_common_main_seh,[3]
,,0.0,0.002494,  initterm,[101]
,,0.0,0.891768,  main,[4]
,,,,,
,,0.0,0.891768,  _scrt_common_main_seh,[3]
[4],99.72,0.0,0.891768,main,[4]
,,0.0,0.012849,  DecApp::`scalar deleting destructor',[96]
,,0.0,0.878919,  DecApp::decode,[5]
,,,,,
,,0.0,0.878919,  main,[4]
[5],98.28,0.0,0.878919,DecApp::decode,[5]
,,0.008237,0.0,"  std::basic_ifstream<char,struct std::char_traits<char> >::basic_ifstream<char,struct std::char_traits<char> >",[99]
,,0.0,0.001470,  DecApp::xCreateDecLib,[102]
,,0.0,0.015571,  DecApp::xWriteOutput,[66]
,,0.0,0.481060,  DecLib::decode,[6]
,,0.0,0.310256,  DecLib::executeLoopFilters,[9]
,,0.0,0.031359,  DecLib::finishPicture,[38]
,,0.0,0.030967,  byteStreamNALUnit,[49]
,,,,,
,,0.0,0.481060,  DecApp::decode,[5]
[6],53.79,0.0,0.481060,DecLib::decode,[6]
,,0.0,0.481060,  DecLib::xDecodeSlice,[7]
,,,,,
,,0.0,0.481060,  DecLib::decode,[6]
[7],53.79,0.0,0.481060,DecLib::xDecodeSlice,[7]
,,0.0,0.062381,  DecLib::xActivateParameterSets,[28]
,,0.0,0.418679,  DecSlice::decompressSlice,[8]
,,,,,
,,0.0,0.418679,  DecLib::xDecodeSlice,[7]
[8],46.82,0.0,0.418679,DecSlice::decompressSlice,[8]
,,0.0,0.217509,  CABACReader::coding_tree_unit,[11]
,,0.0,0.201169,  DecCu::decompressCtu,[14]
,,,,,
,,0.0,0.310256,  DecApp::decode,[5]
[9],34.69,0.0,0.310256,DecLib::executeLoopFilters,[9]
,,0.0,0.077783,  AdaptiveLoopFilter::ALFProcess,[24]
,,0.0,0.201520,  LoopFilter::loopFilterPic,[13]
,,0.0,0.030953,  SampleAdaptiveOffset::SAOProcess,[51]
,,,,,
,,0.0,0.217509,  CABACReader::coding_tree_unit,[11]
[10],24.32,0.0,0.217509,<cycle 1 as a whole>,[10]
,,0.0,0.217509,  CABACReader::coding_tree <cycle 1>,[12]
,,,,,
,,0.0,0.217509,  DecSlice::decompressSlice,[8]
[11],24.32,0.0,0.217509,CABACReader::coding_tree_unit,[11]
,,0.0,0.217509,  CABACReader::coding_tree <cycle 1>,[12]
,,,,,
,,,,  CABACReader::coding_tree <cycle 1>,[12]
,,0.0,0.217509,  CABACReader::coding_tree_unit,[11]
[12],24.32,0.0,0.217509,CABACReader::coding_tree <cycle 1>,[12]
,,,,  CABACReader::coding_tree <cycle 1>,[12]
,,0.0,0.155401,  CABACReader::coding_unit,[19]
,,0.0,0.031036,  CABACReader::split_cu_mode,[44]
,,0.0,0.015579,  CodingStructure::addCU,[63]
,,0.0,0.015495,  QTBTPartitioner::splitCurrArea,[84]
,,,,,
,,0.0,0.201520,  DecLib::executeLoopFilters,[9]
[13],22.53,0.0,0.201520,LoopFilter::loopFilterPic,[13]
,,0.015554,0.0,  memset,[23]
,,0.015528,0.170438,  LoopFilter::xDeblockCU,[18]
,,,,,
,,0.0,0.201169,  DecSlice::decompressSlice,[8]
[14],22.5,0.0,0.201169,DecCu::decompressCtu,[14]
,,0.0,0.201169,  DecCu::xReconIntraQT,[17]
,,,,,
,,0.0,0.201169,  DecCu::xIntraRecQT,[16]
[15],22.5,0.0,0.201169,DecCu::xIntraRecBlk,[15]
,,0.031007,0.0,  IntraPrediction::predIntraAng,[47]
,,0.015528,0.0,  PU::isMIP,[77]
,,0.015481,0.0,  CU::isPredRegDiffFromTB,[85]
,,0.015327,0.015443,  AreaBuf<short>::reconstruct,[53]
,,0.0,0.015537,  AreaBuf<short>::copyFrom,[35]
,,0.0,0.015607,  IntraPrediction::initIntraPatternChType,[60]
,,0.0,0.077240,  TrQuant::invTransformNxN,[27]
,,,,,
,,0.0,0.201169,  DecCu::xReconIntraQT,[17]
[16],22.5,0.0,0.201169,DecCu::xIntraRecQT,[16]
,,0.0,0.201169,  DecCu::xIntraRecBlk,[15]
,,,,,
,,0.0,0.201169,  DecCu::decompressCtu,[14]
[17],22.5,0.0,0.201169,DecCu::xReconIntraQT,[17]
,,0.0,0.201169,  DecCu::xIntraRecQT,[16]
,,,,,
,,0.015528,0.170438,  LoopFilter::loopFilterPic,[13]
[18],20.8,0.015528,0.170438,LoopFilter::xDeblockCU,[18]
,,0.077586,0.030767,  LoopFilter::xEdgeFilterLuma,[22]
,,0.031106,0.0,  LoopFilter::xEdgeFilterChroma,[42]
,,0.015405,0.0,  LoopFilter::xSetLoopfilterParam,[93]
,,0.0,0.015574,  LoopFilter::xSetMaxFilterLengthPQFromTransformSizes,[65]
,,,,,
,,0.0,0.155401,  CABACReader::coding_tree <cycle 1>,[12]
[19],17.38,0.0,0.155401,CABACReader::coding_unit,[19]
,,0.0,0.155401,  CABACReader::cu_residual,[20]
,,,,,
,,0.0,0.155401,  CABACReader::coding_unit,[19]
[20],17.38,0.0,0.155401,CABACReader::cu_residual,[20]
,,0.0,0.155401,  CABACReader::transform_tree,[21]
,,,,,
,,0.0,0.155401,  CABACReader::cu_residual,[20]
[21],17.38,0.0,0.155401,CABACReader::transform_tree,[21]
,,0.015627,0.0,  TransformUnit::getCoeffs,[59]
,,0.0,0.046654,  AreaBuf<int>::fill,[33]
,,0.0,0.077645,  CABACReader::transform_unit,[25]
,,0.0,0.015474,  CS::getArea,[86]
,,,,,
,,0.077586,0.030767,  LoopFilter::xDeblockCU,[18]
[22],12.12,0.077586,0.030767,LoopFilter::xEdgeFilterLuma,[22]
,,0.0,0.030767,  LoopFilter::xPelFilterLuma,[56]
,,,,,
,,0.015554,0.0,  LoopFilter::loopFilterPic,[13]
,,0.015598,0.0,  CodingStructure::clearCUs,[62]
,,0.046654,0.0,  AreaBuf<int>::fill,[33]
[23],8.7,0.077806,0.0,memset,[23]
,,,,,
,,0.0,0.077783,  DecLib::executeLoopFilters,[9]
[24],8.7,0.0,0.077783,AdaptiveLoopFilter::ALFProcess,[24]
,,0.046625,0.0,  simdFilter7x7Blk<4>,[34]
,,0.015570,0.0,  simdFilter5x5Blk<4>,[70]
,,0.0,0.015588,  UnitBuf<short>::copyFrom,[45]
,,,,,
,,0.0,0.077645,  CABACReader::transform_tree,[21]
[25],8.68,0.0,0.077645,CABACReader::transform_unit,[25]
,,0.0,0.015449,  CABACReader::cbf_comp,[88]
,,0.0,0.062196,  CABACReader::residual_coding,[30]
,,,,,
,,0.015449,0.0,  CABACReader::cbf_comp,[88]
,,0.015500,0.0,  CABACReader::split_cu_mode,[44]
,,0.015568,0.0,  CABACReader::residual_coding_subblock,[43]
,,0.031107,0.0,  CABACReader::last_sig_coeff,[41]
[26],8.68,0.077624,0.0,TBinDecoder<class BinProbModel_Std>::decodeBin,[26]
,,,,,
,,0.0,0.077240,  DecCu::xIntraRecBlk,[15]
[27],8.64,0.0,0.077240,TrQuant::invTransformNxN,[27]
,,0.015499,0.015436,  TrQuant::xInvLfnst,[52]
,,0.015487,0.015502,  TrQuant::xIT,[48]
,,0.0,0.015315,  DepQuant::dequant,[95]
,,,,,
,,0.0,0.062381,  DecLib::xDecodeSlice,[7]
[28],6.98,0.0,0.062381,DecLib::xActivateParameterSets,[28]
,,0.0,0.062381,  TrQuant::init,[29]
,,,,,
,,0.0,0.062381,  DecLib::xActivateParameterSets,[28]
[29],6.98,0.0,0.062381,TrQuant::init,[29]
,,0.0,0.015548,  DepQuant::DepQuant,[72]
,,0.0,0.046833,  DepQuant::`scalar deleting destructor',[32]
,,,,,
,,0.0,0.062196,  CABACReader::transform_unit,[25]
[30],6.96,0.0,0.062196,CABACReader::residual_coding,[30]
,,0.0,0.031107,  CABACReader::last_sig_coeff,[41]
,,0.0,0.031089,  CABACReader::residual_coding_subblock,[43]
,,,,,
,,0.015569,0.0,  Quant::xDestroyScalingList,[71]
,,0.044114,0.0,  QuantRDOQ::xDestroyScalingList,[36]
[31],6.67,0.059683,0.0,free_base,[31]
,,,,,
,,0.0,0.046833,  TrQuant::init,[29]
,,0.0,0.012849,  TrQuant::~TrQuant,[98]
[32],6.67,0.0,0.059683,DepQuant::`scalar deleting destructor',[32]
,,0.0,0.015569,  Quant::xDestroyScalingList,[71]
,,0.0,0.044114,  QuantRDOQ::~QuantRDOQ,[37]
,,,,,
,,0.0,0.046654,  CABACReader::transform_tree,[21]
[33],5.22,0.0,0.046654,AreaBuf<int>::fill,[33]
,,0.046654,0.0,  memset,[23]
,,,,,
,,0.046625,0.0,  AdaptiveLoopFilter::ALFProcess,[24]
[34],5.21,0.046625,0.0,simdFilter7x7Blk<4>,[34]
,,,,,
,,0.0,0.015537,  DecCu::xIntraRecBlk,[15]
,,0.0,0.031029,  UnitBuf<short>::copyFrom,[45]
[35],5.21,0.0,0.046565,AreaBuf<short>::copyFrom,[35]
,,0.031029,0.0,  memcpy,[46]
,,0.015537,0.0,  [Import thunk memcpy],[75]
,,,,,
,,0.0,0.044114,  QuantRDOQ::~QuantRDOQ,[37]
[36],4.93,0.0,0.044114,QuantRDOQ::xDestroyScalingList,[36]
,,0.044114,0.0,  free_base,[31]
,,,,,
,,0.0,0.044114,  DepQuant::`scalar deleting destructor',[32]
[37],4.93,0.0,0.044114,QuantRDOQ::~QuantRDOQ,[37]
,,0.0,0.044114,  QuantRDOQ::xDestroyScalingList,[36]
,,,,,
,,0.0,0.031359,  DecApp::decode,[5]
[38],3.51,0.0,0.031359,DecLib::finishPicture,[38]
,,0.0,0.015598,  CodingStructure::clearCUs,[62]
,,0.0,0.015761,  CodingStructure::destroyCoeffs,[57]
,,,,,
,,0.031126,0.0,  operator new,[40]
[39],3.48,0.031126,0.0,malloc_base,[39]
,,,,,
,,0.0,0.015579,  CodingStructure::addCU,[63]
,,0.0,0.015548,  QuantRDOQ::xInitScalingList,[74]
[40],3.48,0.0,0.031126,operator new,[40]
,,0.031126,0.0,  malloc_base,[39]
,,,,,
,,0.0,0.031107,  CABACReader::residual_coding,[30]
[41],3.48,0.0,0.031107,CABACReader::last_sig_coeff,[41]
,,0.031107,0.0,  TBinDecoder<class BinProbModel_Std>::decodeBin,[26]
,,,,,
,,0.031106,0.0,  LoopFilter::xDeblockCU,[18]
[42],3.48,0.031106,0.0,LoopFilter::xEdgeFilterChroma,[42]
,,,,,
,,0.0,0.031089,  CABACReader::residual_coding,[30]
[43],3.48,0.0,0.031089,CABACReader::residual_coding_subblock,[43]
,,0.015568,0.0,  TBinDecoder<class BinProbModel_Std>::decodeBin,[26]
,,0.015521,0.0,  CoeffCodingContext::sigCtxIdAbs,[78]
,,,,,
,,0.0,0.031036,  CABACReader::coding_tree <cycle 1>,[12]
[44],3.47,0.0,0.031036,CABACReader::split_cu_mode,[44]
,,0.015536,0.0,  QTBTPartitioner::canSplit,[76]
,,0.015500,0.0,  TBinDecoder<class BinProbModel_Std>::decodeBin,[26]
,,,,,
,,0.0,0.015588,  AdaptiveLoopFilter::ALFProcess,[24]
,,0.0,0.015440,  SampleAdaptiveOffset::SAOProcess,[51]
[45],3.47,0.0,0.031029,UnitBuf<short>::copyFrom,[45]
,,0.0,0.031029,  AreaBuf<short>::copyFrom,[35]
,,,,,
,,0.031029,0.0,  AreaBuf<short>::copyFrom,[35]
[46],3.47,0.031029,0.0,memcpy,[46]
,,,,,
,,0.031007,0.0,  DecCu::xIntraRecBlk,[15]
[47],3.47,0.031007,0.0,IntraPrediction::predIntraAng,[47]
,,,,,
,,0.015487,0.015502,  TrQuant::invTransformNxN,[27]
[48],3.47,0.015487,0.015502,TrQuant::xIT,[48]
,,0.015502,0.0,  fastInverseDCT2_B64,[82]
,,,,,
,,0.0,0.030967,  DecApp::decode,[5]
[49],3.46,0.0,0.030967,byteStreamNALUnit,[49]
,,0.0,0.030967,  byteStreamNALUnit,[50]
,,,,,
,,0.0,0.030967,  byteStreamNALUnit,[49]
[50],3.46,0.0,0.030967,byteStreamNALUnit,[50]
,,0.015520,0.0,"  std::vector<unsigned char,class std::allocator<unsigned char> >::emplace_back<unsigned char>",[79]
,,0.0,0.015446,  InputByteStream::eofBeforeNBytes,[89]
,,,,,
,,0.0,0.030953,  DecLib::executeLoopFilters,[9]
[51],3.46,0.0,0.030953,SampleAdaptiveOffset::SAOProcess,[51]
,,0.0,0.015513,  SampleAdaptiveOffset::offsetCTU,[81]
,,0.0,0.015440,  UnitBuf<short>::copyFrom,[45]
,,,,,
,,0.015499,0.015436,  TrQuant::invTransformNxN,[27]
[52],3.46,0.015499,0.015436,TrQuant::xInvLfnst,[52]
,,0.015436,0.0,  TrQuant::invLfnstNxN,[92]
,,,,,
,,0.015327,0.015443,  DecCu::xIntraRecBlk,[15]
[53],3.44,0.015327,0.015443,AreaBuf<short>::reconstruct,[53]
,,0.015443,0.0,"  reco_SSE<4,8>",[91]
,,,,,
,,0.030767,0.0,  LoopFilter::xFilteringPandQ,[55]
[54],3.44,0.030767,0.0,LoopFilter::xBilinearFilter,[54]
,,,,,
,,0.0,0.030767,  LoopFilter::xPelFilterLuma,[56]
[55],3.44,0.0,0.030767,LoopFilter::xFilteringPandQ,[55]
,,0.030767,0.0,  LoopFilter::xBilinearFilter,[54]
,,,,,
,,0.0,0.030767,  LoopFilter::xEdgeFilterLuma,[22]
[56],3.44,0.0,0.030767,LoopFilter::xPelFilterLuma,[56]
,,0.0,0.030767,  LoopFilter::xFilteringPandQ,[55]
,,,,,
,,0.0,0.015761,  DecLib::finishPicture,[38]
[57],1.76,0.0,0.015761,CodingStructure::destroyCoeffs,[57]
,,0.015761,0.0,  aligned_free,[58]
,,,,,
,,0.015761,0.0,  CodingStructure::destroyCoeffs,[57]
[58],1.76,0.015761,0.0,aligned_free,[58]
,,,,,
,,0.015627,0.0,  CABACReader::transform_tree,[21]
[59],1.75,0.015627,0.0,TransformUnit::getCoeffs,[59]
,,,,,
,,0.0,0.015607,  DecCu::xIntraRecBlk,[15]
[60],1.75,0.0,0.015607,IntraPrediction::initIntraPatternChType,[60]
,,0.015607,0.0,  IntraPrediction::xFillReferenceSamples,[61]
,,,,,
,,0.015607,0.0,  IntraPrediction::initIntraPatternChType,[60]
[61],1.75,0.015607,0.0,IntraPrediction::xFillReferenceSamples,[61]
,,,,,
,,0.0,0.015598,  DecLib::finishPicture,[38]
[62],1.74,0.0,0.015598,CodingStructure::clearCUs,[62]
,,0.015598,0.0,  memset,[23]
,,,,,
,,0.0,0.015579,  CABACReader::coding_tree <cycle 1>,[12]
[63],1.74,0.0,0.015579,CodingStructure::addCU,[63]
,,0.0,0.015579,  operator new,[40]
,,,,,
,,0.015574,0.0,  LoopFilter::xSetMaxFilterLengthPQFromTransformSizes,[65]
[64],1.74,0.015574,0.0,CodingStructure::getTU,[64]
,,,,,
,,0.0,0.015574,  LoopFilter::xDeblockCU,[18]
[65],1.74,0.0,0.015574,LoopFilter::xSetMaxFilterLengthPQFromTransformSizes,[65]
,,0.015574,0.0,  CodingStructure::getTU,[64]
,,,,,
,,0.0,0.015571,  DecApp::decode,[5]
[66],1.74,0.0,0.015571,DecApp::xWriteOutput,[66]
,,0.0,0.015571,  VideoIOYuv::write,[67]
,,,,,
,,0.0,0.015571,  DecApp::xWriteOutput,[66]
[67],1.74,0.0,0.015571,VideoIOYuv::write,[67]
,,0.0,0.015571,  writePlane,[69]
,,,,,
,,0.015571,0.0,  writePlane,[69]
[68],1.74,0.015571,0.0,"std::basic_ostream<char,struct std::char_traits<char> >::write",[68]
,,,,,
,,0.0,0.015571,  VideoIOYuv::write,[67]
[69],1.74,0.0,0.015571,writePlane,[69]
,,0.015571,0.0,"  std::basic_ostream<char,struct std::char_traits<char> >::write",[68]
,,,,,
,,0.015570,0.0,  AdaptiveLoopFilter::ALFProcess,[24]
[70],1.74,0.015570,0.0,simdFilter5x5Blk<4>,[70]
,,,,,
,,0.0,0.015569,  DepQuant::`scalar deleting destructor',[32]
[71],1.74,0.0,0.015569,Quant::xDestroyScalingList,[71]
,,0.015569,0.0,  free_base,[31]
,,,,,
,,0.0,0.015548,  TrQuant::init,[29]
[72],1.74,0.0,0.015548,DepQuant::DepQuant,[72]
,,0.0,0.015548,  QuantRDOQ::QuantRDOQ,[73]
,,,,,
,,0.0,0.015548,  DepQuant::DepQuant,[72]
[73],1.74,0.0,0.015548,QuantRDOQ::QuantRDOQ,[73]
,,0.0,0.015548,  QuantRDOQ::xInitScalingList,[74]
,,,,,
,,0.0,0.015548,  QuantRDOQ::QuantRDOQ,[73]
[74],1.74,0.0,0.015548,QuantRDOQ::xInitScalingList,[74]
,,0.0,0.015548,  operator new,[40]
,,,,,
,,0.015537,0.0,  AreaBuf<short>::copyFrom,[35]
[75],1.74,0.015537,0.0,[Import thunk memcpy],[75]
,,,,,
,,0.015536,0.0,  CABACReader::split_cu_mode,[44]
[76],1.74,0.015536,0.0,QTBTPartitioner::canSplit,[76]
,,,,,
,,0.015528,0.0,  DecCu::xIntraRecBlk,[15]
[77],1.74,0.015528,0.0,PU::isMIP,[77]
,,,,,
,,0.015521,0.0,  CABACReader::residual_coding_subblock,[43]
[78],1.74,0.015521,0.0,CoeffCodingContext::sigCtxIdAbs,[78]
,,,,,
,,0.015520,0.0,  byteStreamNALUnit,[50]
[79],1.74,0.015520,0.0,"std::vector<unsigned char,class std::allocator<unsigned char> >::emplace_back<unsigned char>",[79]
,,,,,
,,0.015513,0.0,  SampleAdaptiveOffset::offsetCTU,[81]
[80],1.73,0.015513,0.0,SampleAdaptiveOffset::offsetBlock,[80]
,,,,,
,,0.0,0.015513,  SampleAdaptiveOffset::SAOProcess,[51]
[81],1.73,0.0,0.015513,SampleAdaptiveOffset::offsetCTU,[81]
,,0.015513,0.0,  SampleAdaptiveOffset::offsetBlock,[80]
,,,,,
,,0.015502,0.0,  TrQuant::xIT,[48]
[82],1.73,0.015502,0.0,fastInverseDCT2_B64,[82]
,,,,,
,,0.015495,0.0,  QTBTPartitioner::splitCurrArea,[84]
[83],1.73,0.015495,0.0,PartitionerImpl::getCUSubPartitions,[83]
,,,,,
,,0.0,0.015495,  CABACReader::coding_tree <cycle 1>,[12]
[84],1.73,0.0,0.015495,QTBTPartitioner::splitCurrArea,[84]
,,0.015495,0.0,  PartitionerImpl::getCUSubPartitions,[83]
,,,,,
,,0.015481,0.0,  DecCu::xIntraRecBlk,[15]
[85],1.73,0.015481,0.0,CU::isPredRegDiffFromTB,[85]
,,,,,
,,0.0,0.015474,  CABACReader::transform_tree,[21]
[86],1.73,0.0,0.015474,CS::getArea,[86]
,,0.015474,0.0,  UnitArea::singleChan,[87]
,,,,,
,,0.015474,0.0,  CS::getArea,[86]
[87],1.73,0.015474,0.0,UnitArea::singleChan,[87]
,,,,,
,,0.0,0.015449,  CABACReader::transform_unit,[25]
[88],1.73,0.0,0.015449,CABACReader::cbf_comp,[88]
,,0.015449,0.0,  TBinDecoder<class BinProbModel_Std>::decodeBin,[26]
,,,,,
,,0.0,0.015446,  byteStreamNALUnit,[50]
[89],1.73,0.0,0.015446,InputByteStream::eofBeforeNBytes,[89]
,,0.015446,0.0,"  std::basic_istream<char,struct std::char_traits<char> >::get",[90]
,,,,,
,,0.015446,0.0,  InputByteStream::eofBeforeNBytes,[89]
[90],1.73,0.015446,0.0,"std::basic_istream<char,struct std::char_traits<char> >::get",[90]
,,,,,
,,0.015443,0.0,  AreaBuf<short>::reconstruct,[53]
[91],1.73,0.015443,0.0,"reco_SSE<4,8>",[91]
,,,,,
,,0.015436,0.0,  TrQuant::xInvLfnst,[52]
[92],1.73,0.015436,0.0,TrQuant::invLfnstNxN,[92]
,,,,,
,,0.015405,0.0,  LoopFilter::xDeblockCU,[18]
[93],1.72,0.015405,0.0,LoopFilter::xSetLoopfilterParam,[93]
,,,,,
,,0.015315,0.0,  DepQuant::dequant,[95]
[94],1.71,0.015315,0.0,DQIntern::Quantizer::dequantBlock,[94]
,,,,,
,,0.0,0.015315,  TrQuant::invTransformNxN,[27]
[95],1.71,0.0,0.015315,DepQuant::dequant,[95]
,,0.015315,0.0,  DQIntern::Quantizer::dequantBlock,[94]
,,,,,
,,0.0,0.012849,  main,[4]
[96],1.44,0.0,0.012849,DecApp::`scalar deleting destructor',[96]
,,0.0,0.012849,  DecLib::~DecLib,[97]
,,,,,
,,0.0,0.012849,  DecApp::`scalar deleting destructor',[96]
[97],1.44,0.0,0.012849,DecLib::~DecLib,[97]
,,0.0,0.012849,  TrQuant::~TrQuant,[98]
,,,,,
,,0.0,0.012849,  DecLib::~DecLib,[97]
[98],1.44,0.0,0.012849,TrQuant::~TrQuant,[98]
,,0.0,0.012849,  DepQuant::`scalar deleting destructor',[32]
,,,,,
,,0.008237,0.0,  DecApp::decode,[5]
[99],0.92,0.008237,0.0,"std::basic_ifstream<char,struct std::char_traits<char> >::basic_ifstream<char,struct std::char_traits<char> >",[99]
,,,,,
,,0.002494,0.0,  initterm,[101]
[100],0.28,0.002494,0.0,`dynamic initializer for 'g_reusedUniMVs'',[100]
,,,,,
,,0.0,0.002494,  _scrt_common_main_seh,[3]
[101],0.28,0.0,0.002494,initterm,[101]
,,0.002494,0.0,  `dynamic initializer for 'g_reusedUniMVs'',[100]
,,,,,
,,0.0,0.001470,  DecApp::decode,[5]
[102],0.16,0.0,0.001470,DecApp::xCreateDecLib,[102]
,,0.001470,0.0,  initROM,[103]
,,,,,
,,0.001470,0.0,  DecApp::xCreateDecLib,[102]
[103],0.16,0.001470,0.0,initROM,[103]
,,,,,


Index by function name

Index,Function
[24],AdaptiveLoopFilter::ALFProcess
[33],AreaBuf<int>::fill
[35],AreaBuf<short>::copyFrom
[53],AreaBuf<short>::reconstruct
[1],BaseThreadInitThunk
[88],CABACReader::cbf_comp
[12],CABACReader::coding_tree
[11],CABACReader::coding_tree_unit
[19],CABACReader::coding_unit
[20],CABACReader::cu_residual
[41],CABACReader::last_sig_coeff
[30],CABACReader::residual_coding
[43],CABACReader::residual_coding_subblock
[44],CABACReader::split_cu_mode
[21],CABACReader::transform_tree
[25],CABACReader::transform_unit
[86],CS::getArea
[85],CU::isPredRegDiffFromTB
[63],CodingStructure::addCU
[62],CodingStructure::clearCUs
[57],CodingStructure::destroyCoeffs
[64],CodingStructure::getTU
[78],CoeffCodingContext::sigCtxIdAbs
[94],DQIntern::Quantizer::dequantBlock
[96],DecApp::`scalar deleting destructor'
[5],DecApp::decode
[102],DecApp::xCreateDecLib
[66],DecApp::xWriteOutput
[14],DecCu::decompressCtu
[15],DecCu::xIntraRecBlk
[16],DecCu::xIntraRecQT
[17],DecCu::xReconIntraQT
[6],DecLib::decode
[9],DecLib::executeLoopFilters
[38],DecLib::finishPicture
[28],DecLib::xActivateParameterSets
[7],DecLib::xDecodeSlice
[97],DecLib::~DecLib
[8],DecSlice::decompressSlice
[72],DepQuant::DepQuant
[32],DepQuant::`scalar deleting destructor'
[95],DepQuant::dequant
[89],InputByteStream::eofBeforeNBytes
[60],IntraPrediction::initIntraPatternChType
[47],IntraPrediction::predIntraAng
[61],IntraPrediction::xFillReferenceSamples
[13],LoopFilter::loopFilterPic
[54],LoopFilter::xBilinearFilter
[18],LoopFilter::xDeblockCU
[42],LoopFilter::xEdgeFilterChroma
[22],LoopFilter::xEdgeFilterLuma
[55],LoopFilter::xFilteringPandQ
[56],LoopFilter::xPelFilterLuma
[93],LoopFilter::xSetLoopfilterParam
[65],LoopFilter::xSetMaxFilterLengthPQFromTransformSizes
[77],PU::isMIP
[83],PartitionerImpl::getCUSubPartitions
[76],QTBTPartitioner::canSplit
[84],QTBTPartitioner::splitCurrArea
[71],Quant::xDestroyScalingList
[73],QuantRDOQ::QuantRDOQ
[36],QuantRDOQ::xDestroyScalingList
[74],QuantRDOQ::xInitScalingList
[37],QuantRDOQ::~QuantRDOQ
[2],RtlUserThreadStart
[51],SampleAdaptiveOffset::SAOProcess
[80],SampleAdaptiveOffset::offsetBlock
[81],SampleAdaptiveOffset::offsetCTU
[26],TBinDecoder<class BinProbModel_Std>::decodeBin
[29],TrQuant::init
[92],TrQuant::invLfnstNxN
[27],TrQuant::invTransformNxN
[48],TrQuant::xIT
[52],TrQuant::xInvLfnst
[98],TrQuant::~TrQuant
[59],TransformUnit::getCoeffs
[87],UnitArea::singleChan
[45],UnitBuf<short>::copyFrom
[67],VideoIOYuv::write
[75],[Import thunk memcpy]
[3],_scrt_common_main_seh
[100],`dynamic initializer for 'g_reusedUniMVs''
[58],aligned_free
[49],byteStreamNALUnit
[50],byteStreamNALUnit
[82],fastInverseDCT2_B64
[31],free_base
[103],initROM
[101],initterm
[4],main
[39],malloc_base
[46],memcpy
[23],memset
[40],operator new
[91],"reco_SSE<4,8>"
[70],simdFilter5x5Blk<4>
[34],simdFilter7x7Blk<4>
[99],"std::basic_ifstream<char,struct std::char_traits<char> >::basic_ifstream<char,struct std::char_traits<char> >"
[90],"std::basic_istream<char,struct std::char_traits<char> >::get"
[68],"std::basic_ostream<char,struct std::char_traits<char> >::write"
[79],"std::vector<unsigned char,class std::allocator<unsigned char> >::emplace_back<unsigned char>"
[69],writePlane
[10],<cycle 1>
