Index,% CPU Time:Total,CPU Time:Self,CPU Time:Children,Name,Index
,,0.0,2335.622945,  RtlUserThreadStart,[2]
[1],100.0,0.0,2335.622945,BaseThreadInitThunk,[1]
,,0.0,2335.622945,  _scrt_common_main_seh,[3]
,,,,,
,,,,  <spontaneous>,
[2],100.0,0.0,2335.622945,RtlUserThreadStart,[2]
,,0.0,2335.622945,  BaseThreadInitThunk,[1]
,,,,,
,,0.0,2335.622945,  BaseThreadInitThunk,[1]
[3],100.0,0.0,2335.622945,_scrt_common_main_seh,[3]
,,0.0,0.010767,  common_exit,[318]
,,0.0,2335.612178,  main,[5]
,,,,,
,,0.0,2335.612178,  main,[5]
[4],100.0,0.0,2335.612178,TAppEncTop::encode,[4]
,,0.0,0.109012,  TComPic::destroy,[262]
,,0.0,0.015505,  TComPicYuv::destroy,[281]
,,0.0,2334.989781,  TEncTop::encode,[6]
,,0.0,0.497879,  TVideoIOYuv::read,[201]
,,,,,
,,0.0,2335.612178,  _scrt_common_main_seh,[3]
[5],100.0,0.0,2335.612178,main,[5]
,,0.0,2335.612178,  TAppEncTop::encode,[4]
,,,,,
,,0.0,2334.989781,  TAppEncTop::encode,[4]
[6],99.97,0.0,2334.989781,TEncTop::encode,[6]
,,0.015547,2334.445104,  TEncGOP::compressGOP,[7]
,,0.0,0.404779,  TComPicYuv::copyToPic,[192]
,,0.0,0.124351,  TEncTop::xGetNewPicBuffer,[260]
,,,,,
,,0.015547,2334.445104,  TEncTop::encode,[6]
[7],99.95,0.015547,2334.445104,TEncGOP::compressGOP,[7]
,,0.062172,2330.367482,  TEncSlice::compressSlice,[8]
,,0.0,0.435412,  TComLoopFilter::loopFilterPic,[208]
,,0.0,0.015546,  TComPic::compressMotion,[311]
,,0.0,0.124805,  TComPicYuv::copyToPic,[192]
,,0.0,0.031083,  TComSlice::setRefPicList,[300]
,,0.0,0.217930,  TEncGOP::xCalculateAddPSNRs,[240]
,,0.0,2.973002,  TEncSampleAdaptiveOffset::SAOProcess,[129]
,,0.0,0.217671,  TEncSlice::encodeSlice,[241]
,,,,,
,,0.062172,2330.367482,  TEncGOP::compressGOP,[7]
[8],99.78,0.062172,2330.367482,TEncSlice::compressSlice,[8]
,,0.015563,0.0,  TEncSbac::resetEntropy,[308]
,,0.015549,0.233197,  TComDataCU::initCtu,[211]
,,0.0,2329.916693,  TEncCu::compressCtu,[9]
,,0.0,0.186480,  TEncCu::xEncodeCU <cycle 2>,[213]
,,,,,
,,0.0,2329.916693,  TEncSlice::compressSlice,[8]
[9],99.76,0.0,2329.916693,TEncCu::compressCtu,[9]
,,1.275680,2328.438992,  TEncCu::xCompressCU <cycle 13>,[11]
,,0.046512,0.124409,  TComDataCU::initCtu,[211]
,,0.0,0.031100,  [Unknown stack frame(s)],[277]
,,,,,
,,1.275680,2328.438992,  TEncCu::compressCtu,[9]
[10],99.75,1.275680,2328.438992,<cycle 13 as a whole>,[10]
,,1.275680,2328.438992,  TEncCu::xCompressCU <cycle 13>,[11]
,,,,,
,,,,  TEncCu::xCompressCU <cycle 13>,[11]
,,1.275680,2328.438992,  TEncCu::compressCtu,[9]
[11],99.75,1.275680,2328.438992,TEncCu::xCompressCU <cycle 13>,[11]
,,4.728621,2.537344,  TComDataCU::initEstData,[74]
,,1.400065,233.660104,  TEncCu::xCheckRDCostMerge2Nx2N,[25]
,,1.244391,1.073176,  TComDataCU::initSubCU,[142]
,,0.777742,1997.889466,  TEncCu::xCheckRDCostInter,[12]
,,0.637809,0.0,  memcpy,[48]
,,0.622065,1.088785,  TComDataCU::copyPartFrom,[152]
,,0.295344,0.528264,  TComYuv::copyFromPicComponent,[184]
,,0.264464,1.586845,  TComDataCU::copyToPic,[148]
,,0.186576,1.182659,  TEncCu::xCopyYuv2Tmp,[161]
,,0.124487,0.668884,  TEncCu::xCopyYuv2Pic,[186]
,,0.062257,0.0,  std::_Deque_iterator<class std::_Deque_val<struct std::_Deque_simple_types<class TComSlice *> > >::operator+,[276]
,,0.062228,0.715493,  TComYuv::copyToPicYuv,[156]
,,0.062226,0.015555,  TEncBinCABAC::copyState,[116]
,,0.062108,76.744298,  TEncCu::xCheckRDCostIntra,[45]
,,0.031148,0.0,"  std::deque<class TComSlice *,class std::allocator<class TComSlice *> >::begin",[296]
,,0.015553,0.0,  TEncSbac::getNumberOfWrittenBits,[187]
,,,,  TEncCu::xCompressCU <cycle 13>,[11]
,,0.0,0.124375,  TEncSbac::codeSplitFlag,[250]
,,0.0,0.046659,  [Unknown stack frame(s)],[277]
,,,,,
,,0.777742,1997.889466,  TEncCu::xCompressCU <cycle 13>,[11]
[12],85.57,0.777742,1997.889466,TEncCu::xCheckRDCostInter,[12]
,,8.618122,1636.852900,  TEncSearch::predInterSearch,[13]
,,1.664872,350.597899,  TEncSearch::encodeResAndCalcRdInterCU,[15]
,,0.062332,0.0,  memset,[43]
,,0.062224,0.0,  TEncCu::xCheckDQP,[266]
,,0.015565,0.0,  memcpy,[48]
,,0.015552,0.0,  TComRdCost::calcRdCost,[263]
,,,,,
,,8.618122,1636.852900,  TEncCu::xCheckRDCostInter,[12]
[13],70.45,8.618122,1636.852900,TEncSearch::predInterSearch,[13]
,,5.383212,1235.623390,  TEncSearch::xMotionEstimation,[14]
,,2.147165,0.0,  TComCUMvField::setAll<class TComMv>,[123]
,,2.083923,1.446707,  TEncSearch::xCheckBestMVP,[124]
,,1.929307,156.839750,  TEncSearch::xEstimateMvPredAMVP,[33]
,,1.726544,140.636900,  TEncSearch::xMergeEstimation,[36]
,,1.166339,9.939672,  TComYuv::clear,[59]
,,1.058083,0.0,  TComCUMvField::setAll<signed char>,[141]
,,0.778082,0.451259,  TComDataCU::setSubPart<signed char>,[133]
,,0.777863,0.0,  memcpy,[48]
,,0.591080,23.840663,  TEncSearch::xGetInterPredictionError,[34]
,,0.451182,0.124356,  TComDataCU::setSubPart<unsigned char>,[181]
,,0.420270,0.0,  TComDataCU::getPartIndexAndSize,[135]
,,0.420114,47.756879,  TComPrediction::motionCompensation,[31]
,,0.404559,0.031131,  TEncSearch::xGetBlkBits,[204]
,,0.295642,0.124556,  TComDataCU::setSubPart<bool>,[188]
,,0.279826,0.0,  TComDataCU::getNumPartitions,[194]
,,0.093344,0.0,  TComRdCost::getBitsOfVectorWithPredictor,[57]
,,0.031101,0.0,  _security_check_cookie,[115]
,,,,,
,,5.383212,1235.623390,  TEncSearch::predInterSearch,[13]
[14],53.13,5.383212,1235.623390,TEncSearch::xMotionEstimation,[14]
,,18.731257,428.925455,  TEncSearch::xPatternRefinement,[18]
,,8.245239,98.718826,  TEncSearch::xPatternSearch,[41]
,,4.978802,356.434116,  TEncSearch::xExtDIFUpSamplingQ,[22]
,,4.262874,0.746536,  TComYuv::removeHighFreq,[113]
,,3.297145,125.236507,  TEncSearch::xTZSearch,[37]
,,2.706443,176.821583,  TEncSearch::xExtDIFUpSamplingH,[32]
,,1.228820,0.0,  TEncSearch::xSetSearchRange,[140]
,,0.653398,0.0,  TComRdCost::getBitsOfVectorWithPredictor,[57]
,,0.528753,0.0,  floor,[198]
,,0.451198,2.785163,  TComYuv::copyPartToPartYuv,[75]
,,0.435673,0.0,  TEncSearch::setWpScalingDistParam,[205]
,,0.435604,0.0,  TComDataCU::getPartIndexAndSize,[135]
,,,,,
,,1.509393,165.647139,  TEncCu::xCheckRDCostMerge2Nx2N,[25]
,,1.664872,350.597899,  TEncCu::xCheckRDCostInter,[12]
[15],22.24,3.174265,516.245038,TEncSearch::encodeResAndCalcRdInterCU,[15]
,,47.319645,435.933498,  TEncSearch::xEstimateInterResidualQT <cycle 7>,[16]
,,8.430530,0.0,  TComYuv::addClip,[92]
,,3.469331,0.0,  TComYuv::subtract,[125]
,,2.799808,0.0,  memcpy,[48]
,,0.871174,5.896272,  TComRdCost::getDistPart,[63]
,,0.591301,1.058449,  TComYuv::copyToPartComponent,[134]
,,0.557828,0.155585,  TEncBinCABAC::copyState,[116]
,,0.513614,4.541933,  TEncSearch::xAddSymbolBitsInter,[112]
,,0.420279,0.575657,  TComYuv::clear,[59]
,,0.388972,0.0,  TComTU::TComTU,[206]
,,0.311110,0.0,  memset,[43]
,,0.264148,1.165595,  TEncSearch::xSetInterResidualQTData <cycle 5>,[159]
,,0.109046,0.062354,  TEncSbac::resetBits,[139]
,,0.093372,0.0,  TEncBinCABACCounter::encodeBin,[101]
,,0.093333,0.0,  TComRdCost::calcRdCost,[263]
,,0.077843,0.031115,  TEncSbac::codeMergeIndex,[242]
,,0.062075,0.046664,  TEncBinCABACCounter::getNumWrittenBits,[143]
,,0.046676,0.0,  TEncSbac::getNumberOfWrittenBits,[187]
,,0.046675,0.0,  _security_check_cookie,[115]
,,0.031188,0.0,  TEncSbac::codeQtRootCbfZero,[295]
,,0.031111,0.0,  TComBitCounter::resetBits,[196]
,,0.015514,0.233345,  TEncSbac::codeSkipFlag,[182]
,,,,,
,,,,  TEncSearch::xEstimateInterResidualQT <cycle 7>,[16]
,,47.319645,435.933498,  TEncSearch::encodeResAndCalcRdInterCU,[15]
[16],20.69,47.319645,435.933498,TEncSearch::xEstimateInterResidualQT <cycle 7>,[16]
,,36.803804,0.0,  memcpy,[48]
,,10.781420,0.0,  memset,[43]
,,8.852956,271.780756,  TComTrQuant::transformNxN,[23]
,,4.947763,0.0,  QpParam::QpParam,[110]
,,4.634024,13.020936,  TComRdCost::getDistPart,[63]
,,3.687156,7.603477,  TEncSearch::xEncodeInterResidualQT <cycle 6>,[77]
,,3.581451,0.0,  TComTU::TComTU,[114]
,,2.664547,0.0,  TComTURecurse::nextSection,[109]
,,2.488879,0.824444,  TEncBinCABAC::copyState,[116]
,,1.928841,0.653221,  TEncSbac::codeQtCbf,[120]
,,1.726147,0.0,  TEncSbac::codeQtCbfZero,[151]
,,1.399908,0.0,  TEncBinCABACCounter::encodeBin,[101]
,,1.322128,0.824805,  TEncSbac::resetBits,[139]
,,1.228781,30.391442,  TEncSbac::estBit,[60]
,,1.182049,0.0,  TComYuv::getStride,[166]
,,1.167019,0.0,  TComDataCU::getQuadtreeTULog2MinSizeInCU,[149]
,,0.979767,9.061864,  TEncEntropy::encodeCoeffNxN,[68]
,,0.948926,0.995630,  TEncBinCABACCounter::getNumWrittenBits,[143]
,,0.668687,0.0,  _chkstk,[119]
,,0.575445,0.0,  TEncSbac::getNumberOfWrittenBits,[187]
,,0.497882,0.0,  TComBitCounter::resetBits,[196]
,,0.217758,8.227208,  TComTrQuant::invTransformNxN,[72]
,,0.124341,0.0,  TComDataCU::isLosslessCoded,[261]
,,0.062340,0.0,  _security_check_cookie,[115]
,,0.062208,0.0,  TEncSbac::codeTransformSubdivFlag,[247]
,,0.015488,0.0,  TEncSbac::codeCrossComponentPrediction,[314]
,,,,  TEncSearch::xEstimateInterResidualQT <cycle 7>,[16]
,,,,,
,,47.319645,435.933498,  TEncSearch::encodeResAndCalcRdInterCU,[15]
[17],20.69,47.319645,435.933498,<cycle 7 as a whole>,[17]
,,47.319645,435.933498,  TEncSearch::xEstimateInterResidualQT <cycle 7>,[16]
,,,,,
,,18.731257,428.925455,  TEncSearch::xMotionEstimation,[14]
[18],19.17,18.731257,428.925455,TEncSearch::xPatternRefinement,[18]
,,17.430159,397.243775,  TComRdCost::xGetHADs,[19]
,,14.251521,0.0,  TComRdCost::getBitsOfVectorWithPredictor,[57]
,,,,,
,,0.279436,6.788905,  TEncSearch::estIntraPredLumaQT,[46]
,,1.462537,20.867045,  TEncSearch::xGetInterPredictionError,[34]
,,17.430159,397.243775,  TEncSearch::xPatternRefinement,[18]
[19],19.01,19.172133,424.899726,TComRdCost::xGetHADs,[19]
,,380.553275,1.649076,  TComRdCost::xCalcHADs8x8,[21]
,,41.857502,0.839873,  TComRdCost::xCalcHADs4x4,[56]
,,,,,
,,39.823221,0.0,  TComInterpolationFilter::filterVer,[40]
,,85.514338,0.0,  TEncSearch::xExtDIFUpSamplingH,[32]
,,259.017489,0.0,  TEncSearch::xExtDIFUpSamplingQ,[22]
[20],16.46,384.355049,0.0,"TComInterpolationFilter::filter<8,1,0,1>",[20]
,,,,,
,,380.553275,1.649076,  TComRdCost::xGetHADs,[19]
[21],16.36,380.553275,1.649076,TComRdCost::xCalcHADs8x8,[21]
,,1.649076,0.0,  _security_check_cookie,[115]
,,,,,
,,4.978802,356.434116,  TEncSearch::xMotionEstimation,[14]
[22],15.47,4.978802,356.434116,TEncSearch::xExtDIFUpSamplingQ,[22]
,,259.017489,0.0,"  TComInterpolationFilter::filter<8,1,0,1>",[20]
,,77.856508,0.0,"  TComInterpolationFilter::filter<8,0,1,0>",[29]
,,19.560118,0.0,  TComInterpolationFilter::filterCopy,[44]
,,,,,
,,0.450462,27.967387,  TEncSearch::xIntraCodingTUBlock,[54]
,,8.852956,271.780756,  TEncSearch::xEstimateInterResidualQT <cycle 7>,[16]
[23],13.23,9.303418,299.748144,TComTrQuant::transformNxN,[23]
,,8.291224,51.633476,  TComTrQuant::xT,[47]
,,5.956760,0.0,  TComTrQuant::xTransformSkip,[106]
,,4.605788,2.411860,  TComTrQuant::rdpcmNxN,[96]
,,4.496637,222.352400,  TComTrQuant::xQuant,[26]
,,,,,
,,4.215633,92.149980,  TEncSearch::xGetTemplateCost,[39]
,,10.782373,171.422662,  TComPrediction::xPredInterUni,[30]
[24],11.93,14.998006,263.572642,TComPrediction::xPredInterBlk,[24]
,,3.469605,0.0,  TComYuv::getAddr,[90]
,,2.365009,150.561190,  TComInterpolationFilter::filterHor,[35]
,,2.241995,104.934844,  TComInterpolationFilter::filterVer,[40]
,,,,,
,,1.400065,233.660104,  TEncCu::xCompressCU <cycle 13>,[11]
[25],10.06,1.400065,233.660104,TEncCu::xCheckRDCostMerge2Nx2N,[25]
,,3.874573,1.727377,  TComDataCU::initEstData,[74]
,,1.509393,165.647139,  TEncSearch::encodeResAndCalcRdInterCU,[15]
,,0.793413,0.450957,  TComPrediction::xCheckIdenticalMotion,[132]
,,0.700427,0.0,  TComCUMvField::setAll<class TComMv>,[123]
,,0.533329,54.425797,  TComPrediction::xPredInterBi,[28]
,,0.513249,0.0,  TComCUMvField::setAll<signed char>,[141]
,,0.373322,0.886859,  TComDataCU::getInterMergeCandidates,[100]
,,0.326620,0.031134,  TComDataCU::setSubPart<bool>,[188]
,,0.311145,0.0,  TComDataCU::getNumPartitions,[194]
,,0.279873,0.186777,  TEncCu::xCheckBestMode,[203]
,,0.233240,0.046725,  TComDataCU::setSubPart<unsigned char>,[181]
,,0.186920,0.0,  memset,[43]
,,0.046694,0.0,  TComDataCU::getPartIndexAndSize,[135]
,,0.031144,0.0,  TEncCu::xCheckDQP,[266]
,,0.0,0.543996,  TComPrediction::xPredInterUni,[30]
,,,,,
,,4.496637,222.352400,  TComTrQuant::transformNxN,[23]
[26],9.71,4.496637,222.352400,TComTrQuant::xQuant,[26]
,,156.764754,64.576684,  TComTrQuant::xRateDistOptQuant,[27]
,,0.715558,0.0,  _chkstk,[119]
,,0.295404,0.0,  _security_check_cookie,[115]
,,,,,
,,156.764754,64.576684,  TComTrQuant::xQuant,[26]
[27],9.48,156.764754,64.576684,TComTrQuant::xRateDistOptQuant,[27]
,,30.986757,0.0,  memset,[43]
,,12.856766,1.274954,  TComTrQuant::xGetCodedLevel,[71]
,,9.069060,0.0,  TComTrQuant::getSigCtxInc,[76]
,,4.666852,1.290517,  getTUEntropyCodingParameters,[103]
,,2.066939,0.0,  TComTrQuant::xGetICRate,[127]
,,0.980157,0.0,  TComTU::getGolombRiceStatisticsIndex,[172]
,,0.902303,0.0,  _chkstk,[119]
,,0.482381,0.0,  _security_check_cookie,[115]
,,,,,
,,0.533329,54.425797,  TEncCu::xCheckRDCostMerge2Nx2N,[25]
,,2.318254,160.079351,  TComPrediction::motionCompensation,[31]
[28],9.31,2.851583,214.505148,TComPrediction::xPredInterBi,[28]
,,32.161446,2.753414,  TComYuv::addAvg,[58]
,,4.076641,166.210688,  TComPrediction::xPredInterUni,[30]
,,1.726604,7.576356,  TComYuv::copyPartToPartYuv,[75]
,,,,,
,,39.857917,0.0,  TEncSearch::xExtDIFUpSamplingH,[32]
,,77.856508,0.0,  TEncSearch::xExtDIFUpSamplingQ,[22]
,,88.732760,0.0,  TComInterpolationFilter::filterHor,[35]
[29],8.84,206.447186,0.0,"TComInterpolationFilter::filter<8,0,1,0>",[29]
,,,,,
,,0.0,0.543996,  TEncCu::xCheckRDCostMerge2Nx2N,[25]
,,0.202187,15.450351,  TComPrediction::motionCompensation,[31]
,,4.076641,166.210688,  TComPrediction::xPredInterBi,[28]
[30],7.98,4.278828,182.205035,TComPrediction::xPredInterUni,[30]
,,10.782373,171.422662,  TComPrediction::xPredInterBlk,[24]
,,,,,
,,0.420114,47.756879,  TEncSearch::predInterSearch,[13]
,,0.591198,132.346512,  TEncSearch::xGetInterPredictionError,[34]
[31],7.75,1.011312,180.103391,TComPrediction::motionCompensation,[31]
,,2.318254,160.079351,  TComPrediction::xPredInterBi,[28]
,,1.384319,0.280127,  TComPrediction::xCheckIdenticalMotion,[132]
,,0.388801,0.0,  TComDataCU::getPartIndexAndSize,[135]
,,0.202187,15.450351,  TComPrediction::xPredInterUni,[30]
,,,,,
,,2.706443,176.821583,  TEncSearch::xMotionEstimation,[14]
[32],7.69,2.706443,176.821583,TEncSearch::xExtDIFUpSamplingH,[32]
,,85.514338,0.0,"  TComInterpolationFilter::filter<8,1,0,1>",[20]
,,51.449328,0.0,  TComInterpolationFilter::filterCopy,[44]
,,39.857917,0.0,"  TComInterpolationFilter::filter<8,0,1,0>",[29]
,,,,,
,,1.929307,156.839750,  TEncSearch::predInterSearch,[13]
[33],6.8,1.929307,156.839750,TEncSearch::xEstimateMvPredAMVP,[33]
,,4.543040,106.602885,  TEncSearch::xGetTemplateCost,[39]
,,2.924469,17.844638,  TComDataCU::fillMvpCand,[66]
,,1.446761,21.221965,  TComYuv::clear,[59]
,,1.089265,0.575533,  TComDataCU::setSubPart<signed char>,[133]
,,0.591195,0.0,  TComDataCU::getPartIndexAndSize,[135]
,,,,,
,,0.591080,23.840663,  TEncSearch::predInterSearch,[13]
,,1.368945,132.049126,  TEncSearch::xMergeEstimation,[36]
[34],6.76,1.960025,155.889789,TEncSearch::xGetInterPredictionError,[34]
,,1.462537,20.867045,  TComRdCost::xGetHADs,[19]
,,0.622497,0.0,  TComDataCU::getPartIndexAndSize,[135]
,,0.591198,132.346512,  TComPrediction::motionCompensation,[31]
,,,,,
,,2.365009,150.561190,  TComPrediction::xPredInterBlk,[24]
[35],6.55,2.365009,150.561190,TComInterpolationFilter::filterHor,[35]
,,88.732760,0.0,"  TComInterpolationFilter::filter<8,0,1,0>",[29]
,,28.918353,0.0,"  TComInterpolationFilter::filter<4,0,1,0>",[62]
,,20.821215,0.0,"  TComInterpolationFilter::filter<8,0,1,1>",[65]
,,10.610941,0.0,  TComInterpolationFilter::filterCopy,[44]
,,1.477920,0.0,"  TComInterpolationFilter::filter<4,0,1,1>",[155]
,,,,,
,,1.726544,140.636900,  TEncSearch::predInterSearch,[13]
[36],6.1,1.726544,140.636900,TEncSearch::xMergeEstimation,[36]
,,1.976020,3.313813,  TComDataCU::getInterMergeCandidates,[100]
,,1.368945,132.049126,  TEncSearch::xGetInterPredictionError,[34]
,,1.011036,0.0,  TComCUMvField::setAll<class TComMv>,[123]
,,0.855571,0.0,  TComCUMvField::setAll<signed char>,[141]
,,0.062390,0.0,  TComDataCU::getPartIndexAndSize,[135]
,,,,,
,,3.297145,125.236507,  TEncSearch::xMotionEstimation,[14]
[37],5.5,3.297145,125.236507,TEncSearch::xTZSearch,[37]
,,3.095793,30.232111,  TEncSearch::xTZSearchHelp,[38]
,,2.676485,86.524931,  TEncSearch::xTZ8PointDiamondSearch,[42]
,,1.228838,0.0,  TEncSearch::xSetSearchRange,[140]
,,0.466645,0.0,  TComRdCost::getBitsOfVectorWithPredictor,[57]
,,0.171182,0.840521,  TEncSearch::xTZ2PointSearch,[175]
,,,,,
,,0.124523,0.715998,  TEncSearch::xTZ2PointSearch,[175]
,,3.095793,30.232111,  TEncSearch::xTZSearch,[37]
,,10.610061,75.914870,  TEncSearch::xTZ8PointDiamondSearch,[42]
[38],5.17,13.830377,106.862979,TEncSearch::xTZSearchHelp,[38]
,,23.290690,0.0,  TComRdCost::xGetSAD8,[52]
,,22.144009,0.0,  TComRdCost::xGetSAD16,[49]
,,20.583090,0.0,  TComRdCost::xGetSAD32,[55]
,,16.166489,0.0,  TComRdCost::xGetSAD64,[61]
,,9.210475,0.0,  TComRdCost::getBitsOfVectorWithPredictor,[57]
,,8.759711,0.0,  TComRdCost::xGetSAD4,[83]
,,6.304191,0.0,  TComRdCost::setDistParam,[104]
,,0.264331,0.0,  TComRdCost::xGetSAD24,[190]
,,0.139993,0.0,  TComRdCost::xGetSAD12,[219]
,,,,,
,,4.543040,106.602885,  TEncSearch::xEstimateMvPredAMVP,[33]
[39],4.76,4.543040,106.602885,TEncSearch::xGetTemplateCost,[39]
,,4.215633,92.149980,  TComPrediction::xPredInterBlk,[24]
,,2.598405,0.0,  TComRdCost::xGetSAD16,[49]
,,2.582657,0.0,  TComRdCost::xGetSAD8,[52]
,,2.333713,0.0,  TComRdCost::xGetSAD32,[55]
,,1.540132,0.0,  TComRdCost::xGetSAD64,[61]
,,1.104504,0.0,  TComRdCost::xGetSAD4,[83]
,,0.077861,0.0,  TComRdCost::xGetSAD,[274]
,,,,,
,,2.241995,104.934844,  TComPrediction::xPredInterBlk,[24]
[40],4.59,2.241995,104.934844,TComInterpolationFilter::filterVer,[40]
,,39.823221,0.0,"  TComInterpolationFilter::filter<8,1,0,1>",[20]
,,21.297908,0.0,"  TComInterpolationFilter::filter<8,1,0,0>",[64]
,,14.842584,0.0,"  TComInterpolationFilter::filter<8,1,1,1>",[70]
,,10.753050,0.0,"  TComInterpolationFilter::filter<8,1,1,0>",[79]
,,9.209910,0.0,"  TComInterpolationFilter::filter<4,1,0,0>",[85]
,,6.270248,0.0,"  TComInterpolationFilter::filter<4,1,0,1>",[105]
,,1.758045,0.0,"  TComInterpolationFilter::filter<4,1,1,0>",[150]
,,0.979877,0.0,"  TComInterpolationFilter::filter<4,1,1,1>",[179]
,,,,,
,,8.245239,98.718826,  TEncSearch::xMotionEstimation,[14]
[41],4.58,8.245239,98.718826,TEncSearch::xPatternSearch,[41]
,,27.789756,0.0,  TComRdCost::xGetSAD16,[49]
,,23.663960,0.0,  TComRdCost::xGetSAD8,[52]
,,20.458049,0.0,  TComRdCost::xGetSAD32,[55]
,,13.549117,0.0,  TComRdCost::getBitsOfVectorWithPredictor,[57]
,,12.496381,0.0,  TComRdCost::xGetSAD64,[61]
,,0.450678,0.0,  TComRdCost::xGetSAD24,[190]
,,0.217647,0.0,  TComRdCost::xGetSAD12,[219]
,,0.093237,0.0,  TComRdCost::xGetSAD4,[83]
,,,,,
,,2.676485,86.524931,  TEncSearch::xTZSearch,[37]
[42],3.82,2.676485,86.524931,TEncSearch::xTZ8PointDiamondSearch,[42]
,,10.610061,75.914870,  TEncSearch::xTZSearchHelp,[38]
,,,,,
,,0.015557,0.0,  TEncSearch::estIntraPredLumaQT,[46]
,,0.031047,0.0,  TEncSearch::xRecurIntraChromaCodingQT <cycle 10>,[87]
,,0.031098,0.0,  TComDataCU::create,[257]
,,0.062332,0.0,  TEncCu::xCheckRDCostInter,[12]
,,0.124095,0.0,  TEncSearch::xRecurIntraCodingLumaQT <cycle 12>,[50]
,,0.155691,0.0,  TComDataCU::setSubPart<bool>,[188]
,,0.171081,0.0,  TComDataCU::setSubPart<unsigned char>,[181]
,,0.186920,0.0,  TEncCu::xCheckRDCostMerge2Nx2N,[25]
,,0.311110,0.0,  TEncSearch::encodeResAndCalcRdInterCU,[15]
,,0.357283,0.0,  TEncSearch::xIntraCodingTUBlock,[54]
,,0.357606,0.0,  TComDataCU::initCtu,[211]
,,0.434943,0.0,  TEncSbac::codeCoeffNxN,[67]
,,0.840128,0.0,  TComTrQuant::rdpcmNxN,[96]
,,1.026791,0.0,  TComDataCU::setSubPart<signed char>,[133]
,,1.073176,0.0,  TComDataCU::initSubCU,[142]
,,4.264721,0.0,  TComDataCU::initEstData,[74]
,,10.781420,0.0,  TEncSearch::xEstimateInterResidualQT <cycle 7>,[16]
,,30.986757,0.0,  TComTrQuant::xRateDistOptQuant,[27]
,,31.737294,0.0,  TComYuv::clear,[59]
[43],3.55,82.949050,0.0,memset,[43]
,,,,,
,,10.610941,0.0,  TComInterpolationFilter::filterHor,[35]
,,19.560118,0.0,  TEncSearch::xExtDIFUpSamplingQ,[22]
,,51.449328,0.0,  TEncSearch::xExtDIFUpSamplingH,[32]
[44],3.49,81.620387,0.0,TComInterpolationFilter::filterCopy,[44]
,,,,,
,,0.062108,76.744298,  TEncCu::xCompressCU <cycle 13>,[11]
[45],3.29,0.062108,76.744298,TEncCu::xCheckRDCostIntra,[45]
,,0.667627,64.809783,  TEncSearch::estIntraPredLumaQT,[46]
,,0.108539,10.506235,  TEncSearch::estIntraPredChromaQT,[81]
,,0.077671,0.434708,  TEncEntropy::xEncodeTransform <cycle 1>,[131]
,,0.077630,0.0,  memcpy,[48]
,,0.0,0.062107,  TEncEntropy::encodePredInfo,[165]
,,,,,
,,0.667627,64.809783,  TEncCu::xCheckRDCostIntra,[45]
[46],2.8,0.667627,64.809783,TEncSearch::estIntraPredLumaQT,[46]
,,0.839069,49.351538,  TEncSearch::xRecurIntraCodingLumaQT <cycle 12>,[50]
,,0.372475,0.0,  TEncSearch::xUpdateCandList,[218]
,,0.346406,1.008404,  TEncSearch::xModeBitsIntra,[160]
,,0.326297,0.0,  memcpy,[48]
,,0.294910,4.534561,  TComPrediction::predIntraAng,[102]
,,0.279436,6.788905,  TComRdCost::xGetHADs,[19]
,,0.108676,0.062035,  TEncBinCABACCounter::getNumWrittenBits,[143]
,,0.046609,0.0,  TEncSbac::getNumberOfWrittenBits,[187]
,,0.046608,0.170835,  TComPrediction::initIntraPatternChType,[126]
,,0.046567,0.0,  TComTU::TComTU,[114]
,,0.031127,0.108642,  TEncSearch::xSetIntraResultLumaQT <cycle 11>,[251]
,,0.015564,0.015562,  TEncBinCABAC::copyState,[116]
,,0.015557,0.0,  memset,[43]
,,,,,
,,8.291224,51.633476,  TComTrQuant::transformNxN,[23]
[47],2.57,8.291224,51.633476,TComTrQuant::xT,[47]
,,2.097676,0.0,  memcpy,[48]
,,1.977668,47.029105,  xTrMxN,[53]
,,0.373443,0.0,  _chkstk,[119]
,,0.155583,0.0,  _security_check_cookie,[115]
,,,,,
,,0.015565,0.0,  TEncCu::xCheckRDCostInter,[12]
,,0.046558,0.0,  TEncSearch::xModeBitsIntra,[160]
,,0.046594,0.0,  TEncSearch::xLoadIntraResultQT,[212]
,,0.077596,0.0,  TEncSearch::xSetIntraResultLumaQT <cycle 11>,[251]
,,0.077630,0.0,  TEncCu::xCheckRDCostIntra,[45]
,,0.093269,0.0,  TComPrediction::xPredIntraAng,[108]
,,0.108510,0.0,  TEncSearch::xSetIntraResultChromaQT <cycle 8>,[234]
,,0.108698,0.0,  TEncSearch::estIntraPredChromaQT,[81]
,,0.124078,0.0,  TEncSearch::xStoreIntraResultQT,[217]
,,0.124659,0.0,  copyPlane,[254]
,,0.140008,0.0,  TComTrQuant::xIT,[86]
,,0.186777,0.0,  TEncCu::xCheckBestMode,[203]
,,0.202043,0.0,  TComYuv::copyPartToPartComponentMxN,[216]
,,0.279395,0.0,  TEncSearch::xRecurIntraChromaCodingQT <cycle 10>,[87]
,,0.326297,0.0,  TEncSearch::estIntraPredLumaQT,[46]
,,0.450841,0.0,  TEncSearch::xSetInterResidualQTData <cycle 5>,[159]
,,0.528264,0.0,  TComYuv::copyFromPicComponent,[184]
,,0.637809,0.0,  TEncCu::xCompressCU <cycle 13>,[11]
,,0.638809,0.0,  TComPicYuv::copyToPic,[192]
,,0.777863,0.0,  TEncSearch::predInterSearch,[13]
,,0.822527,0.0,  TEncSearch::xRecurIntraCodingLumaQT <cycle 12>,[50]
,,0.824231,0.0,  TComYuv::copyToPicComponent,[162]
,,1.088785,0.0,  TComDataCU::copyPartFrom,[152]
,,1.182665,0.0,  TComYuv::copyToPartComponent,[134]
,,1.586845,0.0,  TComDataCU::copyToPic,[148]
,,2.097676,0.0,  TComTrQuant::xT,[47]
,,2.799808,0.0,  TEncSearch::encodeResAndCalcRdInterCU,[15]
,,3.873986,0.0,  TComYuv::copyPartToPartComponent,[80]
,,36.803804,0.0,  TEncSearch::xEstimateInterResidualQT <cycle 7>,[16]
[48],2.4,56.071591,0.0,memcpy,[48]
,,,,,
,,2.598405,0.0,  TEncSearch::xGetTemplateCost,[39]
,,22.144009,0.0,  TEncSearch::xTZSearchHelp,[38]
,,27.789756,0.0,  TEncSearch::xPatternSearch,[41]
[49],2.25,52.532170,0.0,TComRdCost::xGetSAD16,[49]
,,,,,
,,,,  TEncSearch::xRecurIntraCodingLumaQT <cycle 12>,[50]
,,0.839069,49.351538,  TEncSearch::estIntraPredLumaQT,[46]
[50],2.15,0.839069,49.351538,TEncSearch::xRecurIntraCodingLumaQT <cycle 12>,[50]
,,3.384756,36.489657,  TEncSearch::xIntraCodingTUBlock,[54]
,,0.822527,0.0,  memcpy,[48]
,,0.217493,0.0,  TEncBinCABAC::copyState,[116]
,,0.201985,5.859710,  TEncSearch::xEncCoeffQT <cycle 9>,[99]
,,0.170717,0.232943,  TEncSearch::xLoadIntraResultQT,[212]
,,0.139694,0.481126,  TEncSearch::xEncSubdivCbfQT <cycle 14>,[176]
,,0.124095,0.0,  memset,[43]
,,0.093237,0.046762,  TEncSbac::resetBits,[139]
,,0.062208,0.403680,  TEncSearch::xEncIntraHeader,[200]
,,0.062065,0.0,  TComDataCU::getQuadtreeTULog2MinSizeInCU,[149]
,,0.046600,0.0,  _chkstk,[119]
,,0.046596,0.0,  TEncSbac::getNumberOfWrittenBits,[187]
,,0.031130,0.0,  TComTURecurse::nextSection,[109]
,,0.031073,0.310429,  TEncSearch::xStoreIntraResultQT,[217]
,,0.015547,0.0,  TComTU::TComTU,[114]
,,0.015517,0.0,  TComBitCounter::resetBits,[196]
,,0.0,0.061992,  TEncBinCABACCounter::getNumWrittenBits,[143]
,,,,  TEncSearch::xRecurIntraCodingLumaQT <cycle 12>,[50]
,,,,,
,,0.839069,49.351538,  TEncSearch::estIntraPredLumaQT,[46]
[51],2.15,0.839069,49.351538,<cycle 12 as a whole>,[51]
,,0.839069,49.351538,  TEncSearch::xRecurIntraCodingLumaQT <cycle 12>,[50]
,,,,,
,,2.582657,0.0,  TEncSearch::xGetTemplateCost,[39]
,,23.290690,0.0,  TEncSearch::xTZSearchHelp,[38]
,,23.663960,0.0,  TEncSearch::xPatternSearch,[41]
[52],2.12,49.537308,0.0,TComRdCost::xGetSAD8,[52]
,,,,,
,,1.977668,47.029105,  TComTrQuant::xT,[47]
[53],2.1,1.977668,47.029105,xTrMxN,[53]
,,14.993877,0.0,  partialButterfly16,[69]
,,13.005288,0.046703,  partialButterfly32,[73]
,,9.845923,0.0,  partialButterfly8,[84]
,,8.011302,0.0,  partialButterfly4,[93]
,,0.558858,0.0,  fastForwardDst,[197]
,,0.295654,0.0,  _chkstk,[119]
,,0.271499,0.0,  _security_check_cookie,[115]
,,,,,
,,1.017212,6.910688,  TEncSearch::xRecurIntraChromaCodingQT <cycle 10>,[87]
,,3.384756,36.489657,  TEncSearch::xRecurIntraCodingLumaQT <cycle 12>,[50]
[54],2.05,4.401968,43.400345,TEncSearch::xIntraCodingTUBlock,[54]
,,1.040636,2.136006,  TComPrediction::initIntraPatternChType,[126]
,,0.775988,0.0,  TComYuv::getAddr,[90]
,,0.450462,27.967387,  TComTrQuant::transformNxN,[23]
,,0.387992,0.0,  QpParam::QpParam,[110]
,,0.357283,0.0,  memset,[43]
,,0.279595,0.838696,  TComRdCost::getDistPart,[63]
,,0.186114,1.491273,  TComPrediction::predIntraAng,[102]
,,0.139640,5.373049,  TComTrQuant::invTransformNxN,[72]
,,0.077667,1.821004,  TEncSbac::estBit,[60]
,,0.077553,0.0,  TComPrediction::filteringIntraReferenceSamples,[280]
,,,,,
,,2.333713,0.0,  TEncSearch::xGetTemplateCost,[39]
,,20.458049,0.0,  TEncSearch::xPatternSearch,[41]
,,20.583090,0.0,  TEncSearch::xTZSearchHelp,[38]
[55],1.86,43.374852,0.0,TComRdCost::xGetSAD32,[55]
,,,,,
,,41.857502,0.839873,  TComRdCost::xGetHADs,[19]
[56],1.83,41.857502,0.839873,TComRdCost::xCalcHADs4x4,[56]
,,0.839873,0.0,  _security_check_cookie,[115]
,,,,,
,,0.093344,0.0,  TEncSearch::predInterSearch,[13]
,,0.466645,0.0,  TEncSearch::xTZSearch,[37]
,,0.653398,0.0,  TEncSearch::xMotionEstimation,[14]
,,1.446707,0.0,  TEncSearch::xCheckBestMVP,[124]
,,9.210475,0.0,  TEncSearch::xTZSearchHelp,[38]
,,13.549117,0.0,  TEncSearch::xPatternSearch,[41]
,,14.251521,0.0,  TEncSearch::xPatternRefinement,[18]
[57],1.7,39.671206,0.0,TComRdCost::getBitsOfVectorWithPredictor,[57]
,,,,,
,,32.161446,2.753414,  TComPrediction::xPredInterBi,[28]
[58],1.49,32.161446,2.753414,TComYuv::addAvg,[58]
,,1.850875,0.0,  TComYuv::getAddr,[117]
,,0.902539,0.0,  TComYuv::getAddr,[90]
,,,,,
,,0.420279,0.575657,  TEncSearch::encodeResAndCalcRdInterCU,[15]
,,1.166339,9.939672,  TEncSearch::predInterSearch,[13]
,,1.446761,21.221965,  TEncSearch::xEstimateMvPredAMVP,[33]
[59],1.49,3.033379,31.737294,TComYuv::clear,[59]
,,31.737294,0.0,  memset,[43]
,,,,,
,,0.077667,1.821004,  TEncSearch::xIntraCodingTUBlock,[54]
,,1.228781,30.391442,  TEncSearch::xEstimateInterResidualQT <cycle 7>,[16]
[60],1.44,1.306448,32.212446,TEncSbac::estBit,[60]
,,10.372890,0.0,  TEncSbac::estSignificantMapBit,[82]
,,8.507826,0.0,  TEncSbac::estLastSignificantPositionBit,[91]
,,7.066687,0.0,  TEncSbac::estSignificantCoefficientsBit,[95]
,,4.182421,0.0,  TEncSbac::estCBFBit,[121]
,,2.082622,0.0,  TEncSbac::estSignificantCoeffGroupMapBit,[146]
,,,,,
,,1.540132,0.0,  TEncSearch::xGetTemplateCost,[39]
,,12.496381,0.0,  TEncSearch::xPatternSearch,[41]
,,16.166489,0.0,  TEncSearch::xTZSearchHelp,[38]
[61],1.29,30.203003,0.0,TComRdCost::xGetSAD64,[61]
,,,,,
,,28.918353,0.0,  TComInterpolationFilter::filterHor,[35]
[62],1.24,28.918353,0.0,"TComInterpolationFilter::filter<4,0,1,0>",[62]
,,,,,
,,0.279595,0.838696,  TEncSearch::xIntraCodingTUBlock,[54]
,,0.871174,5.896272,  TEncSearch::encodeResAndCalcRdInterCU,[15]
,,4.634024,13.020936,  TEncSearch::xEstimateInterResidualQT <cycle 7>,[16]
[63],1.09,5.784793,19.755905,TComRdCost::getDistPart,[63]
,,6.690165,0.0,  TComRdCost::xGetSSE4,[97]
,,5.148811,0.0,  TComRdCost::xGetSSE8,[111]
,,4.370624,0.0,  TComRdCost::xGetSSE16,[118]
,,2.721852,0.0,  TComRdCost::xGetSSE32,[137]
,,0.824452,0.0,  TComRdCost::xGetSSE64,[183]
,,,,,
,,21.297908,0.0,  TComInterpolationFilter::filterVer,[40]
[64],0.91,21.297908,0.0,"TComInterpolationFilter::filter<8,1,0,0>",[64]
,,,,,
,,20.821215,0.0,  TComInterpolationFilter::filterHor,[35]
[65],0.89,20.821215,0.0,"TComInterpolationFilter::filter<8,0,1,1>",[65]
,,,,,
,,2.924469,17.844638,  TEncSearch::xEstimateMvPredAMVP,[33]
[66],0.89,2.924469,17.844638,TComDataCU::fillMvpCand,[66]
,,5.647162,3.204779,  TComDataCU::xAddMVPCandUnscaled,[89]
,,3.033510,0.715755,  TComDataCU::xGetColMVP,[107]
,,1.057744,0.015553,  TComDataCU::getPUBelowLeft,[145]
,,0.980086,0.591489,  TComDataCU::xAddMVPCandWithScaling,[153]
,,0.887067,0.0,  TComDataCU::deriveLeftRightTopIdx,[180]
,,0.637730,0.0,  TComDataCU::deriveLeftBottomIdx,[193]
,,0.575756,0.0,  TComDataCU::deriveRightBottomIdx,[185]
,,0.140163,0.0,  TComDataCU::getPartIndexAndSize,[135]
,,0.124415,0.0,  TComDataCU::getPULeft,[202]
,,0.093385,0.0,  std::_Deque_const_iterator<class std::_Deque_val<struct std::_Deque_simple_types<class TComSlice *> > >::operator+,[147]
,,0.062227,0.031104,  TComDataCU::getPUAboveLeft,[220]
,,0.046715,0.0,"  std::deque<class TComSlice *,class std::allocator<class TComSlice *> >::begin",[174]
,,,,,
,,1.165388,0.979299,  TEncEntropy::xEncodeTransform <cycle 1>,[131]
,,9.483711,8.251048,  TEncEntropy::encodeCoeffNxN,[68]
[67],0.85,10.649099,9.230347,TEncSbac::codeCoeffNxN,[67]
,,3.154828,0.0,  TComTrQuant::getSigCtxInc,[76]
,,2.471189,0.0,  TEncBinCABACCounter::encodeBin,[101]
,,0.792035,0.466411,  TEncSbac::codeLastSignificantXY,[164]
,,0.605775,0.108885,  TEncSbac::xWriteCoefRemainExGolomb,[191]
,,0.434943,0.0,  memset,[43]
,,0.388512,0.139861,  getTUEntropyCodingParameters,[103]
,,0.217520,0.108549,  TEncSbac::codeTransformSkipFlags,[223]
,,0.186492,0.0,  TEncBinCABACCounter::encodeBinsEP,[222]
,,0.093276,0.0,  TComTU::getGolombRiceStatisticsIndex,[172]
,,0.031091,0.0,  TEncBinCABAC::encodeBin,[298]
,,0.030979,0.0,  _security_check_cookie,[115]
,,,,,
,,0.031062,2.875516,  TEncSearch::xEncodeInterResidualQT <cycle 6>,[77]
,,0.108699,5.968575,  TEncSearch::xEncCoeffQT <cycle 9>,[99]
,,0.979767,9.061864,  TEncSearch::xEstimateInterResidualQT <cycle 7>,[16]
[68],0.81,1.119528,17.905955,TEncEntropy::encodeCoeffNxN,[68]
,,9.483711,8.251048,  TEncSbac::codeCoeffNxN,[67]
,,0.171196,0.0,  _security_check_cookie,[115]
,,,,,
,,14.993877,0.0,  xTrMxN,[53]
[69],0.64,14.993877,0.0,partialButterfly16,[69]
,,,,,
,,14.842584,0.0,  TComInterpolationFilter::filterVer,[40]
[70],0.64,14.842584,0.0,"TComInterpolationFilter::filter<8,1,1,1>",[70]
,,,,,
,,12.856766,1.274954,  TComTrQuant::xRateDistOptQuant,[27]
[71],0.61,12.856766,1.274954,TComTrQuant::xGetCodedLevel,[71]
,,1.274954,0.0,  TComTrQuant::xGetICRate,[127]
,,,,,
,,0.139640,5.373049,  TEncSearch::xIntraCodingTUBlock,[54]
,,0.217758,8.227208,  TEncSearch::xEstimateInterResidualQT <cycle 7>,[16]
[72],0.6,0.357398,13.600257,TComTrQuant::invTransformNxN,[72]
,,4.120229,0.0,  TComTrQuant::xDeQuant,[122]
,,1.025334,8.048623,  TComTrQuant::xIT,[86]
,,0.233059,0.0,  TComTrQuant::invRdpcmNxN,[238]
,,0.173012,0.0,  TComTrQuant::xITransformSkip,[245]
,,,,,
,,13.005288,0.046703,  xTrMxN,[53]
[73],0.56,13.005288,0.046703,partialButterfly32,[73]
,,0.046703,0.0,  _security_check_cookie,[115]
,,,,,
,,3.874573,1.727377,  TEncCu::xCheckRDCostMerge2Nx2N,[25]
,,4.728621,2.537344,  TEncCu::xCompressCU <cycle 13>,[11]
[74],0.55,8.603194,4.264721,TComDataCU::initEstData,[74]
,,4.264721,0.0,  memset,[43]
,,,,,
,,0.451198,2.785163,  TEncSearch::xMotionEstimation,[14]
,,1.726604,7.576356,  TComPrediction::xPredInterBi,[28]
[75],0.54,2.177802,10.361519,TComYuv::copyPartToPartYuv,[75]
,,2.302977,8.058543,  TComYuv::copyPartToPartComponent,[80]
,,,,,
,,3.154828,0.0,  TEncSbac::codeCoeffNxN,[67]
,,9.069060,0.0,  TComTrQuant::xRateDistOptQuant,[27]
[76],0.52,12.223888,0.0,TComTrQuant::getSigCtxInc,[76]
,,,,,
,,,,  TEncSearch::xEncodeInterResidualQT <cycle 6>,[77]
,,3.687156,7.603477,  TEncSearch::xEstimateInterResidualQT <cycle 7>,[16]
[77],0.48,3.687156,7.603477,TEncSearch::xEncodeInterResidualQT <cycle 6>,[77]
,,1.710342,0.0,  TComTURecurse::nextSection,[109]
,,0.855695,0.404551,  TEncSbac::codeQtCbf,[120]
,,0.839825,0.0,  TComTU::TComTU,[114]
,,0.419799,0.0,  TComDataCU::getQuadtreeTULog2MinSizeInCU,[149]
,,0.233514,0.0,  TEncBinCABACCounter::encodeBin,[101]
,,0.124320,0.0,  _security_check_cookie,[115]
,,0.108853,0.0,  TEncSbac::codeTransformSubdivFlag,[247]
,,0.031062,2.875516,  TEncEntropy::encodeCoeffNxN,[68]
,,,,  TEncSearch::xEncodeInterResidualQT <cycle 6>,[77]
,,,,,
,,3.687156,7.603477,  TEncSearch::xEstimateInterResidualQT <cycle 7>,[16]
[78],0.48,3.687156,7.603477,<cycle 6 as a whole>,[78]
,,3.687156,7.603477,  TEncSearch::xEncodeInterResidualQT <cycle 6>,[77]
,,,,,
,,10.753050,0.0,  TComInterpolationFilter::filterVer,[40]
[79],0.46,10.753050,0.0,"TComInterpolationFilter::filter<8,1,1,0>",[79]
,,,,,
,,0.031075,0.124281,  TEncSearch::xLoadIntraResultQT,[212]
,,0.046575,0.170864,  TEncSearch::xStoreIntraResultQT,[217]
,,2.302977,8.058543,  TComYuv::copyPartToPartYuv,[75]
[80],0.46,2.380626,8.353687,TComYuv::copyPartToPartComponent,[80]
,,3.873986,0.0,  memcpy,[48]
,,2.348722,0.0,  TComYuv::getAddr,[90]
,,2.130979,0.0,  TComYuv::getAddr,[117]
,,,,,
,,0.108539,10.506235,  TEncCu::xCheckRDCostIntra,[45]
[81],0.45,0.108539,10.506235,TEncSearch::estIntraPredChromaQT,[81]
,,0.403851,8.580148,  TEncSearch::xRecurIntraChromaCodingQT <cycle 10>,[87]
,,0.108801,0.264055,  TEncSearch::xEncSubdivCbfQT <cycle 14>,[176]
,,0.108698,0.0,  memcpy,[48]
,,0.093361,0.186183,  TEncSearch::xSetIntraResultChromaQT <cycle 8>,[234]
,,0.093004,0.528413,  TEncSearch::xEncCoeffQT <cycle 9>,[99]
,,0.031124,0.0,  TEncBinCABAC::copyState,[116]
,,0.031117,0.015550,  TEncSearch::xEncIntraHeader,[200]
,,0.030949,0.0,  TComTU::TComTU,[206]
,,0.015448,0.0,  TEncSbac::getNumberOfWrittenBits,[187]
,,0.0,0.015533,  TEncSbac::resetBits,[139]
,,,,,
,,10.372890,0.0,  TEncSbac::estBit,[60]
[82],0.44,10.372890,0.0,TEncSbac::estSignificantMapBit,[82]
,,,,,
,,0.093237,0.0,  TEncSearch::xPatternSearch,[41]
,,1.104504,0.0,  TEncSearch::xGetTemplateCost,[39]
,,8.759711,0.0,  TEncSearch::xTZSearchHelp,[38]
[83],0.43,9.957452,0.0,TComRdCost::xGetSAD4,[83]
,,,,,
,,9.845923,0.0,  xTrMxN,[53]
[84],0.42,9.845923,0.0,partialButterfly8,[84]
,,,,,
,,9.209910,0.0,  TComInterpolationFilter::filterVer,[40]
[85],0.39,9.209910,0.0,"TComInterpolationFilter::filter<4,1,0,0>",[85]
,,,,,
,,1.025334,8.048623,  TComTrQuant::invTransformNxN,[72]
[86],0.39,1.025334,8.048623,TComTrQuant::xIT,[86]
,,0.233040,7.660011,  xITrMxN,[94]
,,0.140008,0.0,  memcpy,[48]
,,0.015563,0.0,  _security_check_cookie,[115]
,,,,,
,,,,  TEncSearch::xRecurIntraChromaCodingQT <cycle 10>,[87]
,,0.403851,8.580148,  TEncSearch::estIntraPredChromaQT,[81]
[87],0.38,0.403851,8.580148,TEncSearch::xRecurIntraChromaCodingQT <cycle 10>,[87]
,,1.017212,6.910688,  TEncSearch::xIntraCodingTUBlock,[54]
,,0.279395,0.0,  memcpy,[48]
,,0.186358,0.0,  TComTURecurse::nextSection,[109]
,,0.093234,0.0,  TComTU::TComTU,[114]
,,0.031047,0.0,  memset,[43]
,,0.015544,0.0,  _security_check_cookie,[115]
,,0.0,0.015583,  TEncSearch::xLoadIntraResultQT,[212]
,,,,  TEncSearch::xRecurIntraChromaCodingQT <cycle 10>,[87]
,,0.0,0.031087,  TEncSearch::xStoreIntraResultQT,[217]
,,,,,
,,0.403851,8.580148,  TEncSearch::estIntraPredChromaQT,[81]
[88],0.38,0.403851,8.580148,<cycle 10 as a whole>,[88]
,,0.403851,8.580148,  TEncSearch::xRecurIntraChromaCodingQT <cycle 10>,[87]
,,,,,
,,5.647162,3.204779,  TComDataCU::fillMvpCand,[66]
[89],0.38,5.647162,3.204779,TComDataCU::xAddMVPCandUnscaled,[89]
,,1.042375,0.0,  std::_Deque_const_iterator<class std::_Deque_val<struct std::_Deque_simple_types<class TComSlice *> > >::operator+,[147]
,,0.793128,0.0,"  std::deque<class TComSlice *,class std::allocator<class TComSlice *> >::begin",[174]
,,0.560005,0.109016,  TComDataCU::getPUAboveRight,[169]
,,0.420023,0.0,  TComDataCU::getPUBelowLeft,[145]
,,0.280233,0.0,  TComDataCU::getPULeft,[202]
,,,,,
,,0.015508,0.0,  TEncSearch::xSetIntraResultLumaQT <cycle 11>,[251]
,,0.015532,0.0,  TEncSearch::xSetIntraResultChromaQT <cycle 8>,[234]
,,0.046577,0.0,  TEncSearch::xLoadIntraResultQT,[212]
,,0.326507,0.0,  TComYuv::removeHighFreq,[113]
,,0.622677,0.0,  TComYuv::copyToPartComponent,[134]
,,0.775988,0.0,  TEncSearch::xIntraCodingTUBlock,[54]
,,0.902539,0.0,  TComYuv::addAvg,[58]
,,2.348722,0.0,  TComYuv::copyPartToPartComponent,[80]
,,3.469605,0.0,  TComPrediction::xPredInterBlk,[24]
[90],0.36,8.523654,0.0,TComYuv::getAddr,[90]
,,,,,
,,8.507826,0.0,  TEncSbac::estBit,[60]
[91],0.36,8.507826,0.0,TEncSbac::estLastSignificantPositionBit,[91]
,,,,,
,,8.430530,0.0,  TEncSearch::encodeResAndCalcRdInterCU,[15]
[92],0.36,8.430530,0.0,TComYuv::addClip,[92]
,,,,,
,,8.011302,0.0,  xTrMxN,[53]
[93],0.34,8.011302,0.0,partialButterfly4,[93]
,,,,,
,,0.233040,7.660011,  TComTrQuant::xIT,[86]
[94],0.34,0.233040,7.660011,xITrMxN,[94]
,,3.294975,0.0,  partialButterflyInverse32,[128]
,,2.143906,0.031090,  partialButterflyInverse16,[144]
,,1.537713,0.015539,  partialButterflyInverse8,[154]
,,0.326037,0.0,  fastInverseDst,[224]
,,0.279731,0.0,  partialButterflyInverse4,[232]
,,0.031019,0.0,  _chkstk,[119]
,,,,,
,,7.066687,0.0,  TEncSbac::estBit,[60]
[95],0.3,7.066687,0.0,TEncSbac::estSignificantCoefficientsBit,[95]
,,,,,
,,4.605788,2.411860,  TComTrQuant::transformNxN,[23]
[96],0.3,4.605788,2.411860,TComTrQuant::rdpcmNxN,[96]
,,1.245026,0.0,  _chkstk,[119]
,,0.840128,0.0,  memset,[43]
,,0.326706,0.0,  _security_check_cookie,[115]
,,,,,
,,6.690165,0.0,  TComRdCost::getDistPart,[63]
[97],0.29,6.690165,0.0,TComRdCost::xGetSSE4,[97]
,,,,,
,,0.093004,0.528413,  TEncSearch::estIntraPredChromaQT,[81]
,,0.201985,5.859710,  TEncSearch::xRecurIntraCodingLumaQT <cycle 12>,[50]
[98],0.29,0.294989,6.388122,<cycle 9 as a whole>,[98]
,,0.294989,6.388122,  TEncSearch::xEncCoeffQT <cycle 9>,[99]
,,,,,
,,,,  TEncSearch::xEncCoeffQT <cycle 9>,[99]
,,0.093004,0.528413,  TEncSearch::estIntraPredChromaQT,[81]
,,0.201985,5.859710,  TEncSearch::xRecurIntraCodingLumaQT <cycle 12>,[50]
[99],0.29,0.294989,6.388122,TEncSearch::xEncCoeffQT <cycle 9>,[99]
,,0.202060,0.0,  TComTURecurse::nextSection,[109]
,,0.108788,0.0,  TComTU::TComTU,[114]
,,0.108699,5.968575,  TEncEntropy::encodeCoeffNxN,[68]
,,,,  TEncSearch::xEncCoeffQT <cycle 9>,[99]
,,,,,
,,0.373322,0.886859,  TEncCu::xCheckRDCostMerge2Nx2N,[25]
,,1.976020,3.313813,  TEncSearch::xMergeEstimation,[36]
[100],0.28,2.349342,4.200672,TComDataCU::getInterMergeCandidates,[100]
,,1.602001,0.373451,  TComDataCU::xGetColMVP,[107]
,,0.513380,0.0,  TComDataCU::hasEqualMotion,[199]
,,0.373205,0.0,  TComDataCU::getPUBelowLeft,[145]
,,0.326783,0.0,  TComDataCU::deriveLeftRightTopIdxGeneral,[221]
,,0.217893,0.0,  TComDataCU::deriveRightBottomIdx,[185]
,,0.202433,0.0,  TComDataCU::getPartPosition,[243]
,,0.186768,0.0,  TComDataCU::deriveLeftBottomIdxGeneral,[244]
,,0.171187,0.0,  TComDataCU::getPUAboveRight,[169]
,,0.155701,0.0,  TComDataCU::getPUAboveLeft,[220]
,,0.046748,0.0,  TComDataCU::getPartIndexAndSize,[135]
,,0.031122,0.0,  _security_check_cookie,[115]
,,,,,
,,0.015512,0.0,  TEncSbac::xWriteUnaryMaxSymbol,[289]
,,0.015538,0.0,  TEncSbac::codeSplitFlag,[250]
,,0.015592,0.0,  TEncSbac::codeRefFrmIdx,[272]
,,0.015605,0.0,  TEncSbac::codeMvd,[255]
,,0.031170,0.0,  TEncSbac::codeMergeIndex,[242]
,,0.046642,0.0,  TEncEntropy::encodePUWise,[170]
,,0.077650,0.0,  TEncSearch::xAddSymbolBitsInter,[112]
,,0.093372,0.0,  TEncSearch::encodeResAndCalcRdInterCU,[15]
,,0.108549,0.0,  TEncSbac::codeTransformSkipFlags,[223]
,,0.108664,0.0,  TEncSbac::codeIntraDirLumaAng,[168]
,,0.108791,0.0,  TEncSbac::codePartSize,[227]
,,0.124555,0.0,  TEncSbac::codeInterDir,[246]
,,0.233514,0.0,  TEncSearch::xEncodeInterResidualQT <cycle 6>,[77]
,,0.450877,0.0,  TEncSbac::codeLastSignificantXY,[164]
,,1.213223,0.0,  TEncSbac::codeQtCbf,[120]
,,1.399908,0.0,  TEncSearch::xEstimateInterResidualQT <cycle 7>,[16]
,,2.471189,0.0,  TEncSbac::codeCoeffNxN,[67]
[101],0.28,6.530351,0.0,TEncBinCABACCounter::encodeBin,[101]
,,,,,
,,0.186114,1.491273,  TEncSearch::xIntraCodingTUBlock,[54]
,,0.294910,4.534561,  TEncSearch::estIntraPredLumaQT,[46]
[102],0.28,0.481024,6.025834,TComPrediction::predIntraAng,[102]
,,5.233012,0.201956,  TComPrediction::xPredIntraAng,[108]
,,0.575257,0.0,  TComPrediction::xPredIntraPlanar,[195]
,,0.015608,0.0,  TComPrediction::xDCPredFiltering,[302]
,,,,,
,,0.388512,0.139861,  TEncSbac::codeCoeffNxN,[67]
,,4.666852,1.290517,  TComTrQuant::xRateDistOptQuant,[27]
[103],0.28,5.055364,1.430378,getTUEntropyCodingParameters,[103]
,,1.430378,0.0,  TComDataCU::getCoefScanIdx,[157]
,,,,,
,,6.304191,0.0,  TEncSearch::xTZSearchHelp,[38]
[104],0.27,6.304191,0.0,TComRdCost::setDistParam,[104]
,,,,,
,,6.270248,0.0,  TComInterpolationFilter::filterVer,[40]
[105],0.27,6.270248,0.0,"TComInterpolationFilter::filter<4,1,0,1>",[105]
,,,,,
,,5.956760,0.0,  TComTrQuant::transformNxN,[23]
[106],0.26,5.956760,0.0,TComTrQuant::xTransformSkip,[106]
,,,,,
,,1.602001,0.373451,  TComDataCU::getInterMergeCandidates,[100]
,,3.033510,0.715755,  TComDataCU::fillMvpCand,[66]
[107],0.25,4.635511,1.089205,TComDataCU::xGetColMVP,[107]
,,0.840410,0.0,  TComDataCU::xGetDistScaleFactor,[171]
,,0.248795,0.0,  std::_Deque_const_iterator<class std::_Deque_val<struct std::_Deque_simple_types<class TComSlice *> > >::operator+,[147]
,,,,,
,,5.233012,0.201956,  TComPrediction::predIntraAng,[102]
[108],0.23,5.233012,0.201956,TComPrediction::xPredIntraAng,[108]
,,0.093269,0.0,  memcpy,[48]
,,0.062049,0.0,  _chkstk,[119]
,,0.031103,0.0,  _security_check_cookie,[115]
,,0.015534,0.0,  TComPrediction::predIntraGetPredValDC,[312]
,,,,,
,,0.031130,0.0,  TEncSearch::xRecurIntraCodingLumaQT <cycle 12>,[50]
,,0.046552,0.0,  TEncSearch::xSetIntraResultChromaQT <cycle 8>,[234]
,,0.124407,0.0,  TEncEntropy::xEncodeTransform <cycle 1>,[131]
,,0.170813,0.0,  TEncSearch::xEncSubdivCbfQT <cycle 14>,[176]
,,0.186358,0.0,  TEncSearch::xRecurIntraChromaCodingQT <cycle 10>,[87]
,,0.202050,0.0,  TEncSearch::xSetInterResidualQTData <cycle 5>,[159]
,,0.202060,0.0,  TEncSearch::xEncCoeffQT <cycle 9>,[99]
,,1.710342,0.0,  TEncSearch::xEncodeInterResidualQT <cycle 6>,[77]
,,2.664547,0.0,  TEncSearch::xEstimateInterResidualQT <cycle 7>,[16]
[109],0.23,5.338259,0.0,TComTURecurse::nextSection,[109]
,,,,,
,,0.387992,0.0,  TEncSearch::xIntraCodingTUBlock,[54]
,,4.947763,0.0,  TEncSearch::xEstimateInterResidualQT <cycle 7>,[16]
[110],0.23,5.335755,0.0,QpParam::QpParam,[110]
,,,,,
,,5.148811,0.0,  TComRdCost::getDistPart,[63]
[111],0.22,5.148811,0.0,TComRdCost::xGetSSE8,[111]
,,,,,
,,0.513614,4.541933,  TEncSearch::encodeResAndCalcRdInterCU,[15]
[112],0.22,0.513614,4.541933,TEncSearch::xAddSymbolBitsInter,[112]
,,0.357350,1.836197,  TEncEntropy::xEncodeTransform <cycle 1>,[131]
,,0.171290,0.093313,  TEncSbac::codePartSize,[227]
,,0.140241,0.0,  TEncSbac::codeQtRootCbf,[249]
,,0.093409,0.482165,  TEncSbac::codeSkipFlag,[182]
,,0.077650,0.0,  TEncBinCABACCounter::encodeBin,[101]
,,0.046723,1.056811,  TEncEntropy::encodePredInfo,[165]
,,0.046720,0.0,  TEncSbac::getNumberOfWrittenBits,[187]
,,0.031132,0.0,  TEncSbac::codeMergeIndex,[242]
,,0.031120,0.0,  TEncSbac::codePredMode,[297]
,,0.015578,0.0,  TComTU::TComTU,[206]
,,0.015564,0.0,  TEncSbac::resetBits,[139]
,,0.015564,0.015577,  TEncBinCABACCounter::getNumWrittenBits,[143]
,,0.015529,0.0,  _security_check_cookie,[115]
,,,,,
,,4.262874,0.746536,  TEncSearch::xMotionEstimation,[14]
[113],0.21,4.262874,0.746536,TComYuv::removeHighFreq,[113]
,,0.420029,0.0,  TComYuv::getAddr,[117]
,,0.326507,0.0,  TComYuv::getAddr,[90]
,,,,,
,,0.015534,0.0,  TEncEntropy::xEncodeTransform <cycle 1>,[131]
,,0.015547,0.0,  TEncSearch::xRecurIntraCodingLumaQT <cycle 12>,[50]
,,0.015590,0.0,  TEncSearch::xSetIntraResultChromaQT <cycle 8>,[234]
,,0.046567,0.0,  TEncSearch::estIntraPredLumaQT,[46]
,,0.093234,0.0,  TEncSearch::xRecurIntraChromaCodingQT <cycle 10>,[87]
,,0.108788,0.0,  TEncSearch::xEncCoeffQT <cycle 9>,[99]
,,0.139772,0.0,  TEncSearch::xEncSubdivCbfQT <cycle 14>,[176]
,,0.139791,0.0,  TEncSearch::xSetInterResidualQTData <cycle 5>,[159]
,,0.839825,0.0,  TEncSearch::xEncodeInterResidualQT <cycle 6>,[77]
,,3.581451,0.0,  TEncSearch::xEstimateInterResidualQT <cycle 7>,[16]
[114],0.21,4.996099,0.0,TComTU::TComTU,[114]
,,,,,
,,0.015493,0.0,  TComPrediction::initIntraPatternChType,[126]
,,0.015529,0.0,  TEncSearch::xAddSymbolBitsInter,[112]
,,0.015539,0.0,  partialButterflyInverse8,[154]
,,0.015544,0.0,  TEncSearch::xRecurIntraChromaCodingQT <cycle 10>,[87]
,,0.015563,0.0,  TComTrQuant::xIT,[86]
,,0.030979,0.0,  TEncSbac::codeCoeffNxN,[67]
,,0.031090,0.0,  partialButterflyInverse16,[144]
,,0.031101,0.0,  TEncSearch::predInterSearch,[13]
,,0.031103,0.0,  TComPrediction::xPredIntraAng,[108]
,,0.031122,0.0,  TComDataCU::getInterMergeCandidates,[100]
,,0.031131,0.0,  TEncSearch::xGetBlkBits,[204]
,,0.046675,0.0,  TEncSearch::encodeResAndCalcRdInterCU,[15]
,,0.046703,0.0,  partialButterfly32,[73]
,,0.062340,0.0,  TEncSearch::xEstimateInterResidualQT <cycle 7>,[16]
,,0.124320,0.0,  TEncSearch::xEncodeInterResidualQT <cycle 6>,[77]
,,0.155583,0.0,  TComTrQuant::xT,[47]
,,0.171196,0.0,  TEncEntropy::encodeCoeffNxN,[68]
,,0.271499,0.0,  xTrMxN,[53]
,,0.295404,0.0,  TComTrQuant::xQuant,[26]
,,0.326706,0.0,  TComTrQuant::rdpcmNxN,[96]
,,0.482381,0.0,  TComTrQuant::xRateDistOptQuant,[27]
,,0.839873,0.0,  TComRdCost::xCalcHADs4x4,[56]
,,1.649076,0.0,  TComRdCost::xCalcHADs8x8,[21]
[115],0.2,4.735951,0.0,_security_check_cookie,[115]
,,,,,
,,0.015564,0.015562,  TEncSearch::estIntraPredLumaQT,[46]
,,0.031124,0.0,  TEncSearch::estIntraPredChromaQT,[81]
,,0.062226,0.015555,  TEncCu::xCompressCU <cycle 13>,[11]
,,0.077391,0.062098,  TEncSearch::xModeBitsIntra,[160]
,,0.217493,0.0,  TEncSearch::xRecurIntraCodingLumaQT <cycle 12>,[50]
,,0.557828,0.155585,  TEncSearch::encodeResAndCalcRdInterCU,[15]
,,2.488879,0.824444,  TEncSearch::xEstimateInterResidualQT <cycle 7>,[16]
[116],0.19,3.450504,1.073244,TEncBinCABAC::copyState,[116]
,,1.073244,0.0,  TEncBinCABAC::getTEncBinCABAC,[173]
,,,,,
,,0.015538,0.0,  TEncSearch::xSetIntraResultLumaQT <cycle 11>,[251]
,,0.420029,0.0,  TComYuv::removeHighFreq,[113]
,,1.850875,0.0,  TComYuv::addAvg,[58]
,,2.130979,0.0,  TComYuv::copyPartToPartComponent,[80]
[117],0.19,4.417420,0.0,TComYuv::getAddr,[117]
,,,,,
,,4.370624,0.0,  TComRdCost::getDistPart,[63]
[118],0.19,4.370624,0.0,TComRdCost::xGetSSE16,[118]
,,,,,
,,0.031019,0.0,  xITrMxN,[94]
,,0.046600,0.0,  TEncSearch::xRecurIntraCodingLumaQT <cycle 12>,[50]
,,0.062049,0.0,  TComPrediction::xPredIntraAng,[108]
,,0.295654,0.0,  xTrMxN,[53]
,,0.373443,0.0,  TComTrQuant::xT,[47]
,,0.668687,0.0,  TEncSearch::xEstimateInterResidualQT <cycle 7>,[16]
,,0.715558,0.0,  TComTrQuant::xQuant,[26]
,,0.902303,0.0,  TComTrQuant::xRateDistOptQuant,[27]
,,1.245026,0.0,  TComTrQuant::rdpcmNxN,[96]
[119],0.19,4.340338,0.0,_chkstk,[119]
,,,,,
,,0.126077,0.046729,  TEncEntropy::xEncodeTransform <cycle 1>,[131]
,,0.201621,0.108722,  TEncSearch::xEncSubdivCbfQT <cycle 14>,[176]
,,0.855695,0.404551,  TEncSearch::xEncodeInterResidualQT <cycle 6>,[77]
,,1.928841,0.653221,  TEncSearch::xEstimateInterResidualQT <cycle 7>,[16]
[120],0.19,3.112235,1.213223,TEncSbac::codeQtCbf,[120]
,,1.213223,0.0,  TEncBinCABACCounter::encodeBin,[101]
,,,,,
,,4.182421,0.0,  TEncSbac::estBit,[60]
[121],0.18,4.182421,0.0,TEncSbac::estCBFBit,[121]
,,,,,
,,4.120229,0.0,  TComTrQuant::invTransformNxN,[72]
[122],0.18,4.120229,0.0,TComTrQuant::xDeQuant,[122]
,,,,,
,,0.700427,0.0,  TEncCu::xCheckRDCostMerge2Nx2N,[25]
,,1.011036,0.0,  TEncSearch::xMergeEstimation,[36]
,,2.147165,0.0,  TEncSearch::predInterSearch,[13]
[123],0.17,3.858628,0.0,TComCUMvField::setAll<class TComMv>,[123]
,,,,,
,,2.083923,1.446707,  TEncSearch::predInterSearch,[13]
[124],0.15,2.083923,1.446707,TEncSearch::xCheckBestMVP,[124]
,,1.446707,0.0,  TComRdCost::getBitsOfVectorWithPredictor,[57]
,,,,,
,,3.469331,0.0,  TEncSearch::encodeResAndCalcRdInterCU,[15]
[125],0.15,3.469331,0.0,TComYuv::subtract,[125]
,,,,,
,,0.046608,0.170835,  TEncSearch::estIntraPredLumaQT,[46]
,,1.040636,2.136006,  TEncSearch::xIntraCodingTUBlock,[54]
[126],0.15,1.087244,2.306841,TComPrediction::initIntraPatternChType,[126]
,,1.275615,0.0,  fillReferenceSamples,[163]
,,0.263784,0.0,  isLeftAvailable,[235]
,,0.254845,0.0,  isAboveAvailable,[236]
,,0.248534,0.0,  TComDataCU::getPUAboveRight,[169]
,,0.155363,0.0,  TComDataCU::getPUBelowLeft,[145]
,,0.093207,0.0,  TComDataCU::getPUAboveLeft,[220]
,,0.015493,0.0,  _security_check_cookie,[115]
,,,,,
,,1.274954,0.0,  TComTrQuant::xGetCodedLevel,[71]
,,2.066939,0.0,  TComTrQuant::xRateDistOptQuant,[27]
[127],0.14,3.341893,0.0,TComTrQuant::xGetICRate,[127]
,,,,,
,,3.294975,0.0,  xITrMxN,[94]
[128],0.14,3.294975,0.0,partialButterflyInverse32,[128]
,,,,,
,,0.0,2.973002,  TEncGOP::compressGOP,[7]
[129],0.13,0.0,2.973002,TEncSampleAdaptiveOffset::SAOProcess,[129]
,,0.046851,0.0,  TComPicYuv::extendPicBorder,[273]
,,0.0,0.109225,  TComPicYuv::copyToPic,[192]
,,0.0,0.093256,  TEncSampleAdaptiveOffset::decideBlkParams,[269]
,,0.0,2.723670,  TEncSampleAdaptiveOffset::getStatistics,[136]
,,,,,
,,0.031008,0.202089,  TEncEntropy::encodeCoeff,[237]
,,0.077671,0.434708,  TEncCu::xCheckRDCostIntra,[45]
,,0.357350,1.836197,  TEncSearch::xAddSymbolBitsInter,[112]
[130],0.13,0.466029,2.472993,<cycle 1 as a whole>,[130]
,,0.466029,2.472993,  TEncEntropy::xEncodeTransform <cycle 1>,[131]
,,,,,
,,,,  TEncEntropy::xEncodeTransform <cycle 1>,[131]
,,0.031008,0.202089,  TEncEntropy::encodeCoeff,[237]
,,0.077671,0.434708,  TEncCu::xCheckRDCostIntra,[45]
,,0.357350,1.836197,  TEncSearch::xAddSymbolBitsInter,[112]
[131],0.13,0.466029,2.472993,TEncEntropy::xEncodeTransform <cycle 1>,[131]
,,1.165388,0.979299,  TEncSbac::codeCoeffNxN,[67]
,,0.126077,0.046729,  TEncSbac::codeQtCbf,[120]
,,0.124407,0.0,  TComTURecurse::nextSection,[109]
,,0.015559,0.0,  TComDataCU::getQuadtreeTULog2MinSizeInCU,[149]
,,0.015534,0.0,  TComTU::TComTU,[114]
,,,,  TEncEntropy::xEncodeTransform <cycle 1>,[131]
,,,,,
,,0.793413,0.450957,  TEncCu::xCheckRDCostMerge2Nx2N,[25]
,,1.384319,0.280127,  TComPrediction::motionCompensation,[31]
[132],0.12,2.177732,0.731084,TComPrediction::xCheckIdenticalMotion,[132]
,,0.528894,0.0,  std::_Deque_const_iterator<class std::_Deque_val<struct std::_Deque_simple_types<class TComSlice *> > >::operator+,[147]
,,0.202190,0.0,"  std::deque<class TComSlice *,class std::allocator<class TComSlice *> >::begin",[174]
,,,,,
,,0.778082,0.451259,  TEncSearch::predInterSearch,[13]
,,1.089265,0.575533,  TEncSearch::xEstimateMvPredAMVP,[33]
[133],0.12,1.867346,1.026791,TComDataCU::setSubPart<signed char>,[133]
,,1.026791,0.0,  memset,[43]
,,,,,
,,0.435766,0.746893,  TEncCu::xCopyYuv2Tmp,[161]
,,0.591301,1.058449,  TEncSearch::encodeResAndCalcRdInterCU,[15]
[134],0.12,1.027067,1.805342,TComYuv::copyToPartComponent,[134]
,,1.182665,0.0,  memcpy,[48]
,,0.622677,0.0,  TComYuv::getAddr,[90]
,,,,,
,,0.046694,0.0,  TEncCu::xCheckRDCostMerge2Nx2N,[25]
,,0.046748,0.0,  TComDataCU::getInterMergeCandidates,[100]
,,0.062390,0.0,  TEncSearch::xMergeEstimation,[36]
,,0.140163,0.0,  TComDataCU::fillMvpCand,[66]
,,0.388801,0.0,  TComPrediction::motionCompensation,[31]
,,0.420270,0.0,  TEncSearch::predInterSearch,[13]
,,0.435604,0.0,  TEncSearch::xMotionEstimation,[14]
,,0.591195,0.0,  TEncSearch::xEstimateMvPredAMVP,[33]
,,0.622497,0.0,  TEncSearch::xGetInterPredictionError,[34]
[135],0.12,2.754361,0.0,TComDataCU::getPartIndexAndSize,[135]
,,,,,
,,0.0,2.723670,  TEncSampleAdaptiveOffset::SAOProcess,[129]
[136],0.12,0.0,2.723670,TEncSampleAdaptiveOffset::getStatistics,[136]
,,2.708103,0.0,  TEncSampleAdaptiveOffset::getBlkStats,[138]
,,0.015567,0.0,  TComPicSym::deriveLoopFilterBoundaryAvailibility,[306]
,,,,,
,,2.721852,0.0,  TComRdCost::getDistPart,[63]
[137],0.12,2.721852,0.0,TComRdCost::xGetSSE32,[137]
,,,,,
,,2.708103,0.0,  TEncSampleAdaptiveOffset::getStatistics,[136]
[138],0.12,2.708103,0.0,TEncSampleAdaptiveOffset::getBlkStats,[138]
,,,,,
,,0.0,0.015533,  TEncSearch::estIntraPredChromaQT,[81]
,,0.015564,0.0,  TEncSearch::xAddSymbolBitsInter,[112]
,,0.046552,0.031003,  TEncSearch::xModeBitsIntra,[160]
,,0.062262,0.0,  [Unknown stack frame(s)],[277]
,,0.093237,0.046762,  TEncSearch::xRecurIntraCodingLumaQT <cycle 12>,[50]
,,0.109046,0.062354,  TEncSearch::encodeResAndCalcRdInterCU,[15]
,,1.322128,0.824805,  TEncSearch::xEstimateInterResidualQT <cycle 7>,[16]
[139],0.11,1.648788,0.980458,TEncSbac::resetBits,[139]
,,0.980458,0.0,  TEncBinCABAC::resetBits,[178]
,,,,,
,,1.228820,0.0,  TEncSearch::xMotionEstimation,[14]
,,1.228838,0.0,  TEncSearch::xTZSearch,[37]
[140],0.11,2.457658,0.0,TEncSearch::xSetSearchRange,[140]
,,,,,
,,0.513249,0.0,  TEncCu::xCheckRDCostMerge2Nx2N,[25]
,,0.855571,0.0,  TEncSearch::xMergeEstimation,[36]
,,1.058083,0.0,  TEncSearch::predInterSearch,[13]
[141],0.1,2.426903,0.0,TComCUMvField::setAll<signed char>,[141]
,,,,,
,,1.244391,1.073176,  TEncCu::xCompressCU <cycle 13>,[11]
[142],0.1,1.244391,1.073176,TComDataCU::initSubCU,[142]
,,1.073176,0.0,  memset,[43]
,,,,,
,,0.0,0.061992,  TEncSearch::xRecurIntraCodingLumaQT <cycle 12>,[50]
,,0.015564,0.015577,  TEncSearch::xAddSymbolBitsInter,[112]
,,0.062075,0.046664,  TEncSearch::encodeResAndCalcRdInterCU,[15]
,,0.108676,0.062035,  TEncSearch::estIntraPredLumaQT,[46]
,,0.948926,0.995630,  TEncSearch::xEstimateInterResidualQT <cycle 7>,[16]
[143],0.1,1.135240,1.181898,TEncBinCABACCounter::getNumWrittenBits,[143]
,,1.181898,0.0,  TComBitCounter::getNumberOfWrittenBits,[167]
,,,,,
,,2.143906,0.031090,  xITrMxN,[94]
[144],0.09,2.143906,0.031090,partialButterflyInverse16,[144]
,,0.031090,0.0,  _security_check_cookie,[115]
,,,,,
,,0.140123,0.0,  TComDataCU::xAddMVPCandWithScaling,[153]
,,0.155363,0.0,  TComPrediction::initIntraPatternChType,[126]
,,0.373205,0.0,  TComDataCU::getInterMergeCandidates,[100]
,,0.420023,0.0,  TComDataCU::xAddMVPCandUnscaled,[89]
,,1.057744,0.015553,  TComDataCU::fillMvpCand,[66]
[145],0.09,2.146459,0.015553,TComDataCU::getPUBelowLeft,[145]
,,0.015553,0.0,  TComDataCU::CUIsFromSameSliceAndTile,[248]
,,,,,
,,2.082622,0.0,  TEncSbac::estBit,[60]
[146],0.09,2.082622,0.0,TEncSbac::estSignificantCoeffGroupMapBit,[146]
,,,,,
,,0.093385,0.0,  TComDataCU::fillMvpCand,[66]
,,0.108970,0.0,  TComDataCU::xAddMVPCandWithScaling,[153]
,,0.248795,0.0,  TComDataCU::xGetColMVP,[107]
,,0.528894,0.0,  TComPrediction::xCheckIdenticalMotion,[132]
,,1.042375,0.0,  TComDataCU::xAddMVPCandUnscaled,[89]
[147],0.09,2.022420,0.0,std::_Deque_const_iterator<class std::_Deque_val<struct std::_Deque_simple_types<class TComSlice *> > >::operator+,[147]
,,,,,
,,0.264464,1.586845,  TEncCu::xCompressCU <cycle 13>,[11]
[148],0.08,0.264464,1.586845,TComDataCU::copyToPic,[148]
,,1.586845,0.0,  memcpy,[48]
,,,,,
,,0.015559,0.0,  TEncEntropy::xEncodeTransform <cycle 1>,[131]
,,0.062065,0.0,  TEncSearch::xRecurIntraCodingLumaQT <cycle 12>,[50]
,,0.124252,0.0,  TEncSearch::xEncSubdivCbfQT <cycle 14>,[176]
,,0.419799,0.0,  TEncSearch::xEncodeInterResidualQT <cycle 6>,[77]
,,1.167019,0.0,  TEncSearch::xEstimateInterResidualQT <cycle 7>,[16]
[149],0.08,1.788694,0.0,TComDataCU::getQuadtreeTULog2MinSizeInCU,[149]
,,,,,
,,1.758045,0.0,  TComInterpolationFilter::filterVer,[40]
[150],0.08,1.758045,0.0,"TComInterpolationFilter::filter<4,1,1,0>",[150]
,,,,,
,,1.726147,0.0,  TEncSearch::xEstimateInterResidualQT <cycle 7>,[16]
[151],0.07,1.726147,0.0,TEncSbac::codeQtCbfZero,[151]
,,,,,
,,0.622065,1.088785,  TEncCu::xCompressCU <cycle 13>,[11]
[152],0.07,0.622065,1.088785,TComDataCU::copyPartFrom,[152]
,,1.088785,0.0,  memcpy,[48]
,,,,,
,,0.980086,0.591489,  TComDataCU::fillMvpCand,[66]
[153],0.07,0.980086,0.591489,TComDataCU::xAddMVPCandWithScaling,[153]
,,0.233525,0.0,  TComDataCU::xGetDistScaleFactor,[171]
,,0.140123,0.0,  TComDataCU::getPUBelowLeft,[145]
,,0.108970,0.0,  std::_Deque_const_iterator<class std::_Deque_val<struct std::_Deque_simple_types<class TComSlice *> > >::operator+,[147]
,,0.077795,0.0,  TComDataCU::getPULeft,[202]
,,0.031076,0.0,"  std::deque<class TComSlice *,class std::allocator<class TComSlice *> >::begin",[174]
,,,,,
,,1.537713,0.015539,  xITrMxN,[94]
[154],0.07,1.537713,0.015539,partialButterflyInverse8,[154]
,,0.015539,0.0,  _security_check_cookie,[115]
,,,,,
,,1.477920,0.0,  TComInterpolationFilter::filterHor,[35]
[155],0.06,1.477920,0.0,"TComInterpolationFilter::filter<4,0,1,1>",[155]
,,,,,
,,0.062228,0.715493,  TEncCu::xCompressCU <cycle 13>,[11]
,,0.077829,0.591055,  TEncCu::xCopyYuv2Pic,[186]
[156],0.06,0.140057,1.306548,TComYuv::copyToPicYuv,[156]
,,0.482316,0.824231,  TComYuv::copyToPicComponent,[162]
,,,,,
,,1.430378,0.0,  getTUEntropyCodingParameters,[103]
[157],0.06,1.430378,0.0,TComDataCU::getCoefScanIdx,[157]
,,,,,
,,0.264148,1.165595,  TEncSearch::encodeResAndCalcRdInterCU,[15]
[158],0.06,0.264148,1.165595,<cycle 5 as a whole>,[158]
,,0.264148,1.165595,  TEncSearch::xSetInterResidualQTData <cycle 5>,[159]
,,,,,
,,,,  TEncSearch::xSetInterResidualQTData <cycle 5>,[159]
,,0.264148,1.165595,  TEncSearch::encodeResAndCalcRdInterCU,[15]
[159],0.06,0.264148,1.165595,TEncSearch::xSetInterResidualQTData <cycle 5>,[159]
,,0.450841,0.0,  memcpy,[48]
,,0.202050,0.0,  TComTURecurse::nextSection,[109]
,,0.170870,0.202043,  TComYuv::copyPartToPartComponentMxN,[216]
,,0.139791,0.0,  TComTU::TComTU,[114]
,,,,  TEncSearch::xSetInterResidualQTData <cycle 5>,[159]
,,,,,
,,0.015497,0.0,  [Unknown stack frame(s)],[277]
,,0.346406,1.008404,  TEncSearch::estIntraPredLumaQT,[46]
[160],0.06,0.361903,1.008404,TEncSearch::xModeBitsIntra,[160]
,,0.372333,0.356900,  TEncSbac::codeIntraDirLumaAng,[168]
,,0.077391,0.062098,  TEncBinCABAC::copyState,[116]
,,0.046558,0.0,  memcpy,[48]
,,0.046552,0.031003,  TEncSbac::resetBits,[139]
,,0.015569,0.0,  TComBitCounter::resetBits,[196]
,,,,,
,,0.186576,1.182659,  TEncCu::xCompressCU <cycle 13>,[11]
[161],0.06,0.186576,1.182659,TEncCu::xCopyYuv2Tmp,[161]
,,0.435766,0.746893,  TComYuv::copyToPartComponent,[134]
,,,,,
,,0.482316,0.824231,  TComYuv::copyToPicYuv,[156]
[162],0.06,0.482316,0.824231,TComYuv::copyToPicComponent,[162]
,,0.824231,0.0,  memcpy,[48]
,,,,,
,,1.275615,0.0,  TComPrediction::initIntraPatternChType,[126]
[163],0.05,1.275615,0.0,fillReferenceSamples,[163]
,,,,,
,,0.792035,0.466411,  TEncSbac::codeCoeffNxN,[67]
[164],0.05,0.792035,0.466411,TEncSbac::codeLastSignificantXY,[164]
,,0.450877,0.0,  TEncBinCABACCounter::encodeBin,[101]
,,0.015533,0.0,  TEncBinCABACCounter::encodeBinEP,[288]
,,,,,
,,0.0,0.062107,  TEncCu::xCheckRDCostIntra,[45]
,,0.0,0.046644,  TEncCu::xEncodeCU <cycle 2>,[213]
,,0.046723,1.056811,  TEncSearch::xAddSymbolBitsInter,[112]
[165],0.05,0.046723,1.165562,TEncEntropy::encodePredInfo,[165]
,,0.482493,0.605471,  TEncEntropy::encodePUWise,[170]
,,0.031051,0.031008,  TEncSbac::codeIntraDirLumaAng,[168]
,,0.015539,0.0,  TEncSbac::codeIntraDirChroma,[299]
,,,,,
,,1.182049,0.0,  TEncSearch::xEstimateInterResidualQT <cycle 7>,[16]
[166],0.05,1.182049,0.0,TComYuv::getStride,[166]
,,,,,
,,1.181898,0.0,  TEncBinCABACCounter::getNumWrittenBits,[143]
[167],0.05,1.181898,0.0,TComBitCounter::getNumberOfWrittenBits,[167]
,,,,,
,,0.031051,0.031008,  TEncEntropy::encodePredInfo,[165]
,,0.186297,0.186434,  TEncSearch::xEncIntraHeader,[200]
,,0.372333,0.356900,  TEncSearch::xModeBitsIntra,[160]
[168],0.05,0.589682,0.574342,TEncSbac::codeIntraDirLumaAng,[168]
,,0.434674,0.0,  TComDataCU::getIntraDirPredictor,[210]
,,0.108664,0.0,  TEncBinCABACCounter::encodeBin,[101]
,,0.031003,0.0,  TEncBinCABACCounter::encodeBinsEP,[222]
,,,,,
,,0.171187,0.0,  TComDataCU::getInterMergeCandidates,[100]
,,0.248534,0.0,  TComPrediction::initIntraPatternChType,[126]
,,0.560005,0.109016,  TComDataCU::xAddMVPCandUnscaled,[89]
[169],0.05,0.979726,0.109016,TComDataCU::getPUAboveRight,[169]
,,0.109016,0.0,  TComDataCU::CUIsFromSameSliceAndTile,[248]
,,,,,
,,0.482493,0.605471,  TEncEntropy::encodePredInfo,[165]
[170],0.05,0.482493,0.605471,TEncEntropy::encodePUWise,[170]
,,0.077768,0.046721,  TEncSbac::codeMvd,[255]
,,0.062372,0.015592,  TEncSbac::codeRefFrmIdx,[272]
,,0.060563,0.015585,  TEncSbac::codeMergeIndex,[242]
,,0.046727,0.046659,  TEncSbac::codeMVPIdx,[265]
,,0.046700,0.124555,  TEncSbac::codeInterDir,[246]
,,0.046642,0.0,  TEncBinCABACCounter::encodeBin,[101]
,,0.015587,0.0,  TEncSbac::codeMergeFlag,[304]
,,,,,
,,0.233525,0.0,  TComDataCU::xAddMVPCandWithScaling,[153]
,,0.840410,0.0,  TComDataCU::xGetColMVP,[107]
[171],0.05,1.073935,0.0,TComDataCU::xGetDistScaleFactor,[171]
,,,,,
,,0.093276,0.0,  TEncSbac::codeCoeffNxN,[67]
,,0.980157,0.0,  TComTrQuant::xRateDistOptQuant,[27]
[172],0.05,1.073433,0.0,TComTU::getGolombRiceStatisticsIndex,[172]
,,,,,
,,1.073244,0.0,  TEncBinCABAC::copyState,[116]
[173],0.05,1.073244,0.0,TEncBinCABAC::getTEncBinCABAC,[173]
,,,,,
,,0.031076,0.0,  TComDataCU::xAddMVPCandWithScaling,[153]
,,0.046715,0.0,  TComDataCU::fillMvpCand,[66]
,,0.202190,0.0,  TComPrediction::xCheckIdenticalMotion,[132]
,,0.793128,0.0,  TComDataCU::xAddMVPCandUnscaled,[89]
[174],0.05,1.073109,0.0,"std::deque<class TComSlice *,class std::allocator<class TComSlice *> >::begin",[174]
,,,,,
,,0.171182,0.840521,  TEncSearch::xTZSearch,[37]
[175],0.04,0.171182,0.840521,TEncSearch::xTZ2PointSearch,[175]
,,0.124523,0.715998,  TEncSearch::xTZSearchHelp,[38]
,,,,,
,,,,  TEncSearch::xEncSubdivCbfQT <cycle 14>,[176]
,,0.108801,0.264055,  TEncSearch::estIntraPredChromaQT,[81]
,,0.139694,0.481126,  TEncSearch::xRecurIntraCodingLumaQT <cycle 12>,[50]
[176],0.04,0.248495,0.745181,TEncSearch::xEncSubdivCbfQT <cycle 14>,[176]
,,0.201621,0.108722,  TEncSbac::codeQtCbf,[120]
,,0.170813,0.0,  TComTURecurse::nextSection,[109]
,,0.139772,0.0,  TComTU::TComTU,[114]
,,0.124252,0.0,  TComDataCU::getQuadtreeTULog2MinSizeInCU,[149]
,,,,  TEncSearch::xEncSubdivCbfQT <cycle 14>,[176]
,,,,,
,,0.108801,0.264055,  TEncSearch::estIntraPredChromaQT,[81]
,,0.139694,0.481126,  TEncSearch::xRecurIntraCodingLumaQT <cycle 12>,[50]
[177],0.04,0.248495,0.745181,<cycle 14 as a whole>,[177]
,,0.248495,0.745181,  TEncSearch::xEncSubdivCbfQT <cycle 14>,[176]
,,,,,
,,0.980458,0.0,  TEncSbac::resetBits,[139]
[178],0.04,0.980458,0.0,TEncBinCABAC::resetBits,[178]
,,,,,
,,0.979877,0.0,  TComInterpolationFilter::filterVer,[40]
[179],0.04,0.979877,0.0,"TComInterpolationFilter::filter<4,1,1,1>",[179]
,,,,,
,,0.887067,0.0,  TComDataCU::fillMvpCand,[66]
[180],0.04,0.887067,0.0,TComDataCU::deriveLeftRightTopIdx,[180]
,,,,,
,,0.233240,0.046725,  TEncCu::xCheckRDCostMerge2Nx2N,[25]
,,0.451182,0.124356,  TEncSearch::predInterSearch,[13]
[181],0.04,0.684422,0.171081,TComDataCU::setSubPart<unsigned char>,[181]
,,0.171081,0.0,  memset,[43]
,,,,,
,,0.0,0.015470,  TEncSearch::xEncIntraHeader,[200]
,,0.015514,0.233345,  TEncSearch::encodeResAndCalcRdInterCU,[15]
,,0.093409,0.482165,  TEncSearch::xAddSymbolBitsInter,[112]
[182],0.04,0.108922,0.730980,TEncSbac::codeSkipFlag,[182]
,,0.730980,0.0,  TComDataCU::getCtxSkipFlag,[189]
,,,,,
,,0.824452,0.0,  TComRdCost::getDistPart,[63]
[183],0.04,0.824452,0.0,TComRdCost::xGetSSE64,[183]
,,,,,
,,0.295344,0.528264,  TEncCu::xCompressCU <cycle 13>,[11]
[184],0.04,0.295344,0.528264,TComYuv::copyFromPicComponent,[184]
,,0.528264,0.0,  memcpy,[48]
,,,,,
,,0.217893,0.0,  TComDataCU::getInterMergeCandidates,[100]
,,0.575756,0.0,  TComDataCU::fillMvpCand,[66]
[185],0.03,0.793649,0.0,TComDataCU::deriveRightBottomIdx,[185]
,,,,,
,,0.124487,0.668884,  TEncCu::xCompressCU <cycle 13>,[11]
[186],0.03,0.124487,0.668884,TEncCu::xCopyYuv2Pic,[186]
,,0.077829,0.591055,  TComYuv::copyToPicYuv,[156]
,,,,,
,,0.015448,0.0,  TEncSearch::estIntraPredChromaQT,[81]
,,0.015553,0.0,  TEncCu::xCompressCU <cycle 13>,[11]
,,0.046596,0.0,  TEncSearch::xRecurIntraCodingLumaQT <cycle 12>,[50]
,,0.046609,0.0,  TEncSearch::estIntraPredLumaQT,[46]
,,0.046676,0.0,  TEncSearch::encodeResAndCalcRdInterCU,[15]
,,0.046720,0.0,  TEncSearch::xAddSymbolBitsInter,[112]
,,0.575445,0.0,  TEncSearch::xEstimateInterResidualQT <cycle 7>,[16]
[187],0.03,0.793047,0.0,TEncSbac::getNumberOfWrittenBits,[187]
,,,,,
,,0.295642,0.124556,  TEncSearch::predInterSearch,[13]
,,0.326620,0.031134,  TEncCu::xCheckRDCostMerge2Nx2N,[25]
[188],0.03,0.622262,0.155691,TComDataCU::setSubPart<bool>,[188]
,,0.155691,0.0,  memset,[43]
,,,,,
,,0.730980,0.0,  TEncSbac::codeSkipFlag,[182]
[189],0.03,0.730980,0.0,TComDataCU::getCtxSkipFlag,[189]
,,,,,
,,0.264331,0.0,  TEncSearch::xTZSearchHelp,[38]
,,0.450678,0.0,  TEncSearch::xPatternSearch,[41]
[190],0.03,0.715009,0.0,TComRdCost::xGetSAD24,[190]
,,,,,
,,0.605775,0.108885,  TEncSbac::codeCoeffNxN,[67]
[191],0.03,0.605775,0.108885,TEncSbac::xWriteCoefRemainExGolomb,[191]
,,0.108885,0.0,  TEncBinCABACCounter::encodeBinsEP,[222]
,,,,,
,,0.0,0.124805,  TEncGOP::compressGOP,[7]
,,0.0,0.109225,  TEncSampleAdaptiveOffset::SAOProcess,[129]
,,0.0,0.404779,  TEncTop::encode,[6]
[192],0.03,0.0,0.638809,TComPicYuv::copyToPic,[192]
,,0.638809,0.0,  memcpy,[48]
,,,,,
,,0.637730,0.0,  TComDataCU::fillMvpCand,[66]
[193],0.03,0.637730,0.0,TComDataCU::deriveLeftBottomIdx,[193]
,,,,,
,,0.279826,0.0,  TEncSearch::predInterSearch,[13]
,,0.311145,0.0,  TEncCu::xCheckRDCostMerge2Nx2N,[25]
[194],0.03,0.590971,0.0,TComDataCU::getNumPartitions,[194]
,,,,,
,,0.575257,0.0,  TComPrediction::predIntraAng,[102]
[195],0.02,0.575257,0.0,TComPrediction::xPredIntraPlanar,[195]
,,,,,
,,0.015517,0.0,  TEncSearch::xRecurIntraCodingLumaQT <cycle 12>,[50]
,,0.015569,0.0,  TEncSearch::xModeBitsIntra,[160]
,,0.031111,0.0,  TEncSearch::encodeResAndCalcRdInterCU,[15]
,,0.497882,0.0,  TEncSearch::xEstimateInterResidualQT <cycle 7>,[16]
[196],0.02,0.560079,0.0,TComBitCounter::resetBits,[196]
,,,,,
,,0.558858,0.0,  xTrMxN,[53]
[197],0.02,0.558858,0.0,fastForwardDst,[197]
,,,,,
,,0.528753,0.0,  TEncSearch::xMotionEstimation,[14]
[198],0.02,0.528753,0.0,floor,[198]
,,,,,
,,0.513380,0.0,  TComDataCU::getInterMergeCandidates,[100]
[199],0.02,0.513380,0.0,TComDataCU::hasEqualMotion,[199]
,,,,,
,,0.031117,0.015550,  TEncSearch::estIntraPredChromaQT,[81]
,,0.062208,0.403680,  TEncSearch::xRecurIntraCodingLumaQT <cycle 12>,[50]
[200],0.02,0.093325,0.419229,TEncSearch::xEncIntraHeader,[200]
,,0.186297,0.186434,  TEncSbac::codeIntraDirLumaAng,[168]
,,0.015550,0.0,  TEncSbac::codeIntraDirChroma,[299]
,,0.0,0.015478,  TEncSbac::codePartSize,[227]
,,0.0,0.015470,  TEncSbac::codeSkipFlag,[182]
,,,,,
,,0.0,0.497879,  TAppEncTop::encode,[4]
[201],0.02,0.0,0.497879,TVideoIOYuv::read,[201]
,,0.062118,0.311102,  readPlane,[215]
,,0.0,0.124659,  TVideoIOYuv::ColourSpaceConvert,[253]
,,,,,
,,0.077795,0.0,  TComDataCU::xAddMVPCandWithScaling,[153]
,,0.124415,0.0,  TComDataCU::fillMvpCand,[66]
,,0.280233,0.0,  TComDataCU::xAddMVPCandUnscaled,[89]
[202],0.02,0.482443,0.0,TComDataCU::getPULeft,[202]
,,,,,
,,0.279873,0.186777,  TEncCu::xCheckRDCostMerge2Nx2N,[25]
[203],0.02,0.279873,0.186777,TEncCu::xCheckBestMode,[203]
,,0.186777,0.0,  memcpy,[48]
,,,,,
,,0.404559,0.031131,  TEncSearch::predInterSearch,[13]
[204],0.02,0.404559,0.031131,TEncSearch::xGetBlkBits,[204]
,,0.031131,0.0,  _security_check_cookie,[115]
,,,,,
,,0.435673,0.0,  TEncSearch::xMotionEstimation,[14]
[205],0.02,0.435673,0.0,TEncSearch::setWpScalingDistParam,[205]
,,,,,
,,0.015578,0.0,  TEncSearch::xAddSymbolBitsInter,[112]
,,0.030949,0.0,  TEncSearch::estIntraPredChromaQT,[81]
,,0.388972,0.0,  TEncSearch::encodeResAndCalcRdInterCU,[15]
[206],0.02,0.435498,0.0,TComTU::TComTU,[206]
,,,,,
,,0.139955,0.295457,  TComLoopFilter::loopFilterPic,[208]
[207],0.02,0.139955,0.295457,<cycle 3 as a whole>,[207]
,,0.139955,0.295457,  TComLoopFilter::xDeblockCU <cycle 3>,[209]
,,,,,
,,0.0,0.435412,  TEncGOP::compressGOP,[7]
[208],0.02,0.0,0.435412,TComLoopFilter::loopFilterPic,[208]
,,0.139955,0.295457,  TComLoopFilter::xDeblockCU <cycle 3>,[209]
,,,,,
,,,,  TComLoopFilter::xDeblockCU <cycle 3>,[209]
,,0.139955,0.295457,  TComLoopFilter::loopFilterPic,[208]
[209],0.02,0.139955,0.295457,TComLoopFilter::xDeblockCU <cycle 3>,[209]
,,0.077795,0.0,  TComLoopFilter::xGetBoundaryStrengthSingle,[275]
,,0.077732,0.0,  TComLoopFilter::xEdgeFilterChroma,[278]
,,0.062215,0.0,  TComLoopFilter::xSetEdgefilterTU <cycle 4>,[284]
,,0.031080,0.046634,  TComLoopFilter::xEdgeFilterLuma,[279]
,,,,  TComLoopFilter::xDeblockCU <cycle 3>,[209]
,,,,,
,,0.434674,0.0,  TEncSbac::codeIntraDirLumaAng,[168]
[210],0.02,0.434674,0.0,TComDataCU::getIntraDirPredictor,[210]
,,,,,
,,0.015549,0.233197,  TEncSlice::compressSlice,[8]
,,0.046512,0.124409,  TEncCu::compressCtu,[9]
[211],0.02,0.062061,0.357606,TComDataCU::initCtu,[211]
,,0.357606,0.0,  memset,[43]
,,,,,
,,0.0,0.015583,  TEncSearch::xRecurIntraChromaCodingQT <cycle 10>,[87]
,,0.170717,0.232943,  TEncSearch::xRecurIntraCodingLumaQT <cycle 12>,[50]
[212],0.02,0.170717,0.248527,TEncSearch::xLoadIntraResultQT,[212]
,,0.046594,0.0,  memcpy,[48]
,,0.046577,0.0,  TComYuv::getAddr,[90]
,,0.031075,0.124281,  TComYuv::copyPartToPartComponent,[80]
,,,,,
,,,,  TEncCu::xEncodeCU <cycle 2>,[213]
,,0.0,0.186480,  TEncSlice::compressSlice,[8]
,,0.031054,0.186617,  TEncSlice::encodeSlice,[241]
[213],0.02,0.031054,0.373097,TEncCu::xEncodeCU <cycle 2>,[213]
,,0.015589,0.046677,  TEncCu::finishCU,[282]
,,0.015543,0.0,  TEncSbac::codePartSize,[227]
,,,,  TEncCu::xEncodeCU <cycle 2>,[213]
,,0.0,0.233097,  TEncEntropy::encodeCoeff,[237]
,,0.0,0.046644,  TEncEntropy::encodePredInfo,[165]
,,0.0,0.015547,  TEncSbac::codeSplitFlag,[250]
,,,,,
,,0.0,0.186480,  TEncSlice::compressSlice,[8]
,,0.031054,0.186617,  TEncSlice::encodeSlice,[241]
[214],0.02,0.031054,0.373097,<cycle 2 as a whole>,[214]
,,0.031054,0.373097,  TEncCu::xEncodeCU <cycle 2>,[213]
,,,,,
,,0.062118,0.311102,  TVideoIOYuv::read,[201]
[215],0.02,0.062118,0.311102,readPlane,[215]
,,0.0,0.311102,"  std::basic_istream<char,struct std::char_traits<char> >::read",[226]
,,,,,
,,0.170870,0.202043,  TEncSearch::xSetInterResidualQTData <cycle 5>,[159]
[216],0.02,0.170870,0.202043,TComYuv::copyPartToPartComponentMxN,[216]
,,0.202043,0.0,  memcpy,[48]
,,,,,
,,0.0,0.031087,  TEncSearch::xRecurIntraChromaCodingQT <cycle 10>,[87]
,,0.031073,0.310429,  TEncSearch::xRecurIntraCodingLumaQT <cycle 12>,[50]
[217],0.02,0.031073,0.341516,TEncSearch::xStoreIntraResultQT,[217]
,,0.124078,0.0,  memcpy,[48]
,,0.046575,0.170864,  TComYuv::copyPartToPartComponent,[80]
,,,,,
,,0.372475,0.0,  TEncSearch::estIntraPredLumaQT,[46]
[218],0.02,0.372475,0.0,TEncSearch::xUpdateCandList,[218]
,,,,,
,,0.139993,0.0,  TEncSearch::xTZSearchHelp,[38]
,,0.217647,0.0,  TEncSearch::xPatternSearch,[41]
[219],0.02,0.357640,0.0,TComRdCost::xGetSAD12,[219]
,,,,,
,,0.062227,0.031104,  TComDataCU::fillMvpCand,[66]
,,0.093207,0.0,  TComPrediction::initIntraPatternChType,[126]
,,0.155701,0.0,  TComDataCU::getInterMergeCandidates,[100]
[220],0.01,0.311135,0.031104,TComDataCU::getPUAboveLeft,[220]
,,0.031104,0.0,  TComDataCU::CUIsFromSameSliceAndTile,[248]
,,,,,
,,0.326783,0.0,  TComDataCU::getInterMergeCandidates,[100]
[221],0.01,0.326783,0.0,TComDataCU::deriveLeftRightTopIdxGeneral,[221]
,,,,,
,,0.031003,0.0,  TEncSbac::codeIntraDirLumaAng,[168]
,,0.108885,0.0,  TEncSbac::xWriteCoefRemainExGolomb,[191]
,,0.186492,0.0,  TEncSbac::codeCoeffNxN,[67]
[222],0.01,0.326380,0.0,TEncBinCABACCounter::encodeBinsEP,[222]
,,,,,
,,0.217520,0.108549,  TEncSbac::codeCoeffNxN,[67]
[223],0.01,0.217520,0.108549,TEncSbac::codeTransformSkipFlags,[223]
,,0.108549,0.0,  TEncBinCABACCounter::encodeBin,[101]
,,,,,
,,0.326037,0.0,  xITrMxN,[94]
[224],0.01,0.326037,0.0,fastInverseDst,[224]
,,,,,
,,0.0,0.311102,"  std::basic_istream<char,struct std::char_traits<char> >::read",[226]
[225],0.01,0.0,0.311102,fgetc,[225]
,,0.015559,0.0,  RtlEnterCriticalSection,[309]
,,0.0,0.295543,  common_refill_and_read_nolock<char>,[229]
,,,,,
,,0.0,0.311102,  readPlane,[215]
[226],0.01,0.0,0.311102,"std::basic_istream<char,struct std::char_traits<char> >::read",[226]
,,0.0,0.311102,  fgetc,[225]
,,,,,
,,0.0,0.015478,  TEncSearch::xEncIntraHeader,[200]
,,0.015543,0.0,  TEncCu::xEncodeCU <cycle 2>,[213]
,,0.171290,0.093313,  TEncSearch::xAddSymbolBitsInter,[112]
[227],0.01,0.186833,0.108791,TEncSbac::codePartSize,[227]
,,0.108791,0.0,  TEncBinCABACCounter::encodeBin,[101]
,,,,,
,,0.295543,0.0,  read_nolock,[231]
[228],0.01,0.295543,0.0,ReadFile,[228]
,,,,,
,,0.0,0.295543,  fgetc,[225]
[229],0.01,0.0,0.295543,common_refill_and_read_nolock<char>,[229]
,,0.0,0.295543,  read,[230]
,,,,,
,,0.0,0.295543,  common_refill_and_read_nolock<char>,[229]
[230],0.01,0.0,0.295543,read,[230]
,,0.0,0.295543,  read_nolock,[231]
,,,,,
,,0.0,0.295543,  read,[230]
[231],0.01,0.0,0.295543,read_nolock,[231]
,,0.295543,0.0,  ReadFile,[228]
,,,,,
,,0.279731,0.0,  xITrMxN,[94]
[232],0.01,0.279731,0.0,partialButterflyInverse4,[232]
,,,,,
,,0.093361,0.186183,  TEncSearch::estIntraPredChromaQT,[81]
[233],0.01,0.093361,0.186183,<cycle 8 as a whole>,[233]
,,0.093361,0.186183,  TEncSearch::xSetIntraResultChromaQT <cycle 8>,[234]
,,,,,
,,,,  TEncSearch::xSetIntraResultChromaQT <cycle 8>,[234]
,,0.093361,0.186183,  TEncSearch::estIntraPredChromaQT,[81]
[234],0.01,0.093361,0.186183,TEncSearch::xSetIntraResultChromaQT <cycle 8>,[234]
,,0.108510,0.0,  memcpy,[48]
,,0.046552,0.0,  TComTURecurse::nextSection,[109]
,,0.015590,0.0,  TComTU::TComTU,[114]
,,0.015532,0.0,  TComYuv::getAddr,[90]
,,,,  TEncSearch::xSetIntraResultChromaQT <cycle 8>,[234]
,,,,,
,,0.263784,0.0,  TComPrediction::initIntraPatternChType,[126]
[235],0.01,0.263784,0.0,isLeftAvailable,[235]
,,,,,
,,0.254845,0.0,  TComPrediction::initIntraPatternChType,[126]
[236],0.01,0.254845,0.0,isAboveAvailable,[236]
,,,,,
,,0.0,0.233097,  TEncCu::xEncodeCU <cycle 2>,[213]
[237],0.01,0.0,0.233097,TEncEntropy::encodeCoeff,[237]
,,0.031008,0.202089,  TEncEntropy::xEncodeTransform <cycle 1>,[131]
,,,,,
,,0.233059,0.0,  TComTrQuant::invTransformNxN,[72]
[238],0.01,0.233059,0.0,TComTrQuant::invRdpcmNxN,[238]
,,,,,
,,0.217930,0.0,  TEncGOP::xCalculateAddPSNRs,[240]
[239],0.01,0.217930,0.0,TEncGOP::xCalculateAddPSNR,[239]
,,,,,
,,0.0,0.217930,  TEncGOP::compressGOP,[7]
[240],0.01,0.0,0.217930,TEncGOP::xCalculateAddPSNRs,[240]
,,0.217930,0.0,  TEncGOP::xCalculateAddPSNR,[239]
,,,,,
,,0.0,0.217671,  TEncGOP::compressGOP,[7]
[241],0.01,0.0,0.217671,TEncSlice::encodeSlice,[241]
,,0.031054,0.186617,  TEncCu::xEncodeCU <cycle 2>,[213]
,,,,,
,,0.031132,0.0,  TEncSearch::xAddSymbolBitsInter,[112]
,,0.060563,0.015585,  TEncEntropy::encodePUWise,[170]
,,0.077843,0.031115,  TEncSearch::encodeResAndCalcRdInterCU,[15]
[242],0.01,0.169539,0.046699,TEncSbac::codeMergeIndex,[242]
,,0.031170,0.0,  TEncBinCABACCounter::encodeBin,[101]
,,0.015529,0.0,  TEncBinCABACCounter::encodeBinEP,[288]
,,,,,
,,0.202433,0.0,  TComDataCU::getInterMergeCandidates,[100]
[243],0.01,0.202433,0.0,TComDataCU::getPartPosition,[243]
,,,,,
,,0.186768,0.0,  TComDataCU::getInterMergeCandidates,[100]
[244],0.01,0.186768,0.0,TComDataCU::deriveLeftBottomIdxGeneral,[244]
,,,,,
,,0.173012,0.0,  TComTrQuant::invTransformNxN,[72]
[245],0.01,0.173012,0.0,TComTrQuant::xITransformSkip,[245]
,,,,,
,,0.046700,0.124555,  TEncEntropy::encodePUWise,[170]
[246],0.01,0.046700,0.124555,TEncSbac::codeInterDir,[246]
,,0.124555,0.0,  TEncBinCABACCounter::encodeBin,[101]
,,,,,
,,0.062208,0.0,  TEncSearch::xEstimateInterResidualQT <cycle 7>,[16]
,,0.108853,0.0,  TEncSearch::xEncodeInterResidualQT <cycle 6>,[77]
[247],0.01,0.171062,0.0,TEncSbac::codeTransformSubdivFlag,[247]
,,,,,
,,0.015553,0.0,  TComDataCU::getPUBelowLeft,[145]
,,0.031104,0.0,  TComDataCU::getPUAboveLeft,[220]
,,0.109016,0.0,  TComDataCU::getPUAboveRight,[169]
[248],0.01,0.155672,0.0,TComDataCU::CUIsFromSameSliceAndTile,[248]
,,,,,
,,0.140241,0.0,  TEncSearch::xAddSymbolBitsInter,[112]
[249],0.01,0.140241,0.0,TEncSbac::codeQtRootCbf,[249]
,,,,,
,,0.0,0.124375,  TEncCu::xCompressCU <cycle 13>,[11]
,,0.0,0.015547,  TEncCu::xEncodeCU <cycle 2>,[213]
[250],0.01,0.0,0.139921,TEncSbac::codeSplitFlag,[250]
,,0.124383,0.0,  TComDataCU::getCtxSplitFlag,[256]
,,0.015538,0.0,  TEncBinCABACCounter::encodeBin,[101]
,,,,,
,,,,  TEncSearch::xSetIntraResultLumaQT <cycle 11>,[251]
,,0.031127,0.108642,  TEncSearch::estIntraPredLumaQT,[46]
[251],0.01,0.031127,0.108642,TEncSearch::xSetIntraResultLumaQT <cycle 11>,[251]
,,0.077596,0.0,  memcpy,[48]
,,0.015538,0.0,  TComYuv::getAddr,[117]
,,0.015508,0.0,  TComYuv::getAddr,[90]
,,,,  TEncSearch::xSetIntraResultLumaQT <cycle 11>,[251]
,,,,,
,,0.031127,0.108642,  TEncSearch::estIntraPredLumaQT,[46]
[252],0.01,0.031127,0.108642,<cycle 11 as a whole>,[252]
,,0.031127,0.108642,  TEncSearch::xSetIntraResultLumaQT <cycle 11>,[251]
,,,,,
,,0.0,0.124659,  TVideoIOYuv::read,[201]
[253],0.01,0.0,0.124659,TVideoIOYuv::ColourSpaceConvert,[253]
,,0.0,0.124659,  copyPlane,[254]
,,,,,
,,0.0,0.124659,  TVideoIOYuv::ColourSpaceConvert,[253]
[254],0.01,0.0,0.124659,copyPlane,[254]
,,0.124659,0.0,  memcpy,[48]
,,,,,
,,0.077768,0.046721,  TEncEntropy::encodePUWise,[170]
[255],0.01,0.077768,0.046721,TEncSbac::codeMvd,[255]
,,0.015605,0.0,  TEncBinCABACCounter::encodeBin,[101]
,,0.015597,0.0,  TEncBinCABACCounter::encodeBinEP,[288]
,,0.015518,0.0,  TEncSbac::xWriteEpExGolomb,[313]
,,,,,
,,0.124383,0.0,  TEncSbac::codeSplitFlag,[250]
[256],0.01,0.124383,0.0,TComDataCU::getCtxSplitFlag,[256]
,,,,,
,,0.0,0.124351,  TComPicSym::create,[259]
[257],0.01,0.0,0.124351,TComDataCU::create,[257]
,,0.031098,0.0,  memset,[43]
,,0.0,0.062182,  aligned_offset_malloc_base,[285]
,,0.0,0.031071,  operator new,[301]
,,,,,
,,0.0,0.124351,  TEncTop::xGetNewPicBuffer,[260]
[258],0.01,0.0,0.124351,TComPic::create,[258]
,,0.0,0.124351,  TComPicSym::create,[259]
,,,,,
,,0.0,0.124351,  TComPic::create,[258]
[259],0.01,0.0,0.124351,TComPicSym::create,[259]
,,0.0,0.124351,  TComDataCU::create,[257]
,,,,,
,,0.0,0.124351,  TEncTop::encode,[6]
[260],0.01,0.0,0.124351,TEncTop::xGetNewPicBuffer,[260]
,,0.0,0.124351,  TComPic::create,[258]
,,,,,
,,0.124341,0.0,  TEncSearch::xEstimateInterResidualQT <cycle 7>,[16]
[261],0.01,0.124341,0.0,TComDataCU::isLosslessCoded,[261]
,,,,,
,,0.0,0.109012,  TAppEncTop::encode,[4]
[262],0.0,0.0,0.109012,TComPic::destroy,[262]
,,0.0,0.062159,  TComPicSym::destroy,[287]
,,0.0,0.046853,  TComPicYuv::destroy,[281]
,,,,,
,,0.015552,0.0,  TEncCu::xCheckRDCostInter,[12]
,,0.093333,0.0,  TEncSearch::encodeResAndCalcRdInterCU,[15]
[263],0.0,0.108884,0.0,TComRdCost::calcRdCost,[263]
,,,,,
,,0.0,0.062358,  TComPicYuv::destroy,[281]
,,0.015623,0.015541,  TComDataCU::destroy,[286]
[264],0.0,0.015623,0.077900,aligned_free,[264]
,,0.0,0.077900,  free_base,[268]
,,,,,
,,0.046727,0.046659,  TEncEntropy::encodePUWise,[170]
[265],0.0,0.046727,0.046659,TEncSbac::codeMVPIdx,[265]
,,0.031147,0.015512,  TEncSbac::xWriteUnaryMaxSymbol,[289]
,,,,,
,,0.031144,0.0,  TEncCu::xCheckRDCostMerge2Nx2N,[25]
,,0.062224,0.0,  TEncCu::xCheckRDCostInter,[12]
[266],0.0,0.093368,0.0,TEncCu::xCheckDQP,[266]
,,,,,
,,0.093317,0.0,  free_base,[268]
[267],0.0,0.093317,0.0,RtlFreeHeap,[267]
,,,,,
,,0.0,0.015417,  TComDataCU::destroy,[286]
,,0.0,0.077900,  aligned_free,[264]
[268],0.0,0.0,0.093317,free_base,[268]
,,0.093317,0.0,  RtlFreeHeap,[267]
,,,,,
,,0.0,0.093256,  TEncSampleAdaptiveOffset::SAOProcess,[129]
[269],0.0,0.0,0.093256,TEncSampleAdaptiveOffset::decideBlkParams,[269]
,,0.0,0.046641,  TComSampleAdaptiveOffset::offsetCTU,[291]
,,0.0,0.046615,  TEncSampleAdaptiveOffset::deriveModeNewRDO,[293]
,,,,,
,,0.093253,0.0,  malloc_base,[271]
[270],0.0,0.093253,0.0,RtlAllocateHeap,[270]
,,,,,
,,0.0,0.062182,  aligned_offset_malloc_base,[285]
,,0.0,0.031071,  operator new,[301]
[271],0.0,0.0,0.093253,malloc_base,[271]
,,0.093253,0.0,  RtlAllocateHeap,[270]
,,,,,
,,0.062372,0.015592,  TEncEntropy::encodePUWise,[170]
[272],0.0,0.062372,0.015592,TEncSbac::codeRefFrmIdx,[272]
,,0.015592,0.0,  TEncBinCABACCounter::encodeBin,[101]
,,,,,
,,0.031083,0.0,  TComSlice::setRefPicList,[300]
,,0.046851,0.0,  TEncSampleAdaptiveOffset::SAOProcess,[129]
[273],0.0,0.077934,0.0,TComPicYuv::extendPicBorder,[273]
,,,,,
,,0.077861,0.0,  TEncSearch::xGetTemplateCost,[39]
[274],0.0,0.077861,0.0,TComRdCost::xGetSAD,[274]
,,,,,
,,0.077795,0.0,  TComLoopFilter::xDeblockCU <cycle 3>,[209]
[275],0.0,0.077795,0.0,TComLoopFilter::xGetBoundaryStrengthSingle,[275]
,,,,,
,,0.015505,0.0,  TEncCu::finishCU,[282]
,,0.062257,0.0,  TEncCu::xCompressCU <cycle 13>,[11]
[276],0.0,0.077761,0.0,std::_Deque_iterator<class std::_Deque_val<struct std::_Deque_simple_types<class TComSlice *> > >::operator+,[276]
,,,,,
,,0.0,0.031100,  TEncCu::compressCtu,[9]
,,0.0,0.046659,  TEncCu::xCompressCU <cycle 13>,[11]
[277],0.0,0.0,0.077759,[Unknown stack frame(s)],[277]
,,0.062262,0.0,  TEncSbac::resetBits,[139]
,,0.015497,0.0,  TEncSearch::xModeBitsIntra,[160]
,,,,,
,,0.077732,0.0,  TComLoopFilter::xDeblockCU <cycle 3>,[209]
[278],0.0,0.077732,0.0,TComLoopFilter::xEdgeFilterChroma,[278]
,,,,,
,,0.031080,0.046634,  TComLoopFilter::xDeblockCU <cycle 3>,[209]
[279],0.0,0.031080,0.046634,TComLoopFilter::xEdgeFilterLuma,[279]
,,0.046634,0.0,  TComLoopFilter::xPelFilterLuma,[292]
,,,,,
,,0.077553,0.0,  TEncSearch::xIntraCodingTUBlock,[54]
[280],0.0,0.077553,0.0,TComPrediction::filteringIntraReferenceSamples,[280]
,,,,,
,,0.0,0.015505,  TAppEncTop::encode,[4]
,,0.0,0.046853,  TComPic::destroy,[262]
[281],0.0,0.0,0.062358,TComPicYuv::destroy,[281]
,,0.0,0.062358,  aligned_free,[264]
,,,,,
,,0.015589,0.046677,  TEncCu::xEncodeCU <cycle 2>,[213]
[282],0.0,0.015589,0.046677,TEncCu::finishCU,[282]
,,0.015606,0.0,  TComDataCU::isLastSubCUOfCtu,[303]
,,0.015567,0.0,  TEncBinCABACCounter::encodeBinTrm,[307]
,,0.015505,0.0,  std::_Deque_iterator<class std::_Deque_val<struct std::_Deque_simple_types<class TComSlice *> > >::operator+,[276]
,,,,,
,,0.062215,0.0,  TComLoopFilter::xDeblockCU <cycle 3>,[209]
[283],0.0,0.062215,0.0,<cycle 4 as a whole>,[283]
,,0.062215,0.0,  TComLoopFilter::xSetEdgefilterTU <cycle 4>,[284]
,,,,,
,,,,  TComLoopFilter::xSetEdgefilterTU <cycle 4>,[284]
,,0.062215,0.0,  TComLoopFilter::xDeblockCU <cycle 3>,[209]
[284],0.0,0.062215,0.0,TComLoopFilter::xSetEdgefilterTU <cycle 4>,[284]
,,,,  TComLoopFilter::xSetEdgefilterTU <cycle 4>,[284]
,,,,,
,,0.0,0.062182,  TComDataCU::create,[257]
[285],0.0,0.0,0.062182,aligned_offset_malloc_base,[285]
,,0.0,0.062182,  malloc_base,[271]
,,,,,
,,0.0,0.062159,  TComPicSym::destroy,[287]
[286],0.0,0.0,0.062159,TComDataCU::destroy,[286]
,,0.015623,0.015541,  aligned_free,[264]
,,0.015578,0.0,  TComCUMvField::destroy,[305]
,,0.0,0.015417,  free_base,[268]
,,,,,
,,0.0,0.062159,  TComPic::destroy,[262]
[287],0.0,0.0,0.062159,TComPicSym::destroy,[287]
,,0.0,0.062159,  TComDataCU::destroy,[286]
,,,,,
,,0.015529,0.0,  TEncSbac::codeMergeIndex,[242]
,,0.015533,0.0,  TEncSbac::codeLastSignificantXY,[164]
,,0.015597,0.0,  TEncSbac::codeMvd,[255]
[288],0.0,0.046660,0.0,TEncBinCABACCounter::encodeBinEP,[288]
,,,,,
,,0.031147,0.015512,  TEncSbac::codeMVPIdx,[265]
[289],0.0,0.031147,0.015512,TEncSbac::xWriteUnaryMaxSymbol,[289]
,,0.015512,0.0,  TEncBinCABACCounter::encodeBin,[101]
,,,,,
,,0.046641,0.0,  TComSampleAdaptiveOffset::offsetCTU,[291]
[290],0.0,0.046641,0.0,TComSampleAdaptiveOffset::offsetBlock,[290]
,,,,,
,,0.0,0.046641,  TEncSampleAdaptiveOffset::decideBlkParams,[269]
[291],0.0,0.0,0.046641,TComSampleAdaptiveOffset::offsetCTU,[291]
,,0.046641,0.0,  TComSampleAdaptiveOffset::offsetBlock,[290]
,,,,,
,,0.046634,0.0,  TComLoopFilter::xEdgeFilterLuma,[279]
[292],0.0,0.046634,0.0,TComLoopFilter::xPelFilterLuma,[292]
,,,,,
,,0.0,0.046615,  TEncSampleAdaptiveOffset::decideBlkParams,[269]
[293],0.0,0.0,0.046615,TEncSampleAdaptiveOffset::deriveModeNewRDO,[293]
,,0.046615,0.0,  TEncSampleAdaptiveOffset::deriveOffsets,[294]
,,,,,
,,0.046615,0.0,  TEncSampleAdaptiveOffset::deriveModeNewRDO,[293]
[294],0.0,0.046615,0.0,TEncSampleAdaptiveOffset::deriveOffsets,[294]
,,,,,
,,0.031188,0.0,  TEncSearch::encodeResAndCalcRdInterCU,[15]
[295],0.0,0.031188,0.0,TEncSbac::codeQtRootCbfZero,[295]
,,,,,
,,0.031148,0.0,  TEncCu::xCompressCU <cycle 13>,[11]
[296],0.0,0.031148,0.0,"std::deque<class TComSlice *,class std::allocator<class TComSlice *> >::begin",[296]
,,,,,
,,0.031120,0.0,  TEncSearch::xAddSymbolBitsInter,[112]
[297],0.0,0.031120,0.0,TEncSbac::codePredMode,[297]
,,,,,
,,0.031091,0.0,  TEncSbac::codeCoeffNxN,[67]
[298],0.0,0.031091,0.0,TEncBinCABAC::encodeBin,[298]
,,,,,
,,0.015539,0.0,  TEncEntropy::encodePredInfo,[165]
,,0.015550,0.0,  TEncSearch::xEncIntraHeader,[200]
[299],0.0,0.031088,0.0,TEncSbac::codeIntraDirChroma,[299]
,,,,,
,,0.0,0.031083,  TEncGOP::compressGOP,[7]
[300],0.0,0.0,0.031083,TComSlice::setRefPicList,[300]
,,0.031083,0.0,  TComPicYuv::extendPicBorder,[273]
,,,,,
,,0.0,0.031071,  TComDataCU::create,[257]
[301],0.0,0.0,0.031071,operator new,[301]
,,0.0,0.031071,  malloc_base,[271]
,,,,,
,,0.015608,0.0,  TComPrediction::predIntraAng,[102]
[302],0.0,0.015608,0.0,TComPrediction::xDCPredFiltering,[302]
,,,,,
,,0.015606,0.0,  TEncCu::finishCU,[282]
[303],0.0,0.015606,0.0,TComDataCU::isLastSubCUOfCtu,[303]
,,,,,
,,0.015587,0.0,  TEncEntropy::encodePUWise,[170]
[304],0.0,0.015587,0.0,TEncSbac::codeMergeFlag,[304]
,,,,,
,,0.015578,0.0,  TComDataCU::destroy,[286]
[305],0.0,0.015578,0.0,TComCUMvField::destroy,[305]
,,,,,
,,0.015567,0.0,  TEncSampleAdaptiveOffset::getStatistics,[136]
[306],0.0,0.015567,0.0,TComPicSym::deriveLoopFilterBoundaryAvailibility,[306]
,,,,,
,,0.015567,0.0,  TEncCu::finishCU,[282]
[307],0.0,0.015567,0.0,TEncBinCABACCounter::encodeBinTrm,[307]
,,,,,
,,0.015563,0.0,  TEncSlice::compressSlice,[8]
[308],0.0,0.015563,0.0,TEncSbac::resetEntropy,[308]
,,,,,
,,0.015559,0.0,  fgetc,[225]
[309],0.0,0.015559,0.0,RtlEnterCriticalSection,[309]
,,,,,
,,0.015546,0.0,  TComPic::compressMotion,[311]
[310],0.0,0.015546,0.0,TComCUMvField::compress,[310]
,,,,,
,,0.0,0.015546,  TEncGOP::compressGOP,[7]
[311],0.0,0.0,0.015546,TComPic::compressMotion,[311]
,,0.015546,0.0,  TComCUMvField::compress,[310]
,,,,,
,,0.015534,0.0,  TComPrediction::xPredIntraAng,[108]
[312],0.0,0.015534,0.0,TComPrediction::predIntraGetPredValDC,[312]
,,,,,
,,0.015518,0.0,  TEncSbac::codeMvd,[255]
[313],0.0,0.015518,0.0,TEncSbac::xWriteEpExGolomb,[313]
,,,,,
,,0.015488,0.0,  TEncSearch::xEstimateInterResidualQT <cycle 7>,[16]
[314],0.0,0.015488,0.0,TEncSbac::codeCrossComponentPrediction,[314]
,,,,,
,,0.010767,0.0,  try_get_function,[320]
[315],0.0,0.010767,0.0,LoadLibraryExW,[315]
,,,,,
,,0.0,0.010767,  _acrt_get_process_end_policy,[317]
[316],0.0,0.0,0.010767,_acrt_AppPolicyGetProcessTerminationMethodInternal,[316]
,,0.0,0.010767,  try_get_function,[320]
,,,,,
,,0.0,0.010767,  exit_or_terminate_process,[319]
[317],0.0,0.0,0.010767,_acrt_get_process_end_policy,[317]
,,0.0,0.010767,  _acrt_AppPolicyGetProcessTerminationMethodInternal,[316]
,,,,,
,,0.0,0.010767,  _scrt_common_main_seh,[3]
[318],0.0,0.0,0.010767,common_exit,[318]
,,0.0,0.010767,  exit_or_terminate_process,[319]
,,,,,
,,0.0,0.010767,  common_exit,[318]
[319],0.0,0.0,0.010767,exit_or_terminate_process,[319]
,,0.0,0.010767,  _acrt_get_process_end_policy,[317]
,,,,,
,,0.0,0.010767,  _acrt_AppPolicyGetProcessTerminationMethodInternal,[316]
[320],0.0,0.0,0.010767,try_get_function,[320]
,,0.010767,0.0,  LoadLibraryExW,[315]
,,,,,


Index by function name

Index,Function
[1],BaseThreadInitThunk
[315],LoadLibraryExW
[110],QpParam::QpParam
[228],ReadFile
[270],RtlAllocateHeap
[309],RtlEnterCriticalSection
[267],RtlFreeHeap
[2],RtlUserThreadStart
[4],TAppEncTop::encode
[167],TComBitCounter::getNumberOfWrittenBits
[196],TComBitCounter::resetBits
[310],TComCUMvField::compress
[305],TComCUMvField::destroy
[123],TComCUMvField::setAll<class TComMv>
[141],TComCUMvField::setAll<signed char>
[248],TComDataCU::CUIsFromSameSliceAndTile
[152],TComDataCU::copyPartFrom
[148],TComDataCU::copyToPic
[257],TComDataCU::create
[193],TComDataCU::deriveLeftBottomIdx
[244],TComDataCU::deriveLeftBottomIdxGeneral
[180],TComDataCU::deriveLeftRightTopIdx
[221],TComDataCU::deriveLeftRightTopIdxGeneral
[185],TComDataCU::deriveRightBottomIdx
[286],TComDataCU::destroy
[66],TComDataCU::fillMvpCand
[157],TComDataCU::getCoefScanIdx
[189],TComDataCU::getCtxSkipFlag
[256],TComDataCU::getCtxSplitFlag
[100],TComDataCU::getInterMergeCandidates
[210],TComDataCU::getIntraDirPredictor
[194],TComDataCU::getNumPartitions
[220],TComDataCU::getPUAboveLeft
[169],TComDataCU::getPUAboveRight
[145],TComDataCU::getPUBelowLeft
[202],TComDataCU::getPULeft
[135],TComDataCU::getPartIndexAndSize
[243],TComDataCU::getPartPosition
[149],TComDataCU::getQuadtreeTULog2MinSizeInCU
[199],TComDataCU::hasEqualMotion
[211],TComDataCU::initCtu
[74],TComDataCU::initEstData
[142],TComDataCU::initSubCU
[303],TComDataCU::isLastSubCUOfCtu
[261],TComDataCU::isLosslessCoded
[188],TComDataCU::setSubPart<bool>
[133],TComDataCU::setSubPart<signed char>
[181],TComDataCU::setSubPart<unsigned char>
[89],TComDataCU::xAddMVPCandUnscaled
[153],TComDataCU::xAddMVPCandWithScaling
[107],TComDataCU::xGetColMVP
[171],TComDataCU::xGetDistScaleFactor
[62],"TComInterpolationFilter::filter<4,0,1,0>"
[155],"TComInterpolationFilter::filter<4,0,1,1>"
[85],"TComInterpolationFilter::filter<4,1,0,0>"
[105],"TComInterpolationFilter::filter<4,1,0,1>"
[150],"TComInterpolationFilter::filter<4,1,1,0>"
[179],"TComInterpolationFilter::filter<4,1,1,1>"
[29],"TComInterpolationFilter::filter<8,0,1,0>"
[65],"TComInterpolationFilter::filter<8,0,1,1>"
[64],"TComInterpolationFilter::filter<8,1,0,0>"
[20],"TComInterpolationFilter::filter<8,1,0,1>"
[79],"TComInterpolationFilter::filter<8,1,1,0>"
[70],"TComInterpolationFilter::filter<8,1,1,1>"
[44],TComInterpolationFilter::filterCopy
[35],TComInterpolationFilter::filterHor
[40],TComInterpolationFilter::filterVer
[208],TComLoopFilter::loopFilterPic
[209],TComLoopFilter::xDeblockCU
[278],TComLoopFilter::xEdgeFilterChroma
[279],TComLoopFilter::xEdgeFilterLuma
[275],TComLoopFilter::xGetBoundaryStrengthSingle
[292],TComLoopFilter::xPelFilterLuma
[284],TComLoopFilter::xSetEdgefilterTU
[311],TComPic::compressMotion
[258],TComPic::create
[262],TComPic::destroy
[259],TComPicSym::create
[306],TComPicSym::deriveLoopFilterBoundaryAvailibility
[287],TComPicSym::destroy
[192],TComPicYuv::copyToPic
[281],TComPicYuv::destroy
[273],TComPicYuv::extendPicBorder
[280],TComPrediction::filteringIntraReferenceSamples
[126],TComPrediction::initIntraPatternChType
[31],TComPrediction::motionCompensation
[102],TComPrediction::predIntraAng
[312],TComPrediction::predIntraGetPredValDC
[132],TComPrediction::xCheckIdenticalMotion
[302],TComPrediction::xDCPredFiltering
[28],TComPrediction::xPredInterBi
[24],TComPrediction::xPredInterBlk
[30],TComPrediction::xPredInterUni
[108],TComPrediction::xPredIntraAng
[195],TComPrediction::xPredIntraPlanar
[263],TComRdCost::calcRdCost
[57],TComRdCost::getBitsOfVectorWithPredictor
[63],TComRdCost::getDistPart
[104],TComRdCost::setDistParam
[56],TComRdCost::xCalcHADs4x4
[21],TComRdCost::xCalcHADs8x8
[19],TComRdCost::xGetHADs
[274],TComRdCost::xGetSAD
[219],TComRdCost::xGetSAD12
[49],TComRdCost::xGetSAD16
[190],TComRdCost::xGetSAD24
[55],TComRdCost::xGetSAD32
[83],TComRdCost::xGetSAD4
[61],TComRdCost::xGetSAD64
[52],TComRdCost::xGetSAD8
[118],TComRdCost::xGetSSE16
[137],TComRdCost::xGetSSE32
[97],TComRdCost::xGetSSE4
[183],TComRdCost::xGetSSE64
[111],TComRdCost::xGetSSE8
[290],TComSampleAdaptiveOffset::offsetBlock
[291],TComSampleAdaptiveOffset::offsetCTU
[300],TComSlice::setRefPicList
[206],TComTU::TComTU
[114],TComTU::TComTU
[172],TComTU::getGolombRiceStatisticsIndex
[109],TComTURecurse::nextSection
[76],TComTrQuant::getSigCtxInc
[238],TComTrQuant::invRdpcmNxN
[72],TComTrQuant::invTransformNxN
[96],TComTrQuant::rdpcmNxN
[23],TComTrQuant::transformNxN
[122],TComTrQuant::xDeQuant
[71],TComTrQuant::xGetCodedLevel
[127],TComTrQuant::xGetICRate
[86],TComTrQuant::xIT
[245],TComTrQuant::xITransformSkip
[26],TComTrQuant::xQuant
[27],TComTrQuant::xRateDistOptQuant
[47],TComTrQuant::xT
[106],TComTrQuant::xTransformSkip
[58],TComYuv::addAvg
[92],TComYuv::addClip
[59],TComYuv::clear
[184],TComYuv::copyFromPicComponent
[80],TComYuv::copyPartToPartComponent
[216],TComYuv::copyPartToPartComponentMxN
[75],TComYuv::copyPartToPartYuv
[134],TComYuv::copyToPartComponent
[162],TComYuv::copyToPicComponent
[156],TComYuv::copyToPicYuv
[90],TComYuv::getAddr
[117],TComYuv::getAddr
[166],TComYuv::getStride
[113],TComYuv::removeHighFreq
[125],TComYuv::subtract
[116],TEncBinCABAC::copyState
[298],TEncBinCABAC::encodeBin
[173],TEncBinCABAC::getTEncBinCABAC
[178],TEncBinCABAC::resetBits
[101],TEncBinCABACCounter::encodeBin
[288],TEncBinCABACCounter::encodeBinEP
[307],TEncBinCABACCounter::encodeBinTrm
[222],TEncBinCABACCounter::encodeBinsEP
[143],TEncBinCABACCounter::getNumWrittenBits
[9],TEncCu::compressCtu
[282],TEncCu::finishCU
[203],TEncCu::xCheckBestMode
[266],TEncCu::xCheckDQP
[12],TEncCu::xCheckRDCostInter
[45],TEncCu::xCheckRDCostIntra
[25],TEncCu::xCheckRDCostMerge2Nx2N
[11],TEncCu::xCompressCU
[186],TEncCu::xCopyYuv2Pic
[161],TEncCu::xCopyYuv2Tmp
[213],TEncCu::xEncodeCU
[237],TEncEntropy::encodeCoeff
[68],TEncEntropy::encodeCoeffNxN
[170],TEncEntropy::encodePUWise
[165],TEncEntropy::encodePredInfo
[131],TEncEntropy::xEncodeTransform
[7],TEncGOP::compressGOP
[239],TEncGOP::xCalculateAddPSNR
[240],TEncGOP::xCalculateAddPSNRs
[129],TEncSampleAdaptiveOffset::SAOProcess
[269],TEncSampleAdaptiveOffset::decideBlkParams
[293],TEncSampleAdaptiveOffset::deriveModeNewRDO
[294],TEncSampleAdaptiveOffset::deriveOffsets
[138],TEncSampleAdaptiveOffset::getBlkStats
[136],TEncSampleAdaptiveOffset::getStatistics
[67],TEncSbac::codeCoeffNxN
[314],TEncSbac::codeCrossComponentPrediction
[246],TEncSbac::codeInterDir
[299],TEncSbac::codeIntraDirChroma
[168],TEncSbac::codeIntraDirLumaAng
[164],TEncSbac::codeLastSignificantXY
[265],TEncSbac::codeMVPIdx
[304],TEncSbac::codeMergeFlag
[242],TEncSbac::codeMergeIndex
[255],TEncSbac::codeMvd
[227],TEncSbac::codePartSize
[297],TEncSbac::codePredMode
[120],TEncSbac::codeQtCbf
[151],TEncSbac::codeQtCbfZero
[249],TEncSbac::codeQtRootCbf
[295],TEncSbac::codeQtRootCbfZero
[272],TEncSbac::codeRefFrmIdx
[182],TEncSbac::codeSkipFlag
[250],TEncSbac::codeSplitFlag
[223],TEncSbac::codeTransformSkipFlags
[247],TEncSbac::codeTransformSubdivFlag
[60],TEncSbac::estBit
[121],TEncSbac::estCBFBit
[91],TEncSbac::estLastSignificantPositionBit
[146],TEncSbac::estSignificantCoeffGroupMapBit
[95],TEncSbac::estSignificantCoefficientsBit
[82],TEncSbac::estSignificantMapBit
[187],TEncSbac::getNumberOfWrittenBits
[139],TEncSbac::resetBits
[308],TEncSbac::resetEntropy
[191],TEncSbac::xWriteCoefRemainExGolomb
[313],TEncSbac::xWriteEpExGolomb
[289],TEncSbac::xWriteUnaryMaxSymbol
[15],TEncSearch::encodeResAndCalcRdInterCU
[81],TEncSearch::estIntraPredChromaQT
[46],TEncSearch::estIntraPredLumaQT
[13],TEncSearch::predInterSearch
[205],TEncSearch::setWpScalingDistParam
[112],TEncSearch::xAddSymbolBitsInter
[124],TEncSearch::xCheckBestMVP
[99],TEncSearch::xEncCoeffQT
[200],TEncSearch::xEncIntraHeader
[176],TEncSearch::xEncSubdivCbfQT
[77],TEncSearch::xEncodeInterResidualQT
[16],TEncSearch::xEstimateInterResidualQT
[33],TEncSearch::xEstimateMvPredAMVP
[32],TEncSearch::xExtDIFUpSamplingH
[22],TEncSearch::xExtDIFUpSamplingQ
[204],TEncSearch::xGetBlkBits
[34],TEncSearch::xGetInterPredictionError
[39],TEncSearch::xGetTemplateCost
[54],TEncSearch::xIntraCodingTUBlock
[212],TEncSearch::xLoadIntraResultQT
[36],TEncSearch::xMergeEstimation
[160],TEncSearch::xModeBitsIntra
[14],TEncSearch::xMotionEstimation
[18],TEncSearch::xPatternRefinement
[41],TEncSearch::xPatternSearch
[87],TEncSearch::xRecurIntraChromaCodingQT
[50],TEncSearch::xRecurIntraCodingLumaQT
[159],TEncSearch::xSetInterResidualQTData
[234],TEncSearch::xSetIntraResultChromaQT
[251],TEncSearch::xSetIntraResultLumaQT
[140],TEncSearch::xSetSearchRange
[217],TEncSearch::xStoreIntraResultQT
[175],TEncSearch::xTZ2PointSearch
[42],TEncSearch::xTZ8PointDiamondSearch
[37],TEncSearch::xTZSearch
[38],TEncSearch::xTZSearchHelp
[218],TEncSearch::xUpdateCandList
[8],TEncSlice::compressSlice
[241],TEncSlice::encodeSlice
[6],TEncTop::encode
[260],TEncTop::xGetNewPicBuffer
[253],TVideoIOYuv::ColourSpaceConvert
[201],TVideoIOYuv::read
[277],[Unknown stack frame(s)]
[316],_acrt_AppPolicyGetProcessTerminationMethodInternal
[317],_acrt_get_process_end_policy
[119],_chkstk
[3],_scrt_common_main_seh
[115],_security_check_cookie
[264],aligned_free
[285],aligned_offset_malloc_base
[318],common_exit
[229],common_refill_and_read_nolock<char>
[254],copyPlane
[319],exit_or_terminate_process
[197],fastForwardDst
[224],fastInverseDst
[225],fgetc
[163],fillReferenceSamples
[198],floor
[268],free_base
[103],getTUEntropyCodingParameters
[236],isAboveAvailable
[235],isLeftAvailable
[5],main
[271],malloc_base
[48],memcpy
[43],memset
[301],operator new
[69],partialButterfly16
[73],partialButterfly32
[93],partialButterfly4
[84],partialButterfly8
[144],partialButterflyInverse16
[128],partialButterflyInverse32
[232],partialButterflyInverse4
[154],partialButterflyInverse8
[230],read
[215],readPlane
[231],read_nolock
[147],std::_Deque_const_iterator<class std::_Deque_val<struct std::_Deque_simple_types<class TComSlice *> > >::operator+
[276],std::_Deque_iterator<class std::_Deque_val<struct std::_Deque_simple_types<class TComSlice *> > >::operator+
[226],"std::basic_istream<char,struct std::char_traits<char> >::read"
[174],"std::deque<class TComSlice *,class std::allocator<class TComSlice *> >::begin"
[296],"std::deque<class TComSlice *,class std::allocator<class TComSlice *> >::begin"
[320],try_get_function
[94],xITrMxN
[53],xTrMxN
[130],<cycle 1>
[214],<cycle 2>
[207],<cycle 3>
[283],<cycle 4>
[158],<cycle 5>
[78],<cycle 6>
[17],<cycle 7>
[233],<cycle 8>
[98],<cycle 9>
[88],<cycle 10>
[252],<cycle 11>
[51],<cycle 12>
[10],<cycle 13>
[177],<cycle 14>
