Index,% CPU Time:Total,CPU Time:Self,CPU Time:Children,Name,Index
,,0.0,18.880317,  RtlUserThreadStart,[2]
[1],100.0,0.0,18.880317,BaseThreadInitThunk,[1]
,,0.0,18.880317,  _scrt_common_main_seh,[4]
,,,,,
,,,,  <spontaneous>,
[2],100.0,0.0,18.880317,RtlUserThreadStart,[2]
,,0.0,18.880317,  BaseThreadInitThunk,[1]
,,,,,
,,0.0,18.880317,  main,[5]
[3],100.0,0.0,18.880317,TAppDecTop::decode,[3]
,,0.048941,0.0,  convertPayloadToRBSP,[119]
,,0.0,0.015583,  TAppDecTop::xFlushOutput,[144]
,,0.0,0.655306,  TAppDecTop::xWriteOutput,[40]
,,0.0,0.014879,  TDecCu::destroy,[161]
,,0.0,2.782640,  TDecGop::filterPicture,[22]
,,0.0,13.484253,  TDecTop::decode,[6]
,,0.0,1.878715,  byteStreamNALUnit,[27]
,,,,,
,,0.0,18.880317,  BaseThreadInitThunk,[1]
[4],100.0,0.0,18.880317,_scrt_common_main_seh,[4]
,,0.0,18.880317,  main,[5]
,,,,,
,,0.0,18.880317,  _scrt_common_main_seh,[4]
[5],100.0,0.0,18.880317,main,[5]
,,0.0,18.880317,  TAppDecTop::decode,[3]
,,,,,
,,0.0,13.484253,  TAppDecTop::decode,[3]
[6],71.42,0.0,13.484253,TDecTop::decode,[6]
,,0.0,13.484253,  TDecTop::xDecodeSlice,[7]
,,,,,
,,0.0,13.484253,  TDecTop::decode,[6]
[7],71.42,0.0,13.484253,TDecTop::xDecodeSlice,[7]
,,0.015546,0.0,  TComTrQuant::setErrScaleCoeff,[151]
,,0.0,12.425365,  TDecGop::decompressSlice,[8]
,,0.0,1.043342,  TDecTop::xActivateParameterSets,[34]
,,,,,
,,0.0,12.425365,  TDecTop::xDecodeSlice,[7]
[8],65.81,0.0,12.425365,TDecGop::decompressSlice,[8]
,,0.0,12.425365,  TDecSlice::decompressSlice,[9]
,,,,,
,,0.0,12.425365,  TDecGop::decompressSlice,[8]
[9],65.81,0.0,12.425365,TDecSlice::decompressSlice,[9]
,,0.124523,6.204334,  TDecCu::xDecodeCU <cycle 4>,[11]
,,0.046779,5.754322,  TDecCu::xDecompressCU <cycle 6>,[13]
,,0.046739,0.233097,  TComDataCU::initCtu,[76]
,,0.015571,0.0,  TDecSbac::parseSAOBlkParam,[147]
,,,,,
,,0.124523,6.204334,  TDecSlice::decompressSlice,[9]
[10],33.52,0.124523,6.204334,<cycle 4 as a whole>,[10]
,,0.124523,6.204334,  TDecCu::xDecodeCU <cycle 4>,[11]
,,,,,
,,,,  TDecCu::xDecodeCU <cycle 4>,[11]
,,0.124523,6.204334,  TDecSlice::decompressSlice,[9]
[11],33.52,0.124523,6.204334,TDecCu::xDecodeCU <cycle 4>,[11]
,,0.031174,0.0,  TDecSbac::parseSplitFlag,[127]
,,0.015558,0.046683,  TDecSbac::parsePartSize,[108]
,,0.015503,5.815599,  TDecEntropy::decodeCoeff,[12]
,,,,  TDecCu::xDecodeCU <cycle 4>,[11]
,,0.0,0.015520,  TDecCu::xFinishDecodeCU,[159]
,,0.0,0.264297,  TDecEntropy::decodePredInfo,[77]
,,,,,
,,0.015503,5.815599,  TDecCu::xDecodeCU <cycle 4>,[11]
[12],30.88,0.015503,5.815599,TDecEntropy::decodeCoeff,[12]
,,0.186766,5.597728,  TDecEntropy::xDecodeTransform <cycle 3>,[16]
,,0.015564,0.0,  TComTU::TComTU,[81]
,,0.015542,0.0,  TComDataCU::getQuadtreeTULog2MinSizeInCU,[152]
,,,,,
,,,,  TDecCu::xDecompressCU <cycle 6>,[13]
,,0.046779,5.754322,  TDecSlice::decompressSlice,[9]
[13],30.73,0.046779,5.754322,TDecCu::xDecompressCU <cycle 6>,[13]
,,0.077767,5.552067,  TDecCu::xReconIntraQT,[17]
,,0.015538,0.0,  TComYuv::clear,[153]
,,0.015528,0.0,  TComDataCU::copySubCU,[155]
,,0.0,0.093422,  TDecCu::xCopyToPic,[100]
,,,,  TDecCu::xDecompressCU <cycle 6>,[13]
,,,,,
,,0.046779,5.754322,  TDecSlice::decompressSlice,[9]
[14],30.73,0.046779,5.754322,<cycle 6 as a whole>,[14]
,,0.046779,5.754322,  TDecCu::xDecompressCU <cycle 6>,[13]
,,,,,
,,0.186766,5.597728,  TDecEntropy::decodeCoeff,[12]
[15],30.64,0.186766,5.597728,<cycle 3 as a whole>,[15]
,,0.186766,5.597728,  TDecEntropy::xDecodeTransform <cycle 3>,[16]
,,,,,
,,,,  TDecEntropy::xDecodeTransform <cycle 3>,[16]
,,0.186766,5.597728,  TDecEntropy::decodeCoeff,[12]
[16],30.64,0.186766,5.597728,TDecEntropy::xDecodeTransform <cycle 3>,[16]
,,1.632492,3.685309,  TDecSbac::parseCoeffNxN,[18]
,,0.077787,0.108829,  TDecSbac::parseQtCbf,[84]
,,0.031089,0.0,  TComTU::TComTU,[86]
,,0.015590,0.0,  TDecSbac::parseTransformSubdivFlag,[137]
,,0.015571,0.0,  TComTURecurse::nextSection,[87]
,,0.015537,0.0,  memset,[57]
,,0.015524,0.0,  TDecSbac::parseCrossComponentPrediction,[156]
,,,,  TDecEntropy::xDecodeTransform <cycle 3>,[16]
,,,,,
,,0.077767,5.552067,  TDecCu::xDecompressCU <cycle 6>,[13]
[17],29.82,0.077767,5.552067,TDecCu::xReconIntraQT,[17]
,,0.124248,0.0,  TComTURecurse::nextSection,[87]
,,0.093477,0.0,  TComTU::TComTU,[81]
,,0.077907,0.0,  TComTU::TComTU,[86]
,,0.031189,5.225247,  TDecCu::xIntraRecQT <cycle 5>,[19]
,,,,,
,,1.632492,3.685309,  TDecEntropy::xDecodeTransform <cycle 3>,[16]
[18],28.17,1.632492,3.685309,TDecSbac::parseCoeffNxN,[18]
,,1.383972,0.0,  TDecBinCABAC::decodeBin,[29]
,,0.699589,0.0,  TComTrQuant::getSigCtxInc,[39]
,,0.404317,0.0,  TDecBinCABAC::decodeBinsEP,[38]
,,0.108974,0.498074,  TDecSbac::xReadCoefRemainExGolomb,[47]
,,0.093237,0.263824,  TDecSbac::parseLastSignificantXY,[67]
,,0.062252,0.062251,  getTUEntropyCodingParameters,[95]
,,0.046652,0.0,  memset,[57]
,,0.046631,0.0,  TDecSbac::parseTransformSkipFlags,[122]
,,0.015536,0.0,  TComTU::getGolombRiceStatisticsIndex,[154]
,,,,,
,,,,  TDecCu::xIntraRecQT <cycle 5>,[19]
,,0.031189,5.225247,  TDecCu::xReconIntraQT,[17]
[19],27.84,0.031189,5.225247,TDecCu::xIntraRecQT <cycle 5>,[19]
,,0.808757,4.416489,  TDecCu::xIntraRecBlk,[21]
,,,,  TDecCu::xIntraRecQT <cycle 5>,[19]
,,,,,
,,0.031189,5.225247,  TDecCu::xReconIntraQT,[17]
[20],27.84,0.031189,5.225247,<cycle 5 as a whole>,[20]
,,0.031189,5.225247,  TDecCu::xIntraRecQT <cycle 5>,[19]
,,,,,
,,0.808757,4.416489,  TDecCu::xIntraRecQT <cycle 5>,[19]
[21],27.68,0.808757,4.416489,TDecCu::xIntraRecBlk,[21]
,,0.435264,0.933119,  TComPrediction::initIntraPatternChType,[32]
,,0.171157,0.0,  TComYuv::getAddr,[85]
,,0.093303,0.0,  QpParam::QpParam,[102]
,,0.062221,0.824592,  TComPrediction::predIntraAng,[37]
,,0.046647,1.834604,  TComTrQuant::invTransformNxN,[26]
,,0.015582,0.0,  TComPrediction::filteringIntraReferenceSamples,[146]
,,,,,
,,0.0,2.782640,  TAppDecTop::decode,[3]
[22],14.74,0.0,2.782640,TDecGop::filterPicture,[22]
,,0.0,1.926273,  TComLoopFilter::loopFilterPic,[25]
,,0.0,0.015565,  TComPic::compressMotion,[149]
,,0.0,0.155808,  TComPicYuv::copyToPic,[88]
,,0.0,0.607548,  TComSampleAdaptiveOffset::offsetCTU,[46]
,,0.0,0.015588,  TComSampleAdaptiveOffset::reconstructBlkSAOParams,[140]
,,0.0,0.061859,  printf,[116]
,,,,,
,,,,  TComLoopFilter::xDeblockCU <cycle 1>,[23]
,,0.076839,1.849434,  TComLoopFilter::loopFilterPic,[25]
[23],10.2,0.076839,1.849434,TComLoopFilter::xDeblockCU <cycle 1>,[23]
,,0.575052,0.046108,  TComLoopFilter::xEdgeFilterChroma,[44]
,,0.348611,0.092654,  TComLoopFilter::xSetEdgefilterTU <cycle 2>,[54]
,,0.307962,0.246031,  TComLoopFilter::xEdgeFilterLuma,[51]
,,0.123485,0.0,  TComTU::TComTU,[81]
,,0.035032,0.0,  TComLoopFilter::xGetBoundaryStrengthSingle,[125]
,,0.030393,0.0,  TComLoopFilter::xSetEdgefilterPU,[132]
,,0.015152,0.0,  _security_check_cookie,[131]
,,,,  TComLoopFilter::xDeblockCU <cycle 1>,[23]
,,0.0,0.028954,  TComLoopFilter::xSetLoopfilterParam,[133]
,,,,,
,,0.076839,1.849434,  TComLoopFilter::loopFilterPic,[25]
[24],10.2,0.076839,1.849434,<cycle 1 as a whole>,[24]
,,0.076839,1.849434,  TComLoopFilter::xDeblockCU <cycle 1>,[23]
,,,,,
,,0.0,1.926273,  TDecGop::filterPicture,[22]
[25],10.2,0.0,1.926273,TComLoopFilter::loopFilterPic,[25]
,,0.076839,1.849434,  TComLoopFilter::xDeblockCU <cycle 1>,[23]
,,,,,
,,0.046647,1.834604,  TDecCu::xIntraRecBlk,[21]
[26],9.96,0.046647,1.834604,TComTrQuant::invTransformNxN,[26]
,,0.528683,0.0,  TComTrQuant::xDeQuant,[52]
,,0.155616,1.088108,  TComTrQuant::xIT,[33]
,,0.046674,0.0,  TComTrQuant::invRdpcmNxN,[120]
,,0.015523,0.0,  TComTrQuant::xITransformSkip,[157]
,,,,,
,,0.0,1.878715,  TAppDecTop::decode,[3]
[27],9.95,0.0,1.878715,byteStreamNALUnit,[27]
,,0.122710,1.756005,  byteStreamNALUnit,[28]
,,,,,
,,0.122710,1.756005,  byteStreamNALUnit,[27]
[28],9.95,0.122710,1.756005,byteStreamNALUnit,[28]
,,0.259548,1.450970,  InputByteStream::eofBeforeNBytes,[30]
,,0.045487,0.0,"  std::vector<unsigned char,class std::allocator<unsigned char> >::emplace_back<unsigned char>",[124]
,,,,,
,,0.015519,0.0,  TDecSbac::parseIntraDirChroma,[121]
,,0.015573,0.0,  TDecSbac::parsePartSize,[108]
,,0.031098,0.0,  TDecSbac::parseIntraDirLumaAng,[82]
,,0.108829,0.0,  TDecSbac::parseQtCbf,[84]
,,0.248239,0.0,  TDecSbac::parseLastSignificantXY,[67]
,,1.383972,0.0,  TDecSbac::parseCoeffNxN,[18]
[29],9.55,1.803229,0.0,TDecBinCABAC::decodeBin,[29]
,,,,,
,,0.259548,1.450970,  byteStreamNALUnit,[28]
[30],9.06,0.259548,1.450970,InputByteStream::eofBeforeNBytes,[30]
,,1.292764,0.158206,"  std::basic_istream<char,struct std::char_traits<char> >::get",[31]
,,,,,
,,1.292764,0.158206,  InputByteStream::eofBeforeNBytes,[30]
[31],7.69,1.292764,0.158206,"std::basic_istream<char,struct std::char_traits<char> >::get",[31]
,,0.015582,0.0,  unlock_file,[145]
,,0.0,0.142624,  fgetc,[92]
,,,,,
,,0.435264,0.933119,  TDecCu::xIntraRecBlk,[21]
[32],7.25,0.435264,0.933119,TComPrediction::initIntraPatternChType,[32]
,,0.482299,0.0,  fillReferenceSamples,[53]
,,0.124416,0.0,  TComDataCU::getPUAboveRight,[97]
,,0.093374,0.0,  TComDataCU::getPUBelowLeft,[101]
,,0.093272,0.0,  isLeftAvailable,[103]
,,0.093186,0.0,  isAboveAvailable,[104]
,,0.046572,0.0,  TComDataCU::getPUAboveLeft,[123]
,,,,,
,,0.155616,1.088108,  TComTrQuant::invTransformNxN,[26]
[33],6.59,0.155616,1.088108,TComTrQuant::xIT,[33]
,,0.031175,0.0,  _chkstk,[126]
,,0.031099,0.0,  memcpy,[78]
,,0.0,1.025835,  xITrMxN,[36]
,,,,,
,,0.0,1.043342,  TDecTop::xDecodeSlice,[7]
[34],5.53,0.0,1.043342,TDecTop::xActivateParameterSets,[34]
,,0.0,0.015588,  TComSampleAdaptiveOffset::create,[141]
,,0.0,1.027755,  TDecTop::xGetNewPicBuffer,[35]
,,,,,
,,0.0,1.027755,  TDecTop::xActivateParameterSets,[34]
[35],5.44,0.0,1.027755,TDecTop::xGetNewPicBuffer,[35]
,,0.0,0.622145,  TComPic::create,[43]
,,0.0,0.405609,  TComPic::destroy,[58]
,,,,,
,,0.0,1.025835,  TComTrQuant::xIT,[33]
[36],5.43,0.0,1.025835,xITrMxN,[36]
,,0.435326,0.0,  partialButterflyInverse8,[56]
,,0.248536,0.0,  partialButterflyInverse32,[79]
,,0.155454,0.0,  partialButterflyInverse16,[89]
,,0.124496,0.0,  partialButterflyInverse4,[96]
,,0.062023,0.0,  fastInverseDst,[110]
,,,,,
,,0.062221,0.824592,  TDecCu::xIntraRecBlk,[21]
[37],4.7,0.062221,0.824592,TComPrediction::predIntraAng,[37]
,,0.513580,0.046610,  TComPrediction::xPredIntraAng,[49]
,,0.233294,0.0,  TComPrediction::xPredIntraPlanar,[80]
,,0.031108,0.0,  TComPrediction::xDCPredFiltering,[129]
,,,,,
,,0.015559,0.0,  TDecSbac::parseIntraDirChroma,[121]
,,0.046623,0.0,  TDecSbac::parseIntraDirLumaAng,[82]
,,0.233568,0.0,  TDecSbac::xReadCoefRemainExGolomb,[47]
,,0.404317,0.0,  TDecSbac::parseCoeffNxN,[18]
[38],3.71,0.700066,0.0,TDecBinCABAC::decodeBinsEP,[38]
,,,,,
,,0.699589,0.0,  TDecSbac::parseCoeffNxN,[18]
[39],3.71,0.699589,0.0,TComTrQuant::getSigCtxInc,[39]
,,,,,
,,0.0,0.655306,  TAppDecTop::decode,[3]
[40],3.47,0.0,0.655306,TAppDecTop::xWriteOutput,[40]
,,0.0,0.655306,  TVideoIOYuv::write,[41]
,,,,,
,,0.0,0.655306,  TAppDecTop::xWriteOutput,[40]
[41],3.47,0.0,0.655306,TVideoIOYuv::write,[41]
,,0.319771,0.335535,  writePlane,[42]
,,,,,
,,0.319771,0.335535,  TVideoIOYuv::write,[41]
[42],3.47,0.319771,0.335535,writePlane,[42]
,,0.015257,0.320278,"  std::basic_ostream<char,struct std::char_traits<char> >::write",[68]
,,,,,
,,0.0,0.622145,  TDecTop::xGetNewPicBuffer,[35]
[43],3.3,0.0,0.622145,TComPic::create,[43]
,,0.0,0.606502,  TComPicSym::create,[48]
,,0.0,0.015643,  TComPicYuv::create,[134]
,,,,,
,,0.575052,0.046108,  TComLoopFilter::xDeblockCU <cycle 1>,[23]
[44],3.29,0.575052,0.046108,TComLoopFilter::xEdgeFilterChroma,[44]
,,0.030504,0.0,  TComDataCU::getPULeft,[118]
,,0.015604,0.0,  TComDataCU::getPUAbove,[136]
,,,,,
,,0.607548,0.0,  TComSampleAdaptiveOffset::offsetCTU,[46]
[45],3.22,0.607548,0.0,TComSampleAdaptiveOffset::offsetBlock,[45]
,,,,,
,,0.0,0.607548,  TDecGop::filterPicture,[22]
[46],3.22,0.0,0.607548,TComSampleAdaptiveOffset::offsetCTU,[46]
,,0.607548,0.0,  TComSampleAdaptiveOffset::offsetBlock,[45]
,,,,,
,,0.108974,0.498074,  TDecSbac::parseCoeffNxN,[18]
[47],3.22,0.108974,0.498074,TDecSbac::xReadCoefRemainExGolomb,[47]
,,0.248942,0.0,  TDecBinCABAC::decodeBinEP,[75]
,,0.233568,0.0,  TDecBinCABAC::decodeBinsEP,[38]
,,0.015565,0.0,  TDecBinCABAC::decodeAlignedBinsEP,[150]
,,,,,
,,0.0,0.606502,  TComPic::create,[43]
[48],3.21,0.0,0.606502,TComPicSym::create,[48]
,,0.015664,0.544225,  TComDataCU::create,[50]
,,0.015605,0.015422,  `eh vector constructor iterator',[130]
,,0.015585,0.0,  TComPicSym::xInitTiles,[143]
,,,,,
,,0.513580,0.046610,  TComPrediction::predIntraAng,[37]
[49],2.97,0.513580,0.046610,TComPrediction::xPredIntraAng,[49]
,,0.015589,0.0,  TComPrediction::predIntraGetPredValDC,[138]
,,0.015513,0.0,  memcpy,[78]
,,0.015507,0.0,  _security_check_cookie,[131]
,,,,,
,,0.015664,0.544225,  TComPicSym::create,[48]
[50],2.97,0.015664,0.544225,TComDataCU::create,[50]
,,0.124389,0.0,  memset,[57]
,,0.015577,0.280052,  aligned_offset_malloc_base,[74]
,,0.015529,0.062054,  TComCUMvField::create,[106]
,,0.0,0.046624,  operator new,[98]
,,,,,
,,0.307962,0.246031,  TComLoopFilter::xDeblockCU <cycle 1>,[23]
[51],2.93,0.307962,0.246031,TComLoopFilter::xEdgeFilterLuma,[51]
,,0.214907,0.0,  TComLoopFilter::xPelFilterLuma,[83]
,,0.031124,0.0,  TComLoopFilter::xUseStrongFiltering,[128]
,,,,,
,,0.528683,0.0,  TComTrQuant::invTransformNxN,[26]
[52],2.8,0.528683,0.0,TComTrQuant::xDeQuant,[52]
,,,,,
,,0.482299,0.0,  TComPrediction::initIntraPatternChType,[32]
[53],2.55,0.482299,0.0,fillReferenceSamples,[53]
,,,,,
,,,,  TComLoopFilter::xSetEdgefilterTU <cycle 2>,[54]
,,0.348611,0.092654,  TComLoopFilter::xDeblockCU <cycle 1>,[23]
[54],2.34,0.348611,0.092654,TComLoopFilter::xSetEdgefilterTU <cycle 2>,[54]
,,0.061803,0.0,  TComTU::TComTU,[86]
,,0.030851,0.0,  TComTURecurse::nextSection,[87]
,,,,  TComLoopFilter::xSetEdgefilterTU <cycle 2>,[54]
,,,,,
,,0.348611,0.092654,  TComLoopFilter::xDeblockCU <cycle 1>,[23]
[55],2.34,0.348611,0.092654,<cycle 2 as a whole>,[55]
,,0.348611,0.092654,  TComLoopFilter::xSetEdgefilterTU <cycle 2>,[54]
,,,,,
,,0.435326,0.0,  xITrMxN,[36]
[56],2.31,0.435326,0.0,partialButterflyInverse8,[56]
,,,,,
,,0.015537,0.0,  TDecEntropy::xDecodeTransform <cycle 3>,[16]
,,0.031110,0.0,  TDecSbac::parsePartSize,[108]
,,0.046652,0.0,  TDecSbac::parseCoeffNxN,[18]
,,0.124389,0.0,  TComDataCU::create,[50]
,,0.217511,0.0,  TComDataCU::initCtu,[76]
[57],2.31,0.435199,0.0,memset,[57]
,,,,,
,,0.0,0.015583,  TAppDecTop::xFlushOutput,[144]
,,0.0,0.405609,  TDecTop::xGetNewPicBuffer,[35]
[58],2.23,0.0,0.421192,TComPic::destroy,[58]
,,0.0,0.357320,  TComPicSym::destroy,[66]
,,0.0,0.063873,  TComPicYuv::destroy,[105]
,,,,,
,,0.404373,0.0,  malloc_base,[60]
[59],2.14,0.404373,0.0,RtlAllocateHeap,[59]
,,,,,
,,0.0,0.295694,  aligned_offset_malloc_base,[74]
,,0.0,0.108678,  operator new,[98]
[60],2.14,0.0,0.404373,malloc_base,[60]
,,0.404373,0.0,  RtlAllocateHeap,[59]
,,,,,
,,0.061859,0.0,  write_text_ansi_nolock,[117]
,,0.320278,0.0,  write_nolock,[63]
[61],2.02,0.382137,0.0,WriteFile,[61]
,,,,,
,,0.0,0.061859,  _acrt_stdio_flush_nolock,[114]
,,0.0,0.320278,  write_buffer_nolock<char>,[73]
[62],2.02,0.0,0.382137,write,[62]
,,0.0,0.382137,  write_nolock,[63]
,,,,,
,,0.0,0.382137,  write,[62]
[63],2.02,0.0,0.382137,write_nolock,[63]
,,0.320278,0.0,  WriteFile,[61]
,,0.0,0.061859,  write_text_ansi_nolock,[117]
,,,,,
,,0.0,0.079460,  TComPicYuv::destroy,[105]
,,0.0,0.014879,  TDecCu::destroy,[161]
,,0.093367,0.186610,  TComDataCU::destroy,[65]
[64],1.98,0.093367,0.280949,aligned_free,[64]
,,0.0,0.280949,  free_base,[70]
,,,,,
,,0.031089,0.326230,  TComPicSym::destroy,[66]
[65],1.89,0.031089,0.326230,TComDataCU::destroy,[65]
,,0.093367,0.186610,  aligned_free,[64]
,,0.0,0.046253,  free_base,[70]
,,,,,
,,0.0,0.357320,  TComPic::destroy,[58]
[66],1.89,0.0,0.357320,TComPicSym::destroy,[66]
,,0.031089,0.326230,  TComDataCU::destroy,[65]
,,,,,
,,0.093237,0.263824,  TDecSbac::parseCoeffNxN,[18]
[67],1.89,0.093237,0.263824,TDecSbac::parseLastSignificantXY,[67]
,,0.248239,0.0,  TDecBinCABAC::decodeBin,[29]
,,0.015585,0.0,  TDecBinCABAC::decodeBinEP,[75]
,,,,,
,,0.015257,0.320278,  writePlane,[42]
[68],1.78,0.015257,0.320278,"std::basic_ostream<char,struct std::char_traits<char> >::write",[68]
,,0.0,0.320278,  fputc,[72]
,,,,,
,,0.327203,0.0,  free_base,[70]
[69],1.73,0.327203,0.0,RtlFreeHeap,[69]
,,,,,
,,0.0,0.046253,  TComDataCU::destroy,[65]
,,0.0,0.280949,  aligned_free,[64]
[70],1.73,0.0,0.327203,free_base,[70]
,,0.327203,0.0,  RtlFreeHeap,[69]
,,,,,
,,0.0,0.320278,  fputc,[72]
[71],1.7,0.0,0.320278,_acrt_stdio_flush_and_write_narrow_nolock,[71]
,,0.0,0.320278,  write_buffer_nolock<char>,[73]
,,,,,
,,0.0,0.320278,"  std::basic_ostream<char,struct std::char_traits<char> >::write",[68]
[72],1.7,0.0,0.320278,fputc,[72]
,,0.0,0.320278,  _acrt_stdio_flush_and_write_narrow_nolock,[71]
,,,,,
,,0.0,0.320278,  _acrt_stdio_flush_and_write_narrow_nolock,[71]
[73],1.7,0.0,0.320278,write_buffer_nolock<char>,[73]
,,0.0,0.320278,  write,[62]
,,,,,
,,0.0,0.015643,  TComPicYuv::createWithoutCUInfo,[135]
,,0.015577,0.280052,  TComDataCU::create,[50]
[74],1.65,0.015577,0.295694,aligned_offset_malloc_base,[74]
,,0.0,0.295694,  malloc_base,[60]
,,,,,
,,0.015541,0.0,  TDecSbac::parseIntraDirLumaAng,[82]
,,0.015585,0.0,  TDecSbac::parseLastSignificantXY,[67]
,,0.248942,0.0,  TDecSbac::xReadCoefRemainExGolomb,[47]
[75],1.48,0.280068,0.0,TDecBinCABAC::decodeBinEP,[75]
,,,,,
,,0.046739,0.233097,  TDecSlice::decompressSlice,[9]
[76],1.48,0.046739,0.233097,TComDataCU::initCtu,[76]
,,0.217511,0.0,  memset,[57]
,,0.015585,0.0,"  std::deque<class TComSlice *,class std::allocator<class TComSlice *> >::begin",[142]
,,,,,
,,0.0,0.264297,  TDecCu::xDecodeCU <cycle 4>,[11]
[77],1.4,0.0,0.264297,TDecEntropy::decodePredInfo,[77]
,,0.062210,0.155438,  TDecSbac::parseIntraDirLumaAng,[82]
,,0.015572,0.031077,  TDecSbac::parseIntraDirChroma,[121]
,,,,,
,,0.015513,0.0,  TComPrediction::xPredIntraAng,[49]
,,0.031099,0.0,  TComTrQuant::xIT,[33]
,,0.046729,0.0,  TComYuv::copyToPicComponent,[99]
,,0.155808,0.0,  TComPicYuv::copyToPic,[88]
[78],1.32,0.249148,0.0,memcpy,[78]
,,,,,
,,0.248536,0.0,  xITrMxN,[36]
[79],1.32,0.248536,0.0,partialButterflyInverse32,[79]
,,,,,
,,0.233294,0.0,  TComPrediction::predIntraAng,[37]
[80],1.24,0.233294,0.0,TComPrediction::xPredIntraPlanar,[80]
,,,,,
,,0.015564,0.0,  TDecEntropy::decodeCoeff,[12]
,,0.093477,0.0,  TDecCu::xReconIntraQT,[17]
,,0.123485,0.0,  TComLoopFilter::xDeblockCU <cycle 1>,[23]
[81],1.23,0.232525,0.0,TComTU::TComTU,[81]
,,,,,
,,0.062210,0.155438,  TDecEntropy::decodePredInfo,[77]
[82],1.15,0.062210,0.155438,TDecSbac::parseIntraDirLumaAng,[82]
,,0.062177,0.0,  TComDataCU::getIntraDirPredictor,[109]
,,0.046623,0.0,  TDecBinCABAC::decodeBinsEP,[38]
,,0.031098,0.0,  TDecBinCABAC::decodeBin,[29]
,,0.015541,0.0,  TDecBinCABAC::decodeBinEP,[75]
,,,,,
,,0.214907,0.0,  TComLoopFilter::xEdgeFilterLuma,[51]
[83],1.14,0.214907,0.0,TComLoopFilter::xPelFilterLuma,[83]
,,,,,
,,0.077787,0.108829,  TDecEntropy::xDecodeTransform <cycle 3>,[16]
[84],0.99,0.077787,0.108829,TDecSbac::parseQtCbf,[84]
,,0.108829,0.0,  TDecBinCABAC::decodeBin,[29]
,,,,,
,,0.171157,0.0,  TDecCu::xIntraRecBlk,[21]
[85],0.91,0.171157,0.0,TComYuv::getAddr,[85]
,,,,,
,,0.031089,0.0,  TDecEntropy::xDecodeTransform <cycle 3>,[16]
,,0.061803,0.0,  TComLoopFilter::xSetEdgefilterTU <cycle 2>,[54]
,,0.077907,0.0,  TDecCu::xReconIntraQT,[17]
[86],0.9,0.170800,0.0,TComTU::TComTU,[86]
,,,,,
,,0.015571,0.0,  TDecEntropy::xDecodeTransform <cycle 3>,[16]
,,0.030851,0.0,  TComLoopFilter::xSetEdgefilterTU <cycle 2>,[54]
,,0.124248,0.0,  TDecCu::xReconIntraQT,[17]
[87],0.9,0.170669,0.0,TComTURecurse::nextSection,[87]
,,,,,
,,0.0,0.155808,  TDecGop::filterPicture,[22]
[88],0.83,0.0,0.155808,TComPicYuv::copyToPic,[88]
,,0.155808,0.0,  memcpy,[78]
,,,,,
,,0.155454,0.0,  xITrMxN,[36]
[89],0.82,0.155454,0.0,partialButterflyInverse16,[89]
,,,,,
,,0.142624,0.0,  read_nolock,[94]
[90],0.76,0.142624,0.0,ReadFile,[90]
,,,,,
,,0.0,0.142624,  fgetc,[92]
[91],0.76,0.0,0.142624,common_refill_and_read_nolock<char>,[91]
,,0.0,0.142624,  read,[93]
,,,,,
,,0.0,0.142624,"  std::basic_istream<char,struct std::char_traits<char> >::get",[31]
[92],0.76,0.0,0.142624,fgetc,[92]
,,0.0,0.142624,  common_refill_and_read_nolock<char>,[91]
,,,,,
,,0.0,0.142624,  common_refill_and_read_nolock<char>,[91]
[93],0.76,0.0,0.142624,read,[93]
,,0.0,0.142624,  read_nolock,[94]
,,,,,
,,0.0,0.142624,  read,[93]
[94],0.76,0.0,0.142624,read_nolock,[94]
,,0.142624,0.0,  ReadFile,[90]
,,,,,
,,0.062252,0.062251,  TDecSbac::parseCoeffNxN,[18]
[95],0.66,0.062252,0.062251,getTUEntropyCodingParameters,[95]
,,0.062251,0.0,  TComDataCU::getCoefScanIdx,[107]
,,,,,
,,0.124496,0.0,  xITrMxN,[36]
[96],0.66,0.124496,0.0,partialButterflyInverse4,[96]
,,,,,
,,0.124416,0.0,  TComPrediction::initIntraPatternChType,[32]
[97],0.66,0.124416,0.0,TComDataCU::getPUAboveRight,[97]
,,,,,
,,0.0,0.062054,  TComCUMvField::create,[106]
,,0.0,0.046624,  TComDataCU::create,[50]
[98],0.58,0.0,0.108678,operator new,[98]
,,0.0,0.108678,  malloc_base,[60]
,,,,,
,,0.046693,0.046729,  TDecCu::xCopyToPic,[100]
[99],0.49,0.046693,0.046729,TComYuv::copyToPicComponent,[99]
,,0.046729,0.0,  memcpy,[78]
,,,,,
,,0.0,0.093422,  TDecCu::xDecompressCU <cycle 6>,[13]
[100],0.49,0.0,0.093422,TDecCu::xCopyToPic,[100]
,,0.046693,0.046729,  TComYuv::copyToPicComponent,[99]
,,,,,
,,0.093374,0.0,  TComPrediction::initIntraPatternChType,[32]
[101],0.49,0.093374,0.0,TComDataCU::getPUBelowLeft,[101]
,,,,,
,,0.093303,0.0,  TDecCu::xIntraRecBlk,[21]
[102],0.49,0.093303,0.0,QpParam::QpParam,[102]
,,,,,
,,0.093272,0.0,  TComPrediction::initIntraPatternChType,[32]
[103],0.49,0.093272,0.0,isLeftAvailable,[103]
,,,,,
,,0.093186,0.0,  TComPrediction::initIntraPatternChType,[32]
[104],0.49,0.093186,0.0,isAboveAvailable,[104]
,,,,,
,,0.0,0.063873,  TComPic::destroy,[58]
,,0.0,0.015588,  TComSampleAdaptiveOffset::create,[141]
[105],0.42,0.0,0.079460,TComPicYuv::destroy,[105]
,,0.0,0.079460,  aligned_free,[64]
,,,,,
,,0.015529,0.062054,  TComDataCU::create,[50]
[106],0.41,0.015529,0.062054,TComCUMvField::create,[106]
,,0.0,0.062054,  operator new,[98]
,,,,,
,,0.062251,0.0,  getTUEntropyCodingParameters,[95]
[107],0.33,0.062251,0.0,TComDataCU::getCoefScanIdx,[107]
,,,,,
,,0.015558,0.046683,  TDecCu::xDecodeCU <cycle 4>,[11]
[108],0.33,0.015558,0.046683,TDecSbac::parsePartSize,[108]
,,0.031110,0.0,  memset,[57]
,,0.015573,0.0,  TDecBinCABAC::decodeBin,[29]
,,,,,
,,0.062177,0.0,  TDecSbac::parseIntraDirLumaAng,[82]
[109],0.33,0.062177,0.0,TComDataCU::getIntraDirPredictor,[109]
,,,,,
,,0.062023,0.0,  xITrMxN,[36]
[110],0.33,0.062023,0.0,fastInverseDst,[110]
,,,,,
,,0.0,0.061859,"  __crt_seh_guarded_call<int>::operator()<class <lambda_a62c933ada0517137acf5807a1eeac1f>,class <lambda_a31071773b9a94e445cbd5d04ef99106> &,class <lambda_56065050dbf3ada7e59a83db45153de3> >",[112]
[111],0.33,0.0,0.061859,<lambda_a31071773b9a94e445cbd5d04ef99106>::operator(),[111]
,,0.0,0.061859,  _acrt_stdio_end_temporary_buffering_nolock,[113]
,,,,,
,,0.0,0.061859,  _stdio_common_vfprintf,[115]
[112],0.33,0.0,0.061859,"__crt_seh_guarded_call<int>::operator()<class <lambda_a62c933ada0517137acf5807a1eeac1f>,class <lambda_a31071773b9a94e445cbd5d04ef99106> &,class <lambda_56065050dbf3ada7e59a83db45153de3> >",[112]
,,0.0,0.061859,  <lambda_a31071773b9a94e445cbd5d04ef99106>::operator(),[111]
,,,,,
,,0.0,0.061859,  <lambda_a31071773b9a94e445cbd5d04ef99106>::operator(),[111]
[113],0.33,0.0,0.061859,_acrt_stdio_end_temporary_buffering_nolock,[113]
,,0.0,0.061859,  _acrt_stdio_flush_nolock,[114]
,,,,,
,,0.0,0.061859,  _acrt_stdio_end_temporary_buffering_nolock,[113]
[114],0.33,0.0,0.061859,_acrt_stdio_flush_nolock,[114]
,,0.0,0.061859,  write,[62]
,,,,,
,,0.0,0.061859,  printf,[116]
[115],0.33,0.0,0.061859,_stdio_common_vfprintf,[115]
,,0.0,0.061859,"  __crt_seh_guarded_call<int>::operator()<class <lambda_a62c933ada0517137acf5807a1eeac1f>,class <lambda_a31071773b9a94e445cbd5d04ef99106> &,class <lambda_56065050dbf3ada7e59a83db45153de3> >",[112]
,,,,,
,,0.0,0.061859,  TDecGop::filterPicture,[22]
[116],0.33,0.0,0.061859,printf,[116]
,,0.0,0.061859,  _stdio_common_vfprintf,[115]
,,,,,
,,0.0,0.061859,  write_nolock,[63]
[117],0.33,0.0,0.061859,write_text_ansi_nolock,[117]
,,0.061859,0.0,  WriteFile,[61]
,,,,,
,,0.028954,0.0,  TComLoopFilter::xSetLoopfilterParam,[133]
,,0.030504,0.0,  TComLoopFilter::xEdgeFilterChroma,[44]
[118],0.31,0.059457,0.0,TComDataCU::getPULeft,[118]
,,,,,
,,0.048941,0.0,  TAppDecTop::decode,[3]
[119],0.26,0.048941,0.0,convertPayloadToRBSP,[119]
,,,,,
,,0.046674,0.0,  TComTrQuant::invTransformNxN,[26]
[120],0.25,0.046674,0.0,TComTrQuant::invRdpcmNxN,[120]
,,,,,
,,0.015572,0.031077,  TDecEntropy::decodePredInfo,[77]
[121],0.25,0.015572,0.031077,TDecSbac::parseIntraDirChroma,[121]
,,0.015559,0.0,  TDecBinCABAC::decodeBinsEP,[38]
,,0.015519,0.0,  TDecBinCABAC::decodeBin,[29]
,,,,,
,,0.046631,0.0,  TDecSbac::parseCoeffNxN,[18]
[122],0.25,0.046631,0.0,TDecSbac::parseTransformSkipFlags,[122]
,,,,,
,,0.046572,0.0,  TComPrediction::initIntraPatternChType,[32]
[123],0.25,0.046572,0.0,TComDataCU::getPUAboveLeft,[123]
,,,,,
,,0.045487,0.0,  byteStreamNALUnit,[28]
[124],0.24,0.045487,0.0,"std::vector<unsigned char,class std::allocator<unsigned char> >::emplace_back<unsigned char>",[124]
,,,,,
,,0.035032,0.0,  TComLoopFilter::xDeblockCU <cycle 1>,[23]
[125],0.19,0.035032,0.0,TComLoopFilter::xGetBoundaryStrengthSingle,[125]
,,,,,
,,0.031175,0.0,  TComTrQuant::xIT,[33]
[126],0.17,0.031175,0.0,_chkstk,[126]
,,,,,
,,0.031174,0.0,  TDecCu::xDecodeCU <cycle 4>,[11]
[127],0.17,0.031174,0.0,TDecSbac::parseSplitFlag,[127]
,,,,,
,,0.031124,0.0,  TComLoopFilter::xEdgeFilterLuma,[51]
[128],0.16,0.031124,0.0,TComLoopFilter::xUseStrongFiltering,[128]
,,,,,
,,0.031108,0.0,  TComPrediction::predIntraAng,[37]
[129],0.16,0.031108,0.0,TComPrediction::xDCPredFiltering,[129]
,,,,,
,,0.015605,0.015422,  TComPicSym::create,[48]
[130],0.16,0.015605,0.015422,`eh vector constructor iterator',[130]
,,0.015422,0.0,  SAOBlkParam::SAOBlkParam,[160]
,,,,,
,,0.015152,0.0,  TComLoopFilter::xDeblockCU <cycle 1>,[23]
,,0.015507,0.0,  TComPrediction::xPredIntraAng,[49]
[131],0.16,0.030659,0.0,_security_check_cookie,[131]
,,,,,
,,0.030393,0.0,  TComLoopFilter::xDeblockCU <cycle 1>,[23]
[132],0.16,0.030393,0.0,TComLoopFilter::xSetEdgefilterPU,[132]
,,,,,
,,0.0,0.028954,  TComLoopFilter::xDeblockCU <cycle 1>,[23]
[133],0.15,0.0,0.028954,TComLoopFilter::xSetLoopfilterParam,[133]
,,0.028954,0.0,  TComDataCU::getPULeft,[118]
,,,,,
,,0.0,0.015643,  TComPic::create,[43]
[134],0.08,0.0,0.015643,TComPicYuv::create,[134]
,,0.0,0.015643,  TComPicYuv::createWithoutCUInfo,[135]
,,,,,
,,0.0,0.015643,  TComPicYuv::create,[134]
[135],0.08,0.0,0.015643,TComPicYuv::createWithoutCUInfo,[135]
,,0.0,0.015643,  aligned_offset_malloc_base,[74]
,,,,,
,,0.015604,0.0,  TComLoopFilter::xEdgeFilterChroma,[44]
[136],0.08,0.015604,0.0,TComDataCU::getPUAbove,[136]
,,,,,
,,0.015590,0.0,  TDecEntropy::xDecodeTransform <cycle 3>,[16]
[137],0.08,0.015590,0.0,TDecSbac::parseTransformSubdivFlag,[137]
,,,,,
,,0.015589,0.0,  TComPrediction::xPredIntraAng,[49]
[138],0.08,0.015589,0.0,TComPrediction::predIntraGetPredValDC,[138]
,,,,,
,,0.015588,0.0,  TComSampleAdaptiveOffset::reconstructBlkSAOParams,[140]
[139],0.08,0.015588,0.0,TComSampleAdaptiveOffset::getMergeList,[139]
,,,,,
,,0.0,0.015588,  TDecGop::filterPicture,[22]
[140],0.08,0.0,0.015588,TComSampleAdaptiveOffset::reconstructBlkSAOParams,[140]
,,0.015588,0.0,  TComSampleAdaptiveOffset::getMergeList,[139]
,,,,,
,,0.0,0.015588,  TDecTop::xActivateParameterSets,[34]
[141],0.08,0.0,0.015588,TComSampleAdaptiveOffset::create,[141]
,,0.0,0.015588,  TComPicYuv::destroy,[105]
,,,,,
,,0.015585,0.0,  TComDataCU::initCtu,[76]
[142],0.08,0.015585,0.0,"std::deque<class TComSlice *,class std::allocator<class TComSlice *> >::begin",[142]
,,,,,
,,0.015585,0.0,  TComPicSym::create,[48]
[143],0.08,0.015585,0.0,TComPicSym::xInitTiles,[143]
,,,,,
,,0.0,0.015583,  TAppDecTop::decode,[3]
[144],0.08,0.0,0.015583,TAppDecTop::xFlushOutput,[144]
,,0.0,0.015583,  TComPic::destroy,[58]
,,,,,
,,0.015582,0.0,"  std::basic_istream<char,struct std::char_traits<char> >::get",[31]
[145],0.08,0.015582,0.0,unlock_file,[145]
,,,,,
,,0.015582,0.0,  TDecCu::xIntraRecBlk,[21]
[146],0.08,0.015582,0.0,TComPrediction::filteringIntraReferenceSamples,[146]
,,,,,
,,0.015571,0.0,  TDecSlice::decompressSlice,[9]
[147],0.08,0.015571,0.0,TDecSbac::parseSAOBlkParam,[147]
,,,,,
,,0.015565,0.0,  TComPic::compressMotion,[149]
[148],0.08,0.015565,0.0,TComCUMvField::compress,[148]
,,,,,
,,0.0,0.015565,  TDecGop::filterPicture,[22]
[149],0.08,0.0,0.015565,TComPic::compressMotion,[149]
,,0.015565,0.0,  TComCUMvField::compress,[148]
,,,,,
,,0.015565,0.0,  TDecSbac::xReadCoefRemainExGolomb,[47]
[150],0.08,0.015565,0.0,TDecBinCABAC::decodeAlignedBinsEP,[150]
,,,,,
,,0.015546,0.0,  TDecTop::xDecodeSlice,[7]
[151],0.08,0.015546,0.0,TComTrQuant::setErrScaleCoeff,[151]
,,,,,
,,0.015542,0.0,  TDecEntropy::decodeCoeff,[12]
[152],0.08,0.015542,0.0,TComDataCU::getQuadtreeTULog2MinSizeInCU,[152]
,,,,,
,,0.015538,0.0,  TDecCu::xDecompressCU <cycle 6>,[13]
[153],0.08,0.015538,0.0,TComYuv::clear,[153]
,,,,,
,,0.015536,0.0,  TDecSbac::parseCoeffNxN,[18]
[154],0.08,0.015536,0.0,TComTU::getGolombRiceStatisticsIndex,[154]
,,,,,
,,0.015528,0.0,  TDecCu::xDecompressCU <cycle 6>,[13]
[155],0.08,0.015528,0.0,TComDataCU::copySubCU,[155]
,,,,,
,,0.015524,0.0,  TDecEntropy::xDecodeTransform <cycle 3>,[16]
[156],0.08,0.015524,0.0,TDecSbac::parseCrossComponentPrediction,[156]
,,,,,
,,0.015523,0.0,  TComTrQuant::invTransformNxN,[26]
[157],0.08,0.015523,0.0,TComTrQuant::xITransformSkip,[157]
,,,,,
,,0.015520,0.0,  TDecCu::xFinishDecodeCU,[159]
[158],0.08,0.015520,0.0,TComDataCU::isLastSubCUOfCtu,[158]
,,,,,
,,0.0,0.015520,  TDecCu::xDecodeCU <cycle 4>,[11]
[159],0.08,0.0,0.015520,TDecCu::xFinishDecodeCU,[159]
,,0.015520,0.0,  TComDataCU::isLastSubCUOfCtu,[158]
,,,,,
,,0.015422,0.0,  `eh vector constructor iterator',[130]
[160],0.08,0.015422,0.0,SAOBlkParam::SAOBlkParam,[160]
,,,,,
,,0.0,0.014879,  TAppDecTop::decode,[3]
[161],0.08,0.0,0.014879,TDecCu::destroy,[161]
,,0.0,0.014879,  aligned_free,[64]
,,,,,


Index by function name

Index,Function
[111],<lambda_a31071773b9a94e445cbd5d04ef99106>::operator()
[1],BaseThreadInitThunk
[30],InputByteStream::eofBeforeNBytes
[102],QpParam::QpParam
[90],ReadFile
[59],RtlAllocateHeap
[69],RtlFreeHeap
[2],RtlUserThreadStart
[160],SAOBlkParam::SAOBlkParam
[3],TAppDecTop::decode
[144],TAppDecTop::xFlushOutput
[40],TAppDecTop::xWriteOutput
[148],TComCUMvField::compress
[106],TComCUMvField::create
[155],TComDataCU::copySubCU
[50],TComDataCU::create
[65],TComDataCU::destroy
[107],TComDataCU::getCoefScanIdx
[109],TComDataCU::getIntraDirPredictor
[136],TComDataCU::getPUAbove
[123],TComDataCU::getPUAboveLeft
[97],TComDataCU::getPUAboveRight
[101],TComDataCU::getPUBelowLeft
[118],TComDataCU::getPULeft
[152],TComDataCU::getQuadtreeTULog2MinSizeInCU
[76],TComDataCU::initCtu
[158],TComDataCU::isLastSubCUOfCtu
[25],TComLoopFilter::loopFilterPic
[23],TComLoopFilter::xDeblockCU
[44],TComLoopFilter::xEdgeFilterChroma
[51],TComLoopFilter::xEdgeFilterLuma
[125],TComLoopFilter::xGetBoundaryStrengthSingle
[83],TComLoopFilter::xPelFilterLuma
[132],TComLoopFilter::xSetEdgefilterPU
[54],TComLoopFilter::xSetEdgefilterTU
[133],TComLoopFilter::xSetLoopfilterParam
[128],TComLoopFilter::xUseStrongFiltering
[149],TComPic::compressMotion
[43],TComPic::create
[58],TComPic::destroy
[48],TComPicSym::create
[66],TComPicSym::destroy
[143],TComPicSym::xInitTiles
[88],TComPicYuv::copyToPic
[134],TComPicYuv::create
[135],TComPicYuv::createWithoutCUInfo
[105],TComPicYuv::destroy
[146],TComPrediction::filteringIntraReferenceSamples
[32],TComPrediction::initIntraPatternChType
[37],TComPrediction::predIntraAng
[138],TComPrediction::predIntraGetPredValDC
[129],TComPrediction::xDCPredFiltering
[49],TComPrediction::xPredIntraAng
[80],TComPrediction::xPredIntraPlanar
[141],TComSampleAdaptiveOffset::create
[139],TComSampleAdaptiveOffset::getMergeList
[45],TComSampleAdaptiveOffset::offsetBlock
[46],TComSampleAdaptiveOffset::offsetCTU
[140],TComSampleAdaptiveOffset::reconstructBlkSAOParams
[81],TComTU::TComTU
[86],TComTU::TComTU
[154],TComTU::getGolombRiceStatisticsIndex
[87],TComTURecurse::nextSection
[39],TComTrQuant::getSigCtxInc
[120],TComTrQuant::invRdpcmNxN
[26],TComTrQuant::invTransformNxN
[151],TComTrQuant::setErrScaleCoeff
[52],TComTrQuant::xDeQuant
[33],TComTrQuant::xIT
[157],TComTrQuant::xITransformSkip
[153],TComYuv::clear
[99],TComYuv::copyToPicComponent
[85],TComYuv::getAddr
[150],TDecBinCABAC::decodeAlignedBinsEP
[29],TDecBinCABAC::decodeBin
[75],TDecBinCABAC::decodeBinEP
[38],TDecBinCABAC::decodeBinsEP
[161],TDecCu::destroy
[100],TDecCu::xCopyToPic
[11],TDecCu::xDecodeCU
[13],TDecCu::xDecompressCU
[159],TDecCu::xFinishDecodeCU
[21],TDecCu::xIntraRecBlk
[19],TDecCu::xIntraRecQT
[17],TDecCu::xReconIntraQT
[12],TDecEntropy::decodeCoeff
[77],TDecEntropy::decodePredInfo
[16],TDecEntropy::xDecodeTransform
[8],TDecGop::decompressSlice
[22],TDecGop::filterPicture
[18],TDecSbac::parseCoeffNxN
[156],TDecSbac::parseCrossComponentPrediction
[121],TDecSbac::parseIntraDirChroma
[82],TDecSbac::parseIntraDirLumaAng
[67],TDecSbac::parseLastSignificantXY
[108],TDecSbac::parsePartSize
[84],TDecSbac::parseQtCbf
[147],TDecSbac::parseSAOBlkParam
[127],TDecSbac::parseSplitFlag
[122],TDecSbac::parseTransformSkipFlags
[137],TDecSbac::parseTransformSubdivFlag
[47],TDecSbac::xReadCoefRemainExGolomb
[9],TDecSlice::decompressSlice
[6],TDecTop::decode
[34],TDecTop::xActivateParameterSets
[7],TDecTop::xDecodeSlice
[35],TDecTop::xGetNewPicBuffer
[41],TVideoIOYuv::write
[61],WriteFile
[112],"__crt_seh_guarded_call<int>::operator()<class <lambda_a62c933ada0517137acf5807a1eeac1f>,class <lambda_a31071773b9a94e445cbd5d04ef99106> &,class <lambda_56065050dbf3ada7e59a83db45153de3> >"
[113],_acrt_stdio_end_temporary_buffering_nolock
[71],_acrt_stdio_flush_and_write_narrow_nolock
[114],_acrt_stdio_flush_nolock
[126],_chkstk
[4],_scrt_common_main_seh
[131],_security_check_cookie
[115],_stdio_common_vfprintf
[130],`eh vector constructor iterator'
[64],aligned_free
[74],aligned_offset_malloc_base
[27],byteStreamNALUnit
[28],byteStreamNALUnit
[91],common_refill_and_read_nolock<char>
[119],convertPayloadToRBSP
[110],fastInverseDst
[92],fgetc
[53],fillReferenceSamples
[72],fputc
[70],free_base
[95],getTUEntropyCodingParameters
[104],isAboveAvailable
[103],isLeftAvailable
[5],main
[60],malloc_base
[78],memcpy
[57],memset
[98],operator new
[89],partialButterflyInverse16
[79],partialButterflyInverse32
[96],partialButterflyInverse4
[56],partialButterflyInverse8
[116],printf
[93],read
[94],read_nolock
[31],"std::basic_istream<char,struct std::char_traits<char> >::get"
[68],"std::basic_ostream<char,struct std::char_traits<char> >::write"
[142],"std::deque<class TComSlice *,class std::allocator<class TComSlice *> >::begin"
[124],"std::vector<unsigned char,class std::allocator<unsigned char> >::emplace_back<unsigned char>"
[145],unlock_file
[62],write
[42],writePlane
[73],write_buffer_nolock<char>
[63],write_nolock
[117],write_text_ansi_nolock
[36],xITrMxN
[24],<cycle 1>
[55],<cycle 2>
[15],<cycle 3>
[10],<cycle 4>
[20],<cycle 5>
[14],<cycle 6>
