Index,% CPU Time:Total,CPU Time:Self,CPU Time:Children,Name,Index
,,0.0,3.664452,  RtlUserThreadStart,[2]
[1],100.0,0.0,3.664452,BaseThreadInitThunk,[1]
,,0.0,3.664452,  _scrt_common_main_seh,[3]
,,,,,
,,,,  <spontaneous>,
[2],100.0,0.0,3.664452,RtlUserThreadStart,[2]
,,0.0,3.664452,  BaseThreadInitThunk,[1]
,,,,,
,,0.0,3.664452,  BaseThreadInitThunk,[1]
[3],100.0,0.0,3.664452,_scrt_common_main_seh,[3]
,,0.0,0.013726,  exit,[194]
,,0.0,0.007023,  initterm,[199]
,,0.0,3.643704,  main,[5]
,,,,,
,,0.0,3.643704,  main,[5]
[4],99.43,0.0,3.643704,DecApp::decode,[4]
,,0.0,0.012626,  DecApp::xDestroyDecLib,[195]
,,0.0,0.062070,  DecApp::xWriteOutput,[68]
,,0.0,2.265243,  DecLib::decode,[6]
,,0.0,1.117472,  DecLib::executeLoopFilters,[12]
,,0.0,0.077636,  DecLib::finishPicture,[55]
,,0.0,0.108657,  byteStreamNALUnit,[40]
,,,,,
,,0.0,3.643704,  _scrt_common_main_seh,[3]
[5],99.43,0.0,3.643704,main,[5]
,,0.0,3.643704,  DecApp::decode,[4]
,,,,,
,,0.0,2.265243,  DecApp::decode,[4]
[6],61.82,0.0,2.265243,DecLib::decode,[6]
,,0.0,2.265243,  DecLib::xDecodeSlice,[7]
,,,,,
,,0.0,2.265243,  DecLib::decode,[6]
[7],61.82,0.0,2.265243,DecLib::xDecodeSlice,[7]
,,0.0,0.093063,  DecLib::xActivateParameterSets,[48]
,,0.0,2.172180,  DecSlice::decompressSlice,[8]
,,,,,
,,0.0,2.172180,  DecLib::xDecodeSlice,[7]
[8],59.28,0.0,2.172180,DecSlice::decompressSlice,[8]
,,0.0,1.334416,  CABACReader::coding_tree_unit,[9]
,,0.0,0.837764,  DecCu::decompressCtu,[17]
,,,,,
,,0.0,1.334416,  DecSlice::decompressSlice,[8]
[9],36.42,0.0,1.334416,CABACReader::coding_tree_unit,[9]
,,0.015547,1.303330,  CABACReader::coding_tree <cycle 1>,[11]
,,0.0,0.015539,  CABACReader::sao,[141]
,,,,,
,,0.015547,1.303330,  CABACReader::coding_tree_unit,[9]
[10],35.99,0.015547,1.303330,<cycle 1 as a whole>,[10]
,,0.015547,1.303330,  CABACReader::coding_tree <cycle 1>,[11]
,,,,,
,,,,  CABACReader::coding_tree <cycle 1>,[11]
,,0.015547,1.303330,  CABACReader::coding_tree_unit,[9]
[11],35.99,0.015547,1.303330,CABACReader::coding_tree <cycle 1>,[11]
,,0.015542,0.0,  CS::getArea,[137]
,,0.015538,0.0,  CU::isPLT,[142]
,,0.015515,0.0,  QTBTPartitioner::nextPart,[161]
,,,,  CABACReader::coding_tree <cycle 1>,[11]
,,0.0,1.039394,  CABACReader::coding_unit,[13]
,,0.0,0.108574,  CABACReader::split_cu_mode,[43]
,,0.0,0.046608,  CodingStructure::addCU,[80]
,,0.0,0.015573,  Partitioner::setCUData,[129]
,,0.0,0.031107,  QTBTPartitioner::canSplit,[77]
,,0.0,0.015480,  QTBTPartitioner::splitCurrArea,[186]
,,,,,
,,0.0,1.117472,  DecApp::decode,[4]
[12],30.49,0.0,1.117472,DecLib::executeLoopFilters,[12]
,,0.046397,0.015481,  CS::setRefinedMotionField,[78]
,,0.0,0.217185,  AdaptiveLoopFilter::ALFProcess,[28]
,,0.0,0.698526,  LoopFilter::loopFilterPic,[21]
,,0.0,0.139882,  SampleAdaptiveOffset::SAOProcess,[33]
,,,,,
,,0.0,1.039394,  CABACReader::coding_tree <cycle 1>,[11]
[13],28.36,0.0,1.039394,CABACReader::coding_unit,[13]
,,0.015481,0.061998,  CodingStructure::addPU,[58]
,,0.0,0.093071,  CABACReader::cu_pred_data,[47]
,,0.0,0.868844,  CABACReader::cu_residual,[14]
,,,,,
,,0.0,0.868844,  CABACReader::coding_unit,[13]
[14],23.71,0.0,0.868844,CABACReader::cu_residual,[14]
,,0.0,0.837765,  CABACReader::transform_tree <cycle 2>,[15]
,,0.0,0.031079,  TUIntraSubPartitioner::TUIntraSubPartitioner,[98]
,,,,,
,,0.0,0.837765,  CABACReader::cu_residual,[14]
,,,,  CABACReader::transform_tree <cycle 2>,[15]
[15],22.86,0.0,0.837765,CABACReader::transform_tree <cycle 2>,[15]
,,0.046498,0.015537,  CodingStructure::addTU,[76]
,,0.015496,0.0,  TUIntraSubPartitioner::canSplit,[181]
,,0.0,0.062053,  AreaBuf<int>::fill,[74]
,,0.0,0.031093,  AreaBuf<short>::fill,[75]
,,,,  CABACReader::transform_tree <cycle 2>,[15]
,,0.0,0.636164,  CABACReader::transform_unit,[22]
,,0.0,0.015420,  QTBTPartitioner::canSplit,[77]
,,0.0,0.015503,  TUIntraSubPartitioner::splitCurrArea,[172]
,,,,,
,,0.0,0.837765,  CABACReader::cu_residual,[14]
[16],22.86,0.0,0.837765,<cycle 2 as a whole>,[16]
,,0.0,0.837765,  CABACReader::transform_tree <cycle 2>,[15]
,,,,,
,,0.0,0.837764,  DecSlice::decompressSlice,[8]
[17],22.86,0.0,0.837764,DecCu::decompressCtu,[17]
,,0.046586,0.0,  InterPrediction::xFillIBCBuffer,[81]
,,0.0,0.775667,  DecCu::xReconIntraQT,[20]
,,0.0,0.015511,  InterPrediction::resetVPDUforIBC,[166]
,,,,,
,,0.015517,0.760151,  DecCu::xIntraRecQT,[19]
[18],21.17,0.015517,0.760151,DecCu::xIntraRecBlk,[18]
,,0.062061,0.0,  IntraPrediction::xGetLumaRecPixels,[72]
,,0.015586,0.0,  IntraPrediction::initIntraPatternChTypeISP,[125]
,,0.015514,0.0,  CodingStructure::getPU,[164]
,,0.015498,0.0,  PU::getFinalIntraMode,[111]
,,0.0,0.015438,  AreaBuf<short>::fill,[75]
,,0.0,0.015567,  AreaBuf<short>::reconstruct,[130]
,,0.0,0.030897,  CodingStructure::setDecomp,[123]
,,0.0,0.170435,  IntraPrediction::initIntraPatternChType,[31]
,,0.0,0.124234,  IntraPrediction::predIntraAng,[36]
,,0.0,0.015497,  IntraPrediction::predIntraChromaLM,[177]
,,0.0,0.031076,  IntraPrediction::predIntraMip,[99]
,,0.0,0.248345,  TrQuant::invTransformNxN,[27]
,,,,,
,,0.0,0.775667,  DecCu::xReconIntraQT,[20]
[19],21.17,0.0,0.775667,DecCu::xIntraRecQT,[19]
,,0.015517,0.760151,  DecCu::xIntraRecBlk,[18]
,,,,,
,,0.0,0.775667,  DecCu::decompressCtu,[17]
[20],21.17,0.0,0.775667,DecCu::xReconIntraQT,[20]
,,0.0,0.775667,  DecCu::xIntraRecQT,[19]
,,,,,
,,0.0,0.698526,  DecLib::executeLoopFilters,[12]
[21],19.06,0.0,0.698526,LoopFilter::loopFilterPic,[21]
,,0.077455,0.527819,  LoopFilter::xDeblockCU,[23]
,,0.031104,0.0,  memset,[32]
,,0.031090,0.031059,  CodingStructure::traverseCUs,[65]
,,,,,
,,0.0,0.636164,  CABACReader::transform_tree <cycle 2>,[15]
[22],17.36,0.0,0.636164,CABACReader::transform_unit,[22]
,,0.015514,0.0,  CodingUnit::isSepTree,[165]
,,0.0,0.031007,  CABACReader::cbf_comp,[115]
,,0.0,0.589643,  CABACReader::residual_coding,[24]
,,,,,
,,0.077455,0.527819,  LoopFilter::loopFilterPic,[21]
[23],16.52,0.077455,0.527819,LoopFilter::xDeblockCU,[23]
,,0.093047,0.015530,  LoopFilter::xEdgeFilterLuma,[42]
,,0.046618,0.015514,  LoopFilter::xGetBoundaryStrengthSingle,[67]
,,0.046523,0.0,  CU::traversePUs,[86]
,,0.031058,0.139669,  LoopFilter::xSetMaxFilterLengthPQFromTransformSizes,[30]
,,0.015559,0.0,"  std::_Sort_unchecked1<int *,__int64,struct std::less<void> >",[134]
,,0.015531,0.0,  LoopFilter::xSetEdgefilterMultiple,[145]
,,0.015531,0.062140,  LoopFilter::xEdgeFilterChroma,[51]
,,0.0,0.031100,  LoopFilter::xSetLoopfilterParam,[92]
,,,,,
,,0.0,0.589643,  CABACReader::transform_unit,[22]
[24],16.09,0.0,0.589643,CABACReader::residual_coding,[24]
,,0.093111,0.372423,  CABACReader::residual_coding_subblock,[25]
,,0.031082,0.0,  CoeffCodingContext::initSubblock,[97]
,,0.015548,0.030975,  CABACReader::last_sig_coeff,[85]
,,0.015511,0.0,  _security_check_cookie,[71]
,,0.015499,0.0,  TransformUnit::getTbAreaAfterCoefZeroOut,[174]
,,0.0,0.015494,  CABACReader::mts_coding,[182]
,,,,,
,,0.093111,0.372423,  CABACReader::residual_coding,[24]
[25],12.7,0.093111,0.372423,CABACReader::residual_coding_subblock,[25]
,,0.093270,0.062076,  TBinDecoder<class BinProbModel_Std>::decodeBin,[26]
,,0.093142,0.0,  CoeffCodingContext::templateAbsSum,[45]
,,0.077440,0.0,  CoeffCodingContext::sigCtxIdAbs,[60]
,,0.015507,0.0,  CoeffCodingContext::ctxOffsetAbs,[168]
,,0.015498,0.0,  BinDecoderBase::decodeBinsEP,[107]
,,0.0,0.015491,  BinDecoderBase::decodeRemAbsEP,[183]
,,,,,
,,0.0,0.015479,  CABACReader::intra_luma_pred_modes,[57]
,,0.0,0.015494,  CABACReader::mts_coding,[182]
,,0.0,0.015537,  CABACReader::split_cu_mode,[43]
,,0.015462,0.015513,  CABACReader::last_sig_coeff,[85]
,,0.031007,0.0,  CABACReader::cbf_comp,[115]
,,0.093270,0.062076,  CABACReader::residual_coding_subblock,[25]
[26],7.2,0.139739,0.124099,TBinDecoder<class BinProbModel_Std>::decodeBin,[26]
,,0.124099,0.0,  BinProbModel_Std::update,[37]
,,,,,
,,0.0,0.248345,  DecCu::xIntraRecBlk,[18]
[27],6.78,0.0,0.248345,TrQuant::invTransformNxN,[27]
,,0.015476,0.170814,  TrQuant::xIT,[29]
,,0.015459,0.0,  TrQuant::xITransformSkip,[188]
,,0.0,0.031082,  DepQuant::dequant,[96]
,,0.0,0.015515,  TrQuant::xInvLfnst,[163]
,,,,,
,,0.0,0.217185,  DecLib::executeLoopFilters,[12]
[28],5.93,0.0,0.217185,AdaptiveLoopFilter::ALFProcess,[28]
,,0.108480,0.0,  simdFilter7x7Blk<4>,[44]
,,0.077712,0.0,  simdFilter5x5Blk<4>,[50]
,,0.0,0.030993,  AdaptiveLoopFilter::deriveClassification,[120]
,,,,,
,,0.015476,0.170814,  TrQuant::invTransformNxN,[27]
[29],5.08,0.015476,0.170814,TrQuant::xIT,[29]
,,0.062175,0.0,  fastInverseDCT2_B16,[64]
,,0.046579,0.0,  fastInverseDCT2_B32,[82]
,,0.015532,0.0,  fastInverseDCT2_B64,[144]
,,0.015517,0.0,  fastInverseDST7_B16,[158]
,,0.0,0.031011,  fastInverseDST7_B8,[114]
,,,,,
,,0.031058,0.139669,  LoopFilter::xDeblockCU,[23]
[30],4.66,0.031058,0.139669,LoopFilter::xSetMaxFilterLengthPQFromTransformSizes,[30]
,,0.108631,0.031039,  CodingStructure::getTU,[34]
,,,,,
,,0.0,0.170435,  DecCu::xIntraRecBlk,[18]
[31],4.65,0.0,0.170435,IntraPrediction::initIntraPatternChType,[31]
,,0.077486,0.061946,  IntraPrediction::xFillReferenceSamples,[35]
,,0.031003,0.0,  IntraPrediction::initPredIntraParams,[116]
,,,,,
,,0.015514,0.0,  AreaBuf<bool>::fill,[122]
,,0.015526,0.0,  CodingStructure::clearTUs,[94]
,,0.031093,0.0,  AreaBuf<short>::fill,[75]
,,0.031104,0.0,  LoopFilter::loopFilterPic,[21]
,,0.062053,0.0,  AreaBuf<int>::fill,[74]
[32],4.24,0.155291,0.0,memset,[32]
,,,,,
,,0.0,0.139882,  DecLib::executeLoopFilters,[12]
[33],3.82,0.0,0.139882,SampleAdaptiveOffset::SAOProcess,[33]
,,0.0,0.077654,  SampleAdaptiveOffset::offsetCTU,[53]
,,0.0,0.062228,  UnitBuf<short>::copyFrom,[62]
,,,,,
,,0.108631,0.031039,  LoopFilter::xSetMaxFilterLengthPQFromTransformSizes,[30]
[34],3.81,0.108631,0.031039,CodingStructure::getTU,[34]
,,0.031039,0.0,  _security_check_cookie,[71]
,,,,,
,,0.077486,0.061946,  IntraPrediction::initIntraPatternChType,[31]
[35],3.8,0.077486,0.061946,IntraPrediction::xFillReferenceSamples,[35]
,,0.015540,0.0,  CodingStructure::getCURestricted,[59]
,,0.015524,0.0,  isAboveRightAvailable,[152]
,,0.0,0.015467,  isBelowLeftAvailable,[187]
,,0.0,0.015415,  isLeftAvailable,[191]
,,,,,
,,0.0,0.124234,  DecCu::xIntraRecBlk,[18]
[36],3.39,0.0,0.124234,IntraPrediction::predIntraAng,[36]
,,0.062154,0.015485,  IntraPrediction::xPredIntraAng,[54]
,,0.031074,0.0,  IntraPrediction::xPredIntraPlanar,[103]
,,0.0,0.015522,  PU::getFinalIntraMode,[111]
,,,,,
,,0.124099,0.0,  TBinDecoder<class BinProbModel_Std>::decodeBin,[26]
[37],3.39,0.124099,0.0,BinProbModel_Std::update,[37]
,,,,,
,,0.0,0.015570,  CodingStructure::addCU,[80]
,,0.0,0.015428,  CodingStructure::addPU,[58]
,,0.0,0.015503,"  std::vector<UnitArea,std::allocator<UnitArea> >::_Resize<<lambda_d78323a2134c02019bcc3999c203baa5> >",[173]
,,0.0,0.015562,"  std::vector<struct UnitArea,class std::allocator<struct UnitArea> >::_Range_construct_or_tidy<struct UnitArea const *>",[133]
,,0.015517,0.030965,  Quant::xInitScalingList,[89]
,,0.015531,0.0,"  std::list<struct Picture *,class std::allocator<struct Picture *> >::_Insert_range<class std::_List_iterator<class std::_List_val<struct std::_List_simple_types<struct Picture *> > > >",[147]
[38],3.39,0.031048,0.093027,operator new,[38]
,,0.093027,0.0,  malloc_base,[49]
,,,,,
,,0.015470,0.046514,  CABACReader::split_cu_mode,[43]
,,0.046459,0.015548,  QTBTPartitioner::canSplit,[77]
[39],3.38,0.061929,0.062062,QTBTPartitioner::canSplit,[39]
,,0.031099,0.0,  PreCalcValues::getMinBtSize,[93]
,,0.015439,0.0,  QTBTPartitioner::getImplicitSplit,[189]
,,0.0,0.015524,  PreCalcValues::getMaxBtSize,[150]
,,,,,
,,0.0,0.108657,  DecApp::decode,[4]
[40],2.97,0.0,0.108657,byteStreamNALUnit,[40]
,,0.015522,0.093134,  byteStreamNALUnit,[41]
,,,,,
,,0.015522,0.093134,  byteStreamNALUnit,[40]
[41],2.97,0.015522,0.093134,byteStreamNALUnit,[41]
,,0.0,0.093134,  InputByteStream::eofBeforeNBytes,[46]
,,,,,
,,0.093047,0.015530,  LoopFilter::xDeblockCU,[23]
[42],2.96,0.093047,0.015530,LoopFilter::xEdgeFilterLuma,[42]
,,0.015530,0.0,  LoopFilter::xPelFilterLuma,[148]
,,,,,
,,0.0,0.108574,  CABACReader::coding_tree <cycle 1>,[11]
[43],2.96,0.0,0.108574,CABACReader::split_cu_mode,[43]
,,0.031053,0.0,  DeriveCtx::CtxSplit,[105]
,,0.015470,0.046514,  QTBTPartitioner::canSplit,[39]
,,0.0,0.015537,  TBinDecoder<class BinProbModel_Std>::decodeBin,[26]
,,,,,
,,0.108480,0.0,  AdaptiveLoopFilter::ALFProcess,[28]
[44],2.96,0.108480,0.0,simdFilter7x7Blk<4>,[44]
,,,,,
,,0.093142,0.0,  CABACReader::residual_coding_subblock,[25]
[45],2.54,0.093142,0.0,CoeffCodingContext::templateAbsSum,[45]
,,,,,
,,0.0,0.093134,  byteStreamNALUnit,[41]
[46],2.54,0.0,0.093134,InputByteStream::eofBeforeNBytes,[46]
,,0.077620,0.0,"  std::basic_istream<char,struct std::char_traits<char> >::get",[56]
,,0.015514,0.0,  _security_check_cookie,[71]
,,,,,
,,0.0,0.093071,  CABACReader::coding_unit,[13]
[47],2.54,0.0,0.093071,CABACReader::cu_pred_data,[47]
,,0.0,0.015497,  CABACReader::intra_chroma_pred_modes,[176]
,,0.0,0.077573,  CABACReader::intra_luma_pred_modes,[57]
,,,,,
,,0.0,0.093063,  DecLib::xDecodeSlice,[7]
[48],2.54,0.0,0.093063,DecLib::xActivateParameterSets,[48]
,,0.0,0.031002,  Picture::finalInit,[119]
,,0.0,0.062061,  TrQuant::init,[73]
,,,,,
,,0.093027,0.0,  operator new,[38]
[49],2.54,0.093027,0.0,malloc_base,[49]
,,,,,
,,0.077712,0.0,  AdaptiveLoopFilter::ALFProcess,[28]
[50],2.12,0.077712,0.0,simdFilter5x5Blk<4>,[50]
,,,,,
,,0.015531,0.062140,  LoopFilter::xDeblockCU,[23]
[51],2.12,0.015531,0.062140,LoopFilter::xEdgeFilterChroma,[51]
,,0.046612,0.0,  LoopFilter::xPelFilterChroma,[79]
,,0.015529,0.0,  CodingStructure::getCU,[66]
,,,,,
,,0.077654,0.0,  SampleAdaptiveOffset::offsetCTU,[53]
[52],2.12,0.077654,0.0,SampleAdaptiveOffset::offsetBlock,[52]
,,,,,
,,0.0,0.077654,  SampleAdaptiveOffset::SAOProcess,[33]
[53],2.12,0.0,0.077654,SampleAdaptiveOffset::offsetCTU,[53]
,,0.077654,0.0,  SampleAdaptiveOffset::offsetBlock,[52]
,,,,,
,,0.062154,0.015485,  IntraPrediction::predIntraAng,[36]
[54],2.12,0.062154,0.015485,IntraPrediction::xPredIntraAng,[54]
,,0.015485,0.0,  _chkstk,[184]
,,,,,
,,0.0,0.077636,  DecApp::decode,[4]
[55],2.12,0.0,0.077636,DecLib::finishPicture,[55]
,,0.0,0.031035,  CodingStructure::clearCUs,[108]
,,0.0,0.015566,  CodingStructure::releaseIntermediateData,[132]
,,0.0,0.015531,  Slice::sortPicList,[146]
,,0.0,0.015505,  getSeisByType,[169]
,,,,,
,,0.077620,0.0,  InputByteStream::eofBeforeNBytes,[46]
[56],2.12,0.077620,0.0,"std::basic_istream<char,struct std::char_traits<char> >::get",[56]
,,,,,
,,0.0,0.077573,  CABACReader::cu_pred_data,[47]
[57],2.12,0.0,0.077573,CABACReader::intra_luma_pred_modes,[57]
,,0.0,0.015542,  CABACReader::mip_flag,[135]
,,0.0,0.015540,  CABACReader::mip_pred_modes,[139]
,,0.0,0.031012,  PU::getIntraMPMs,[112]
,,0.0,0.015479,  TBinDecoder<class BinProbModel_Std>::decodeBin,[26]
,,,,,
,,0.015481,0.061998,  CABACReader::coding_unit,[13]
[58],2.11,0.015481,0.061998,CodingStructure::addPU,[58]
,,0.046570,0.0,  PredictionUnit::initData,[83]
,,0.0,0.015428,  operator new,[38]
,,,,,
,,0.0,0.015497,  IntraPrediction::xGetLMParameters,[178]
,,0.0,0.015467,  isBelowLeftAvailable,[187]
,,0.0,0.015415,  isLeftAvailable,[191]
,,0.015540,0.0,  IntraPrediction::xFillReferenceSamples,[35]
,,0.015542,0.0,  DeriveCtx::CtxMipFlag,[136]
[59],2.11,0.031082,0.046380,CodingStructure::getCURestricted,[59]
,,0.046380,0.0,  CodingStructure::getCU,[91]
,,,,,
,,0.077440,0.0,  CABACReader::residual_coding_subblock,[25]
[60],2.11,0.077440,0.0,CoeffCodingContext::sigCtxIdAbs,[60]
,,,,,
,,0.0,0.062228,  UnitBuf<short>::copyFrom,[62]
[61],1.7,0.0,0.062228,AreaBuf<short>::copyFrom,[61]
,,0.062228,0.0,  memcpy,[63]
,,,,,
,,0.0,0.062228,  SampleAdaptiveOffset::SAOProcess,[33]
[62],1.7,0.0,0.062228,UnitBuf<short>::copyFrom,[62]
,,0.0,0.062228,  AreaBuf<short>::copyFrom,[61]
,,,,,
,,0.062228,0.0,  AreaBuf<short>::copyFrom,[61]
[63],1.7,0.062228,0.0,memcpy,[63]
,,,,,
,,0.062175,0.0,  TrQuant::xIT,[29]
[64],1.7,0.062175,0.0,fastInverseDCT2_B16,[64]
,,,,,
,,0.031090,0.031059,  LoopFilter::loopFilterPic,[21]
[65],1.7,0.031090,0.031059,CodingStructure::traverseCUs,[65]
,,0.031059,0.0,  UnitArea::contains,[104]
,,,,,
,,0.015514,0.0,  LoopFilter::xGetBoundaryStrengthSingle,[67]
,,0.015529,0.0,  LoopFilter::xEdgeFilterChroma,[51]
,,0.031100,0.0,  LoopFilter::xSetLoopfilterParam,[92]
[66],1.7,0.062142,0.0,CodingStructure::getCU,[66]
,,,,,
,,0.046618,0.015514,  LoopFilter::xDeblockCU,[23]
[67],1.7,0.046618,0.015514,LoopFilter::xGetBoundaryStrengthSingle,[67]
,,0.015514,0.0,  CodingStructure::getCU,[66]
,,,,,
,,0.0,0.062070,  DecApp::decode,[4]
[68],1.69,0.0,0.062070,DecApp::xWriteOutput,[68]
,,0.0,0.062070,  VideoIOYuv::write,[69]
,,,,,
,,0.0,0.062070,  DecApp::xWriteOutput,[68]
[69],1.69,0.0,0.062070,VideoIOYuv::write,[69]
,,0.015506,0.046563,  writePlane,[70]
,,,,,
,,0.015506,0.046563,  VideoIOYuv::write,[69]
[70],1.69,0.015506,0.046563,writePlane,[70]
,,0.046563,0.0,"  std::basic_ostream<char,struct std::char_traits<char> >::write",[84]
,,,,,
,,0.015511,0.0,  CABACReader::residual_coding,[24]
,,0.015514,0.0,  InputByteStream::eofBeforeNBytes,[46]
,,0.031039,0.0,  CodingStructure::getTU,[34]
[71],1.69,0.062064,0.0,_security_check_cookie,[71]
,,,,,
,,0.062061,0.0,  DecCu::xIntraRecBlk,[18]
[72],1.69,0.062061,0.0,IntraPrediction::xGetLumaRecPixels,[72]
,,,,,
,,0.0,0.062061,  DecLib::xActivateParameterSets,[48]
[73],1.69,0.0,0.062061,TrQuant::init,[73]
,,0.0,0.046482,  DepQuant::DepQuant,[87]
,,0.0,0.015578,  DepQuant::`scalar deleting destructor',[126]
,,,,,
,,0.0,0.062053,  CABACReader::transform_tree <cycle 2>,[15]
[74],1.69,0.0,0.062053,AreaBuf<int>::fill,[74]
,,0.062053,0.0,  memset,[32]
,,,,,
,,0.0,0.031093,  CABACReader::transform_tree <cycle 2>,[15]
,,0.0,0.015438,  DecCu::xIntraRecBlk,[18]
,,0.015511,0.0,  UnitBuf<short>::fill,[167]
[75],1.69,0.015511,0.046531,AreaBuf<short>::fill,[75]
,,0.031093,0.0,  memset,[32]
,,0.015438,0.0,  func@0x18000c9d8,[190]
,,,,,
,,0.046498,0.015537,  CABACReader::transform_tree <cycle 2>,[15]
[76],1.69,0.046498,0.015537,CodingStructure::addTU,[76]
,,0.015537,0.0,  AreaBuf<unsigned int>::fill,[143]
,,,,,
,,0.0,0.031107,  CABACReader::coding_tree <cycle 1>,[11]
,,0.0,0.015420,  CABACReader::transform_tree <cycle 2>,[15]
,,0.0,0.015480,  QTBTPartitioner::splitCurrArea,[186]
[77],1.69,0.0,0.062007,QTBTPartitioner::canSplit,[77]
,,0.046459,0.015548,  QTBTPartitioner::canSplit,[39]
,,,,,
,,0.046397,0.015481,  DecLib::executeLoopFilters,[12]
[78],1.69,0.046397,0.015481,CS::setRefinedMotionField,[78]
,,0.015481,0.0,  PU::checkDMVRCondition,[185]
,,,,,
,,0.046612,0.0,  LoopFilter::xEdgeFilterChroma,[51]
[79],1.27,0.046612,0.0,LoopFilter::xPelFilterChroma,[79]
,,,,,
,,0.0,0.046608,  CABACReader::coding_tree <cycle 1>,[11]
[80],1.27,0.0,0.046608,CodingStructure::addCU,[80]
,,0.031038,0.0,  CodingUnit::initData,[106]
,,0.0,0.015570,  operator new,[38]
,,,,,
,,0.046586,0.0,  DecCu::decompressCtu,[17]
[81],1.27,0.046586,0.0,InterPrediction::xFillIBCBuffer,[81]
,,,,,
,,0.046579,0.0,  TrQuant::xIT,[29]
[82],1.27,0.046579,0.0,fastInverseDCT2_B32,[82]
,,,,,
,,0.046570,0.0,  CodingStructure::addPU,[58]
[83],1.27,0.046570,0.0,PredictionUnit::initData,[83]
,,,,,
,,0.046563,0.0,  writePlane,[70]
[84],1.27,0.046563,0.0,"std::basic_ostream<char,struct std::char_traits<char> >::write",[84]
,,,,,
,,0.015548,0.030975,  CABACReader::residual_coding,[24]
[85],1.27,0.015548,0.030975,CABACReader::last_sig_coeff,[85]
,,0.015462,0.015513,  TBinDecoder<class BinProbModel_Std>::decodeBin,[26]
,,,,,
,,0.046523,0.0,  LoopFilter::xDeblockCU,[23]
[86],1.27,0.046523,0.0,CU::traversePUs,[86]
,,,,,
,,0.0,0.046482,  TrQuant::init,[73]
[87],1.27,0.0,0.046482,DepQuant::DepQuant,[87]
,,0.0,0.046482,  QuantRDOQ::QuantRDOQ,[90]
,,,,,
,,0.0,0.046482,  QuantRDOQ::QuantRDOQ,[90]
[88],1.27,0.0,0.046482,Quant::Quant,[88]
,,0.0,0.046482,  Quant::xInitScalingList,[89]
,,,,,
,,0.0,0.046482,  Quant::Quant,[88]
[89],1.27,0.0,0.046482,Quant::xInitScalingList,[89]
,,0.015517,0.030965,  operator new,[38]
,,,,,
,,0.0,0.046482,  DepQuant::DepQuant,[87]
[90],1.27,0.0,0.046482,QuantRDOQ::QuantRDOQ,[90]
,,0.0,0.046482,  Quant::Quant,[88]
,,,,,
,,0.046380,0.0,  CodingStructure::getCURestricted,[59]
[91],1.27,0.046380,0.0,CodingStructure::getCU,[91]
,,,,,
,,0.0,0.031100,  LoopFilter::xDeblockCU,[23]
[92],0.85,0.0,0.031100,LoopFilter::xSetLoopfilterParam,[92]
,,0.031100,0.0,  CodingStructure::getCU,[66]
,,,,,
,,0.031099,0.0,  QTBTPartitioner::canSplit,[39]
[93],0.85,0.031099,0.0,PreCalcValues::getMinBtSize,[93]
,,,,,
,,0.0,0.015526,  CodingStructure::initStructData,[149]
,,0.015566,0.0,  CodingStructure::releaseIntermediateData,[132]
[94],0.85,0.015566,0.015526,CodingStructure::clearTUs,[94]
,,0.015526,0.0,  memset,[32]
,,,,,
,,0.031082,0.0,  DepQuant::dequant,[96]
[95],0.85,0.031082,0.0,DQIntern::Quantizer::dequantBlock,[95]
,,,,,
,,0.0,0.031082,  TrQuant::invTransformNxN,[27]
[96],0.85,0.0,0.031082,DepQuant::dequant,[96]
,,0.031082,0.0,  DQIntern::Quantizer::dequantBlock,[95]
,,,,,
,,0.031082,0.0,  CABACReader::residual_coding,[24]
[97],0.85,0.031082,0.0,CoeffCodingContext::initSubblock,[97]
,,,,,
,,0.0,0.031079,  CABACReader::cu_residual,[14]
[98],0.85,0.0,0.031079,TUIntraSubPartitioner::TUIntraSubPartitioner,[98]
,,0.0,0.015517,  Partitioner::Partitioner,[156]
,,0.0,0.015562,"  std::vector<struct UnitArea,class std::allocator<struct UnitArea> >::_Range_construct_or_tidy<struct UnitArea const *>",[133]
,,,,,
,,0.0,0.031076,  DecCu::xIntraRecBlk,[18]
[99],0.85,0.0,0.031076,IntraPrediction::predIntraMip,[99]
,,0.0,0.031076,  MatrixIntraPrediction::predBlock,[100]
,,,,,
,,0.0,0.031076,  IntraPrediction::predIntraMip,[99]
[100],0.85,0.0,0.031076,MatrixIntraPrediction::predBlock,[100]
,,0.0,0.031076,  MatrixIntraPrediction::predictionUpsampling,[101]
,,,,,
,,0.0,0.031076,  MatrixIntraPrediction::predBlock,[100]
[101],0.85,0.0,0.031076,MatrixIntraPrediction::predictionUpsampling,[101]
,,0.031076,0.0,  MatrixIntraPrediction::predictionUpsampling1D,[102]
,,,,,
,,0.031076,0.0,  MatrixIntraPrediction::predictionUpsampling,[101]
[102],0.85,0.031076,0.0,MatrixIntraPrediction::predictionUpsampling1D,[102]
,,,,,
,,0.031074,0.0,  IntraPrediction::predIntraAng,[36]
[103],0.85,0.031074,0.0,IntraPrediction::xPredIntraPlanar,[103]
,,,,,
,,0.031059,0.0,  CodingStructure::traverseCUs,[65]
[104],0.85,0.031059,0.0,UnitArea::contains,[104]
,,,,,
,,0.031053,0.0,  CABACReader::split_cu_mode,[43]
[105],0.85,0.031053,0.0,DeriveCtx::CtxSplit,[105]
,,,,,
,,0.031038,0.0,  CodingStructure::addCU,[80]
[106],0.85,0.031038,0.0,CodingUnit::initData,[106]
,,,,,
,,0.015498,0.0,  CABACReader::residual_coding_subblock,[25]
,,0.015539,0.0,  CABACReader::sao,[141]
[107],0.85,0.031037,0.0,BinDecoderBase::decodeBinsEP,[107]
,,,,,
,,0.0,0.031035,  DecLib::finishPicture,[55]
[108],0.85,0.0,0.031035,CodingStructure::clearCUs,[108]
,,0.031035,0.0,"  std::vector<struct CodingUnit *,class std::allocator<struct CodingUnit *> >::_Insert_range<struct CodingUnit * *>",[109]
,,,,,
,,0.031035,0.0,  CodingStructure::clearCUs,[108]
[109],0.85,0.031035,0.0,"std::vector<struct CodingUnit *,class std::allocator<struct CodingUnit *> >::_Insert_range<struct CodingUnit * *>",[109]
,,,,,
,,0.015491,0.0,  BinDecoderBase::decodeRemAbsEP,[183]
,,0.015540,0.0,  CABACReader::xReadTruncBinCode,[140]
[110],0.85,0.031031,0.0,BinDecoderBase::decodeBinEP,[110]
,,,,,
,,0.0,0.015522,  IntraPrediction::predIntraAng,[36]
,,0.015498,0.0,  DecCu::xIntraRecBlk,[18]
[111],0.85,0.015498,0.015522,PU::getFinalIntraMode,[111]
,,0.0,0.015522,  PU::getCoLocatedIntraLumaMode,[154]
,,,,,
,,0.0,0.031012,  CABACReader::intra_luma_pred_modes,[57]
[112],0.85,0.0,0.031012,PU::getIntraMPMs,[112]
,,0.0,0.015497,  CodingStructure::getPURestricted,[180]
,,0.0,0.015515,  PU::getIntraDirLuma,[159]
,,,,,
,,0.031011,0.0,  fastInverseDST7_B8,[114]
[113],0.85,0.031011,0.0,_fastInverseMM<8>,[113]
,,,,,
,,0.0,0.031011,  TrQuant::xIT,[29]
[114],0.85,0.0,0.031011,fastInverseDST7_B8,[114]
,,0.031011,0.0,  _fastInverseMM<8>,[113]
,,,,,
,,0.0,0.031007,  CABACReader::transform_unit,[22]
[115],0.85,0.0,0.031007,CABACReader::cbf_comp,[115]
,,0.031007,0.0,  TBinDecoder<class BinProbModel_Std>::decodeBin,[26]
,,,,,
,,0.031003,0.0,  IntraPrediction::initIntraPatternChType,[31]
[116],0.85,0.031003,0.0,IntraPrediction::initPredIntraParams,[116]
,,,,,
,,0.0,0.031002,  Picture::finalInit,[119]
[117],0.85,0.0,0.031002,CodingStructure::create,[117]
,,0.015476,0.015526,  CodingStructure::createInternals,[118]
,,,,,
,,0.015476,0.015526,  CodingStructure::create,[117]
[118],0.85,0.015476,0.015526,CodingStructure::createInternals,[118]
,,0.0,0.015526,  CodingStructure::initStructData,[149]
,,,,,
,,0.0,0.031002,  DecLib::xActivateParameterSets,[48]
[119],0.85,0.0,0.031002,Picture::finalInit,[119]
,,0.0,0.031002,  CodingStructure::create,[117]
,,,,,
,,0.0,0.030993,  AdaptiveLoopFilter::ALFProcess,[28]
[120],0.85,0.0,0.030993,AdaptiveLoopFilter::deriveClassification,[120]
,,0.030993,0.0,  simdDeriveClassificationBlk<4>,[121]
,,,,,
,,0.030993,0.0,  AdaptiveLoopFilter::deriveClassification,[120]
[121],0.85,0.030993,0.0,simdDeriveClassificationBlk<4>,[121]
,,,,,
,,0.015383,0.015514,  CodingStructure::setDecomp,[123]
[122],0.84,0.015383,0.015514,AreaBuf<bool>::fill,[122]
,,0.015514,0.0,  memset,[32]
,,,,,
,,0.0,0.030897,  DecCu::xIntraRecBlk,[18]
[123],0.84,0.0,0.030897,CodingStructure::setDecomp,[123]
,,0.015383,0.015514,  AreaBuf<bool>::fill,[122]
,,,,,
,,0.013726,0.0,  dynamic_cache<struct CodingUnit>::deleteEntries,[193]
,,0.015578,0.0,  Quant::xDestroyScalingList,[127]
[124],0.8,0.029304,0.0,free_base,[124]
,,,,,
,,0.015586,0.0,  DecCu::xIntraRecBlk,[18]
[125],0.43,0.015586,0.0,IntraPrediction::initIntraPatternChTypeISP,[125]
,,,,,
,,0.0,0.015578,  TrQuant::init,[73]
[126],0.43,0.0,0.015578,DepQuant::`scalar deleting destructor',[126]
,,0.0,0.015578,  Quant::xDestroyScalingList,[127]
,,,,,
,,0.0,0.015578,  DepQuant::`scalar deleting destructor',[126]
[127],0.43,0.0,0.015578,Quant::xDestroyScalingList,[127]
,,0.015578,0.0,  free_base,[124]
,,,,,
,,0.015573,0.0,  Partitioner::setCUData,[129]
[128],0.42,0.015573,0.0,Partitioner::getSplitSeries,[128]
,,,,,
,,0.0,0.015573,  CABACReader::coding_tree <cycle 1>,[11]
[129],0.42,0.0,0.015573,Partitioner::setCUData,[129]
,,0.015573,0.0,  Partitioner::getSplitSeries,[128]
,,,,,
,,0.0,0.015567,  DecCu::xIntraRecBlk,[18]
[130],0.42,0.0,0.015567,AreaBuf<short>::reconstruct,[130]
,,0.015567,0.0,"  reco_SSE<4,8>",[131]
,,,,,
,,0.015567,0.0,  AreaBuf<short>::reconstruct,[130]
[131],0.42,0.015567,0.0,"reco_SSE<4,8>",[131]
,,,,,
,,0.0,0.015566,  DecLib::finishPicture,[55]
[132],0.42,0.0,0.015566,CodingStructure::releaseIntermediateData,[132]
,,0.015566,0.0,  CodingStructure::clearTUs,[94]
,,,,,
,,0.0,0.015562,  TUIntraSubPartitioner::TUIntraSubPartitioner,[98]
[133],0.42,0.0,0.015562,"std::vector<struct UnitArea,class std::allocator<struct UnitArea> >::_Range_construct_or_tidy<struct UnitArea const *>",[133]
,,0.0,0.015562,  operator new,[38]
,,,,,
,,0.015559,0.0,  LoopFilter::xDeblockCU,[23]
[134],0.42,0.015559,0.0,"std::_Sort_unchecked1<int *,__int64,struct std::less<void> >",[134]
,,,,,
,,0.0,0.015542,  CABACReader::intra_luma_pred_modes,[57]
[135],0.42,0.0,0.015542,CABACReader::mip_flag,[135]
,,0.0,0.015542,  DeriveCtx::CtxMipFlag,[136]
,,,,,
,,0.0,0.015542,  CABACReader::mip_flag,[135]
[136],0.42,0.0,0.015542,DeriveCtx::CtxMipFlag,[136]
,,0.015542,0.0,  CodingStructure::getCURestricted,[59]
,,,,,
,,0.015542,0.0,  CABACReader::coding_tree <cycle 1>,[11]
[137],0.42,0.015542,0.0,CS::getArea,[137]
,,,,,
,,0.0,0.015540,  CABACReader::mip_pred_modes,[139]
[138],0.42,0.0,0.015540,CABACReader::mip_pred_mode,[138]
,,0.0,0.015540,  CABACReader::xReadTruncBinCode,[140]
,,,,,
,,0.0,0.015540,  CABACReader::intra_luma_pred_modes,[57]
[139],0.42,0.0,0.015540,CABACReader::mip_pred_modes,[139]
,,0.0,0.015540,  CABACReader::mip_pred_mode,[138]
,,,,,
,,0.0,0.015540,  CABACReader::mip_pred_mode,[138]
[140],0.42,0.0,0.015540,CABACReader::xReadTruncBinCode,[140]
,,0.015540,0.0,  BinDecoderBase::decodeBinEP,[110]
,,,,,
,,0.0,0.015539,  CABACReader::coding_tree_unit,[9]
[141],0.42,0.0,0.015539,CABACReader::sao,[141]
,,0.015539,0.0,  BinDecoderBase::decodeBinsEP,[107]
,,,,,
,,0.015538,0.0,  CABACReader::coding_tree <cycle 1>,[11]
[142],0.42,0.015538,0.0,CU::isPLT,[142]
,,,,,
,,0.015537,0.0,  CodingStructure::addTU,[76]
[143],0.42,0.015537,0.0,AreaBuf<unsigned int>::fill,[143]
,,,,,
,,0.015532,0.0,  TrQuant::xIT,[29]
[144],0.42,0.015532,0.0,fastInverseDCT2_B64,[144]
,,,,,
,,0.015531,0.0,  LoopFilter::xDeblockCU,[23]
[145],0.42,0.015531,0.0,LoopFilter::xSetEdgefilterMultiple,[145]
,,,,,
,,0.0,0.015531,  DecLib::finishPicture,[55]
[146],0.42,0.0,0.015531,Slice::sortPicList,[146]
,,0.0,0.015531,"  std::list<struct Picture *,class std::allocator<struct Picture *> >::_Insert_range<class std::_List_iterator<class std::_List_val<struct std::_List_simple_types<struct Picture *> > > >",[147]
,,,,,
,,0.0,0.015531,  Slice::sortPicList,[146]
[147],0.42,0.0,0.015531,"std::list<struct Picture *,class std::allocator<struct Picture *> >::_Insert_range<class std::_List_iterator<class std::_List_val<struct std::_List_simple_types<struct Picture *> > > >",[147]
,,0.015531,0.0,  operator new,[38]
,,,,,
,,0.015530,0.0,  LoopFilter::xEdgeFilterLuma,[42]
[148],0.42,0.015530,0.0,LoopFilter::xPelFilterLuma,[148]
,,,,,
,,0.0,0.015526,  CodingStructure::createInternals,[118]
[149],0.42,0.0,0.015526,CodingStructure::initStructData,[149]
,,0.0,0.015526,  CodingStructure::clearTUs,[94]
,,,,,
,,0.0,0.015524,  QTBTPartitioner::canSplit,[39]
[150],0.42,0.0,0.015524,PreCalcValues::getMaxBtSize,[150]
,,0.015524,0.0,  PreCalcValues::getValIdx,[151]
,,,,,
,,0.015524,0.0,  PreCalcValues::getMaxBtSize,[150]
[151],0.42,0.015524,0.0,PreCalcValues::getValIdx,[151]
,,,,,
,,0.015524,0.0,  IntraPrediction::xFillReferenceSamples,[35]
[152],0.42,0.015524,0.0,isAboveRightAvailable,[152]
,,,,,
,,0.015522,0.0,  PU::getCoLocatedIntraLumaMode,[154]
[153],0.42,0.015522,0.0,CompArea::lumaPos,[153]
,,,,,
,,0.0,0.015522,  PU::getFinalIntraMode,[111]
[154],0.42,0.0,0.015522,PU::getCoLocatedIntraLumaMode,[154]
,,0.015522,0.0,  CompArea::lumaPos,[153]
,,,,,
,,0.015517,0.0,  `eh vector constructor iterator',[157]
[155],0.42,0.015517,0.0,PartLevel::PartLevel,[155]
,,,,,
,,0.0,0.015517,  TUIntraSubPartitioner::TUIntraSubPartitioner,[98]
[156],0.42,0.0,0.015517,Partitioner::Partitioner,[156]
,,0.0,0.015517,  `eh vector constructor iterator',[157]
,,,,,
,,0.0,0.015517,  Partitioner::Partitioner,[156]
[157],0.42,0.0,0.015517,`eh vector constructor iterator',[157]
,,0.015517,0.0,  PartLevel::PartLevel,[155]
,,,,,
,,0.015517,0.0,  TrQuant::xIT,[29]
[158],0.42,0.015517,0.0,fastInverseDST7_B16,[158]
,,,,,
,,0.0,0.015515,  PU::getIntraMPMs,[112]
[159],0.42,0.0,0.015515,PU::getIntraDirLuma,[159]
,,0.015515,0.0,  PU::isMIP,[160]
,,,,,
,,0.015515,0.0,  PU::getIntraDirLuma,[159]
[160],0.42,0.015515,0.0,PU::isMIP,[160]
,,,,,
,,0.015515,0.0,  CABACReader::coding_tree <cycle 1>,[11]
[161],0.42,0.015515,0.0,QTBTPartitioner::nextPart,[161]
,,,,,
,,0.015515,0.0,  TrQuant::xInvLfnst,[163]
[162],0.42,0.015515,0.0,TrQuant::invLfnstNxN,[162]
,,,,,
,,0.0,0.015515,  TrQuant::invTransformNxN,[27]
[163],0.42,0.0,0.015515,TrQuant::xInvLfnst,[163]
,,0.015515,0.0,  TrQuant::invLfnstNxN,[162]
,,,,,
,,0.015514,0.0,  DecCu::xIntraRecBlk,[18]
[164],0.42,0.015514,0.0,CodingStructure::getPU,[164]
,,,,,
,,0.015514,0.0,  CABACReader::transform_unit,[22]
[165],0.42,0.015514,0.0,CodingUnit::isSepTree,[165]
,,,,,
,,0.0,0.015511,  DecCu::decompressCtu,[17]
[166],0.42,0.0,0.015511,InterPrediction::resetVPDUforIBC,[166]
,,0.0,0.015511,  UnitBuf<short>::fill,[167]
,,,,,
,,0.0,0.015511,  InterPrediction::resetVPDUforIBC,[166]
[167],0.42,0.0,0.015511,UnitBuf<short>::fill,[167]
,,0.015511,0.0,  AreaBuf<short>::fill,[75]
,,,,,
,,0.015507,0.0,  CABACReader::residual_coding_subblock,[25]
[168],0.42,0.015507,0.0,CoeffCodingContext::ctxOffsetAbs,[168]
,,,,,
,,0.0,0.015505,  DecLib::finishPicture,[55]
[169],0.42,0.0,0.015505,getSeisByType,[169]
,,0.015505,0.0,"  std::_List_alloc<struct std::_List_base_types<class SEI *,class std::allocator<class SEI *> > >::_Buynode0",[170]
,,,,,
,,0.015505,0.0,  getSeisByType,[169]
[170],0.42,0.015505,0.0,"std::_List_alloc<struct std::_List_base_types<class SEI *,class std::allocator<class SEI *> > >::_Buynode0",[170]
,,,,,
,,0.0,0.015503,  TUIntraSubPartitioner::splitCurrArea,[172]
[171],0.42,0.0,0.015503,PartitionerImpl::getTUIntraSubPartitions,[171]
,,0.0,0.015503,"  std::vector<UnitArea,std::allocator<UnitArea> >::_Resize<<lambda_d78323a2134c02019bcc3999c203baa5> >",[173]
,,,,,
,,0.0,0.015503,  CABACReader::transform_tree <cycle 2>,[15]
[172],0.42,0.0,0.015503,TUIntraSubPartitioner::splitCurrArea,[172]
,,0.0,0.015503,  PartitionerImpl::getTUIntraSubPartitions,[171]
,,,,,
,,0.0,0.015503,  PartitionerImpl::getTUIntraSubPartitions,[171]
[173],0.42,0.0,0.015503,"std::vector<UnitArea,std::allocator<UnitArea> >::_Resize<<lambda_d78323a2134c02019bcc3999c203baa5> >",[173]
,,0.0,0.015503,  operator new,[38]
,,,,,
,,0.015499,0.0,  CABACReader::residual_coding,[24]
[174],0.42,0.015499,0.0,TransformUnit::getTbAreaAfterCoefZeroOut,[174]
,,,,,
,,0.015497,0.0,  CABACReader::intra_chroma_pred_modes,[176]
[175],0.42,0.015497,0.0,CABACReader::intra_chroma_pred_mode,[175]
,,,,,
,,0.0,0.015497,  CABACReader::cu_pred_data,[47]
[176],0.42,0.0,0.015497,CABACReader::intra_chroma_pred_modes,[176]
,,0.015497,0.0,  CABACReader::intra_chroma_pred_mode,[175]
,,,,,
,,0.0,0.015497,  DecCu::xIntraRecBlk,[18]
[177],0.42,0.0,0.015497,IntraPrediction::predIntraChromaLM,[177]
,,0.0,0.015497,  IntraPrediction::xGetLMParameters,[178]
,,,,,
,,0.0,0.015497,  IntraPrediction::predIntraChromaLM,[177]
[178],0.42,0.0,0.015497,IntraPrediction::xGetLMParameters,[178]
,,0.0,0.015497,  CodingStructure::getCURestricted,[59]
,,,,,
,,0.015497,0.0,  CodingStructure::getPURestricted,[180]
[179],0.42,0.015497,0.0,CU::isSameSliceAndTile,[179]
,,,,,
,,0.0,0.015497,  PU::getIntraMPMs,[112]
[180],0.42,0.0,0.015497,CodingStructure::getPURestricted,[180]
,,0.015497,0.0,  CU::isSameSliceAndTile,[179]
,,,,,
,,0.015496,0.0,  CABACReader::transform_tree <cycle 2>,[15]
[181],0.42,0.015496,0.0,TUIntraSubPartitioner::canSplit,[181]
,,,,,
,,0.0,0.015494,  CABACReader::residual_coding,[24]
[182],0.42,0.0,0.015494,CABACReader::mts_coding,[182]
,,0.0,0.015494,  TBinDecoder<class BinProbModel_Std>::decodeBin,[26]
,,,,,
,,0.0,0.015491,  CABACReader::residual_coding_subblock,[25]
[183],0.42,0.0,0.015491,BinDecoderBase::decodeRemAbsEP,[183]
,,0.015491,0.0,  BinDecoderBase::decodeBinEP,[110]
,,,,,
,,0.015485,0.0,  IntraPrediction::xPredIntraAng,[54]
[184],0.42,0.015485,0.0,_chkstk,[184]
,,,,,
,,0.015481,0.0,  CS::setRefinedMotionField,[78]
[185],0.42,0.015481,0.0,PU::checkDMVRCondition,[185]
,,,,,
,,0.0,0.015480,  CABACReader::coding_tree <cycle 1>,[11]
[186],0.42,0.0,0.015480,QTBTPartitioner::splitCurrArea,[186]
,,0.0,0.015480,  QTBTPartitioner::canSplit,[77]
,,,,,
,,0.0,0.015467,  IntraPrediction::xFillReferenceSamples,[35]
[187],0.42,0.0,0.015467,isBelowLeftAvailable,[187]
,,0.0,0.015467,  CodingStructure::getCURestricted,[59]
,,,,,
,,0.015459,0.0,  TrQuant::invTransformNxN,[27]
[188],0.42,0.015459,0.0,TrQuant::xITransformSkip,[188]
,,,,,
,,0.015439,0.0,  QTBTPartitioner::canSplit,[39]
[189],0.42,0.015439,0.0,QTBTPartitioner::getImplicitSplit,[189]
,,,,,
,,0.015438,0.0,  AreaBuf<short>::fill,[75]
[190],0.42,0.015438,0.0,func@0x18000c9d8,[190]
,,,,,
,,0.0,0.015415,  IntraPrediction::xFillReferenceSamples,[35]
[191],0.42,0.0,0.015415,isLeftAvailable,[191]
,,0.0,0.015415,  CodingStructure::getCURestricted,[59]
,,,,,
,,0.0,0.013726,  exit,[194]
[192],0.37,0.0,0.013726,XUCache::~XUCache,[192]
,,0.0,0.013726,  dynamic_cache<struct CodingUnit>::deleteEntries,[193]
,,,,,
,,0.0,0.013726,  XUCache::~XUCache,[192]
[193],0.37,0.0,0.013726,dynamic_cache<struct CodingUnit>::deleteEntries,[193]
,,0.013726,0.0,  free_base,[124]
,,,,,
,,0.0,0.013726,  _scrt_common_main_seh,[3]
[194],0.37,0.0,0.013726,exit,[194]
,,0.0,0.013726,  XUCache::~XUCache,[192]
,,,,,
,,0.0,0.012626,  DecApp::decode,[4]
[195],0.34,0.0,0.012626,DecApp::xDestroyDecLib,[195]
,,0.0,0.012626,  VideoIOYuv::close,[196]
,,,,,
,,0.0,0.012626,  DecApp::xDestroyDecLib,[195]
[196],0.34,0.0,0.012626,VideoIOYuv::close,[196]
,,0.012626,0.0,"  std::basic_filebuf<char,struct std::char_traits<char> >::close",[197]
,,,,,
,,0.012626,0.0,  VideoIOYuv::close,[196]
[197],0.34,0.012626,0.0,"std::basic_filebuf<char,struct std::char_traits<char> >::close",[197]
,,,,,
,,0.007023,0.0,  initterm,[199]
[198],0.19,0.007023,0.0,`dynamic initializer for 'g_reusedUniMVs'',[198]
,,,,,
,,0.0,0.007023,  _scrt_common_main_seh,[3]
[199],0.19,0.0,0.007023,initterm,[199]
,,0.007023,0.0,  `dynamic initializer for 'g_reusedUniMVs'',[198]
,,,,,


Index by function name

Index,Function
[28],AdaptiveLoopFilter::ALFProcess
[120],AdaptiveLoopFilter::deriveClassification
[122],AreaBuf<bool>::fill
[74],AreaBuf<int>::fill
[61],AreaBuf<short>::copyFrom
[75],AreaBuf<short>::fill
[130],AreaBuf<short>::reconstruct
[143],AreaBuf<unsigned int>::fill
[1],BaseThreadInitThunk
[110],BinDecoderBase::decodeBinEP
[107],BinDecoderBase::decodeBinsEP
[183],BinDecoderBase::decodeRemAbsEP
[37],BinProbModel_Std::update
[115],CABACReader::cbf_comp
[11],CABACReader::coding_tree
[9],CABACReader::coding_tree_unit
[13],CABACReader::coding_unit
[47],CABACReader::cu_pred_data
[14],CABACReader::cu_residual
[175],CABACReader::intra_chroma_pred_mode
[176],CABACReader::intra_chroma_pred_modes
[57],CABACReader::intra_luma_pred_modes
[85],CABACReader::last_sig_coeff
[135],CABACReader::mip_flag
[138],CABACReader::mip_pred_mode
[139],CABACReader::mip_pred_modes
[182],CABACReader::mts_coding
[24],CABACReader::residual_coding
[25],CABACReader::residual_coding_subblock
[141],CABACReader::sao
[43],CABACReader::split_cu_mode
[15],CABACReader::transform_tree
[22],CABACReader::transform_unit
[140],CABACReader::xReadTruncBinCode
[137],CS::getArea
[78],CS::setRefinedMotionField
[142],CU::isPLT
[179],CU::isSameSliceAndTile
[86],CU::traversePUs
[80],CodingStructure::addCU
[58],CodingStructure::addPU
[76],CodingStructure::addTU
[108],CodingStructure::clearCUs
[94],CodingStructure::clearTUs
[117],CodingStructure::create
[118],CodingStructure::createInternals
[66],CodingStructure::getCU
[91],CodingStructure::getCU
[59],CodingStructure::getCURestricted
[164],CodingStructure::getPU
[180],CodingStructure::getPURestricted
[34],CodingStructure::getTU
[149],CodingStructure::initStructData
[132],CodingStructure::releaseIntermediateData
[123],CodingStructure::setDecomp
[65],CodingStructure::traverseCUs
[106],CodingUnit::initData
[165],CodingUnit::isSepTree
[168],CoeffCodingContext::ctxOffsetAbs
[97],CoeffCodingContext::initSubblock
[60],CoeffCodingContext::sigCtxIdAbs
[45],CoeffCodingContext::templateAbsSum
[153],CompArea::lumaPos
[95],DQIntern::Quantizer::dequantBlock
[4],DecApp::decode
[195],DecApp::xDestroyDecLib
[68],DecApp::xWriteOutput
[17],DecCu::decompressCtu
[18],DecCu::xIntraRecBlk
[19],DecCu::xIntraRecQT
[20],DecCu::xReconIntraQT
[6],DecLib::decode
[12],DecLib::executeLoopFilters
[55],DecLib::finishPicture
[48],DecLib::xActivateParameterSets
[7],DecLib::xDecodeSlice
[8],DecSlice::decompressSlice
[87],DepQuant::DepQuant
[126],DepQuant::`scalar deleting destructor'
[96],DepQuant::dequant
[136],DeriveCtx::CtxMipFlag
[105],DeriveCtx::CtxSplit
[46],InputByteStream::eofBeforeNBytes
[166],InterPrediction::resetVPDUforIBC
[81],InterPrediction::xFillIBCBuffer
[31],IntraPrediction::initIntraPatternChType
[125],IntraPrediction::initIntraPatternChTypeISP
[116],IntraPrediction::initPredIntraParams
[36],IntraPrediction::predIntraAng
[177],IntraPrediction::predIntraChromaLM
[99],IntraPrediction::predIntraMip
[35],IntraPrediction::xFillReferenceSamples
[178],IntraPrediction::xGetLMParameters
[72],IntraPrediction::xGetLumaRecPixels
[54],IntraPrediction::xPredIntraAng
[103],IntraPrediction::xPredIntraPlanar
[21],LoopFilter::loopFilterPic
[23],LoopFilter::xDeblockCU
[51],LoopFilter::xEdgeFilterChroma
[42],LoopFilter::xEdgeFilterLuma
[67],LoopFilter::xGetBoundaryStrengthSingle
[79],LoopFilter::xPelFilterChroma
[148],LoopFilter::xPelFilterLuma
[145],LoopFilter::xSetEdgefilterMultiple
[92],LoopFilter::xSetLoopfilterParam
[30],LoopFilter::xSetMaxFilterLengthPQFromTransformSizes
[100],MatrixIntraPrediction::predBlock
[101],MatrixIntraPrediction::predictionUpsampling
[102],MatrixIntraPrediction::predictionUpsampling1D
[185],PU::checkDMVRCondition
[154],PU::getCoLocatedIntraLumaMode
[111],PU::getFinalIntraMode
[159],PU::getIntraDirLuma
[112],PU::getIntraMPMs
[160],PU::isMIP
[155],PartLevel::PartLevel
[156],Partitioner::Partitioner
[128],Partitioner::getSplitSeries
[129],Partitioner::setCUData
[171],PartitionerImpl::getTUIntraSubPartitions
[119],Picture::finalInit
[150],PreCalcValues::getMaxBtSize
[93],PreCalcValues::getMinBtSize
[151],PreCalcValues::getValIdx
[83],PredictionUnit::initData
[39],QTBTPartitioner::canSplit
[77],QTBTPartitioner::canSplit
[189],QTBTPartitioner::getImplicitSplit
[161],QTBTPartitioner::nextPart
[186],QTBTPartitioner::splitCurrArea
[88],Quant::Quant
[127],Quant::xDestroyScalingList
[89],Quant::xInitScalingList
[90],QuantRDOQ::QuantRDOQ
[2],RtlUserThreadStart
[33],SampleAdaptiveOffset::SAOProcess
[52],SampleAdaptiveOffset::offsetBlock
[53],SampleAdaptiveOffset::offsetCTU
[146],Slice::sortPicList
[26],TBinDecoder<class BinProbModel_Std>::decodeBin
[98],TUIntraSubPartitioner::TUIntraSubPartitioner
[181],TUIntraSubPartitioner::canSplit
[172],TUIntraSubPartitioner::splitCurrArea
[73],TrQuant::init
[162],TrQuant::invLfnstNxN
[27],TrQuant::invTransformNxN
[29],TrQuant::xIT
[188],TrQuant::xITransformSkip
[163],TrQuant::xInvLfnst
[174],TransformUnit::getTbAreaAfterCoefZeroOut
[104],UnitArea::contains
[62],UnitBuf<short>::copyFrom
[167],UnitBuf<short>::fill
[196],VideoIOYuv::close
[69],VideoIOYuv::write
[192],XUCache::~XUCache
[184],_chkstk
[113],_fastInverseMM<8>
[3],_scrt_common_main_seh
[71],_security_check_cookie
[198],`dynamic initializer for 'g_reusedUniMVs''
[157],`eh vector constructor iterator'
[40],byteStreamNALUnit
[41],byteStreamNALUnit
[193],dynamic_cache<struct CodingUnit>::deleteEntries
[194],exit
[64],fastInverseDCT2_B16
[82],fastInverseDCT2_B32
[144],fastInverseDCT2_B64
[158],fastInverseDST7_B16
[114],fastInverseDST7_B8
[124],free_base
[190],func@0x18000c9d8
[169],getSeisByType
[199],initterm
[152],isAboveRightAvailable
[187],isBelowLeftAvailable
[191],isLeftAvailable
[5],main
[49],malloc_base
[63],memcpy
[32],memset
[38],operator new
[131],"reco_SSE<4,8>"
[121],simdDeriveClassificationBlk<4>
[50],simdFilter5x5Blk<4>
[44],simdFilter7x7Blk<4>
[170],"std::_List_alloc<struct std::_List_base_types<class SEI *,class std::allocator<class SEI *> > >::_Buynode0"
[134],"std::_Sort_unchecked1<int *,__int64,struct std::less<void> >"
[197],"std::basic_filebuf<char,struct std::char_traits<char> >::close"
[56],"std::basic_istream<char,struct std::char_traits<char> >::get"
[84],"std::basic_ostream<char,struct std::char_traits<char> >::write"
[147],"std::list<struct Picture *,class std::allocator<struct Picture *> >::_Insert_range<class std::_List_iterator<class std::_List_val<struct std::_List_simple_types<struct Picture *> > > >"
[173],"std::vector<UnitArea,std::allocator<UnitArea> >::_Resize<<lambda_d78323a2134c02019bcc3999c203baa5> >"
[109],"std::vector<struct CodingUnit *,class std::allocator<struct CodingUnit *> >::_Insert_range<struct CodingUnit * *>"
[133],"std::vector<struct UnitArea,class std::allocator<struct UnitArea> >::_Range_construct_or_tidy<struct UnitArea const *>"
[70],writePlane
[10],<cycle 1>
[16],<cycle 2>
