Index,% CPU Time:Total,CPU Time:Self,CPU Time:Children,Name,Index
,,0.0,4.744757,  RtlUserThreadStart,[2]
[1],100.0,0.0,4.744757,BaseThreadInitThunk,[1]
,,0.0,4.744757,  _scrt_common_main_seh,[3]
,,,,,
,,,,  <spontaneous>,
[2],100.0,0.0,4.744757,RtlUserThreadStart,[2]
,,0.0,4.744757,  BaseThreadInitThunk,[1]
,,,,,
,,0.0,4.744757,  BaseThreadInitThunk,[1]
[3],100.0,0.0,4.744757,_scrt_common_main_seh,[3]
,,0.0,0.011442,  exit,[207]
,,0.0,0.010805,  initterm,[209]
,,0.0,4.722510,  main,[5]
,,,,,
,,0.0,4.722510,  main,[5]
[4],99.53,0.0,4.722510,DecApp::decode,[4]
,,0.0,0.014893,  DecApp::xDestroyDecLib,[202]
,,0.0,0.062224,  DecApp::xWriteOutput,[66]
,,0.0,3.059965,  DecLib::decode,[6]
,,0.0,1.181440,  DecLib::executeLoopFilters,[16]
,,0.0,0.062797,  DecLib::finishPicture,[61]
,,0.0,0.341192,  byteStreamNALUnit,[28]
,,,,,
,,0.0,4.722510,  _scrt_common_main_seh,[3]
[5],99.53,0.0,4.722510,main,[5]
,,0.0,4.722510,  DecApp::decode,[4]
,,,,,
,,0.0,3.059965,  DecApp::decode,[4]
[6],64.49,0.0,3.059965,DecLib::decode,[6]
,,0.0,3.059965,  DecLib::xDecodeSlice,[7]
,,,,,
,,0.0,3.059965,  DecLib::decode,[6]
[7],64.49,0.0,3.059965,DecLib::xDecodeSlice,[7]
,,0.0,0.046580,  DecLib::xActivateParameterSets,[96]
,,0.0,3.013385,  DecSlice::decompressSlice,[8]
,,,,,
,,0.0,3.013385,  DecLib::xDecodeSlice,[7]
[8],63.51,0.0,3.013385,DecSlice::decompressSlice,[8]
,,0.015474,1.056151,  DecCu::decompressCtu,[19]
,,0.0,1.941760,  CABACReader::coding_tree_unit,[9]
,,,,,
,,0.0,1.941760,  DecSlice::decompressSlice,[8]
[9],40.92,0.0,1.941760,CABACReader::coding_tree_unit,[9]
,,0.015513,1.895219,  CABACReader::coding_tree <cycle 1>,[11]
,,0.0,0.015616,  CodingStructure::getCURestricted,[137]
,,0.0,0.015411,  PartitionerFactory::get,[200]
,,,,,
,,0.015513,1.895219,  CABACReader::coding_tree_unit,[9]
[10],40.27,0.015513,1.895220,<cycle 1 as a whole>,[10]
,,0.015513,1.895219,  CABACReader::coding_tree <cycle 1>,[11]
,,,,,
,,,,  CABACReader::coding_tree <cycle 1>,[11]
,,0.015513,1.895219,  CABACReader::coding_tree_unit,[9]
[11],40.27,0.015513,1.895219,CABACReader::coding_tree <cycle 1>,[11]
,,0.046692,0.062175,  CodingStructure::addCU,[44]
,,0.015570,0.0,  QTBTPartitioner::exitCurrSplit,[148]
,,0.015556,0.0,  CodingUnit::isSepTree,[127]
,,0.015545,0.015521,  QTBTPartitioner::nextPart,[124]
,,0.015542,0.062147,  CABACReader::split_cu_mode,[52]
,,,,  CABACReader::coding_tree <cycle 1>,[11]
,,0.0,1.537613,  CABACReader::coding_unit,[12]
,,0.0,0.031115,  CS::getArea,[65]
,,0.0,0.031105,  QTBTPartitioner::canSplit,[89]
,,0.0,0.046639,  QTBTPartitioner::splitCurrArea,[87]
,,,,,
,,0.0,1.537613,  CABACReader::coding_tree <cycle 1>,[11]
[12],32.41,0.0,1.537613,CABACReader::coding_unit,[12]
,,0.015526,0.0,  CABACReader::end_of_ctu,[171]
,,0.0,0.124378,  CABACReader::cu_pred_data,[39]
,,0.0,1.320253,  CABACReader::cu_residual,[13]
,,0.0,0.077457,  CodingStructure::addPU,[60]
,,,,,
,,0.0,1.320253,  CABACReader::coding_unit,[12]
[13],27.83,0.0,1.320253,CABACReader::cu_residual,[13]
,,0.0,0.046529,  CABACReader::residual_lfnst_mode,[101]
,,0.0,1.242703,  CABACReader::transform_tree <cycle 2>,[15]
,,0.0,0.015540,  TUIntraSubPartitioner::TUIntraSubPartitioner,[161]
,,0.0,0.015481,  `eh vector destructor iterator',[192]
,,,,,
,,0.0,1.242703,  CABACReader::cu_residual,[13]
[14],26.19,0.0,1.242703,<cycle 2 as a whole>,[14]
,,0.0,1.242703,  CABACReader::transform_tree <cycle 2>,[15]
,,,,,
,,0.0,1.242703,  CABACReader::cu_residual,[13]
,,,,  CABACReader::transform_tree <cycle 2>,[15]
[15],26.19,0.0,1.242703,CABACReader::transform_tree <cycle 2>,[15]
,,0.031109,0.0,  CS::getArea,[65]
,,0.015536,0.0,  CodingStructure::addTU,[163]
,,0.015526,0.0,  TransformUnit::getCoeffs,[172]
,,0.0,0.062326,  AreaBuf<int>::fill,[62]
,,,,  CABACReader::transform_tree <cycle 2>,[15]
,,0.0,1.118206,  CABACReader::transform_unit,[17]
,,,,,
,,0.0,1.181440,  DecApp::decode,[4]
[16],24.9,0.0,1.181440,DecLib::executeLoopFilters,[16]
,,0.031121,0.046618,  CS::setRefinedMotionField,[51]
,,0.0,0.202255,  AdaptiveLoopFilter::ALFProcess,[32]
,,0.0,0.808314,  LoopFilter::loopFilterPic,[24]
,,0.0,0.093132,  SampleAdaptiveOffset::SAOProcess,[49]
,,,,,
,,0.0,1.118206,  CABACReader::transform_tree <cycle 2>,[15]
[17],23.57,0.0,1.118206,CABACReader::transform_unit,[17]
,,0.031102,1.071582,  CABACReader::residual_coding,[18]
,,0.015522,0.0,  CABACReader::cbf_comp,[177]
,,,,,
,,0.031102,1.071582,  CABACReader::transform_unit,[17]
[18],23.24,0.031102,1.071582,CABACReader::residual_coding,[18]
,,0.248627,0.589989,  CABACReader::residual_coding_subblock,[23]
,,0.046600,0.015501,  CoeffCodingContext::initSubblock,[77]
,,0.015564,0.031074,  CABACReader::last_sig_coeff,[88]
,,0.015510,0.015577,  CoeffCodingContext::CoeffCodingContext,[122]
,,0.0,0.046585,  CABACReader::mts_coding,[95]
,,0.0,0.046555,  CABACReader::residual_codingTS,[99]
,,,,,
,,0.015474,1.056151,  DecSlice::decompressSlice,[8]
[19],22.59,0.015474,1.056151,DecCu::decompressCtu,[19]
,,0.046567,0.031081,  InterPrediction::xFillIBCBuffer,[53]
,,0.015539,0.962963,  DecCu::xReconIntraQT,[20]
,,,,,
,,0.015539,0.962963,  DecCu::decompressCtu,[19]
[20],20.62,0.015539,0.962963,DecCu::xReconIntraQT,[20]
,,0.0,0.962963,  DecCu::xIntraRecQT,[22]
,,,,,
,,0.015474,0.947489,  DecCu::xIntraRecQT,[22]
[21],20.3,0.015474,0.947489,DecCu::xIntraRecBlk,[21]
,,0.015602,0.372451,  TrQuant::invTransformNxN,[27]
,,0.015601,0.0,  CU::isPredRegDiffFromTB,[138]
,,0.015575,0.015519,  IntraPrediction::xGetLumaRecPixels,[118]
,,0.015518,0.015533,  PU::getFinalIntraMode,[129]
,,0.015510,0.015580,  AreaBuf<short>::reconstruct,[121]
,,0.0,0.077844,  AreaBuf<short>::copyFrom,[43]
,,0.0,0.015533,  AreaBuf<short>::fill,[164]
,,0.0,0.015548,  AreaBuf<short>::linearTransform,[158]
,,0.0,0.031131,  CodingStructure::getResiBuf,[109]
,,0.0,0.015510,  CodingStructure::setDecomp,[186]
,,0.0,0.155293,  IntraPrediction::initIntraPatternChType,[35]
,,0.0,0.015471,  IntraPrediction::initIntraPatternChTypeISP,[196]
,,0.0,0.062048,  IntraPrediction::predIntraAng,[79]
,,0.0,0.031143,  IntraPrediction::predIntraChromaLM,[107]
,,0.0,0.015566,  IntraPrediction::predIntraMip,[150]
,,0.0,0.015513,  QpParam::QpParam,[184]
,,,,,
,,0.0,0.962963,  DecCu::xReconIntraQT,[20]
[22],20.3,0.0,0.962963,DecCu::xIntraRecQT,[22]
,,0.015474,0.947489,  DecCu::xIntraRecBlk,[21]
,,,,,
,,0.248627,0.589989,  CABACReader::residual_coding,[18]
[23],17.67,0.248627,0.589989,CABACReader::residual_coding_subblock,[23]
,,0.248397,0.062088,  TBinDecoder<class BinProbModel_Std>::decodeBin,[26]
,,0.124268,0.0,  CoeffCodingContext::sigCtxIdAbs,[42]
,,0.093262,0.0,  CoeffCodingContext::templateAbsSum,[47]
,,0.030978,0.015518,  BinDecoderBase::decodeBinsEP,[82]
,,0.0,0.015477,  BinDecoderBase::decodeRemAbsEP,[193]
,,,,,
,,0.0,0.808314,  DecLib::executeLoopFilters,[16]
[24],17.04,0.0,0.808314,LoopFilter::loopFilterPic,[24]
,,0.108826,0.575156,  LoopFilter::xDeblockCU,[25]
,,0.077736,0.046595,  CodingStructure::traverseCUs,[41]
,,,,,
,,0.108826,0.575156,  LoopFilter::loopFilterPic,[24]
[25],14.42,0.108826,0.575156,LoopFilter::xDeblockCU,[25]
,,0.108868,0.077706,  LoopFilter::xEdgeFilterLuma,[33]
,,0.046736,0.0,  LoopFilter::xSetEdgefilterMultiple,[84]
,,0.046674,0.046567,  LoopFilter::xEdgeFilterChroma,[48]
,,0.046648,0.0,  CU::traversePUs,[72]
,,0.046625,0.0,  CU::traverseTUs,[91]
,,0.015524,0.031051,  LoopFilter::xGetBoundaryStrengthSingle,[98]
,,0.015523,0.046618,  LoopFilter::xSetLoopfilterParam,[75]
,,0.015516,0.031100,  LoopFilter::xSetMaxFilterLengthPQFromTransformSizes,[92]
,,,,,
,,0.015567,0.0,  CABACReader::residual_coding_subblockTS,[100]
,,0.015575,0.015552,  CABACReader::mip_flag,[69]
,,0.031074,0.0,  CABACReader::last_sig_coeff,[88]
,,0.046585,0.0,  CABACReader::mts_coding,[95]
,,0.248397,0.062088,  CABACReader::residual_coding_subblock,[23]
[26],9.16,0.357198,0.077640,TBinDecoder<class BinProbModel_Std>::decodeBin,[26]
,,0.077640,0.0,  BinProbModel_Std::update,[54]
,,,,,
,,0.015602,0.372451,  DecCu::xIntraRecBlk,[21]
[27],8.18,0.015602,0.372451,TrQuant::invTransformNxN,[27]
,,0.015559,0.046552,  TrQuant::xInvLfnst,[76]
,,0.015488,0.124142,  TrQuant::xIT,[38]
,,0.015472,0.0,  TrQuant::xDeQuant,[195]
,,0.0,0.155238,  DepQuant::dequant,[37]
,,,,,
,,0.0,0.341192,  DecApp::decode,[4]
[28],7.19,0.0,0.341192,byteStreamNALUnit,[28]
,,0.046180,0.295011,  byteStreamNALUnit,[29]
,,,,,
,,0.046180,0.295011,  byteStreamNALUnit,[28]
[29],7.19,0.046180,0.295011,byteStreamNALUnit,[29]
,,0.031121,0.0,"  std::vector<unsigned char,class std::allocator<unsigned char> >::emplace_back<unsigned char>",[110]
,,0.031090,0.232800,  InputByteStream::eofBeforeNBytes,[30]
,,,,,
,,0.031090,0.232800,  byteStreamNALUnit,[29]
[30],5.56,0.031090,0.232800,InputByteStream::eofBeforeNBytes,[30]
,,0.232800,0.0,"  std::basic_istream<char,struct std::char_traits<char> >::get",[31]
,,,,,
,,0.232800,0.0,  InputByteStream::eofBeforeNBytes,[30]
[31],4.91,0.232800,0.0,"std::basic_istream<char,struct std::char_traits<char> >::get",[31]
,,,,,
,,0.0,0.202255,  DecLib::executeLoopFilters,[16]
[32],4.26,0.0,0.202255,AdaptiveLoopFilter::ALFProcess,[32]
,,0.124377,0.0,  simdFilter7x7Blk<4>,[40]
,,0.015624,0.0,  simdFilter5x5Blk<4>,[136]
,,0.0,0.062254,  AdaptiveLoopFilter::deriveClassification,[63]
,,,,,
,,0.108868,0.077706,  LoopFilter::xDeblockCU,[25]
[33],3.93,0.108868,0.077706,LoopFilter::xEdgeFilterLuma,[33]
,,0.015580,0.0,  LoopFilter::xPelFilterLuma,[141]
,,0.015552,0.015510,  CodingStructure::getRecoBuf,[94]
,,0.015550,0.0,  LoopFilter::xUseStrongFiltering,[156]
,,0.015513,0.0,  CodingStructure::getCU,[59]
,,,,,
,,0.0,0.015471,  IntraPrediction::initIntraPatternChTypeISP,[196]
,,0.031012,0.124281,  IntraPrediction::initIntraPatternChType,[35]
[34],3.6,0.031012,0.139752,IntraPrediction::xFillReferenceSamples,[34]
,,0.031066,0.0,  isAboveRightAvailable,[125]
,,0.015523,0.046576,  isLeftAvailable,[78]
,,0.015471,0.0,  CodingStructure::getCURestricted,[74]
,,0.0,0.031115,  isBelowLeftAvailable,[86]
,,,,,
,,0.0,0.155293,  DecCu::xIntraRecBlk,[21]
[35],3.27,0.0,0.155293,IntraPrediction::initIntraPatternChType,[35]
,,0.031012,0.124281,  IntraPrediction::xFillReferenceSamples,[34]
,,,,,
,,0.155238,0.0,  DepQuant::dequant,[37]
[36],3.27,0.155238,0.0,DQIntern::Quantizer::dequantBlock,[36]
,,,,,
,,0.0,0.155238,  TrQuant::invTransformNxN,[27]
[37],3.27,0.0,0.155238,DepQuant::dequant,[37]
,,0.155238,0.0,  DQIntern::Quantizer::dequantBlock,[36]
,,,,,
,,0.015488,0.124142,  TrQuant::invTransformNxN,[27]
[38],2.94,0.015488,0.124142,TrQuant::xIT,[38]
,,0.062043,0.0,  fastInverseDCT2_B8,[81]
,,0.031168,0.0,  fastInverseDCT2_B16,[106]
,,0.015513,0.0,  fastInverseDST7_B16,[182]
,,0.015418,0.0,  TrQuant::getTrTypes,[197]
,,,,,
,,0.0,0.124378,  CABACReader::coding_unit,[12]
[39],2.62,0.0,0.124378,CABACReader::cu_pred_data,[39]
,,0.0,0.015524,  CABACReader::intra_chroma_pred_modes,[173]
,,0.0,0.108853,  CABACReader::intra_luma_pred_modes,[45]
,,,,,
,,0.124377,0.0,  AdaptiveLoopFilter::ALFProcess,[32]
[40],2.62,0.124377,0.0,simdFilter7x7Blk<4>,[40]
,,,,,
,,0.077736,0.046595,  LoopFilter::loopFilterPic,[24]
[41],2.62,0.077736,0.046595,CodingStructure::traverseCUs,[41]
,,0.046595,0.0,  UnitArea::contains,[93]
,,,,,
,,0.124268,0.0,  CABACReader::residual_coding_subblock,[23]
[42],2.62,0.124268,0.0,CoeffCodingContext::sigCtxIdAbs,[42]
,,,,,
,,0.0,0.077844,  DecCu::xIntraRecBlk,[21]
,,0.0,0.015505,  UnitBuf<short>::copyFrom,[188]
,,0.015556,0.0,  InterPrediction::xFillIBCBuffer,[53]
[43],2.3,0.015556,0.093349,AreaBuf<short>::copyFrom,[43]
,,0.093349,0.0,  memcpy,[46]
,,,,,
,,0.046692,0.062175,  CABACReader::coding_tree <cycle 1>,[11]
[44],2.29,0.046692,0.062175,CodingStructure::addCU,[44]
,,0.015571,0.0,  AreaBuf<unsigned int>::fill,[147]
,,0.015560,0.0,"  std::vector<struct CodingUnit *,class std::allocator<struct CodingUnit *> >::emplace_back<struct CodingUnit * const &>",[153]
,,0.0,0.031043,  operator new,[56]
,,,,,
,,0.0,0.108853,  CABACReader::cu_pred_data,[39]
[45],2.29,0.0,0.108853,CABACReader::intra_luma_pred_modes,[45]
,,0.015568,0.0,  BinDecoderBase::decodeBinEP,[149]
,,0.015493,0.0,  CABACReader::extend_ref_line,[190]
,,0.0,0.062218,  CABACReader::mip_flag,[69]
,,0.0,0.015574,  PU::getIntraMPMs,[146]
,,,,,
,,0.093349,0.0,  AreaBuf<short>::copyFrom,[43]
[46],1.97,0.093349,0.0,memcpy,[46]
,,,,,
,,0.093262,0.0,  CABACReader::residual_coding_subblock,[23]
[47],1.97,0.093262,0.0,CoeffCodingContext::templateAbsSum,[47]
,,,,,
,,0.046674,0.046567,  LoopFilter::xDeblockCU,[25]
[48],1.97,0.046674,0.046567,LoopFilter::xEdgeFilterChroma,[48]
,,0.031035,0.0,  LoopFilter::xPelFilterChroma,[132]
,,0.0,0.015532,  isAvailableAbove,[90]
,,,,,
,,0.0,0.093132,  DecLib::executeLoopFilters,[16]
[49],1.96,0.0,0.093132,SampleAdaptiveOffset::SAOProcess,[49]
,,0.0,0.077626,  SampleAdaptiveOffset::offsetCTU,[58]
,,0.0,0.015505,  UnitBuf<short>::copyFrom,[188]
,,,,,
,,0.015577,0.0,  CoeffCodingContext::CoeffCodingContext,[122]
,,0.062326,0.0,  AreaBuf<int>::fill,[62]
[50],1.64,0.077903,0.0,memset,[50]
,,,,,
,,0.031121,0.046618,  DecLib::executeLoopFilters,[16]
[51],1.64,0.031121,0.046618,CS::setRefinedMotionField,[51]
,,0.015524,0.015580,  PU::checkDMVRCondition,[114]
,,0.015514,0.0,  CU::traversePUs,[72]
,,,,,
,,0.015542,0.062147,  CABACReader::coding_tree <cycle 1>,[11]
[52],1.64,0.015542,0.062147,CABACReader::split_cu_mode,[52]
,,0.031065,0.0,  DeriveCtx::CtxSplit,[126]
,,0.015530,0.015551,  QTBTPartitioner::canSplit,[70]
,,,,,
,,0.046567,0.031081,  DecCu::decompressCtu,[19]
[53],1.64,0.046567,0.031081,InterPrediction::xFillIBCBuffer,[53]
,,0.015556,0.0,  AreaBuf<short>::copyFrom,[43]
,,0.0,0.015525,  CodingStructure::getRecoBuf,[94]
,,,,,
,,0.077640,0.0,  TBinDecoder<class BinProbModel_Std>::decodeBin,[26]
[54],1.64,0.077640,0.0,BinProbModel_Std::update,[54]
,,,,,
,,0.077634,0.0,  operator new,[56]
[55],1.64,0.077634,0.0,malloc_base,[55]
,,,,,
,,0.0,0.031043,  CodingStructure::addCU,[44]
,,0.0,0.015523,  Quant::xInitScalingList,[176]
,,0.0,0.015527,  QuantRDOQ::xInitScalingList,[170]
,,0.0,0.015540,"  std::vector<struct UnitArea,class std::allocator<struct UnitArea> >::_Range_construct_or_tidy<struct UnitArea const *>",[162]
[56],1.64,0.0,0.077634,operator new,[56]
,,0.077634,0.0,  malloc_base,[55]
,,,,,
,,0.077626,0.0,  SampleAdaptiveOffset::offsetCTU,[58]
[57],1.64,0.077626,0.0,SampleAdaptiveOffset::offsetBlock,[57]
,,,,,
,,0.0,0.077626,  SampleAdaptiveOffset::SAOProcess,[49]
[58],1.64,0.0,0.077626,SampleAdaptiveOffset::offsetCTU,[58]
,,0.077626,0.0,  SampleAdaptiveOffset::offsetBlock,[57]
,,,,,
,,0.015513,0.0,  LoopFilter::xEdgeFilterLuma,[33]
,,0.015519,0.0,  IntraPrediction::xGetLumaRecPixels,[118]
,,0.015520,0.0,  LoopFilter::xSetLoopfilterParam,[75]
,,0.031051,0.0,  LoopFilter::xGetBoundaryStrengthSingle,[98]
[59],1.64,0.077603,0.0,CodingStructure::getCU,[59]
,,,,,
,,0.0,0.077457,  CABACReader::coding_unit,[12]
[60],1.63,0.0,0.077457,CodingStructure::addPU,[60]
,,0.046354,0.0,  PredictionUnit::initData,[102]
,,0.031103,0.0,"  std::vector<struct PredictionUnit *,class std::allocator<struct PredictionUnit *> >::emplace_back<struct PredictionUnit * const &>",[115]
,,,,,
,,0.0,0.062797,  DecApp::decode,[4]
[61],1.32,0.0,0.062797,DecLib::finishPicture,[61]
,,0.0,0.016036,  CodingStructure::destroyCoeffs,[134]
,,0.0,0.031173,  CodingStructure::releaseIntermediateData,[105]
,,0.0,0.015589,  msg,[140]
,,,,,
,,0.0,0.062326,  CABACReader::transform_tree <cycle 2>,[15]
[62],1.31,0.0,0.062326,AreaBuf<int>::fill,[62]
,,0.062326,0.0,  memset,[50]
,,,,,
,,0.0,0.062254,  AdaptiveLoopFilter::ALFProcess,[32]
[63],1.31,0.0,0.062254,AdaptiveLoopFilter::deriveClassification,[63]
,,0.062254,0.0,  simdDeriveClassificationBlk<4>,[64]
,,,,,
,,0.062254,0.0,  AdaptiveLoopFilter::deriveClassification,[63]
[64],1.31,0.062254,0.0,simdDeriveClassificationBlk<4>,[64]
,,,,,
,,0.0,0.031115,  CABACReader::coding_tree <cycle 1>,[11]
,,0.031109,0.0,  CABACReader::transform_tree <cycle 2>,[15]
[65],1.31,0.031109,0.031115,CS::getArea,[65]
,,0.015562,0.015552,  UnitArea::singleChan,[111]
,,,,,
,,0.0,0.062224,  DecApp::decode,[4]
[66],1.31,0.0,0.062224,DecApp::xWriteOutput,[66]
,,0.0,0.062224,  VideoIOYuv::write,[67]
,,,,,
,,0.0,0.062224,  DecApp::xWriteOutput,[66]
[67],1.31,0.0,0.062224,VideoIOYuv::write,[67]
,,0.015531,0.046693,  writePlane,[68]
,,,,,
,,0.015531,0.046693,  VideoIOYuv::write,[67]
[68],1.31,0.015531,0.046693,writePlane,[68]
,,0.046693,0.0,"  std::basic_ostream<char,struct std::char_traits<char> >::write",[85]
,,,,,
,,0.0,0.062218,  CABACReader::intra_luma_pred_modes,[45]
[69],1.31,0.0,0.062218,CABACReader::mip_flag,[69]
,,0.031091,0.0,  DeriveCtx::CtxMipFlag,[120]
,,0.015575,0.015552,  TBinDecoder<class BinProbModel_Std>::decodeBin,[26]
,,,,,
,,0.015530,0.015551,  CABACReader::split_cu_mode,[52]
,,0.015556,0.015549,  QTBTPartitioner::canSplit,[89]
[70],1.31,0.031086,0.031100,QTBTPartitioner::canSplit,[70]
,,0.0,0.015551,  PreCalcValues::getMinQtSize,[155]
,,0.0,0.015549,  PreCalcValues::getMinTtSize,[157]
,,,,,
,,0.015510,0.015525,  CodingStructure::getRecoBuf,[94]
,,0.015562,0.015569,  CodingStructure::getResiBuf,[109]
[71],1.31,0.031072,0.031093,CodingStructure::getBuf,[71]
,,0.031093,0.0,  PelStorage::getBuf,[119]
,,,,,
,,0.015514,0.0,  CS::setRefinedMotionField,[51]
,,0.046648,0.0,  LoopFilter::xDeblockCU,[25]
[72],1.31,0.062162,0.0,CU::traversePUs,[72]
,,,,,
,,0.015455,0.0,  isLeftAvailable,[78]
,,0.015581,0.0,  IntraPrediction::xGetLMParameters,[108]
,,0.031118,0.0,  isBelowLeftAvailable,[86]
[73],1.31,0.062154,0.0,CodingStructure::isDecomp,[73]
,,,,,
,,0.0,0.015560,  isBelowLeftAvailable,[86]
,,0.015471,0.0,  IntraPrediction::xFillReferenceSamples,[34]
,,0.015550,0.015571,  isLeftAvailable,[78]
[74],1.31,0.031021,0.031131,CodingStructure::getCURestricted,[74]
,,0.031131,0.0,  CodingStructure::getCU,[83]
,,,,,
,,0.015523,0.046618,  LoopFilter::xDeblockCU,[25]
[75],1.31,0.015523,0.046618,LoopFilter::xSetLoopfilterParam,[75]
,,0.015574,0.015525,  isAvailableAbove,[90]
,,0.015520,0.0,  CodingStructure::getCU,[59]
,,,,,
,,0.015559,0.046552,  TrQuant::invTransformNxN,[27]
[76],1.31,0.015559,0.046552,TrQuant::xInvLfnst,[76]
,,0.031078,0.0,  TrQuant::invLfnstNxN,[123]
,,0.015474,0.0,  PU::isMIP,[194]
,,,,,
,,0.046600,0.015501,  CABACReader::residual_coding,[18]
[77],1.31,0.046600,0.015501,CoeffCodingContext::initSubblock,[77]
,,0.015501,0.0,  std::bitset<1024>::operator[],[189]
,,,,,
,,0.015523,0.046576,  IntraPrediction::xFillReferenceSamples,[34]
[78],1.31,0.015523,0.046576,isLeftAvailable,[78]
,,0.015550,0.015571,  CodingStructure::getCURestricted,[74]
,,0.015455,0.0,  CodingStructure::isDecomp,[73]
,,,,,
,,0.0,0.062048,  DecCu::xIntraRecBlk,[21]
[79],1.31,0.0,0.062048,IntraPrediction::predIntraAng,[79]
,,0.062048,0.0,  IntraPrediction::xPredIntraAng,[80]
,,,,,
,,0.062048,0.0,  IntraPrediction::predIntraAng,[79]
[80],1.31,0.062048,0.0,IntraPrediction::xPredIntraAng,[80]
,,,,,
,,0.062043,0.0,  TrQuant::xIT,[38]
[81],1.31,0.062043,0.0,fastInverseDCT2_B8,[81]
,,,,,
,,0.015477,0.0,  BinDecoderBase::decodeRemAbsEP,[193]
,,0.030978,0.015518,  CABACReader::residual_coding_subblock,[23]
[82],1.31,0.046455,0.015518,BinDecoderBase::decodeBinsEP,[82]
,,0.015518,0.0,  InputBitstream::readByte,[180]
,,,,,
,,0.015616,0.0,  CodingStructure::getCURestricted,[137]
,,0.031131,0.0,  CodingStructure::getCURestricted,[74]
[83],0.99,0.046747,0.0,CodingStructure::getCU,[83]
,,,,,
,,0.046736,0.0,  LoopFilter::xDeblockCU,[25]
[84],0.99,0.046736,0.0,LoopFilter::xSetEdgefilterMultiple,[84]
,,,,,
,,0.046693,0.0,  writePlane,[68]
[85],0.98,0.046693,0.0,"std::basic_ostream<char,struct std::char_traits<char> >::write",[85]
,,,,,
,,0.0,0.031115,  IntraPrediction::xFillReferenceSamples,[34]
,,0.0,0.015563,  IntraPrediction::xGetLMParameters,[108]
[86],0.98,0.0,0.046678,isBelowLeftAvailable,[86]
,,0.031118,0.0,  CodingStructure::isDecomp,[73]
,,0.0,0.015560,  CodingStructure::getCURestricted,[74]
,,,,,
,,0.0,0.046639,  CABACReader::coding_tree <cycle 1>,[11]
[87],0.98,0.0,0.046639,QTBTPartitioner::splitCurrArea,[87]
,,0.015529,0.0,  QTBTPartitioner::canSplit,[89]
,,0.0,0.031110,"  static_vector<struct PartLevel,15>::push_back",[112]
,,,,,
,,0.015564,0.031074,  CABACReader::residual_coding,[18]
[88],0.98,0.015564,0.031074,CABACReader::last_sig_coeff,[88]
,,0.031074,0.0,  TBinDecoder<class BinProbModel_Std>::decodeBin,[26]
,,,,,
,,0.0,0.031105,  CABACReader::coding_tree <cycle 1>,[11]
,,0.015529,0.0,  QTBTPartitioner::splitCurrArea,[87]
[89],0.98,0.015529,0.031105,QTBTPartitioner::canSplit,[89]
,,0.015556,0.015549,  QTBTPartitioner::canSplit,[70]
,,,,,
,,0.0,0.015532,  LoopFilter::xEdgeFilterChroma,[48]
,,0.015574,0.015525,  LoopFilter::xSetLoopfilterParam,[75]
[90],0.98,0.015574,0.031057,isAvailableAbove,[90]
,,0.031057,0.0,  CU::isSameSlice,[128]
,,,,,
,,0.046625,0.0,  LoopFilter::xDeblockCU,[25]
[91],0.98,0.046625,0.0,CU::traverseTUs,[91]
,,,,,
,,0.015516,0.031100,  LoopFilter::xDeblockCU,[25]
[92],0.98,0.015516,0.031100,LoopFilter::xSetMaxFilterLengthPQFromTransformSizes,[92]
,,0.031100,0.0,  CodingStructure::getTU,[116]
,,,,,
,,0.046595,0.0,  CodingStructure::traverseCUs,[41]
[93],0.98,0.046595,0.0,UnitArea::contains,[93]
,,,,,
,,0.0,0.015525,  InterPrediction::xFillIBCBuffer,[53]
,,0.015552,0.015510,  LoopFilter::xEdgeFilterLuma,[33]
[94],0.98,0.015552,0.031035,CodingStructure::getRecoBuf,[94]
,,0.015510,0.015525,  CodingStructure::getBuf,[71]
,,,,,
,,0.0,0.046585,  CABACReader::residual_coding,[18]
[95],0.98,0.0,0.046585,CABACReader::mts_coding,[95]
,,0.046585,0.0,  TBinDecoder<class BinProbModel_Std>::decodeBin,[26]
,,,,,
,,0.0,0.046580,  DecLib::xDecodeSlice,[7]
[96],0.98,0.0,0.046580,DecLib::xActivateParameterSets,[96]
,,0.0,0.046580,  TrQuant::init,[97]
,,,,,
,,0.0,0.046580,  DecLib::xActivateParameterSets,[96]
[97],0.98,0.0,0.046580,TrQuant::init,[97]
,,0.0,0.031050,  DepQuant::DepQuant,[130]
,,0.0,0.015530,  DepQuant::`scalar deleting destructor',[168]
,,,,,
,,0.015524,0.031051,  LoopFilter::xDeblockCU,[25]
[98],0.98,0.015524,0.031051,LoopFilter::xGetBoundaryStrengthSingle,[98]
,,0.031051,0.0,  CodingStructure::getCU,[59]
,,,,,
,,0.0,0.046555,  CABACReader::residual_coding,[18]
[99],0.98,0.0,0.046555,CABACReader::residual_codingTS,[99]
,,0.015472,0.031083,  CABACReader::residual_coding_subblockTS,[100]
,,,,,
,,0.015472,0.031083,  CABACReader::residual_codingTS,[99]
[100],0.98,0.015472,0.031083,CABACReader::residual_coding_subblockTS,[100]
,,0.015567,0.0,  TBinDecoder<class BinProbModel_Std>::decodeBin,[26]
,,0.015516,0.0,  CoeffCodingContext::signCtxIdAbsTS,[181]
,,,,,
,,0.0,0.046529,  CABACReader::cu_residual,[13]
[101],0.98,0.0,0.046529,CABACReader::residual_lfnst_mode,[101]
,,0.015502,0.015520,  TU::getCbf,[133]
,,0.0,0.015506,  CodingUnit::isSepTree,[127]
,,,,,
,,0.046354,0.0,  CodingStructure::addPU,[60]
[102],0.98,0.046354,0.0,PredictionUnit::initData,[102]
,,,,,
,,0.011442,0.0,  dynamic_cache<struct PredictionUnit>::deleteEntries,[206]
,,0.015481,0.0,  PartLevel::~PartLevel,[191]
,,0.015530,0.0,  Quant::xDestroyScalingList,[169]
[103],0.89,0.042453,0.0,free_base,[103]
,,,,,
,,0.031173,0.0,  CodingStructure::releaseIntermediateData,[105]
[104],0.66,0.031173,0.0,CodingStructure::clearTUs,[104]
,,,,,
,,0.0,0.031173,  DecLib::finishPicture,[61]
[105],0.66,0.0,0.031173,CodingStructure::releaseIntermediateData,[105]
,,0.031173,0.0,  CodingStructure::clearTUs,[104]
,,,,,
,,0.031168,0.0,  TrQuant::xIT,[38]
[106],0.66,0.031168,0.0,fastInverseDCT2_B16,[106]
,,,,,
,,0.0,0.031143,  DecCu::xIntraRecBlk,[21]
[107],0.66,0.0,0.031143,IntraPrediction::predIntraChromaLM,[107]
,,0.0,0.031143,  IntraPrediction::xGetLMParameters,[108]
,,,,,
,,0.0,0.031143,  IntraPrediction::predIntraChromaLM,[107]
[108],0.66,0.0,0.031143,IntraPrediction::xGetLMParameters,[108]
,,0.015581,0.0,  CodingStructure::isDecomp,[73]
,,0.0,0.015563,  isBelowLeftAvailable,[86]
,,,,,
,,0.0,0.031131,  DecCu::xIntraRecBlk,[21]
[109],0.66,0.0,0.031131,CodingStructure::getResiBuf,[109]
,,0.015562,0.015569,  CodingStructure::getBuf,[71]
,,,,,
,,0.031121,0.0,  byteStreamNALUnit,[29]
[110],0.66,0.031121,0.0,"std::vector<unsigned char,class std::allocator<unsigned char> >::emplace_back<unsigned char>",[110]
,,,,,
,,0.015562,0.015552,  CS::getArea,[65]
[111],0.66,0.015562,0.015552,UnitArea::singleChan,[111]
,,0.015552,0.0,  UnitArea::UnitArea,[154]
,,,,,
,,0.0,0.031110,  QTBTPartitioner::splitCurrArea,[87]
[112],0.66,0.0,0.031110,"static_vector<struct PartLevel,15>::push_back",[112]
,,0.031110,0.0,"  std::vector<struct UnitArea,class std::allocator<struct UnitArea> >::operator=",[113]
,,,,,
,,0.031110,0.0,"  static_vector<struct PartLevel,15>::push_back",[112]
[113],0.66,0.031110,0.0,"std::vector<struct UnitArea,class std::allocator<struct UnitArea> >::operator=",[113]
,,,,,
,,0.015524,0.015580,  CS::setRefinedMotionField,[51]
[114],0.66,0.015524,0.015580,PU::checkDMVRCondition,[114]
,,0.015580,0.0,  Slice::getWpScaling,[143]
,,,,,
,,0.031103,0.0,  CodingStructure::addPU,[60]
[115],0.66,0.031103,0.0,"std::vector<struct PredictionUnit *,class std::allocator<struct PredictionUnit *> >::emplace_back<struct PredictionUnit * const &>",[115]
,,,,,
,,0.031100,0.0,  LoopFilter::xSetMaxFilterLengthPQFromTransformSizes,[92]
[116],0.66,0.031100,0.0,CodingStructure::getTU,[116]
,,,,,
,,0.015549,0.0,  PreCalcValues::getMinTtSize,[157]
,,0.015551,0.0,  PreCalcValues::getMinQtSize,[155]
[117],0.66,0.031100,0.0,PreCalcValues::getValIdx,[117]
,,,,,
,,0.015575,0.015519,  DecCu::xIntraRecBlk,[21]
[118],0.66,0.015575,0.015519,IntraPrediction::xGetLumaRecPixels,[118]
,,0.015519,0.0,  CodingStructure::getCU,[59]
,,,,,
,,0.031093,0.0,  CodingStructure::getBuf,[71]
[119],0.66,0.031093,0.0,PelStorage::getBuf,[119]
,,,,,
,,0.031091,0.0,  CABACReader::mip_flag,[69]
[120],0.66,0.031091,0.0,DeriveCtx::CtxMipFlag,[120]
,,,,,
,,0.015510,0.015580,  DecCu::xIntraRecBlk,[21]
[121],0.66,0.015510,0.015580,AreaBuf<short>::reconstruct,[121]
,,0.015580,0.0,"  reco_SSE<4,8>",[142]
,,,,,
,,0.015510,0.015577,  CABACReader::residual_coding,[18]
[122],0.66,0.015510,0.015577,CoeffCodingContext::CoeffCodingContext,[122]
,,0.015577,0.0,  memset,[50]
,,,,,
,,0.031078,0.0,  TrQuant::xInvLfnst,[76]
[123],0.66,0.031078,0.0,TrQuant::invLfnstNxN,[123]
,,,,,
,,0.015545,0.015521,  CABACReader::coding_tree <cycle 1>,[11]
[124],0.65,0.015545,0.015521,QTBTPartitioner::nextPart,[124]
,,0.015521,0.0,  CU::getSplitAtDepth,[178]
,,,,,
,,0.031066,0.0,  IntraPrediction::xFillReferenceSamples,[34]
[125],0.65,0.031066,0.0,isAboveRightAvailable,[125]
,,,,,
,,0.031065,0.0,  CABACReader::split_cu_mode,[52]
[126],0.65,0.031065,0.0,DeriveCtx::CtxSplit,[126]
,,,,,
,,0.0,0.015506,  CABACReader::residual_lfnst_mode,[101]
,,0.015556,0.0,  CABACReader::coding_tree <cycle 1>,[11]
[127],0.65,0.015556,0.015506,CodingUnit::isSepTree,[127]
,,0.015506,0.0,  CS::isDualITree,[187]
,,,,,
,,0.031057,0.0,  isAvailableAbove,[90]
[128],0.65,0.031057,0.0,CU::isSameSlice,[128]
,,,,,
,,0.015518,0.015533,  DecCu::xIntraRecBlk,[21]
[129],0.65,0.015518,0.015533,PU::getFinalIntraMode,[129]
,,0.0,0.015533,  PU::getCoLocatedIntraLumaMode,[167]
,,,,,
,,0.0,0.031050,  TrQuant::init,[97]
[130],0.65,0.0,0.031050,DepQuant::DepQuant,[130]
,,0.0,0.031050,  QuantRDOQ::QuantRDOQ,[131]
,,,,,
,,0.0,0.031050,  DepQuant::DepQuant,[130]
[131],0.65,0.0,0.031050,QuantRDOQ::QuantRDOQ,[131]
,,0.0,0.015523,  Quant::Quant,[175]
,,0.0,0.015527,  QuantRDOQ::xInitScalingList,[170]
,,,,,
,,0.031035,0.0,  LoopFilter::xEdgeFilterChroma,[48]
[132],0.65,0.031035,0.0,LoopFilter::xPelFilterChroma,[132]
,,,,,
,,0.015502,0.015520,  CABACReader::residual_lfnst_mode,[101]
[133],0.65,0.015502,0.015520,TU::getCbf,[133]
,,0.015520,0.0,  TU::getCbfAtDepth,[179]
,,,,,
,,0.0,0.016036,  DecLib::finishPicture,[61]
[134],0.34,0.0,0.016036,CodingStructure::destroyCoeffs,[134]
,,0.016036,0.0,  aligned_free,[135]
,,,,,
,,0.016036,0.0,  CodingStructure::destroyCoeffs,[134]
[135],0.34,0.016036,0.0,aligned_free,[135]
,,,,,
,,0.015624,0.0,  AdaptiveLoopFilter::ALFProcess,[32]
[136],0.33,0.015624,0.0,simdFilter5x5Blk<4>,[136]
,,,,,
,,0.0,0.015616,  CABACReader::coding_tree_unit,[9]
[137],0.33,0.0,0.015616,CodingStructure::getCURestricted,[137]
,,0.015616,0.0,  CodingStructure::getCU,[83]
,,,,,
,,0.015601,0.0,  DecCu::xIntraRecBlk,[21]
[138],0.33,0.015601,0.0,CU::isPredRegDiffFromTB,[138]
,,,,,
,,0.015589,0.0,  msg,[140]
[139],0.33,0.015589,0.0,_stdio_common_vfprintf,[139]
,,,,,
,,0.0,0.015589,  DecLib::finishPicture,[61]
[140],0.33,0.0,0.015589,msg,[140]
,,0.015589,0.0,  _stdio_common_vfprintf,[139]
,,,,,
,,0.015580,0.0,  LoopFilter::xEdgeFilterLuma,[33]
[141],0.33,0.015580,0.0,LoopFilter::xPelFilterLuma,[141]
,,,,,
,,0.015580,0.0,  AreaBuf<short>::reconstruct,[121]
[142],0.33,0.015580,0.0,"reco_SSE<4,8>",[142]
,,,,,
,,0.015580,0.0,  PU::checkDMVRCondition,[114]
[143],0.33,0.015580,0.0,Slice::getWpScaling,[143]
,,,,,
,,0.015574,0.0,  CodingStructure::getPURestricted,[145]
[144],0.33,0.015574,0.0,CU::isSameSliceAndTile,[144]
,,,,,
,,0.0,0.015574,  PU::getIntraMPMs,[146]
[145],0.33,0.0,0.015574,CodingStructure::getPURestricted,[145]
,,0.015574,0.0,  CU::isSameSliceAndTile,[144]
,,,,,
,,0.0,0.015574,  CABACReader::intra_luma_pred_modes,[45]
[146],0.33,0.0,0.015574,PU::getIntraMPMs,[146]
,,0.0,0.015574,  CodingStructure::getPURestricted,[145]
,,,,,
,,0.015571,0.0,  CodingStructure::addCU,[44]
[147],0.33,0.015571,0.0,AreaBuf<unsigned int>::fill,[147]
,,,,,
,,0.015570,0.0,  CABACReader::coding_tree <cycle 1>,[11]
[148],0.33,0.015570,0.0,QTBTPartitioner::exitCurrSplit,[148]
,,,,,
,,0.015568,0.0,  CABACReader::intra_luma_pred_modes,[45]
[149],0.33,0.015568,0.0,BinDecoderBase::decodeBinEP,[149]
,,,,,
,,0.0,0.015566,  DecCu::xIntraRecBlk,[21]
[150],0.33,0.0,0.015566,IntraPrediction::predIntraMip,[150]
,,0.0,0.015566,  MatrixIntraPrediction::predBlock,[152]
,,,,,
,,0.015566,0.0,  MatrixIntraPrediction::predBlock,[152]
[151],0.33,0.015566,0.0,MatrixIntraPrediction::computeReducedPred,[151]
,,,,,
,,0.0,0.015566,  IntraPrediction::predIntraMip,[150]
[152],0.33,0.0,0.015566,MatrixIntraPrediction::predBlock,[152]
,,0.015566,0.0,  MatrixIntraPrediction::computeReducedPred,[151]
,,,,,
,,0.015560,0.0,  CodingStructure::addCU,[44]
[153],0.33,0.015560,0.0,"std::vector<struct CodingUnit *,class std::allocator<struct CodingUnit *> >::emplace_back<struct CodingUnit * const &>",[153]
,,,,,
,,0.015552,0.0,  UnitArea::singleChan,[111]
[154],0.33,0.015552,0.0,UnitArea::UnitArea,[154]
,,,,,
,,0.0,0.015551,  QTBTPartitioner::canSplit,[70]
[155],0.33,0.0,0.015551,PreCalcValues::getMinQtSize,[155]
,,0.015551,0.0,  PreCalcValues::getValIdx,[117]
,,,,,
,,0.015550,0.0,  LoopFilter::xEdgeFilterLuma,[33]
[156],0.33,0.015550,0.0,LoopFilter::xUseStrongFiltering,[156]
,,,,,
,,0.0,0.015549,  QTBTPartitioner::canSplit,[70]
[157],0.33,0.0,0.015549,PreCalcValues::getMinTtSize,[157]
,,0.015549,0.0,  PreCalcValues::getValIdx,[117]
,,,,,
,,0.0,0.015548,  DecCu::xIntraRecBlk,[21]
[158],0.33,0.0,0.015548,AreaBuf<short>::linearTransform,[158]
,,0.0,0.015548,"  linTf_SSE_entry<4,8>",[160]
,,,,,
,,0.015548,0.0,"  linTf_SSE_entry<4,8>",[160]
[159],0.33,0.015548,0.0,"linTf_SSE<4,8,1,1,1,1,1>",[159]
,,,,,
,,0.0,0.015548,  AreaBuf<short>::linearTransform,[158]
[160],0.33,0.0,0.015548,"linTf_SSE_entry<4,8>",[160]
,,0.015548,0.0,"  linTf_SSE<4,8,1,1,1,1,1>",[159]
,,,,,
,,0.0,0.015540,  CABACReader::cu_residual,[13]
[161],0.33,0.0,0.015540,TUIntraSubPartitioner::TUIntraSubPartitioner,[161]
,,0.0,0.015540,"  std::vector<struct UnitArea,class std::allocator<struct UnitArea> >::_Range_construct_or_tidy<struct UnitArea const *>",[162]
,,,,,
,,0.0,0.015540,  TUIntraSubPartitioner::TUIntraSubPartitioner,[161]
[162],0.33,0.0,0.015540,"std::vector<struct UnitArea,class std::allocator<struct UnitArea> >::_Range_construct_or_tidy<struct UnitArea const *>",[162]
,,0.0,0.015540,  operator new,[56]
,,,,,
,,0.015536,0.0,  CABACReader::transform_tree <cycle 2>,[15]
[163],0.33,0.015536,0.0,CodingStructure::addTU,[163]
,,,,,
,,0.0,0.015533,  DecCu::xIntraRecBlk,[21]
[164],0.33,0.0,0.015533,AreaBuf<short>::fill,[164]
,,0.015533,0.0,  [Import thunk memset],[165]
,,,,,
,,0.015533,0.0,  AreaBuf<short>::fill,[164]
[165],0.33,0.015533,0.0,[Import thunk memset],[165]
,,,,,
,,0.015533,0.0,  PU::getCoLocatedIntraLumaMode,[167]
[166],0.33,0.015533,0.0,CodingStructure::getPU,[166]
,,,,,
,,0.0,0.015533,  PU::getFinalIntraMode,[129]
[167],0.33,0.0,0.015533,PU::getCoLocatedIntraLumaMode,[167]
,,0.015533,0.0,  CodingStructure::getPU,[166]
,,,,,
,,0.0,0.015530,  TrQuant::init,[97]
[168],0.33,0.0,0.015530,DepQuant::`scalar deleting destructor',[168]
,,0.0,0.015530,  Quant::xDestroyScalingList,[169]
,,,,,
,,0.0,0.015530,  DepQuant::`scalar deleting destructor',[168]
[169],0.33,0.0,0.015530,Quant::xDestroyScalingList,[169]
,,0.015530,0.0,  free_base,[103]
,,,,,
,,0.0,0.015527,  QuantRDOQ::QuantRDOQ,[131]
[170],0.33,0.0,0.015527,QuantRDOQ::xInitScalingList,[170]
,,0.0,0.015527,  operator new,[56]
,,,,,
,,0.015526,0.0,  CABACReader::coding_unit,[12]
[171],0.33,0.015526,0.0,CABACReader::end_of_ctu,[171]
,,,,,
,,0.015526,0.0,  CABACReader::transform_tree <cycle 2>,[15]
[172],0.33,0.015526,0.0,TransformUnit::getCoeffs,[172]
,,,,,
,,0.0,0.015524,  CABACReader::cu_pred_data,[39]
[173],0.33,0.0,0.015524,CABACReader::intra_chroma_pred_modes,[173]
,,0.015524,0.0,  _security_check_cookie,[174]
,,,,,
,,0.015524,0.0,  CABACReader::intra_chroma_pred_modes,[173]
[174],0.33,0.015524,0.0,_security_check_cookie,[174]
,,,,,
,,0.0,0.015523,  QuantRDOQ::QuantRDOQ,[131]
[175],0.33,0.0,0.015523,Quant::Quant,[175]
,,0.0,0.015523,  Quant::xInitScalingList,[176]
,,,,,
,,0.0,0.015523,  Quant::Quant,[175]
[176],0.33,0.0,0.015523,Quant::xInitScalingList,[176]
,,0.0,0.015523,  operator new,[56]
,,,,,
,,0.015522,0.0,  CABACReader::transform_unit,[17]
[177],0.33,0.015522,0.0,CABACReader::cbf_comp,[177]
,,,,,
,,0.015521,0.0,  QTBTPartitioner::nextPart,[124]
[178],0.33,0.015521,0.0,CU::getSplitAtDepth,[178]
,,,,,
,,0.015520,0.0,  TU::getCbf,[133]
[179],0.33,0.015520,0.0,TU::getCbfAtDepth,[179]
,,,,,
,,0.015518,0.0,  BinDecoderBase::decodeBinsEP,[82]
[180],0.33,0.015518,0.0,InputBitstream::readByte,[180]
,,,,,
,,0.015516,0.0,  CABACReader::residual_coding_subblockTS,[100]
[181],0.33,0.015516,0.0,CoeffCodingContext::signCtxIdAbsTS,[181]
,,,,,
,,0.015513,0.0,  TrQuant::xIT,[38]
[182],0.33,0.015513,0.0,fastInverseDST7_B16,[182]
,,,,,
,,0.015513,0.0,  QpParam::QpParam,[184]
[183],0.33,0.015513,0.0,QpParam::QpParam,[183]
,,,,,
,,0.0,0.015513,  DecCu::xIntraRecBlk,[21]
[184],0.33,0.0,0.015513,QpParam::QpParam,[184]
,,0.015513,0.0,  QpParam::QpParam,[183]
,,,,,
,,0.015510,0.0,  CodingStructure::setDecomp,[186]
[185],0.33,0.015510,0.0,AreaBuf<bool>::fill,[185]
,,,,,
,,0.0,0.015510,  DecCu::xIntraRecBlk,[21]
[186],0.33,0.0,0.015510,CodingStructure::setDecomp,[186]
,,0.015510,0.0,  AreaBuf<bool>::fill,[185]
,,,,,
,,0.015506,0.0,  CodingUnit::isSepTree,[127]
[187],0.33,0.015506,0.0,CS::isDualITree,[187]
,,,,,
,,0.0,0.015505,  SampleAdaptiveOffset::SAOProcess,[49]
[188],0.33,0.0,0.015505,UnitBuf<short>::copyFrom,[188]
,,0.0,0.015505,  AreaBuf<short>::copyFrom,[43]
,,,,,
,,0.015501,0.0,  CoeffCodingContext::initSubblock,[77]
[189],0.33,0.015501,0.0,std::bitset<1024>::operator[],[189]
,,,,,
,,0.015493,0.0,  CABACReader::intra_luma_pred_modes,[45]
[190],0.33,0.015493,0.0,CABACReader::extend_ref_line,[190]
,,,,,
,,0.0,0.015481,  `eh vector destructor iterator',[192]
[191],0.33,0.0,0.015481,PartLevel::~PartLevel,[191]
,,0.015481,0.0,  free_base,[103]
,,,,,
,,0.0,0.015481,  CABACReader::cu_residual,[13]
[192],0.33,0.0,0.015481,`eh vector destructor iterator',[192]
,,0.0,0.015481,  PartLevel::~PartLevel,[191]
,,,,,
,,0.0,0.015477,  CABACReader::residual_coding_subblock,[23]
[193],0.33,0.0,0.015477,BinDecoderBase::decodeRemAbsEP,[193]
,,0.015477,0.0,  BinDecoderBase::decodeBinsEP,[82]
,,,,,
,,0.015474,0.0,  TrQuant::xInvLfnst,[76]
[194],0.33,0.015474,0.0,PU::isMIP,[194]
,,,,,
,,0.015472,0.0,  TrQuant::invTransformNxN,[27]
[195],0.33,0.015472,0.0,TrQuant::xDeQuant,[195]
,,,,,
,,0.0,0.015471,  DecCu::xIntraRecBlk,[21]
[196],0.33,0.0,0.015471,IntraPrediction::initIntraPatternChTypeISP,[196]
,,0.0,0.015471,  IntraPrediction::xFillReferenceSamples,[34]
,,,,,
,,0.015418,0.0,  TrQuant::xIT,[38]
[197],0.32,0.015418,0.0,TrQuant::getTrTypes,[197]
,,,,,
,,0.015411,0.0,  `eh vector constructor iterator',[201]
[198],0.32,0.015411,0.0,PartLevel::PartLevel,[198]
,,,,,
,,0.0,0.015411,  PartitionerFactory::get,[200]
[199],0.32,0.0,0.015411,Partitioner::Partitioner,[199]
,,0.0,0.015411,  `eh vector constructor iterator',[201]
,,,,,
,,0.0,0.015411,  CABACReader::coding_tree_unit,[9]
[200],0.32,0.0,0.015411,PartitionerFactory::get,[200]
,,0.0,0.015411,  Partitioner::Partitioner,[199]
,,,,,
,,0.0,0.015411,  Partitioner::Partitioner,[199]
[201],0.32,0.0,0.015411,`eh vector constructor iterator',[201]
,,0.015411,0.0,  PartLevel::PartLevel,[198]
,,,,,
,,0.0,0.014893,  DecApp::decode,[4]
[202],0.31,0.0,0.014893,DecApp::xDestroyDecLib,[202]
,,0.0,0.014893,  VideoIOYuv::close,[203]
,,,,,
,,0.0,0.014893,  DecApp::xDestroyDecLib,[202]
[203],0.31,0.0,0.014893,VideoIOYuv::close,[203]
,,0.014893,0.0,"  std::basic_filebuf<char,struct std::char_traits<char> >::close",[204]
,,,,,
,,0.014893,0.0,  VideoIOYuv::close,[203]
[204],0.31,0.014893,0.0,"std::basic_filebuf<char,struct std::char_traits<char> >::close",[204]
,,,,,
,,0.0,0.011442,  exit,[207]
[205],0.24,0.0,0.011442,XUCache::~XUCache,[205]
,,0.0,0.011442,  dynamic_cache<struct PredictionUnit>::deleteEntries,[206]
,,,,,
,,0.0,0.011442,  XUCache::~XUCache,[205]
[206],0.24,0.0,0.011442,dynamic_cache<struct PredictionUnit>::deleteEntries,[206]
,,0.011442,0.0,  free_base,[103]
,,,,,
,,0.0,0.011442,  _scrt_common_main_seh,[3]
[207],0.24,0.0,0.011442,exit,[207]
,,0.0,0.011442,  XUCache::~XUCache,[205]
,,,,,
,,0.010805,0.0,  initterm,[209]
[208],0.23,0.010805,0.0,`dynamic initializer for 'g_reusedUniMVs'',[208]
,,,,,
,,0.0,0.010805,  _scrt_common_main_seh,[3]
[209],0.23,0.0,0.010805,initterm,[209]
,,0.010805,0.0,  `dynamic initializer for 'g_reusedUniMVs'',[208]
,,,,,


Index by function name

Index,Function
[32],AdaptiveLoopFilter::ALFProcess
[63],AdaptiveLoopFilter::deriveClassification
[185],AreaBuf<bool>::fill
[62],AreaBuf<int>::fill
[43],AreaBuf<short>::copyFrom
[164],AreaBuf<short>::fill
[158],AreaBuf<short>::linearTransform
[121],AreaBuf<short>::reconstruct
[147],AreaBuf<unsigned int>::fill
[1],BaseThreadInitThunk
[149],BinDecoderBase::decodeBinEP
[82],BinDecoderBase::decodeBinsEP
[193],BinDecoderBase::decodeRemAbsEP
[54],BinProbModel_Std::update
[177],CABACReader::cbf_comp
[11],CABACReader::coding_tree
[9],CABACReader::coding_tree_unit
[12],CABACReader::coding_unit
[39],CABACReader::cu_pred_data
[13],CABACReader::cu_residual
[171],CABACReader::end_of_ctu
[190],CABACReader::extend_ref_line
[173],CABACReader::intra_chroma_pred_modes
[45],CABACReader::intra_luma_pred_modes
[88],CABACReader::last_sig_coeff
[69],CABACReader::mip_flag
[95],CABACReader::mts_coding
[18],CABACReader::residual_coding
[99],CABACReader::residual_codingTS
[23],CABACReader::residual_coding_subblock
[100],CABACReader::residual_coding_subblockTS
[101],CABACReader::residual_lfnst_mode
[52],CABACReader::split_cu_mode
[15],CABACReader::transform_tree
[17],CABACReader::transform_unit
[65],CS::getArea
[187],CS::isDualITree
[51],CS::setRefinedMotionField
[178],CU::getSplitAtDepth
[138],CU::isPredRegDiffFromTB
[128],CU::isSameSlice
[144],CU::isSameSliceAndTile
[72],CU::traversePUs
[91],CU::traverseTUs
[44],CodingStructure::addCU
[60],CodingStructure::addPU
[163],CodingStructure::addTU
[104],CodingStructure::clearTUs
[134],CodingStructure::destroyCoeffs
[71],CodingStructure::getBuf
[83],CodingStructure::getCU
[59],CodingStructure::getCU
[74],CodingStructure::getCURestricted
[137],CodingStructure::getCURestricted
[166],CodingStructure::getPU
[145],CodingStructure::getPURestricted
[94],CodingStructure::getRecoBuf
[109],CodingStructure::getResiBuf
[116],CodingStructure::getTU
[73],CodingStructure::isDecomp
[105],CodingStructure::releaseIntermediateData
[186],CodingStructure::setDecomp
[41],CodingStructure::traverseCUs
[127],CodingUnit::isSepTree
[122],CoeffCodingContext::CoeffCodingContext
[77],CoeffCodingContext::initSubblock
[42],CoeffCodingContext::sigCtxIdAbs
[181],CoeffCodingContext::signCtxIdAbsTS
[47],CoeffCodingContext::templateAbsSum
[36],DQIntern::Quantizer::dequantBlock
[4],DecApp::decode
[202],DecApp::xDestroyDecLib
[66],DecApp::xWriteOutput
[19],DecCu::decompressCtu
[21],DecCu::xIntraRecBlk
[22],DecCu::xIntraRecQT
[20],DecCu::xReconIntraQT
[6],DecLib::decode
[16],DecLib::executeLoopFilters
[61],DecLib::finishPicture
[96],DecLib::xActivateParameterSets
[7],DecLib::xDecodeSlice
[8],DecSlice::decompressSlice
[130],DepQuant::DepQuant
[168],DepQuant::`scalar deleting destructor'
[37],DepQuant::dequant
[120],DeriveCtx::CtxMipFlag
[126],DeriveCtx::CtxSplit
[180],InputBitstream::readByte
[30],InputByteStream::eofBeforeNBytes
[53],InterPrediction::xFillIBCBuffer
[35],IntraPrediction::initIntraPatternChType
[196],IntraPrediction::initIntraPatternChTypeISP
[79],IntraPrediction::predIntraAng
[107],IntraPrediction::predIntraChromaLM
[150],IntraPrediction::predIntraMip
[34],IntraPrediction::xFillReferenceSamples
[108],IntraPrediction::xGetLMParameters
[118],IntraPrediction::xGetLumaRecPixels
[80],IntraPrediction::xPredIntraAng
[24],LoopFilter::loopFilterPic
[25],LoopFilter::xDeblockCU
[48],LoopFilter::xEdgeFilterChroma
[33],LoopFilter::xEdgeFilterLuma
[98],LoopFilter::xGetBoundaryStrengthSingle
[132],LoopFilter::xPelFilterChroma
[141],LoopFilter::xPelFilterLuma
[84],LoopFilter::xSetEdgefilterMultiple
[75],LoopFilter::xSetLoopfilterParam
[92],LoopFilter::xSetMaxFilterLengthPQFromTransformSizes
[156],LoopFilter::xUseStrongFiltering
[151],MatrixIntraPrediction::computeReducedPred
[152],MatrixIntraPrediction::predBlock
[114],PU::checkDMVRCondition
[167],PU::getCoLocatedIntraLumaMode
[129],PU::getFinalIntraMode
[146],PU::getIntraMPMs
[194],PU::isMIP
[198],PartLevel::PartLevel
[191],PartLevel::~PartLevel
[199],Partitioner::Partitioner
[200],PartitionerFactory::get
[119],PelStorage::getBuf
[155],PreCalcValues::getMinQtSize
[157],PreCalcValues::getMinTtSize
[117],PreCalcValues::getValIdx
[102],PredictionUnit::initData
[89],QTBTPartitioner::canSplit
[70],QTBTPartitioner::canSplit
[148],QTBTPartitioner::exitCurrSplit
[124],QTBTPartitioner::nextPart
[87],QTBTPartitioner::splitCurrArea
[183],QpParam::QpParam
[184],QpParam::QpParam
[175],Quant::Quant
[169],Quant::xDestroyScalingList
[176],Quant::xInitScalingList
[131],QuantRDOQ::QuantRDOQ
[170],QuantRDOQ::xInitScalingList
[2],RtlUserThreadStart
[49],SampleAdaptiveOffset::SAOProcess
[57],SampleAdaptiveOffset::offsetBlock
[58],SampleAdaptiveOffset::offsetCTU
[143],Slice::getWpScaling
[26],TBinDecoder<class BinProbModel_Std>::decodeBin
[133],TU::getCbf
[179],TU::getCbfAtDepth
[161],TUIntraSubPartitioner::TUIntraSubPartitioner
[197],TrQuant::getTrTypes
[97],TrQuant::init
[123],TrQuant::invLfnstNxN
[27],TrQuant::invTransformNxN
[195],TrQuant::xDeQuant
[38],TrQuant::xIT
[76],TrQuant::xInvLfnst
[172],TransformUnit::getCoeffs
[154],UnitArea::UnitArea
[93],UnitArea::contains
[111],UnitArea::singleChan
[188],UnitBuf<short>::copyFrom
[203],VideoIOYuv::close
[67],VideoIOYuv::write
[205],XUCache::~XUCache
[165],[Import thunk memset]
[3],_scrt_common_main_seh
[174],_security_check_cookie
[139],_stdio_common_vfprintf
[208],`dynamic initializer for 'g_reusedUniMVs''
[201],`eh vector constructor iterator'
[192],`eh vector destructor iterator'
[135],aligned_free
[28],byteStreamNALUnit
[29],byteStreamNALUnit
[206],dynamic_cache<struct PredictionUnit>::deleteEntries
[207],exit
[106],fastInverseDCT2_B16
[81],fastInverseDCT2_B8
[182],fastInverseDST7_B16
[103],free_base
[209],initterm
[125],isAboveRightAvailable
[90],isAvailableAbove
[86],isBelowLeftAvailable
[78],isLeftAvailable
[159],"linTf_SSE<4,8,1,1,1,1,1>"
[160],"linTf_SSE_entry<4,8>"
[5],main
[55],malloc_base
[46],memcpy
[50],memset
[140],msg
[56],operator new
[142],"reco_SSE<4,8>"
[64],simdDeriveClassificationBlk<4>
[136],simdFilter5x5Blk<4>
[40],simdFilter7x7Blk<4>
[112],"static_vector<struct PartLevel,15>::push_back"
[204],"std::basic_filebuf<char,struct std::char_traits<char> >::close"
[31],"std::basic_istream<char,struct std::char_traits<char> >::get"
[85],"std::basic_ostream<char,struct std::char_traits<char> >::write"
[189],std::bitset<1024>::operator[]
[153],"std::vector<struct CodingUnit *,class std::allocator<struct CodingUnit *> >::emplace_back<struct CodingUnit * const &>"
[115],"std::vector<struct PredictionUnit *,class std::allocator<struct PredictionUnit *> >::emplace_back<struct PredictionUnit * const &>"
[162],"std::vector<struct UnitArea,class std::allocator<struct UnitArea> >::_Range_construct_or_tidy<struct UnitArea const *>"
[113],"std::vector<struct UnitArea,class std::allocator<struct UnitArea> >::operator="
[110],"std::vector<unsigned char,class std::allocator<unsigned char> >::emplace_back<unsigned char>"
[68],writePlane
[10],<cycle 1>
[14],<cycle 2>
