Index,% CPU Time:Total,CPU Time:Self,CPU Time:Children,Name,Index
,,0.0,1.879340,  RtlUserThreadStart,[2]
[1],100.0,0.0,1.879340,BaseThreadInitThunk,[1]
,,0.0,1.879340,  _scrt_common_main_seh,[4]
,,,,,
,,,,  <spontaneous>,
[2],100.0,0.0,1.879340,RtlUserThreadStart,[2]
,,0.0,1.879340,  BaseThreadInitThunk,[1]
,,,,,
,,0.0,1.879340,  main,[5]
[3],100.0,0.0,1.879340,TAppDecTop::decode,[3]
,,0.0,0.014554,  TAppDecTop::xFlushOutput,[100]
,,0.0,0.265318,  TAppDecTop::xWriteOutput,[24]
,,0.0,0.014507,  TDecCu::destroy,[104]
,,0.0,0.382297,  TDecGop::filterPicture,[17]
,,0.0,1.187454,  TDecTop::decode,[6]
,,0.0,0.015210,"  std::basic_filebuf<char,struct std::char_traits<char> >::close",[91]
,,,,,
,,0.0,1.879340,  BaseThreadInitThunk,[1]
[4],100.0,0.0,1.879340,_scrt_common_main_seh,[4]
,,0.0,1.879340,  main,[5]
,,,,,
,,0.0,1.879340,  _scrt_common_main_seh,[4]
[5],100.0,0.0,1.879340,main,[5]
,,0.0,1.879340,  TAppDecTop::decode,[3]
,,,,,
,,0.0,1.187454,  TAppDecTop::decode,[3]
[6],63.18,0.0,1.187454,TDecTop::decode,[6]
,,0.0,1.187454,  TDecTop::xDecodeSlice,[7]
,,,,,
,,0.0,1.187454,  TDecTop::decode,[6]
[7],63.18,0.0,1.187454,TDecTop::xDecodeSlice,[7]
,,0.059651,0.0,  TComTrQuant::setErrScaleCoeff,[65]
,,0.0,0.014748,  TComSlice::setRefPicList,[99]
,,0.0,0.729989,  TDecGop::decompressSlice,[8]
,,0.0,0.383066,  TDecTop::xActivateParameterSets,[16]
,,,,,
,,0.0,0.729989,  TDecTop::xDecodeSlice,[7]
[8],38.84,0.0,0.729989,TDecGop::decompressSlice,[8]
,,0.0,0.729989,  TDecSlice::decompressSlice,[9]
,,,,,
,,0.0,0.729989,  TDecGop::decompressSlice,[8]
[9],38.84,0.0,0.729989,TDecSlice::decompressSlice,[9]
,,0.0,0.074391,  TComDataCU::initCtu,[62]
,,0.0,0.015440,  TDecCu::xDecodeCU <cycle 1>,[75]
,,0.0,0.640158,  TDecCu::xDecompressCU <cycle 3>,[10]
,,,,,
,,,,  TDecCu::xDecompressCU <cycle 3>,[10]
,,0.0,0.640158,  TDecSlice::decompressSlice,[9]
[10],34.06,0.0,0.640158,TDecCu::xDecompressCU <cycle 3>,[10]
,,0.0,0.161626,  TDecCu::xCopyToPic,[39]
,,,,  TDecCu::xDecompressCU <cycle 3>,[10]
,,0.0,0.478532,  TDecCu::xReconInter,[12]
,,,,,
,,0.0,0.640158,  TDecSlice::decompressSlice,[9]
[11],34.06,0.0,0.640158,<cycle 3 as a whole>,[11]
,,0.0,0.640158,  TDecCu::xDecompressCU <cycle 3>,[10]
,,,,,
,,0.0,0.478532,  TDecCu::xDecompressCU <cycle 3>,[10]
[12],25.46,0.0,0.478532,TDecCu::xReconInter,[12]
,,0.0,0.463301,  TComPrediction::motionCompensation,[13]
,,0.0,0.015231,  TDecCu::xDecodeInterTexture,[82]
,,,,,
,,0.0,0.463301,  TDecCu::xReconInter,[12]
[13],24.65,0.0,0.463301,TComPrediction::motionCompensation,[13]
,,0.015585,0.283857,  TComPrediction::xPredInterBi,[19]
,,0.015024,0.0,  TComDataCU::getNumPartitions,[96]
,,0.0,0.014532,  TComPrediction::xCheckIdenticalMotion,[102]
,,0.0,0.134303,  TComPrediction::xPredInterUni,[15]
,,,,,
,,0.0,0.402573,  TComPrediction::xPredInterUni,[15]
[14],21.42,0.0,0.402573,TComPrediction::xPredInterBlk,[14]
,,0.0,0.268200,  TComInterpolationFilter::filterHor,[23]
,,0.0,0.134374,  TComInterpolationFilter::filterVer,[40]
,,,,,
,,0.0,0.134303,  TComPrediction::motionCompensation,[13]
,,0.0,0.268270,  TComPrediction::xPredInterBi,[19]
[15],21.42,0.0,0.402573,TComPrediction::xPredInterUni,[15]
,,0.0,0.402573,  TComPrediction::xPredInterBlk,[14]
,,,,,
,,0.0,0.383066,  TDecTop::xDecodeSlice,[7]
[16],20.38,0.0,0.383066,TDecTop::xActivateParameterSets,[16]
,,0.0,0.014532,  TComSampleAdaptiveOffset::create,[103]
,,0.0,0.368534,  TDecTop::xGetNewPicBuffer,[18]
,,,,,
,,0.0,0.382297,  TAppDecTop::decode,[3]
[17],20.34,0.0,0.382297,TDecGop::filterPicture,[17]
,,0.0,0.184357,  TComLoopFilter::loopFilterPic,[34]
,,0.0,0.077544,  TComPic::compressMotion,[61]
,,0.0,0.031035,  TComPicYuv::copyToPic,[70]
,,0.0,0.089362,  printf,[52]
,,,,,
,,0.0,0.368534,  TDecTop::xActivateParameterSets,[16]
[18],19.61,0.0,0.368534,TDecTop::xGetNewPicBuffer,[18]
,,0.0,0.280886,  TComPic::create,[21]
,,0.0,0.087648,  TComPic::destroy,[46]
,,,,,
,,0.015585,0.283857,  TComPrediction::motionCompensation,[13]
[19],15.93,0.015585,0.283857,TComPrediction::xPredInterBi,[19]
,,0.015588,0.0,  TComYuv::addAvg,[72]
,,0.0,0.268270,  TComPrediction::xPredInterUni,[15]
,,,,,
,,0.0,0.280886,  TComPicSym::create,[22]
[20],14.95,0.0,0.280886,TComDataCU::create,[20]
,,0.043447,0.0,  memset,[45]
,,0.0,0.014836,  TComCUMvField::create,[97]
,,0.0,0.192344,  aligned_offset_malloc_base,[32]
,,0.0,0.030258,  operator new,[66]
,,,,,
,,0.0,0.280886,  TDecTop::xGetNewPicBuffer,[18]
[21],14.95,0.0,0.280886,TComPic::create,[21]
,,0.0,0.280886,  TComPicSym::create,[22]
,,,,,
,,0.0,0.280886,  TComPic::create,[21]
[22],14.95,0.0,0.280886,TComPicSym::create,[22]
,,0.0,0.280886,  TComDataCU::create,[20]
,,,,,
,,0.0,0.268200,  TComPrediction::xPredInterBlk,[14]
[23],14.27,0.0,0.268200,TComInterpolationFilter::filterHor,[23]
,,0.119406,0.0,  TComInterpolationFilter::filterCopy,[44]
,,0.088243,0.0,"  TComInterpolationFilter::filter<8,0,1,0>",[54]
,,0.045431,0.0,"  TComInterpolationFilter::filter<4,0,1,0>",[69]
,,0.015120,0.0,"  TComInterpolationFilter::filter<4,0,1,1>",[92]
,,,,,
,,0.0,0.265318,  TAppDecTop::decode,[3]
[24],14.12,0.0,0.265318,TAppDecTop::xWriteOutput,[24]
,,0.0,0.265318,  TVideoIOYuv::write,[25]
,,,,,
,,0.0,0.265318,  TAppDecTop::xWriteOutput,[24]
[25],14.12,0.0,0.265318,TVideoIOYuv::write,[25]
,,0.103469,0.161849,  writePlane,[26]
,,,,,
,,0.103469,0.161849,  TVideoIOYuv::write,[25]
[26],14.12,0.103469,0.161849,writePlane,[26]
,,0.029857,0.131992,"  std::basic_ostream<char,struct std::char_traits<char> >::write",[37]
,,,,,
,,0.0,0.059626,  operator new,[66]
,,0.014253,0.178091,  aligned_offset_malloc_base,[32]
[27],13.41,0.014253,0.237718,malloc_base,[27]
,,0.237718,0.0,  RtlAllocateHeap,[28]
,,,,,
,,0.237718,0.0,  malloc_base,[27]
[28],12.65,0.237718,0.0,RtlAllocateHeap,[28]
,,,,,
,,0.089362,0.0,  write_text_ansi_nolock,[53]
,,0.131992,0.0,  write_nolock,[31]
[29],11.78,0.221354,0.0,WriteFile,[29]
,,,,,
,,0.0,0.089362,  _acrt_stdio_flush_nolock,[50]
,,0.0,0.131992,  write_buffer_nolock<char>,[43]
[30],11.78,0.0,0.221354,write,[30]
,,0.0,0.221354,  write_nolock,[31]
,,,,,
,,0.0,0.221354,  write,[30]
[31],11.78,0.0,0.221354,write_nolock,[31]
,,0.131992,0.0,  WriteFile,[29]
,,0.0,0.089362,  write_text_ansi_nolock,[53]
,,,,,
,,0.0,0.192344,  TComDataCU::create,[20]
[32],10.23,0.0,0.192344,aligned_offset_malloc_base,[32]
,,0.014253,0.178091,  malloc_base,[27]
,,,,,
,,0.044838,0.139519,  TComLoopFilter::loopFilterPic,[34]
[33],9.81,0.044838,0.139519,<cycle 4 as a whole>,[33]
,,0.044838,0.139519,  TComLoopFilter::xDeblockCU <cycle 4>,[35]
,,,,,
,,0.0,0.184357,  TDecGop::filterPicture,[17]
[34],9.81,0.0,0.184357,TComLoopFilter::loopFilterPic,[34]
,,0.044838,0.139519,  TComLoopFilter::xDeblockCU <cycle 4>,[35]
,,,,,
,,,,  TComLoopFilter::xDeblockCU <cycle 4>,[35]
,,0.044838,0.139519,  TComLoopFilter::loopFilterPic,[34]
[35],9.81,0.044838,0.139519,TComLoopFilter::xDeblockCU <cycle 4>,[35]
,,0.046487,0.0,  TComLoopFilter::xGetBoundaryStrengthSingle,[68]
,,0.015576,0.062337,  TComLoopFilter::xEdgeFilterLuma,[59]
,,0.015119,0.0,  TComLoopFilter::xSetEdgefilterTU,[93]
,,,,  TComLoopFilter::xDeblockCU <cycle 4>,[35]
,,,,,
,,0.031035,0.0,  TComPicYuv::copyToPic,[70]
,,0.147466,0.0,  TComYuv::copyToPicComponent,[38]
[36],9.5,0.178501,0.0,memcpy,[36]
,,,,,
,,0.029857,0.131992,  writePlane,[26]
[37],8.61,0.029857,0.131992,"std::basic_ostream<char,struct std::char_traits<char> >::write",[37]
,,0.0,0.131992,  fputc,[42]
,,,,,
,,0.014160,0.147466,  TDecCu::xCopyToPic,[39]
[38],8.6,0.014160,0.147466,TComYuv::copyToPicComponent,[38]
,,0.147466,0.0,  memcpy,[36]
,,,,,
,,0.0,0.161626,  TDecCu::xDecompressCU <cycle 3>,[10]
[39],8.6,0.0,0.161626,TDecCu::xCopyToPic,[39]
,,0.014160,0.147466,  TComYuv::copyToPicComponent,[38]
,,,,,
,,0.0,0.134374,  TComPrediction::xPredInterBlk,[14]
[40],7.15,0.0,0.134374,TComInterpolationFilter::filterVer,[40]
,,0.059425,0.0,"  TComInterpolationFilter::filter<8,1,0,0>",[67]
,,0.030388,0.0,"  TComInterpolationFilter::filter<8,1,0,1>",[71]
,,0.015097,0.0,"  TComInterpolationFilter::filter<8,1,1,1>",[94]
,,0.015038,0.0,"  TComInterpolationFilter::filter<4,1,0,1>",[95]
,,0.014425,0.0,"  TComInterpolationFilter::filter<8,1,1,0>",[105]
,,,,,
,,0.0,0.131992,  fputc,[42]
[41],7.02,0.0,0.131992,_acrt_stdio_flush_and_write_narrow_nolock,[41]
,,0.0,0.131992,  write_buffer_nolock<char>,[43]
,,,,,
,,0.0,0.131992,"  std::basic_ostream<char,struct std::char_traits<char> >::write",[37]
[42],7.02,0.0,0.131992,fputc,[42]
,,0.0,0.131992,  _acrt_stdio_flush_and_write_narrow_nolock,[41]
,,,,,
,,0.0,0.131992,  _acrt_stdio_flush_and_write_narrow_nolock,[41]
[43],7.02,0.0,0.131992,write_buffer_nolock<char>,[43]
,,0.0,0.131992,  write,[30]
,,,,,
,,0.119406,0.0,  TComInterpolationFilter::filterHor,[23]
[44],6.35,0.119406,0.0,TComInterpolationFilter::filterCopy,[44]
,,,,,
,,0.043447,0.0,  TComDataCU::create,[20]
,,0.074391,0.0,  TComDataCU::initCtu,[62]
[45],6.27,0.117838,0.0,memset,[45]
,,,,,
,,0.0,0.014554,  TAppDecTop::xFlushOutput,[100]
,,0.0,0.087648,  TDecTop::xGetNewPicBuffer,[18]
[46],5.44,0.0,0.102201,TComPic::destroy,[46]
,,0.0,0.087863,  TComPicSym::destroy,[55]
,,0.0,0.014339,  TComPicYuv::destroy,[106]
,,,,,
,,0.0,0.089362,"  __crt_seh_guarded_call<int>::operator()<class <lambda_a62c933ada0517137acf5807a1eeac1f>,class <lambda_a31071773b9a94e445cbd5d04ef99106> &,class <lambda_56065050dbf3ada7e59a83db45153de3> >",[48]
[47],4.75,0.0,0.089362,<lambda_a31071773b9a94e445cbd5d04ef99106>::operator(),[47]
,,0.0,0.089362,  _acrt_stdio_end_temporary_buffering_nolock,[49]
,,,,,
,,0.0,0.089362,  _stdio_common_vfprintf,[51]
[48],4.75,0.0,0.089362,"__crt_seh_guarded_call<int>::operator()<class <lambda_a62c933ada0517137acf5807a1eeac1f>,class <lambda_a31071773b9a94e445cbd5d04ef99106> &,class <lambda_56065050dbf3ada7e59a83db45153de3> >",[48]
,,0.0,0.089362,  <lambda_a31071773b9a94e445cbd5d04ef99106>::operator(),[47]
,,,,,
,,0.0,0.089362,  <lambda_a31071773b9a94e445cbd5d04ef99106>::operator(),[47]
[49],4.75,0.0,0.089362,_acrt_stdio_end_temporary_buffering_nolock,[49]
,,0.0,0.089362,  _acrt_stdio_flush_nolock,[50]
,,,,,
,,0.0,0.089362,  _acrt_stdio_end_temporary_buffering_nolock,[49]
[50],4.75,0.0,0.089362,_acrt_stdio_flush_nolock,[50]
,,0.0,0.089362,  write,[30]
,,,,,
,,0.0,0.089362,  printf,[52]
[51],4.75,0.0,0.089362,_stdio_common_vfprintf,[51]
,,0.0,0.089362,"  __crt_seh_guarded_call<int>::operator()<class <lambda_a62c933ada0517137acf5807a1eeac1f>,class <lambda_a31071773b9a94e445cbd5d04ef99106> &,class <lambda_56065050dbf3ada7e59a83db45153de3> >",[48]
,,,,,
,,0.0,0.089362,  TDecGop::filterPicture,[17]
[52],4.75,0.0,0.089362,printf,[52]
,,0.0,0.089362,  _stdio_common_vfprintf,[51]
,,,,,
,,0.0,0.089362,  write_nolock,[31]
[53],4.75,0.0,0.089362,write_text_ansi_nolock,[53]
,,0.089362,0.0,  WriteFile,[29]
,,,,,
,,0.088243,0.0,  TComInterpolationFilter::filterHor,[23]
[54],4.7,0.088243,0.0,"TComInterpolationFilter::filter<8,0,1,0>",[54]
,,,,,
,,0.0,0.087863,  TComPic::destroy,[46]
[55],4.68,0.0,0.087863,TComPicSym::destroy,[55]
,,0.0,0.073468,  TComDataCU::destroy,[63]
,,0.0,0.014395,  free_base,[57]
,,,,,
,,0.087582,0.0,  free_base,[57]
[56],4.66,0.087582,0.0,RtlFreeHeap,[56]
,,,,,
,,0.0,0.015140,  TComDataCU::destroy,[63]
,,0.0,0.014395,  TComPicSym::destroy,[55]
,,0.0,0.058047,  aligned_free,[58]
[57],4.66,0.0,0.087582,free_base,[57]
,,0.087582,0.0,  RtlFreeHeap,[56]
,,,,,
,,0.0,0.014339,  TComPicYuv::destroy,[106]
,,0.014507,0.0,  TDecCu::destroy,[104]
,,0.014619,0.043708,  TComDataCU::destroy,[63]
[58],4.64,0.029126,0.058047,aligned_free,[58]
,,0.0,0.058047,  free_base,[57]
,,,,,
,,0.015576,0.062337,  TComLoopFilter::xDeblockCU <cycle 4>,[35]
[59],4.15,0.015576,0.062337,TComLoopFilter::xEdgeFilterLuma,[59]
,,0.062337,0.0,  TComLoopFilter::xPelFilterLuma,[64]
,,,,,
,,0.077544,0.0,  TComPic::compressMotion,[61]
[60],4.13,0.077544,0.0,TComCUMvField::compress,[60]
,,,,,
,,0.0,0.077544,  TDecGop::filterPicture,[17]
[61],4.13,0.0,0.077544,TComPic::compressMotion,[61]
,,0.077544,0.0,  TComCUMvField::compress,[60]
,,,,,
,,0.0,0.074391,  TDecSlice::decompressSlice,[9]
[62],3.96,0.0,0.074391,TComDataCU::initCtu,[62]
,,0.074391,0.0,  memset,[45]
,,,,,
,,0.0,0.073468,  TComPicSym::destroy,[55]
[63],3.91,0.0,0.073468,TComDataCU::destroy,[63]
,,0.014619,0.043708,  aligned_free,[58]
,,0.0,0.015140,  free_base,[57]
,,,,,
,,0.062337,0.0,  TComLoopFilter::xEdgeFilterLuma,[59]
[64],3.32,0.062337,0.0,TComLoopFilter::xPelFilterLuma,[64]
,,,,,
,,0.059651,0.0,  TDecTop::xDecodeSlice,[7]
[65],3.17,0.059651,0.0,TComTrQuant::setErrScaleCoeff,[65]
,,,,,
,,0.0,0.014836,  TComCUMvField::create,[97]
,,0.0,0.030258,  TComDataCU::create,[20]
,,0.0,0.014532,  TComSampleAdaptiveOffset::create,[103]
[66],3.17,0.0,0.059626,operator new,[66]
,,0.0,0.059626,  malloc_base,[27]
,,,,,
,,0.059425,0.0,  TComInterpolationFilter::filterVer,[40]
[67],3.16,0.059425,0.0,"TComInterpolationFilter::filter<8,1,0,0>",[67]
,,,,,
,,0.046487,0.0,  TComLoopFilter::xDeblockCU <cycle 4>,[35]
[68],2.47,0.046487,0.0,TComLoopFilter::xGetBoundaryStrengthSingle,[68]
,,,,,
,,0.045431,0.0,  TComInterpolationFilter::filterHor,[23]
[69],2.42,0.045431,0.0,"TComInterpolationFilter::filter<4,0,1,0>",[69]
,,,,,
,,0.0,0.031035,  TDecGop::filterPicture,[17]
[70],1.65,0.0,0.031035,TComPicYuv::copyToPic,[70]
,,0.031035,0.0,  memcpy,[36]
,,,,,
,,0.030388,0.0,  TComInterpolationFilter::filterVer,[40]
[71],1.62,0.030388,0.0,"TComInterpolationFilter::filter<8,1,0,1>",[71]
,,,,,
,,0.015588,0.0,  TComPrediction::xPredInterBi,[19]
[72],0.83,0.015588,0.0,TComYuv::addAvg,[72]
,,,,,
,,0.0,0.015440,  TDecSlice::decompressSlice,[9]
[73],0.82,0.0,0.015440,<cycle 1 as a whole>,[73]
,,0.0,0.015440,  TDecCu::xDecodeCU <cycle 1>,[75]
,,,,,
,,0.015440,0.0,  TDecEntropy::decodePUWise,[76]
[74],0.82,0.015440,0.0,TComDataCU::setSubPart<unsigned char>,[74]
,,,,,
,,,,  TDecCu::xDecodeCU <cycle 1>,[75]
,,0.0,0.015440,  TDecSlice::decompressSlice,[9]
[75],0.82,0.0,0.015440,TDecCu::xDecodeCU <cycle 1>,[75]
,,,,  TDecCu::xDecodeCU <cycle 1>,[75]
,,0.0,0.015440,  TDecEntropy::decodePredInfo,[77]
,,,,,
,,0.0,0.015440,  TDecEntropy::decodePredInfo,[77]
[76],0.82,0.0,0.015440,TDecEntropy::decodePUWise,[76]
,,0.015440,0.0,  TComDataCU::setSubPart<unsigned char>,[74]
,,,,,
,,0.0,0.015440,  TDecCu::xDecodeCU <cycle 1>,[75]
[77],0.82,0.0,0.015440,TDecEntropy::decodePredInfo,[77]
,,0.0,0.015440,  TDecEntropy::decodePUWise,[76]
,,,,,
,,0.0,0.015231,  TDecCu::xDecodeInterTexture,[82]
[78],0.81,0.0,0.015231,<cycle 2 as a whole>,[78]
,,0.0,0.015231,  TComTrQuant::invRecurTransformNxN <cycle 2>,[79]
,,,,,
,,,,  TComTrQuant::invRecurTransformNxN <cycle 2>,[79]
,,0.0,0.015231,  TDecCu::xDecodeInterTexture,[82]
[79],0.81,0.0,0.015231,TComTrQuant::invRecurTransformNxN <cycle 2>,[79]
,,,,  TComTrQuant::invRecurTransformNxN <cycle 2>,[79]
,,0.0,0.015231,  TComTrQuant::invTransformNxN,[80]
,,,,,
,,0.0,0.015231,  TComTrQuant::invRecurTransformNxN <cycle 2>,[79]
[80],0.81,0.0,0.015231,TComTrQuant::invTransformNxN,[80]
,,0.0,0.015231,  TComTrQuant::xIT,[81]
,,,,,
,,0.0,0.015231,  TComTrQuant::invTransformNxN,[80]
[81],0.81,0.0,0.015231,TComTrQuant::xIT,[81]
,,0.0,0.015231,  xITrMxN,[84]
,,,,,
,,0.0,0.015231,  TDecCu::xReconInter,[12]
[82],0.81,0.0,0.015231,TDecCu::xDecodeInterTexture,[82]
,,0.0,0.015231,  TComTrQuant::invRecurTransformNxN <cycle 2>,[79]
,,,,,
,,0.015231,0.0,  xITrMxN,[84]
[83],0.81,0.015231,0.0,partialButterflyInverse32,[83]
,,,,,
,,0.0,0.015231,  TComTrQuant::xIT,[81]
[84],0.81,0.0,0.015231,xITrMxN,[84]
,,0.015231,0.0,  partialButterflyInverse32,[83]
,,,,,
,,0.015210,0.0,  close_nolock,[88]
[85],0.81,0.015210,0.0,CloseHandle,[85]
,,,,,
,,0.0,0.015210,  close,[87]
[86],0.81,0.0,0.015210,"__crt_seh_guarded_call<int>::operator()<class <lambda_751a882b2c74d4b022dec766aa51a29a>,class <lambda_628dfdc04ba53c8bfc02c9951375f3f5> &,class <lambda_f6c7be5f7998530c34de24c7437d6b54> >",[86]
,,0.0,0.015210,  close_nolock,[88]
,,,,,
,,0.0,0.015210,  fclose_nolock,[90]
[87],0.81,0.0,0.015210,close,[87]
,,0.0,0.015210,"  __crt_seh_guarded_call<int>::operator()<class <lambda_751a882b2c74d4b022dec766aa51a29a>,class <lambda_628dfdc04ba53c8bfc02c9951375f3f5> &,class <lambda_f6c7be5f7998530c34de24c7437d6b54> >",[86]
,,,,,
,,0.0,0.015210,"  __crt_seh_guarded_call<int>::operator()<class <lambda_751a882b2c74d4b022dec766aa51a29a>,class <lambda_628dfdc04ba53c8bfc02c9951375f3f5> &,class <lambda_f6c7be5f7998530c34de24c7437d6b54> >",[86]
[88],0.81,0.0,0.015210,close_nolock,[88]
,,0.015210,0.0,  CloseHandle,[85]
,,,,,
,,0.0,0.015210,"  std::basic_filebuf<char,struct std::char_traits<char> >::close",[91]
[89],0.81,0.0,0.015210,fclose,[89]
,,0.0,0.015210,  fclose_nolock,[90]
,,,,,
,,0.0,0.015210,  fclose,[89]
[90],0.81,0.0,0.015210,fclose_nolock,[90]
,,0.0,0.015210,  close,[87]
,,,,,
,,0.0,0.015210,  TAppDecTop::decode,[3]
[91],0.81,0.0,0.015210,"std::basic_filebuf<char,struct std::char_traits<char> >::close",[91]
,,0.0,0.015210,  fclose,[89]
,,,,,
,,0.015120,0.0,  TComInterpolationFilter::filterHor,[23]
[92],0.8,0.015120,0.0,"TComInterpolationFilter::filter<4,0,1,1>",[92]
,,,,,
,,0.015119,0.0,  TComLoopFilter::xDeblockCU <cycle 4>,[35]
[93],0.8,0.015119,0.0,TComLoopFilter::xSetEdgefilterTU,[93]
,,,,,
,,0.015097,0.0,  TComInterpolationFilter::filterVer,[40]
[94],0.8,0.015097,0.0,"TComInterpolationFilter::filter<8,1,1,1>",[94]
,,,,,
,,0.015038,0.0,  TComInterpolationFilter::filterVer,[40]
[95],0.8,0.015038,0.0,"TComInterpolationFilter::filter<4,1,0,1>",[95]
,,,,,
,,0.015024,0.0,  TComPrediction::motionCompensation,[13]
[96],0.8,0.015024,0.0,TComDataCU::getNumPartitions,[96]
,,,,,
,,0.0,0.014836,  TComDataCU::create,[20]
[97],0.79,0.0,0.014836,TComCUMvField::create,[97]
,,0.0,0.014836,  operator new,[66]
,,,,,
,,0.014748,0.0,  TComSlice::setRefPicList,[99]
[98],0.78,0.014748,0.0,TComPicYuv::extendPicBorder,[98]
,,,,,
,,0.0,0.014748,  TDecTop::xDecodeSlice,[7]
[99],0.78,0.0,0.014748,TComSlice::setRefPicList,[99]
,,0.014748,0.0,  TComPicYuv::extendPicBorder,[98]
,,,,,
,,0.0,0.014554,  TAppDecTop::decode,[3]
[100],0.77,0.0,0.014554,TAppDecTop::xFlushOutput,[100]
,,0.0,0.014554,  TComPic::destroy,[46]
,,,,,
,,0.014532,0.0,  TComPrediction::xCheckIdenticalMotion,[102]
[101],0.77,0.014532,0.0,TComPic::getPOC,[101]
,,,,,
,,0.0,0.014532,  TComPrediction::motionCompensation,[13]
[102],0.77,0.0,0.014532,TComPrediction::xCheckIdenticalMotion,[102]
,,0.014532,0.0,  TComPic::getPOC,[101]
,,,,,
,,0.0,0.014532,  TDecTop::xActivateParameterSets,[16]
[103],0.77,0.0,0.014532,TComSampleAdaptiveOffset::create,[103]
,,0.0,0.014532,  operator new,[66]
,,,,,
,,0.0,0.014507,  TAppDecTop::decode,[3]
[104],0.77,0.0,0.014507,TDecCu::destroy,[104]
,,0.014507,0.0,  aligned_free,[58]
,,,,,
,,0.014425,0.0,  TComInterpolationFilter::filterVer,[40]
[105],0.77,0.014425,0.0,"TComInterpolationFilter::filter<8,1,1,0>",[105]
,,,,,
,,0.0,0.014339,  TComPic::destroy,[46]
[106],0.76,0.0,0.014339,TComPicYuv::destroy,[106]
,,0.0,0.014339,  aligned_free,[58]
,,,,,


Index by function name

Index,Function
[47],<lambda_a31071773b9a94e445cbd5d04ef99106>::operator()
[1],BaseThreadInitThunk
[85],CloseHandle
[28],RtlAllocateHeap
[56],RtlFreeHeap
[2],RtlUserThreadStart
[3],TAppDecTop::decode
[100],TAppDecTop::xFlushOutput
[24],TAppDecTop::xWriteOutput
[60],TComCUMvField::compress
[97],TComCUMvField::create
[20],TComDataCU::create
[63],TComDataCU::destroy
[96],TComDataCU::getNumPartitions
[62],TComDataCU::initCtu
[74],TComDataCU::setSubPart<unsigned char>
[69],"TComInterpolationFilter::filter<4,0,1,0>"
[92],"TComInterpolationFilter::filter<4,0,1,1>"
[95],"TComInterpolationFilter::filter<4,1,0,1>"
[54],"TComInterpolationFilter::filter<8,0,1,0>"
[67],"TComInterpolationFilter::filter<8,1,0,0>"
[71],"TComInterpolationFilter::filter<8,1,0,1>"
[105],"TComInterpolationFilter::filter<8,1,1,0>"
[94],"TComInterpolationFilter::filter<8,1,1,1>"
[44],TComInterpolationFilter::filterCopy
[23],TComInterpolationFilter::filterHor
[40],TComInterpolationFilter::filterVer
[34],TComLoopFilter::loopFilterPic
[35],TComLoopFilter::xDeblockCU
[59],TComLoopFilter::xEdgeFilterLuma
[68],TComLoopFilter::xGetBoundaryStrengthSingle
[64],TComLoopFilter::xPelFilterLuma
[93],TComLoopFilter::xSetEdgefilterTU
[61],TComPic::compressMotion
[21],TComPic::create
[46],TComPic::destroy
[101],TComPic::getPOC
[22],TComPicSym::create
[55],TComPicSym::destroy
[70],TComPicYuv::copyToPic
[106],TComPicYuv::destroy
[98],TComPicYuv::extendPicBorder
[13],TComPrediction::motionCompensation
[102],TComPrediction::xCheckIdenticalMotion
[19],TComPrediction::xPredInterBi
[14],TComPrediction::xPredInterBlk
[15],TComPrediction::xPredInterUni
[103],TComSampleAdaptiveOffset::create
[99],TComSlice::setRefPicList
[79],TComTrQuant::invRecurTransformNxN
[80],TComTrQuant::invTransformNxN
[65],TComTrQuant::setErrScaleCoeff
[81],TComTrQuant::xIT
[72],TComYuv::addAvg
[38],TComYuv::copyToPicComponent
[104],TDecCu::destroy
[39],TDecCu::xCopyToPic
[75],TDecCu::xDecodeCU
[82],TDecCu::xDecodeInterTexture
[10],TDecCu::xDecompressCU
[12],TDecCu::xReconInter
[76],TDecEntropy::decodePUWise
[77],TDecEntropy::decodePredInfo
[8],TDecGop::decompressSlice
[17],TDecGop::filterPicture
[9],TDecSlice::decompressSlice
[6],TDecTop::decode
[16],TDecTop::xActivateParameterSets
[7],TDecTop::xDecodeSlice
[18],TDecTop::xGetNewPicBuffer
[25],TVideoIOYuv::write
[29],WriteFile
[86],"__crt_seh_guarded_call<int>::operator()<class <lambda_751a882b2c74d4b022dec766aa51a29a>,class <lambda_628dfdc04ba53c8bfc02c9951375f3f5> &,class <lambda_f6c7be5f7998530c34de24c7437d6b54> >"
[48],"__crt_seh_guarded_call<int>::operator()<class <lambda_a62c933ada0517137acf5807a1eeac1f>,class <lambda_a31071773b9a94e445cbd5d04ef99106> &,class <lambda_56065050dbf3ada7e59a83db45153de3> >"
[49],_acrt_stdio_end_temporary_buffering_nolock
[41],_acrt_stdio_flush_and_write_narrow_nolock
[50],_acrt_stdio_flush_nolock
[4],_scrt_common_main_seh
[51],_stdio_common_vfprintf
[58],aligned_free
[32],aligned_offset_malloc_base
[87],close
[88],close_nolock
[89],fclose
[90],fclose_nolock
[42],fputc
[57],free_base
[5],main
[27],malloc_base
[36],memcpy
[45],memset
[66],operator new
[83],partialButterflyInverse32
[52],printf
[91],"std::basic_filebuf<char,struct std::char_traits<char> >::close"
[37],"std::basic_ostream<char,struct std::char_traits<char> >::write"
[30],write
[26],writePlane
[43],write_buffer_nolock<char>
[31],write_nolock
[53],write_text_ansi_nolock
[84],xITrMxN
[73],<cycle 1>
[78],<cycle 2>
[11],<cycle 3>
[33],<cycle 4>
