Index,% CPU Time:Total,CPU Time:Self,CPU Time:Children,Name,Index
,,0.0,866.336232,  RtlUserThreadStart,[2]
[1],100.0,0.0,866.336232,BaseThreadInitThunk,[1]
,,0.0,866.336232,  _scrt_common_main_seh,[3]
,,,,,
,,,,  <spontaneous>,
[2],100.0,0.0,866.336232,RtlUserThreadStart,[2]
,,0.0,866.336232,  BaseThreadInitThunk,[1]
,,,,,
,,0.0,866.336232,  BaseThreadInitThunk,[1]
[3],100.0,0.0,866.336232,_scrt_common_main_seh,[3]
,,0.0,866.336232,  main,[4]
,,,,,
,,0.0,866.336232,  _scrt_common_main_seh,[3]
[4],100.0,0.0,866.336232,main,[4]
,,0.0,866.325797,  TAppEncTop::encode,[5]
,,0.0,0.010436,  TAppEncTop::~TAppEncTop,[302]
,,,,,
,,0.0,866.325797,  main,[4]
[5],100.0,0.0,866.325797,TAppEncTop::encode,[5]
,,0.0,0.046701,  TComPic::destroy,[243]
,,0.0,866.077006,  TEncTop::encode,[6]
,,0.0,0.202091,  TVideoIOYuv::read,[190]
,,,,,
,,0.0,866.077006,  TAppEncTop::encode,[5]
[6],99.97,0.0,866.077006,TEncTop::encode,[6]
,,0.0,0.155930,  TComPicYuv::copyToPic,[196]
,,0.0,865.874440,  TEncGOP::compressGOP,[7]
,,0.0,0.046635,  TEncTop::xGetNewPicBuffer,[249]
,,,,,
,,0.0,865.874440,  TEncTop::encode,[6]
[7],99.95,0.0,865.874440,TEncGOP::compressGOP,[7]
,,0.015547,0.0,  TComSlice::checkThatAllRefPicsAreAvailable,[288]
,,0.015545,864.207111,  TEncSlice::compressSlice,[8]
,,0.0,0.170827,  TComLoopFilter::loopFilterPic,[202]
,,0.0,0.046790,  TComPic::compressMotion,[240]
,,0.0,0.031190,  TComPicYuv::copyToPic,[196]
,,0.0,0.015558,  TComSlice::setRefPicList,[284]
,,0.0,0.077916,  TEncGOP::xCalculateAddPSNRs,[225]
,,0.0,1.262826,  TEncSampleAdaptiveOffset::SAOProcess,[116]
,,0.0,0.031131,  TEncSlice::encodeSlice,[265]
,,,,,
,,0.015545,864.207111,  TEncGOP::compressGOP,[7]
[8],99.76,0.015545,864.207111,TEncSlice::compressSlice,[8]
,,0.062269,0.093378,  TComDataCU::initCtu,[185]
,,0.015504,0.0,  TEncBinCABACCounter::getNumWrittenBits,[128]
,,0.0,864.004951,  TEncCu::compressCtu,[9]
,,0.0,0.031009,  TEncCu::xEncodeCU <cycle 1>,[236]
,,,,,
,,0.0,864.004951,  TEncSlice::compressSlice,[8]
[9],99.73,0.0,864.004951,TEncCu::compressCtu,[9]
,,0.590879,863.336337,  TEncCu::xCompressCU <cycle 10>,[11]
,,0.0,0.077735,  TComDataCU::initCtu,[185]
,,,,,
,,0.590879,863.336337,  TEncCu::compressCtu,[9]
[10],99.72,0.590879,863.336337,<cycle 10 as a whole>,[10]
,,0.590879,863.336337,  TEncCu::xCompressCU <cycle 10>,[11]
,,,,,
,,,,  TEncCu::xCompressCU <cycle 10>,[11]
,,0.590879,863.336337,  TEncCu::compressCtu,[9]
[11],99.72,0.590879,863.336337,TEncCu::xCompressCU <cycle 10>,[11]
,,1.679665,1.073287,  TComDataCU::initEstData,[67]
,,0.668964,0.419957,  TComDataCU::initSubCU,[127]
,,0.466556,72.700479,  TEncCu::xCheckRDCostMerge2Nx2N,[25]
,,0.451360,766.519411,  TEncCu::xCheckRDCostInter,[12]
,,0.233458,0.0,  memcpy,[43]
,,0.202202,0.731053,  TComDataCU::copyPartFrom,[133]
,,0.155544,0.902310,  TComDataCU::copyToPic,[131]
,,0.093314,0.0,  TEncBinCABAC::copyState,[95]
,,0.093276,0.373467,  TEncCu::xCopyYuv2Tmp,[160]
,,0.062192,0.280037,  TComYuv::copyFromPicComponent,[172]
,,0.046664,0.342258,  TEncCu::xCopyYuv2Pic,[169]
,,0.046521,15.265643,  TEncCu::xCheckRDCostIntra,[50]
,,0.031113,0.0,  std::_Deque_iterator<class std::_Deque_val<struct std::_Deque_simple_types<class TComSlice *> > >::operator+,[267]
,,0.015571,0.015526,  TEncBinCABACCounter::getNumWrittenBits,[128]
,,0.015552,0.0,  TEncCu::xComputeQP,[286]
,,0.015550,0.388774,  TComYuv::copyToPicYuv,[139]
,,0.015542,0.0,"  std::deque<class TComSlice *,class std::allocator<class TComSlice *> >::begin",[289]
,,,,  TEncCu::xCompressCU <cycle 10>,[11]
,,0.0,0.031090,  TEncSbac::codeSplitFlag,[270]
,,,,,
,,0.451360,766.519411,  TEncCu::xCompressCU <cycle 10>,[11]
[12],88.53,0.451360,766.519411,TEncCu::xCheckRDCostInter,[12]
,,3.748432,627.850383,  TEncSearch::predInterSearch,[13]
,,0.668839,134.205059,  TEncSearch::encodeResAndCalcRdInterCU,[17]
,,0.031104,0.0,  memset,[40]
,,0.015594,0.0,  TEncCu::xCheckDQP,[238]
,,,,,
,,3.748432,627.850383,  TEncCu::xCheckRDCostInter,[12]
[13],72.9,3.748432,627.850383,TEncSearch::predInterSearch,[13]
,,2.581982,517.561092,  TEncSearch::xMotionEstimation,[14]
,,0.855518,41.501475,  TEncSearch::xEstimateMvPredAMVP,[35]
,,0.668880,0.404269,  TEncSearch::xCheckBestMVP,[130]
,,0.637411,0.0,  TComCUMvField::setAll<class TComMv>,[119]
,,0.560038,4.043802,  TComYuv::clear,[53]
,,0.544477,0.171224,  TComDataCU::setSubPart<signed char>,[114]
,,0.497863,38.721731,  TEncSearch::xMergeEstimation,[36]
,,0.482259,0.0,  memcpy,[43]
,,0.451090,0.0,  TComCUMvField::setAll<signed char>,[125]
,,0.217644,0.108874,  TComDataCU::setSubPart<unsigned char>,[154]
,,0.186770,6.438325,  TEncSearch::xGetInterPredictionError,[34]
,,0.186663,10.313292,  TComPrediction::motionCompensation,[33]
,,0.171262,0.015530,  TEncSearch::xGetBlkBits,[197]
,,0.171164,0.0,  TComDataCU::getNumPartitions,[179]
,,0.139973,0.0,  TComDataCU::getPartIndexAndSize,[126]
,,0.124496,0.046626,  TComDataCU::setSubPart<bool>,[173]
,,0.046653,0.0,  TComRdCost::getBitsOfVectorWithPredictor,[51]
,,,,,
,,2.581982,517.561092,  TEncSearch::predInterSearch,[13]
[14],60.04,2.581982,517.561092,TEncSearch::xMotionEstimation,[14]
,,6.346449,188.065388,  TEncSearch::xPatternRefinement,[15]
,,3.499811,42.873990,  TEncSearch::xPatternSearch,[32]
,,2.379591,151.587400,  TEncSearch::xExtDIFUpSamplingQ,[21]
,,1.819890,0.186605,  TComYuv::removeHighFreq,[96]
,,1.165914,78.162346,  TEncSearch::xExtDIFUpSamplingH,[24]
,,1.010957,37.756618,  TEncSearch::xTZSearch,[38]
,,0.715278,0.0,  TEncSearch::xSetSearchRange,[124]
,,0.280132,0.0,  floor,[181]
,,0.186609,1.104586,  TComYuv::copyPartToPartYuv,[64]
,,0.186502,0.0,  TComDataCU::getPartIndexAndSize,[126]
,,0.139783,0.0,  TEncSearch::setWpScalingDistParam,[214]
,,0.093245,0.0,  TComRdCost::getBitsOfVectorWithPredictor,[51]
,,,,,
,,6.346449,188.065388,  TEncSearch::xMotionEstimation,[14]
[15],22.44,6.346449,188.065388,TEncSearch::xPatternRefinement,[15]
,,7.076526,175.918773,  TComRdCost::xGetHADs,[16]
,,5.070089,0.0,  TComRdCost::getBitsOfVectorWithPredictor,[51]
,,,,,
,,0.155296,1.381590,  TEncSearch::estIntraPredLumaQT,[57]
,,0.637930,8.569566,  TEncSearch::xGetInterPredictionError,[34]
,,7.076526,175.918773,  TEncSearch::xPatternRefinement,[15]
[16],22.36,7.869753,185.869928,TComRdCost::xGetHADs,[16]
,,167.298747,0.606701,  TComRdCost::xCalcHADs8x8,[20]
,,17.622282,0.342198,  TComRdCost::xCalcHADs4x4,[48]
,,,,,
,,0.637782,52.650066,  TEncCu::xCheckRDCostMerge2Nx2N,[25]
,,0.668839,134.205059,  TEncCu::xCheckRDCostInter,[12]
[17],21.72,1.306621,186.855125,TEncSearch::encodeResAndCalcRdInterCU,[17]
,,19.154863,154.480023,  TEncSearch::xEstimateInterResidualQT <cycle 6>,[19]
,,3.453153,0.0,  TComYuv::addClip,[76]
,,1.539496,0.0,  memcpy,[43]
,,1.259698,0.0,  TComYuv::subtract,[117]
,,0.311197,0.264508,  TComYuv::clear,[53]
,,0.295560,0.497479,  TComYuv::copyToPartComponent,[123]
,,0.295485,2.581511,  TComRdCost::getDistPart,[59]
,,0.280055,0.0,  TComTU::TComTU,[178]
,,0.264285,1.229164,  TEncSearch::xAddSymbolBitsInter,[109]
,,0.186763,0.0,  memset,[40]
,,0.171118,0.093281,  TEncBinCABAC::copyState,[95]
,,0.077897,0.0,  TComRdCost::calcRdCost,[226]
,,0.062153,0.015604,  TEncSbac::resetBits,[115]
,,0.046584,0.0,  TEncBinCABACCounter::encodeBin,[101]
,,0.031099,0.0,  TComBitCounter::resetBits,[182]
,,0.031059,0.077654,  TEncSbac::codeSkipFlag,[163]
,,0.015556,0.0,  _security_check_cookie,[93]
,,0.015553,0.0,  TEncSbac::getNumberOfWrittenBits,[184]
,,0.015505,0.0,  TEncSbac::codeMergeIndex,[223]
,,0.0,0.108822,  TEncSearch::xSetInterResidualQTData <cycle 3>,[218]
,,,,,
,,19.154863,154.480023,  TEncSearch::encodeResAndCalcRdInterCU,[17]
[18],20.04,19.154863,154.480023,<cycle 6 as a whole>,[18]
,,19.154863,154.480023,  TEncSearch::xEstimateInterResidualQT <cycle 6>,[19]
,,,,,
,,,,  TEncSearch::xEstimateInterResidualQT <cycle 6>,[19]
,,19.154863,154.480023,  TEncSearch::encodeResAndCalcRdInterCU,[17]
[19],20.04,19.154863,154.480023,TEncSearch::xEstimateInterResidualQT <cycle 6>,[19]
,,18.641741,0.0,  memcpy,[43]
,,4.204602,0.0,  memset,[40]
,,3.437168,90.617450,  TComTrQuant::transformNxN,[23]
,,2.270933,0.0,  QpParam::QpParam,[90]
,,1.726411,5.085839,  TComRdCost::getDistPart,[59]
,,1.446804,2.084027,  TEncSearch::xEncodeInterResidualQT <cycle 5>,[74]
,,1.290919,0.0,  TComTU::TComTU,[105]
,,1.197484,0.450942,  TEncBinCABAC::copyState,[95]
,,1.151101,0.0,  TComTURecurse::nextSection,[97]
,,0.902250,0.0,  TEncBinCABACCounter::encodeBin,[101]
,,0.792973,0.0,  TEncSbac::codeQtCbfZero,[136]
,,0.653100,12.025549,  TEncSbac::estBit,[54]
,,0.606566,0.451221,  TEncSbac::resetBits,[115]
,,0.528763,0.279827,  TEncSbac::codeQtCbf,[113]
,,0.482218,0.0,  TComYuv::getStride,[158]
,,0.467087,0.404298,  TEncBinCABACCounter::getNumWrittenBits,[128]
,,0.466429,0.559884,  TEncEntropy::encodeCoeffNxN,[106]
,,0.388677,0.0,  _chkstk,[102]
,,0.342105,0.0,  TComDataCU::getQuadtreeTULog2MinSizeInCU,[144]
,,0.217756,0.0,  TEncSbac::getNumberOfWrittenBits,[184]
,,0.186639,0.0,  TComBitCounter::resetBits,[182]
,,0.062199,0.0,  TComDataCU::isLosslessCoded,[231]
,,0.046629,0.0,  TEncSbac::codeTransformSubdivFlag,[227]
,,0.0,1.010432,  TComTrQuant::invTransformNxN,[100]
,,,,  TEncSearch::xEstimateInterResidualQT <cycle 6>,[19]
,,,,,
,,167.298747,0.606701,  TComRdCost::xGetHADs,[16]
[20],19.38,167.298747,0.606701,TComRdCost::xCalcHADs8x8,[20]
,,0.606701,0.0,  _security_check_cookie,[93]
,,,,,
,,2.379591,151.587400,  TEncSearch::xMotionEstimation,[14]
[21],17.77,2.379591,151.587400,TEncSearch::xExtDIFUpSamplingQ,[21]
,,107.199547,0.0,"  TComInterpolationFilter::filter<8,1,0,1>",[22]
,,33.344357,0.0,"  TComInterpolationFilter::filter<8,0,1,0>",[28]
,,11.043496,0.0,  TComInterpolationFilter::filterCopy,[31]
,,,,,
,,4.962236,0.0,  TComInterpolationFilter::filterVer,[55]
,,37.071172,0.0,  TEncSearch::xExtDIFUpSamplingH,[24]
,,107.199547,0.0,  TEncSearch::xExtDIFUpSamplingQ,[21]
[22],17.23,149.232954,0.0,"TComInterpolationFilter::filter<8,1,0,1>",[22]
,,,,,
,,0.139322,4.578634,  TEncSearch::xIntraCodingTUBlock,[60]
,,3.437168,90.617450,  TEncSearch::xEstimateInterResidualQT <cycle 6>,[19]
[23],11.4,3.576490,95.196085,TComTrQuant::transformNxN,[23]
,,3.280695,18.709132,  TComTrQuant::xT,[45]
,,2.659319,0.0,  TComTrQuant::xTransformSkip,[86]
,,1.943760,0.855626,  TComTrQuant::rdpcmNxN,[83]
,,1.913065,65.834488,  TComTrQuant::xQuant,[26]
,,,,,
,,1.165914,78.162346,  TEncSearch::xMotionEstimation,[14]
[24],9.16,1.165914,78.162346,TEncSearch::xExtDIFUpSamplingH,[24]
,,37.071172,0.0,"  TComInterpolationFilter::filter<8,1,0,1>",[22]
,,22.592827,0.0,  TComInterpolationFilter::filterCopy,[31]
,,18.498348,0.0,"  TComInterpolationFilter::filter<8,0,1,0>",[28]
,,,,,
,,0.466556,72.700479,  TEncCu::xCompressCU <cycle 10>,[11]
[25],8.45,0.466556,72.700479,TEncCu::xCheckRDCostMerge2Nx2N,[25]
,,1.415421,0.700053,  TComDataCU::initEstData,[67]
,,0.637782,52.650066,  TEncSearch::encodeResAndCalcRdInterCU,[17]
,,0.357569,0.0,  TComCUMvField::setAll<signed char>,[125]
,,0.264559,0.0,  TComCUMvField::setAll<class TComMv>,[119]
,,0.248759,14.357085,  TComPrediction::xPredInterBi,[29]
,,0.233224,0.093453,  TComPrediction::xCheckIdenticalMotion,[135]
,,0.186705,0.606897,  TComDataCU::getInterMergeCandidates,[82]
,,0.124496,0.077811,  TComDataCU::setSubPart<unsigned char>,[154]
,,0.124455,0.015522,  TComDataCU::setSubPart<bool>,[173]
,,0.124382,0.0,  TComDataCU::getNumPartitions,[179]
,,0.046691,0.279976,  TComPrediction::xPredInterUni,[37]
,,0.031203,0.0,  TEncCu::xCheckDQP,[238]
,,0.031109,0.0,  TComDataCU::getPartIndexAndSize,[126]
,,0.031102,0.031099,  TEncCu::xCheckBestMode,[230]
,,0.031060,0.0,  memset,[40]
,,,,,
,,1.913065,65.834488,  TComTrQuant::transformNxN,[23]
[26],7.82,1.913065,65.834488,TComTrQuant::xQuant,[26]
,,48.151756,17.076119,  TComTrQuant::xRateDistOptQuant,[27]
,,0.373091,0.0,  _chkstk,[102]
,,0.233523,0.0,  _security_check_cookie,[93]
,,,,,
,,48.151756,17.076119,  TComTrQuant::xQuant,[26]
[27],7.53,48.151756,17.076119,TComTrQuant::xRateDistOptQuant,[27]
,,12.395994,0.0,  memset,[40]
,,1.943680,0.497536,  getTUEntropyCodingParameters,[88]
,,0.590740,0.077731,  TComTrQuant::xGetCodedLevel,[143]
,,0.559734,0.0,  TComTU::getGolombRiceStatisticsIndex,[151]
,,0.373245,0.0,  TComTrQuant::getSigCtxInc,[156]
,,0.311063,0.0,  _security_check_cookie,[93]
,,0.217621,0.0,  _chkstk,[102]
,,0.108774,0.0,  TComTrQuant::xGetICRate,[198]
,,,,,
,,9.518719,0.0,  TComInterpolationFilter::filterHor,[42]
,,18.498348,0.0,  TEncSearch::xExtDIFUpSamplingH,[24]
,,33.344357,0.0,  TEncSearch::xExtDIFUpSamplingQ,[21]
[28],7.08,61.361423,0.0,"TComInterpolationFilter::filter<8,0,1,0>",[28]
,,,,,
,,0.248759,14.357085,  TEncCu::xCheckRDCostMerge2Nx2N,[25]
,,0.591061,38.301472,  TComPrediction::motionCompensation,[33]
[29],6.18,0.839820,52.658557,TComPrediction::xPredInterBi,[29]
,,11.931433,0.964652,  TComYuv::addAvg,[56]
,,1.881671,33.868078,  TComPrediction::xPredInterUni,[37]
,,0.451157,3.561565,  TComYuv::copyPartToPartYuv,[64]
,,,,,
,,1.540369,14.668334,  TEncSearch::xGetTemplateCost,[44]
,,3.904171,33.074917,  TComPrediction::xPredInterUni,[37]
[30],6.14,5.444540,47.743251,TComPrediction::xPredInterBlk,[30]
,,1.451698,0.0,  TComYuv::getAddr,[73]
,,0.808870,32.260412,  TComInterpolationFilter::filterHor,[42]
,,0.233394,12.988878,  TComInterpolationFilter::filterVer,[55]
,,,,,
,,11.043496,0.0,  TEncSearch::xExtDIFUpSamplingQ,[21]
,,16.176822,0.0,  TComInterpolationFilter::filterHor,[42]
,,22.592827,0.0,  TEncSearch::xExtDIFUpSamplingH,[24]
[31],5.75,49.813145,0.0,TComInterpolationFilter::filterCopy,[31]
,,,,,
,,3.499811,42.873990,  TEncSearch::xMotionEstimation,[14]
[32],5.35,3.499811,42.873990,TEncSearch::xPatternSearch,[32]
,,12.169419,0.0,  TComRdCost::xGetSAD16,[47]
,,9.830434,0.0,  TComRdCost::xGetSAD8,[46]
,,9.145739,0.0,  TComRdCost::xGetSAD32,[52]
,,6.377022,0.0,  TComRdCost::xGetSAD64,[58]
,,5.258098,0.0,  TComRdCost::getBitsOfVectorWithPredictor,[51]
,,0.062201,0.0,  TComRdCost::xGetSAD24,[222]
,,0.031078,0.0,  TComRdCost::xGetSAD12,[254]
,,,,,
,,0.186663,10.313292,  TEncSearch::predInterSearch,[13]
,,0.357833,32.203649,  TEncSearch::xGetInterPredictionError,[34]
[33],4.97,0.544495,42.516941,TComPrediction::motionCompensation,[33]
,,0.591061,38.301472,  TComPrediction::xPredInterBi,[29]
,,0.435338,0.093386,  TComPrediction::xCheckIdenticalMotion,[135]
,,0.140043,2.831034,  TComPrediction::xPredInterUni,[37]
,,0.124608,0.0,  TComDataCU::getPartIndexAndSize,[126]
,,,,,
,,0.186770,6.438325,  TEncSearch::predInterSearch,[13]
,,0.451006,35.548556,  TEncSearch::xMergeEstimation,[36]
[34],4.92,0.637776,41.986881,TEncSearch::xGetInterPredictionError,[34]
,,0.637930,8.569566,  TComRdCost::xGetHADs,[16]
,,0.357833,32.203649,  TComPrediction::motionCompensation,[33]
,,0.217904,0.0,  TComDataCU::getPartIndexAndSize,[126]
,,,,,
,,0.855518,41.501475,  TEncSearch::predInterSearch,[13]
[35],4.89,0.855518,41.501475,TEncSearch::xEstimateMvPredAMVP,[35]
,,1.742496,20.657546,  TEncSearch::xGetTemplateCost,[44]
,,1.259635,7.560629,  TComDataCU::fillMvpCand,[63]
,,0.622295,8.710102,  TComYuv::clear,[53]
,,0.373118,0.249121,  TComDataCU::setSubPart<signed char>,[114]
,,0.326533,0.0,  TComDataCU::getPartIndexAndSize,[126]
,,,,,
,,0.497863,38.721731,  TEncSearch::predInterSearch,[13]
[36],4.53,0.497863,38.721731,TEncSearch::xMergeEstimation,[36]
,,0.715224,1.306793,  TComDataCU::getInterMergeCandidates,[82]
,,0.451006,35.548556,  TEncSearch::xGetInterPredictionError,[34]
,,0.342288,0.0,  TComCUMvField::setAll<class TComMv>,[119]
,,0.326729,0.0,  TComCUMvField::setAll<signed char>,[125]
,,0.031134,0.0,  TComDataCU::getPartIndexAndSize,[126]
,,,,,
,,0.046691,0.279976,  TEncCu::xCheckRDCostMerge2Nx2N,[25]
,,0.140043,2.831034,  TComPrediction::motionCompensation,[33]
,,1.881671,33.868078,  TComPrediction::xPredInterBi,[29]
[37],4.51,2.068405,36.979088,TComPrediction::xPredInterUni,[37]
,,3.904171,33.074917,  TComPrediction::xPredInterBlk,[30]
,,,,,
,,1.010957,37.756618,  TEncSearch::xMotionEstimation,[14]
[38],4.47,1.010957,37.756618,TEncSearch::xTZSearch,[38]
,,1.011016,32.313149,  TEncSearch::xTZ8PointDiamondSearch,[41]
,,0.482115,3.172713,  TEncSearch::xTZSearchHelp,[39]
,,0.435459,0.0,  TEncSearch::xSetSearchRange,[124]
,,0.140082,0.0,  TComRdCost::getBitsOfVectorWithPredictor,[51]
,,0.015553,0.186531,  TEncSearch::xTZ2PointSearch,[193]
,,,,,
,,0.031119,0.155413,  TEncSearch::xTZ2PointSearch,[193]
,,0.482115,3.172713,  TEncSearch::xTZSearch,[38]
,,3.795906,28.517242,  TEncSearch::xTZ8PointDiamondSearch,[41]
[39],4.17,4.309140,31.845369,TEncSearch::xTZSearchHelp,[39]
,,8.228471,0.0,  TComRdCost::xGetSAD8,[46]
,,5.724975,0.0,  TComRdCost::xGetSAD16,[47]
,,4.510547,0.0,  TComRdCost::xGetSAD32,[52]
,,4.137709,0.0,  TComRdCost::xGetSAD64,[58]
,,3.769266,0.0,  TComRdCost::getBitsOfVectorWithPredictor,[51]
,,3.483177,0.0,  TComRdCost::xGetSAD4,[70]
,,1.944574,0.0,  TComRdCost::setDistParam,[98]
,,0.031107,0.0,  TComRdCost::xGetSAD24,[222]
,,0.015544,0.0,  TComRdCost::xGetSAD12,[254]
,,,,,
,,0.015471,0.0,  TEncSearch::xRecurIntraChromaCodingQT <cycle 7>,[91]
,,0.031060,0.0,  TEncCu::xCheckRDCostMerge2Nx2N,[25]
,,0.031104,0.0,  TEncCu::xCheckRDCostInter,[12]
,,0.046611,0.0,  TEncSbac::codeCoeffNxN,[122]
,,0.062148,0.0,  TComDataCU::setSubPart<bool>,[173]
,,0.155168,0.0,  TEncSearch::xIntraCodingTUBlock,[60]
,,0.171113,0.0,  TComDataCU::initCtu,[185]
,,0.186685,0.0,  TComDataCU::setSubPart<unsigned char>,[154]
,,0.186763,0.0,  TEncSearch::encodeResAndCalcRdInterCU,[17]
,,0.280019,0.0,  TComTrQuant::rdpcmNxN,[83]
,,0.419957,0.0,  TComDataCU::initSubCU,[127]
,,0.420344,0.0,  TComDataCU::setSubPart<signed char>,[114]
,,1.773340,0.0,  TComDataCU::initEstData,[67]
,,4.204602,0.0,  TEncSearch::xEstimateInterResidualQT <cycle 6>,[19]
,,12.395994,0.0,  TComTrQuant::xRateDistOptQuant,[27]
,,13.018412,0.0,  TComYuv::clear,[53]
[40],3.86,33.398792,0.0,memset,[40]
,,,,,
,,1.011016,32.313149,  TEncSearch::xTZSearch,[38]
[41],3.85,1.011016,32.313149,TEncSearch::xTZ8PointDiamondSearch,[41]
,,3.795906,28.517242,  TEncSearch::xTZSearchHelp,[39]
,,,,,
,,0.808870,32.260412,  TComPrediction::xPredInterBlk,[30]
[42],3.82,0.808870,32.260412,TComInterpolationFilter::filterHor,[42]
,,16.176822,0.0,  TComInterpolationFilter::filterCopy,[31]
,,9.518719,0.0,"  TComInterpolationFilter::filter<8,0,1,0>",[28]
,,3.220177,0.0,"  TComInterpolationFilter::filter<8,0,1,1>",[78]
,,2.908864,0.0,"  TComInterpolationFilter::filter<4,0,1,0>",[81]
,,0.435830,0.0,"  TComInterpolationFilter::filter<4,0,1,1>",[162]
,,,,,
,,0.015511,0.0,  TEncSearch::xModeBitsIntra,[168]
,,0.015519,0.0,  TEncSearch::xSetIntraResultLumaQT,[295]
,,0.015521,0.0,  TEncSearch::xLoadIntraResultQT,[216]
,,0.015532,0.0,  TComTrQuant::xIT,[111]
,,0.015546,0.0,  TEncSearch::estIntraPredChromaQT,[87]
,,0.015572,0.0,  TEncSearch::xSetIntraResultChromaQT <cycle 11>,[233]
,,0.015593,0.0,  copyPlane,[263]
,,0.031022,0.0,  TEncSearch::xStoreIntraResultQT,[189]
,,0.031099,0.0,  TEncCu::xCheckBestMode,[230]
,,0.061960,0.0,  TEncSearch::estIntraPredLumaQT,[57]
,,0.062023,0.0,  TEncSearch::xRecurIntraChromaCodingQT <cycle 7>,[91]
,,0.093250,0.0,  TEncSearch::xSetInterResidualQTData <cycle 3>,[218]
,,0.187120,0.0,  TComPicYuv::copyToPic,[196]
,,0.233458,0.0,  TEncCu::xCompressCU <cycle 10>,[11]
,,0.280037,0.0,  TComYuv::copyFromPicComponent,[172]
,,0.342242,0.0,  TComYuv::copyToPicComponent,[140]
,,0.450194,0.0,  TEncSearch::xRecurIntraCodingLumaQT <cycle 9>,[62]
,,0.482233,0.0,  TComYuv::copyToPartComponent,[123]
,,0.482259,0.0,  TEncSearch::predInterSearch,[13]
,,0.731053,0.0,  TComDataCU::copyPartFrom,[133]
,,0.777366,0.0,  TComTrQuant::xT,[45]
,,0.902310,0.0,  TComDataCU::copyToPic,[131]
,,1.539496,0.0,  TEncSearch::encodeResAndCalcRdInterCU,[17]
,,1.679649,0.0,  TComYuv::copyPartToPartComponent,[66]
,,18.641741,0.0,  TEncSearch::xEstimateInterResidualQT <cycle 6>,[19]
[43],3.13,27.117308,0.0,memcpy,[43]
,,,,,
,,1.742496,20.657546,  TEncSearch::xEstimateMvPredAMVP,[35]
[44],2.59,1.742496,20.657546,TEncSearch::xGetTemplateCost,[44]
,,1.540369,14.668334,  TComPrediction::xPredInterBlk,[30]
,,1.244849,0.0,  TComRdCost::xGetSAD8,[46]
,,1.166307,0.0,  TComRdCost::xGetSAD16,[47]
,,0.995639,0.0,  TComRdCost::xGetSAD32,[52]
,,0.606668,0.0,  TComRdCost::xGetSAD64,[58]
,,0.435381,0.0,  TComRdCost::xGetSAD4,[70]
,,,,,
,,3.280695,18.709132,  TComTrQuant::transformNxN,[23]
[45],2.54,3.280695,18.709132,TComTrQuant::xT,[45]
,,1.026870,16.609399,  xTrMxN,[49]
,,0.777366,0.0,  memcpy,[43]
,,0.186611,0.0,  _chkstk,[102]
,,0.108886,0.0,  _security_check_cookie,[93]
,,,,,
,,1.244849,0.0,  TEncSearch::xGetTemplateCost,[44]
,,8.228471,0.0,  TEncSearch::xTZSearchHelp,[39]
,,9.830434,0.0,  TEncSearch::xPatternSearch,[32]
[46],2.23,19.303754,0.0,TComRdCost::xGetSAD8,[46]
,,,,,
,,1.166307,0.0,  TEncSearch::xGetTemplateCost,[44]
,,5.724975,0.0,  TEncSearch::xTZSearchHelp,[39]
,,12.169419,0.0,  TEncSearch::xPatternSearch,[32]
[47],2.2,19.060700,0.0,TComRdCost::xGetSAD16,[47]
,,,,,
,,17.622282,0.342198,  TComRdCost::xGetHADs,[16]
[48],2.07,17.622282,0.342198,TComRdCost::xCalcHADs4x4,[48]
,,0.342198,0.0,  _security_check_cookie,[93]
,,,,,
,,1.026870,16.609399,  TComTrQuant::xT,[45]
[49],2.04,1.026870,16.609399,xTrMxN,[49]
,,5.241181,0.0,  partialButterfly16,[65]
,,4.012383,0.015542,  partialButterfly32,[68]
,,3.764150,0.0,  partialButterfly8,[71]
,,3.017392,0.0,  partialButterfly4,[79]
,,0.232564,0.0,  fastForwardDst,[188]
,,0.217386,0.0,  _chkstk,[102]
,,0.108800,0.0,  _security_check_cookie,[93]
,,,,,
,,0.046521,15.265643,  TEncCu::xCompressCU <cycle 10>,[11]
[50],1.77,0.046521,15.265643,TEncCu::xCheckRDCostIntra,[50]
,,0.139590,12.529076,  TEncSearch::estIntraPredLumaQT,[57]
,,0.031075,2.503752,  TEncSearch::estIntraPredChromaQT,[87]
,,0.0,0.062150,  TEncEntropy::xEncodeTransform <cycle 4>,[191]
,,,,,
,,0.046653,0.0,  TEncSearch::predInterSearch,[13]
,,0.093245,0.0,  TEncSearch::xMotionEstimation,[14]
,,0.140082,0.0,  TEncSearch::xTZSearch,[38]
,,0.404269,0.0,  TEncSearch::xCheckBestMVP,[130]
,,3.769266,0.0,  TEncSearch::xTZSearchHelp,[39]
,,5.070089,0.0,  TEncSearch::xPatternRefinement,[15]
,,5.258098,0.0,  TEncSearch::xPatternSearch,[32]
[51],1.71,14.781702,0.0,TComRdCost::getBitsOfVectorWithPredictor,[51]
,,,,,
,,0.995639,0.0,  TEncSearch::xGetTemplateCost,[44]
,,4.510547,0.0,  TEncSearch::xTZSearchHelp,[39]
,,9.145739,0.0,  TEncSearch::xPatternSearch,[32]
[52],1.69,14.651925,0.0,TComRdCost::xGetSAD32,[52]
,,,,,
,,0.311197,0.264508,  TEncSearch::encodeResAndCalcRdInterCU,[17]
,,0.560038,4.043802,  TEncSearch::predInterSearch,[13]
,,0.622295,8.710102,  TEncSearch::xEstimateMvPredAMVP,[35]
[53],1.68,1.493530,13.018412,TComYuv::clear,[53]
,,13.018412,0.0,  memset,[40]
,,,,,
,,0.052390,0.511910,  TEncSearch::xIntraCodingTUBlock,[60]
,,0.653100,12.025549,  TEncSearch::xEstimateInterResidualQT <cycle 6>,[19]
[54],1.53,0.705490,12.537458,TEncSbac::estBit,[54]
,,3.936815,0.0,  TEncSbac::estSignificantMapBit,[69]
,,3.374817,0.0,  TEncSbac::estLastSignificantPositionBit,[77]
,,2.690669,0.0,  TEncSbac::estSignificantCoefficientsBit,[84]
,,1.757895,0.0,  TEncSbac::estCBFBit,[103]
,,0.777263,0.0,  TEncSbac::estSignificantCoeffGroupMapBit,[137]
,,,,,
,,0.233394,12.988878,  TComPrediction::xPredInterBlk,[30]
[55],1.53,0.233394,12.988878,TComInterpolationFilter::filterVer,[55]
,,4.962236,0.0,"  TComInterpolationFilter::filter<8,1,0,1>",[22]
,,2.675302,0.0,"  TComInterpolationFilter::filter<8,1,1,1>",[85]
,,2.084223,0.0,"  TComInterpolationFilter::filter<8,1,0,0>",[94]
,,1.447055,0.0,"  TComInterpolationFilter::filter<8,1,1,0>",[110]
,,0.669073,0.0,"  TComInterpolationFilter::filter<4,1,0,0>",[142]
,,0.544059,0.0,"  TComInterpolationFilter::filter<4,1,0,1>",[152]
,,0.311095,0.0,"  TComInterpolationFilter::filter<4,1,1,1>",[174]
,,0.295837,0.0,"  TComInterpolationFilter::filter<4,1,1,0>",[176]
,,,,,
,,11.931433,0.964652,  TComPrediction::xPredInterBi,[29]
[56],1.49,11.931433,0.964652,TComYuv::addAvg,[56]
,,0.544731,0.0,  TComYuv::getAddr,[112]
,,0.419921,0.0,  TComYuv::getAddr,[73]
,,,,,
,,0.139590,12.529076,  TEncCu::xCheckRDCostIntra,[50]
[57],1.46,0.139590,12.529076,TEncSearch::estIntraPredLumaQT,[57]
,,0.155296,1.381590,  TComRdCost::xGetHADs,[16]
,,0.155210,8.742592,  TEncSearch::xRecurIntraCodingLumaQT <cycle 9>,[62]
,,0.062183,0.0,  TEncSearch::xUpdateCandList,[234]
,,0.062130,1.318692,  TComPrediction::predIntraAng,[99]
,,0.062040,0.341077,  TEncSearch::xModeBitsIntra,[168]
,,0.061960,0.0,  memcpy,[43]
,,0.046494,0.046608,  TEncBinCABACCounter::getNumWrittenBits,[128]
,,0.031083,0.0,  TComDataCU::getIntraDirPredictor,[180]
,,0.015520,0.031082,  TComPrediction::initIntraPatternChType,[138]
,,0.0,0.015519,  TEncSearch::xSetIntraResultLumaQT,[295]
,,,,,
,,0.606668,0.0,  TEncSearch::xGetTemplateCost,[44]
,,4.137709,0.0,  TEncSearch::xTZSearchHelp,[39]
,,6.377022,0.0,  TEncSearch::xPatternSearch,[32]
[58],1.28,11.121399,0.0,TComRdCost::xGetSAD64,[58]
,,,,,
,,0.046540,0.093275,  TEncSearch::xIntraCodingTUBlock,[60]
,,0.295485,2.581511,  TEncSearch::encodeResAndCalcRdInterCU,[17]
,,1.726411,5.085839,  TEncSearch::xEstimateInterResidualQT <cycle 6>,[19]
[59],1.13,2.068436,7.760624,TComRdCost::getDistPart,[59]
,,2.939313,0.0,  TComRdCost::xGetSSE4,[80]
,,1.742032,0.0,  TComRdCost::xGetSSE8,[104]
,,1.601721,0.0,  TComRdCost::xGetSSE16,[107]
,,1.073220,0.0,  TComRdCost::xGetSSE32,[129]
,,0.404338,0.0,  TComRdCost::xGetSSE64,[167]
,,,,,
,,0.217238,1.836701,  TEncSearch::xRecurIntraChromaCodingQT <cycle 7>,[91]
,,0.667299,6.286007,  TEncSearch::xRecurIntraCodingLumaQT <cycle 9>,[62]
[60],1.04,0.884537,8.122708,TEncSearch::xIntraCodingTUBlock,[60]
,,0.325803,0.0,  TComYuv::getAddr,[73]
,,0.186380,0.542783,  TComPrediction::initIntraPatternChType,[138]
,,0.155168,0.0,  memset,[40]
,,0.139322,4.578634,  TComTrQuant::transformNxN,[23]
,,0.108863,0.403343,  TComPrediction::predIntraAng,[99]
,,0.093020,0.0,  QpParam::QpParam,[90]
,,0.052390,0.511910,  TEncSbac::estBit,[54]
,,0.046540,0.093275,  TComRdCost::getDistPart,[59]
,,0.015548,0.0,  TComPrediction::filteringIntraReferenceSamples,[287]
,,0.015529,0.854198,  TComTrQuant::invTransformNxN,[100]
,,,,,
,,0.155210,8.742592,  TEncSearch::estIntraPredLumaQT,[57]
[61],1.03,0.155210,8.742592,<cycle 9 as a whole>,[61]
,,0.155210,8.742592,  TEncSearch::xRecurIntraCodingLumaQT <cycle 9>,[62]
,,,,,
,,,,  TEncSearch::xRecurIntraCodingLumaQT <cycle 9>,[62]
,,0.155210,8.742592,  TEncSearch::estIntraPredLumaQT,[57]
[62],1.03,0.155210,8.742592,TEncSearch::xRecurIntraCodingLumaQT <cycle 9>,[62]
,,0.667299,6.286007,  TEncSearch::xIntraCodingTUBlock,[60]
,,0.450194,0.0,  memcpy,[43]
,,0.046555,0.077533,  TEncSearch::xLoadIntraResultQT,[216]
,,0.046533,0.062122,  TEncSearch::xEncSubdivCbfQT <cycle 12>,[195]
,,0.031177,0.019794,  TEncSbac::resetBits,[115]
,,0.031109,0.0,  TComDataCU::getQuadtreeTULog2MinSizeInCU,[144]
,,0.031070,0.0,  TEncBinCABACCounter::getNumWrittenBits,[128]
,,0.031044,0.186084,  TEncSearch::xStoreIntraResultQT,[189]
,,0.031021,0.015524,  TEncBinCABAC::copyState,[95]
,,0.030986,0.496841,  TEncSearch::xEncCoeffQT <cycle 8>,[146]
,,0.030941,0.139687,  TEncSearch::xEncIntraHeader,[199]
,,0.015558,0.0,  TComTURecurse::nextSection,[97]
,,0.015513,0.0,  TComBitCounter::resetBits,[182]
,,,,  TEncSearch::xRecurIntraCodingLumaQT <cycle 9>,[62]
,,,,,
,,1.259635,7.560629,  TEncSearch::xEstimateMvPredAMVP,[35]
[63],1.02,1.259635,7.560629,TComDataCU::fillMvpCand,[63]
,,2.349052,1.368598,  TComDataCU::xAddMVPCandUnscaled,[72]
,,1.182301,0.311103,  TComDataCU::xGetColMVP,[89]
,,0.606810,0.0,  TComDataCU::deriveLeftRightTopIdx,[147]
,,0.466971,0.031132,  TComDataCU::getPUBelowLeft,[132]
,,0.326555,0.233343,  TComDataCU::xAddMVPCandWithScaling,[149]
,,0.295666,0.0,  TComDataCU::deriveLeftBottomIdx,[177]
,,0.155706,0.0,  TComDataCU::deriveRightBottomIdx,[183]
,,0.077797,0.0,  TComDataCU::getPULeft,[207]
,,0.062309,0.0,  TComDataCU::getPUAboveLeft,[219]
,,0.062198,0.0,  std::_Deque_const_iterator<class std::_Deque_val<struct std::_Deque_simple_types<class TComSlice *> > >::operator+,[134]
,,0.015552,0.0,  TComDataCU::getPartIndexAndSize,[126]
,,0.015536,0.0,"  std::deque<class TComSlice *,class std::allocator<class TComSlice *> >::begin",[187]
,,,,,
,,0.186609,1.104586,  TEncSearch::xMotionEstimation,[14]
,,0.451157,3.561565,  TComPrediction::xPredInterBi,[29]
[64],0.61,0.637766,4.666151,TComYuv::copyPartToPartYuv,[64]
,,1.352974,3.313178,  TComYuv::copyPartToPartComponent,[66]
,,,,,
,,5.241181,0.0,  xTrMxN,[49]
[65],0.6,5.241181,0.0,partialButterfly16,[65]
,,,,,
,,0.0,0.062011,  TEncSearch::xLoadIntraResultQT,[216]
,,0.030965,0.124097,  TEncSearch::xStoreIntraResultQT,[189]
,,1.352974,3.313178,  TComYuv::copyPartToPartYuv,[64]
[66],0.56,1.383939,3.499286,TComYuv::copyPartToPartComponent,[66]
,,1.679649,0.0,  memcpy,[43]
,,0.995301,0.0,  TComYuv::getAddr,[73]
,,0.824336,0.0,  TComYuv::getAddr,[112]
,,,,,
,,1.415421,0.700053,  TEncCu::xCheckRDCostMerge2Nx2N,[25]
,,1.679665,1.073287,  TEncCu::xCompressCU <cycle 10>,[11]
[67],0.56,3.095087,1.773340,TComDataCU::initEstData,[67]
,,1.773340,0.0,  memset,[40]
,,,,,
,,4.012383,0.015542,  xTrMxN,[49]
[68],0.46,4.012383,0.015542,partialButterfly32,[68]
,,0.015542,0.0,  _security_check_cookie,[93]
,,,,,
,,3.936815,0.0,  TEncSbac::estBit,[54]
[69],0.45,3.936815,0.0,TEncSbac::estSignificantMapBit,[69]
,,,,,
,,0.435381,0.0,  TEncSearch::xGetTemplateCost,[44]
,,3.483177,0.0,  TEncSearch::xTZSearchHelp,[39]
[70],0.45,3.918557,0.0,TComRdCost::xGetSAD4,[70]
,,,,,
,,3.764150,0.0,  xTrMxN,[49]
[71],0.43,3.764150,0.0,partialButterfly8,[71]
,,,,,
,,2.349052,1.368598,  TComDataCU::fillMvpCand,[63]
[72],0.43,2.349052,1.368598,TComDataCU::xAddMVPCandUnscaled,[72]
,,0.622076,0.0,  std::_Deque_const_iterator<class std::_Deque_val<struct std::_Deque_simple_types<class TComSlice *> > >::operator+,[134]
,,0.295470,0.046660,  TComDataCU::getPUAboveRight,[155]
,,0.186512,0.0,  TComDataCU::getPUBelowLeft,[132]
,,0.171180,0.0,"  std::deque<class TComSlice *,class std::allocator<class TComSlice *> >::begin",[187]
,,0.046698,0.0,  TComDataCU::getPULeft,[207]
,,,,,
,,0.015536,0.0,  TEncSearch::xSetIntraResultChromaQT <cycle 11>,[233]
,,0.155578,0.0,  TComYuv::removeHighFreq,[96]
,,0.325803,0.0,  TEncSearch::xIntraCodingTUBlock,[60]
,,0.326503,0.0,  TComYuv::copyToPartComponent,[123]
,,0.419921,0.0,  TComYuv::addAvg,[56]
,,0.995301,0.0,  TComYuv::copyPartToPartComponent,[66]
,,1.451698,0.0,  TComPrediction::xPredInterBlk,[30]
[73],0.43,3.690340,0.0,TComYuv::getAddr,[73]
,,,,,
,,,,  TEncSearch::xEncodeInterResidualQT <cycle 5>,[74]
,,1.446804,2.084027,  TEncSearch::xEstimateInterResidualQT <cycle 6>,[19]
[74],0.41,1.446804,2.084027,TEncSearch::xEncodeInterResidualQT <cycle 5>,[74]
,,0.715470,0.0,  TComTURecurse::nextSection,[97]
,,0.373329,0.170992,  TEncSbac::codeQtCbf,[113]
,,0.295497,0.0,  TComTU::TComTU,[105]
,,0.233160,0.0,  TComDataCU::getQuadtreeTULog2MinSizeInCU,[144]
,,0.077739,0.0,  _security_check_cookie,[93]
,,0.046640,0.0,  TEncBinCABACCounter::encodeBin,[101]
,,0.031099,0.0,  TEncSbac::codeTransformSubdivFlag,[227]
,,0.0,0.140101,  TEncEntropy::encodeCoeffNxN,[106]
,,,,  TEncSearch::xEncodeInterResidualQT <cycle 5>,[74]
,,,,,
,,1.446804,2.084027,  TEncSearch::xEstimateInterResidualQT <cycle 6>,[19]
[75],0.41,1.446804,2.084027,<cycle 5 as a whole>,[75]
,,1.446804,2.084027,  TEncSearch::xEncodeInterResidualQT <cycle 5>,[74]
,,,,,
,,3.453153,0.0,  TEncSearch::encodeResAndCalcRdInterCU,[17]
[76],0.4,3.453153,0.0,TComYuv::addClip,[76]
,,,,,
,,3.374817,0.0,  TEncSbac::estBit,[54]
[77],0.39,3.374817,0.0,TEncSbac::estLastSignificantPositionBit,[77]
,,,,,
,,3.220177,0.0,  TComInterpolationFilter::filterHor,[42]
[78],0.37,3.220177,0.0,"TComInterpolationFilter::filter<8,0,1,1>",[78]
,,,,,
,,3.017392,0.0,  xTrMxN,[49]
[79],0.35,3.017392,0.0,partialButterfly4,[79]
,,,,,
,,2.939313,0.0,  TComRdCost::getDistPart,[59]
[80],0.34,2.939313,0.0,TComRdCost::xGetSSE4,[80]
,,,,,
,,2.908864,0.0,  TComInterpolationFilter::filterHor,[42]
[81],0.34,2.908864,0.0,"TComInterpolationFilter::filter<4,0,1,0>",[81]
,,,,,
,,0.186705,0.606897,  TEncCu::xCheckRDCostMerge2Nx2N,[25]
,,0.715224,1.306793,  TEncSearch::xMergeEstimation,[36]
[82],0.33,0.901930,1.913690,TComDataCU::getInterMergeCandidates,[82]
,,0.700011,0.217793,  TComDataCU::xGetColMVP,[89]
,,0.233379,0.0,  TComDataCU::hasEqualMotion,[186]
,,0.155624,0.0,  TComDataCU::deriveLeftRightTopIdxGeneral,[205]
,,0.155540,0.0,  TComDataCU::getPartPosition,[206]
,,0.140034,0.015574,  TComDataCU::getPUBelowLeft,[132]
,,0.108915,0.0,  TComDataCU::getPUAboveRight,[155]
,,0.093416,0.0,  TComDataCU::deriveRightBottomIdx,[183]
,,0.031188,0.0,  TComDataCU::getPUAboveLeft,[219]
,,0.031098,0.0,  TComDataCU::deriveLeftBottomIdxGeneral,[268]
,,0.015617,0.0,  TComDataCU::getPartIndexAndSize,[126]
,,0.015501,0.0,  _security_check_cookie,[93]
,,,,,
,,1.943760,0.855626,  TComTrQuant::transformNxN,[23]
[83],0.32,1.943760,0.855626,TComTrQuant::rdpcmNxN,[83]
,,0.435500,0.0,  _chkstk,[102]
,,0.280019,0.0,  memset,[40]
,,0.140108,0.0,  _security_check_cookie,[93]
,,,,,
,,2.690669,0.0,  TEncSbac::estBit,[54]
[84],0.31,2.690669,0.0,TEncSbac::estSignificantCoefficientsBit,[84]
,,,,,
,,2.675302,0.0,  TComInterpolationFilter::filterVer,[55]
[85],0.31,2.675302,0.0,"TComInterpolationFilter::filter<8,1,1,1>",[85]
,,,,,
,,2.659319,0.0,  TComTrQuant::transformNxN,[23]
[86],0.31,2.659319,0.0,TComTrQuant::xTransformSkip,[86]
,,,,,
,,0.031075,2.503752,  TEncCu::xCheckRDCostIntra,[50]
[87],0.29,0.031075,2.503752,TEncSearch::estIntraPredChromaQT,[87]
,,0.062081,2.131433,  TEncSearch::xRecurIntraChromaCodingQT <cycle 7>,[91]
,,0.062019,0.030864,  TEncSearch::xEncSubdivCbfQT <cycle 12>,[195]
,,0.031011,0.062121,  TEncSearch::xEncCoeffQT <cycle 8>,[146]
,,0.015546,0.0,  memcpy,[43]
,,0.015507,0.0,  TEncSbac::getNumberOfWrittenBits,[184]
,,0.015486,0.0,  TComBitCounter::resetBits,[182]
,,0.0,0.015492,  TEncSearch::xEncIntraHeader,[199]
,,0.0,0.062191,  TEncSearch::xSetIntraResultChromaQT <cycle 11>,[233]
,,,,,
,,0.062122,0.015471,  TEncSbac::codeCoeffNxN,[122]
,,1.943680,0.497536,  TComTrQuant::xRateDistOptQuant,[27]
[88],0.29,2.005802,0.513007,getTUEntropyCodingParameters,[88]
,,0.513007,0.0,  TComDataCU::getCoefScanIdx,[157]
,,,,,
,,0.700011,0.217793,  TComDataCU::getInterMergeCandidates,[82]
,,1.182301,0.311103,  TComDataCU::fillMvpCand,[63]
[89],0.28,1.882312,0.528896,TComDataCU::xGetColMVP,[89]
,,0.466677,0.0,  TComDataCU::xGetDistScaleFactor,[148]
,,0.062219,0.0,  std::_Deque_const_iterator<class std::_Deque_val<struct std::_Deque_simple_types<class TComSlice *> > >::operator+,[134]
,,,,,
,,0.093020,0.0,  TEncSearch::xIntraCodingTUBlock,[60]
,,2.270933,0.0,  TEncSearch::xEstimateInterResidualQT <cycle 6>,[19]
[90],0.27,2.363953,0.0,QpParam::QpParam,[90]
,,,,,
,,,,  TEncSearch::xRecurIntraChromaCodingQT <cycle 7>,[91]
,,0.062081,2.131433,  TEncSearch::estIntraPredChromaQT,[87]
[91],0.25,0.062081,2.131433,TEncSearch::xRecurIntraChromaCodingQT <cycle 7>,[91]
,,0.217238,1.836701,  TEncSearch::xIntraCodingTUBlock,[60]
,,0.062023,0.0,  memcpy,[43]
,,0.015471,0.0,  memset,[40]
,,,,  TEncSearch::xRecurIntraChromaCodingQT <cycle 7>,[91]
,,,,,
,,0.062081,2.131433,  TEncSearch::estIntraPredChromaQT,[87]
[92],0.25,0.062081,2.131433,<cycle 7 as a whole>,[92]
,,0.062081,2.131433,  TEncSearch::xRecurIntraChromaCodingQT <cycle 7>,[91]
,,,,,
,,0.015501,0.0,  TComDataCU::getInterMergeCandidates,[82]
,,0.015507,0.0,  TComPrediction::xPredIntraPlanar,[204]
,,0.015530,0.0,  TEncSearch::xGetBlkBits,[197]
,,0.015542,0.0,  partialButterfly32,[68]
,,0.015556,0.0,  TEncSearch::encodeResAndCalcRdInterCU,[17]
,,0.015616,0.0,  TEncSearch::xAddSymbolBitsInter,[109]
,,0.031117,0.0,  TEncEntropy::xEncodeTransform <cycle 4>,[191]
,,0.046720,0.0,  TEncEntropy::encodeCoeffNxN,[106]
,,0.077739,0.0,  TEncSearch::xEncodeInterResidualQT <cycle 5>,[74]
,,0.108800,0.0,  xTrMxN,[49]
,,0.108886,0.0,  TComTrQuant::xT,[45]
,,0.140108,0.0,  TComTrQuant::rdpcmNxN,[83]
,,0.233523,0.0,  TComTrQuant::xQuant,[26]
,,0.311063,0.0,  TComTrQuant::xRateDistOptQuant,[27]
,,0.342198,0.0,  TComRdCost::xCalcHADs4x4,[48]
,,0.606701,0.0,  TComRdCost::xCalcHADs8x8,[20]
[93],0.24,2.100107,0.0,_security_check_cookie,[93]
,,,,,
,,2.084223,0.0,  TComInterpolationFilter::filterVer,[55]
[94],0.24,2.084223,0.0,"TComInterpolationFilter::filter<8,1,0,0>",[94]
,,,,,
,,0.030963,0.0,  TEncSearch::xModeBitsIntra,[168]
,,0.031021,0.015524,  TEncSearch::xRecurIntraCodingLumaQT <cycle 9>,[62]
,,0.093314,0.0,  TEncCu::xCompressCU <cycle 10>,[11]
,,0.171118,0.093281,  TEncSearch::encodeResAndCalcRdInterCU,[17]
,,1.197484,0.450942,  TEncSearch::xEstimateInterResidualQT <cycle 6>,[19]
[95],0.24,1.523900,0.559748,TEncBinCABAC::copyState,[95]
,,0.559748,0.0,  TEncBinCABAC::getTEncBinCABAC,[150]
,,,,,
,,1.819890,0.186605,  TEncSearch::xMotionEstimation,[14]
[96],0.23,1.819890,0.186605,TComYuv::removeHighFreq,[96]
,,0.155578,0.0,  TComYuv::getAddr,[73]
,,0.031027,0.0,  TComYuv::getAddr,[112]
,,,,,
,,0.015437,0.0,  TEncSearch::xEncSubdivCbfQT <cycle 12>,[195]
,,0.015551,0.0,  TEncSearch::xSetIntraResultChromaQT <cycle 11>,[233]
,,0.015558,0.0,  TEncSearch::xRecurIntraCodingLumaQT <cycle 9>,[62]
,,0.031109,0.0,  TEncEntropy::xEncodeTransform <cycle 4>,[191]
,,0.062029,0.0,  TEncSearch::xEncCoeffQT <cycle 8>,[146]
,,0.715470,0.0,  TEncSearch::xEncodeInterResidualQT <cycle 5>,[74]
,,1.151101,0.0,  TEncSearch::xEstimateInterResidualQT <cycle 6>,[19]
[97],0.23,2.006255,0.0,TComTURecurse::nextSection,[97]
,,,,,
,,1.944574,0.0,  TEncSearch::xTZSearchHelp,[39]
[98],0.22,1.944574,0.0,TComRdCost::setDistParam,[98]
,,,,,
,,0.062130,1.318692,  TEncSearch::estIntraPredLumaQT,[57]
,,0.108863,0.403343,  TEncSearch::xIntraCodingTUBlock,[60]
[99],0.22,0.170993,1.722035,TComPrediction::predIntraAng,[99]
,,1.504880,0.046545,  TComPrediction::xPredIntraAng,[108]
,,0.155103,0.015507,  TComPrediction::xPredIntraPlanar,[204]
,,,,,
,,0.0,1.010432,  TEncSearch::xEstimateInterResidualQT <cycle 6>,[19]
,,0.015529,0.854198,  TEncSearch::xIntraCodingTUBlock,[60]
[100],0.22,0.015529,1.864631,TComTrQuant::invTransformNxN,[100]
,,0.419816,0.0,  TComTrQuant::xDeQuant,[165]
,,0.155378,1.273875,  TComTrQuant::xIT,[111]
,,0.015561,0.0,  TComTrQuant::invRdpcmNxN,[283]
,,,,,
,,0.015492,0.0,  TEncSbac::codeIntraDirChroma,[301]
,,0.015515,0.0,  TEncSbac::xWriteUnaryMaxSymbol,[297]
,,0.015535,0.0,  TEncSbac::codeLastSignificantXY,[220]
,,0.015547,0.0,  TEncSbac::codeMergeIndex,[223]
,,0.015584,0.0,  TEncSbac::codePartSize,[229]
,,0.031096,0.0,  TEncSbac::codeIntraDirLumaAng,[166]
,,0.031103,0.0,  TEncSbac::codeInterDir,[241]
,,0.031130,0.0,  TEncEntropy::encodePUWise,[164]
,,0.046584,0.0,  TEncSearch::encodeResAndCalcRdInterCU,[17]
,,0.046640,0.0,  TEncSearch::xEncodeInterResidualQT <cycle 5>,[74]
,,0.093210,0.0,  TEncSbac::codeCoeffNxN,[122]
,,0.124472,0.0,  TEncSearch::xAddSymbolBitsInter,[109]
,,0.466362,0.0,  TEncSbac::codeQtCbf,[113]
,,0.902250,0.0,  TEncSearch::xEstimateInterResidualQT <cycle 6>,[19]
[101],0.21,1.850521,0.0,TEncBinCABACCounter::encodeBin,[101]
,,,,,
,,0.031045,0.0,  TComPrediction::xPredIntraAng,[108]
,,0.186611,0.0,  TComTrQuant::xT,[45]
,,0.217386,0.0,  xTrMxN,[49]
,,0.217621,0.0,  TComTrQuant::xRateDistOptQuant,[27]
,,0.373091,0.0,  TComTrQuant::xQuant,[26]
,,0.388677,0.0,  TEncSearch::xEstimateInterResidualQT <cycle 6>,[19]
,,0.435500,0.0,  TComTrQuant::rdpcmNxN,[83]
[102],0.21,1.849931,0.0,_chkstk,[102]
,,,,,
,,1.757895,0.0,  TEncSbac::estBit,[54]
[103],0.2,1.757895,0.0,TEncSbac::estCBFBit,[103]
,,,,,
,,1.742032,0.0,  TComRdCost::getDistPart,[59]
[104],0.2,1.742032,0.0,TComRdCost::xGetSSE8,[104]
,,,,,
,,0.015512,0.0,  TEncSearch::xEncSubdivCbfQT <cycle 12>,[195]
,,0.015533,0.0,  TEncSearch::xSetIntraResultChromaQT <cycle 11>,[233]
,,0.031034,0.0,  TEncSearch::xEncCoeffQT <cycle 8>,[146]
,,0.295497,0.0,  TEncSearch::xEncodeInterResidualQT <cycle 5>,[74]
,,1.290919,0.0,  TEncSearch::xEstimateInterResidualQT <cycle 6>,[19]
[105],0.19,1.648495,0.0,TComTU::TComTU,[105]
,,,,,
,,0.0,0.140101,  TEncSearch::xEncodeInterResidualQT <cycle 5>,[74]
,,0.031038,0.434862,  TEncSearch::xEncCoeffQT <cycle 8>,[146]
,,0.466429,0.559884,  TEncSearch::xEstimateInterResidualQT <cycle 6>,[19]
[106],0.19,0.497466,1.134847,TEncEntropy::encodeCoeffNxN,[106]
,,0.606330,0.481797,  TEncSbac::codeCoeffNxN,[122]
,,0.046720,0.0,  _security_check_cookie,[93]
,,,,,
,,1.601721,0.0,  TComRdCost::getDistPart,[59]
[107],0.18,1.601721,0.0,TComRdCost::xGetSSE16,[107]
,,,,,
,,1.504880,0.046545,  TComPrediction::predIntraAng,[99]
[108],0.18,1.504880,0.046545,TComPrediction::xPredIntraAng,[108]
,,0.031045,0.0,  _chkstk,[102]
,,0.015500,0.0,  TComPrediction::predIntraGetPredValDC,[300]
,,,,,
,,0.264285,1.229164,  TEncSearch::encodeResAndCalcRdInterCU,[17]
[109],0.17,0.264285,1.229164,TEncSearch::xAddSymbolBitsInter,[109]
,,0.124472,0.0,  TEncBinCABACCounter::encodeBin,[101]
,,0.031209,0.015584,  TEncSbac::codePartSize,[229]
,,0.031136,0.046653,  TEncSbac::resetBits,[115]
,,0.031129,0.0,  TEncSbac::codeQtRootCbf,[266]
,,0.031103,0.419962,  TEncEntropy::encodePredInfo,[161]
,,0.015616,0.0,  _security_check_cookie,[93]
,,0.015597,0.0,  TComTU::TComTU,[178]
,,0.015555,0.0,  TComBitCounter::resetBits,[182]
,,0.015553,0.015579,  TEncBinCABACCounter::getNumWrittenBits,[128]
,,0.015543,0.311161,  TEncSbac::codeSkipFlag,[163]
,,0.015536,0.077776,  TEncEntropy::xEncodeTransform <cycle 4>,[191]
,,,,,
,,1.447055,0.0,  TComInterpolationFilter::filterVer,[55]
[110],0.17,1.447055,0.0,"TComInterpolationFilter::filter<8,1,1,0>",[110]
,,,,,
,,0.155378,1.273875,  TComTrQuant::invTransformNxN,[100]
[111],0.16,0.155378,1.273875,TComTrQuant::xIT,[111]
,,0.015544,1.242799,  xITrMxN,[118]
,,0.015532,0.0,  memcpy,[43]
,,,,,
,,0.031027,0.0,  TComYuv::removeHighFreq,[96]
,,0.544731,0.0,  TComYuv::addAvg,[56]
,,0.824336,0.0,  TComYuv::copyPartToPartComponent,[66]
[112],0.16,1.400094,0.0,TComYuv::getAddr,[112]
,,,,,
,,0.031066,0.015543,  TEncSearch::xEncSubdivCbfQT <cycle 12>,[195]
,,0.373329,0.170992,  TEncSearch::xEncodeInterResidualQT <cycle 5>,[74]
,,0.528763,0.279827,  TEncSearch::xEstimateInterResidualQT <cycle 6>,[19]
[113],0.16,0.933158,0.466362,TEncSbac::codeQtCbf,[113]
,,0.466362,0.0,  TEncBinCABACCounter::encodeBin,[101]
,,,,,
,,0.373118,0.249121,  TEncSearch::xEstimateMvPredAMVP,[35]
,,0.544477,0.171224,  TEncSearch::predInterSearch,[13]
[114],0.15,0.917596,0.420344,TComDataCU::setSubPart<signed char>,[114]
,,0.420344,0.0,  memset,[40]
,,,,,
,,0.031136,0.046653,  TEncSearch::xAddSymbolBitsInter,[109]
,,0.031177,0.019794,  TEncSearch::xRecurIntraCodingLumaQT <cycle 9>,[62]
,,0.062153,0.015604,  TEncSearch::encodeResAndCalcRdInterCU,[17]
,,0.606566,0.451221,  TEncSearch::xEstimateInterResidualQT <cycle 6>,[19]
[115],0.15,0.731032,0.533272,TEncSbac::resetBits,[115]
,,0.533272,0.0,  TEncBinCABAC::resetBits,[153]
,,,,,
,,0.0,1.262826,  TEncGOP::compressGOP,[7]
[116],0.15,0.0,1.262826,TEncSampleAdaptiveOffset::SAOProcess,[116]
,,0.015587,0.0,  TComPicYuv::extendPicBorder,[261]
,,0.0,0.046868,  TEncSampleAdaptiveOffset::decideBlkParams,[237]
,,0.0,1.200371,  TEncSampleAdaptiveOffset::getStatistics,[121]
,,,,,
,,1.259698,0.0,  TEncSearch::encodeResAndCalcRdInterCU,[17]
[117],0.15,1.259698,0.0,TComYuv::subtract,[117]
,,,,,
,,0.015544,1.242799,  TComTrQuant::xIT,[111]
[118],0.15,0.015544,1.242799,xITrMxN,[118]
,,0.714710,0.0,  partialButterflyInverse32,[141]
,,0.310818,0.0,  partialButterflyInverse16,[175]
,,0.139654,0.0,  partialButterflyInverse8,[215]
,,0.046663,0.0,  partialButterflyInverse4,[245]
,,0.030954,0.0,  fastInverseDst,[273]
,,,,,
,,0.264559,0.0,  TEncCu::xCheckRDCostMerge2Nx2N,[25]
,,0.342288,0.0,  TEncSearch::xMergeEstimation,[36]
,,0.637411,0.0,  TEncSearch::predInterSearch,[13]
[119],0.14,1.244258,0.0,TComCUMvField::setAll<class TComMv>,[119]
,,,,,
,,1.200371,0.0,  TEncSampleAdaptiveOffset::getStatistics,[121]
[120],0.14,1.200371,0.0,TEncSampleAdaptiveOffset::getBlkStats,[120]
,,,,,
,,0.0,1.200371,  TEncSampleAdaptiveOffset::SAOProcess,[116]
[121],0.14,0.0,1.200371,TEncSampleAdaptiveOffset::getStatistics,[121]
,,1.200371,0.0,  TEncSampleAdaptiveOffset::getBlkStats,[120]
,,,,,
,,0.046668,0.046624,  TEncEntropy::xEncodeTransform <cycle 4>,[191]
,,0.606330,0.481797,  TEncEntropy::encodeCoeffNxN,[106]
[122],0.14,0.652998,0.528422,TEncSbac::codeCoeffNxN,[122]
,,0.155393,0.0,  TComTrQuant::getSigCtxInc,[156]
,,0.093210,0.0,  TEncBinCABACCounter::encodeBin,[101]
,,0.062122,0.015471,  getTUEntropyCodingParameters,[88]
,,0.046743,0.046636,  TEncSbac::codeLastSignificantXY,[220]
,,0.046611,0.0,  memset,[40]
,,0.031139,0.0,  TEncSbac::xWriteCoefRemainExGolomb,[264]
,,0.015556,0.0,  TEncSbac::codeTransformSkipFlags,[285]
,,0.015541,0.0,  TEncBinCABACCounter::encodeBinsEP,[290]
,,,,,
,,0.062210,0.311258,  TEncCu::xCopyYuv2Tmp,[160]
,,0.295560,0.497479,  TEncSearch::encodeResAndCalcRdInterCU,[17]
[123],0.13,0.357769,0.808737,TComYuv::copyToPartComponent,[123]
,,0.482233,0.0,  memcpy,[43]
,,0.326503,0.0,  TComYuv::getAddr,[73]
,,,,,
,,0.435459,0.0,  TEncSearch::xTZSearch,[38]
,,0.715278,0.0,  TEncSearch::xMotionEstimation,[14]
[124],0.13,1.150736,0.0,TEncSearch::xSetSearchRange,[124]
,,,,,
,,0.326729,0.0,  TEncSearch::xMergeEstimation,[36]
,,0.357569,0.0,  TEncCu::xCheckRDCostMerge2Nx2N,[25]
,,0.451090,0.0,  TEncSearch::predInterSearch,[13]
[125],0.13,1.135387,0.0,TComCUMvField::setAll<signed char>,[125]
,,,,,
,,0.015552,0.0,  TComDataCU::fillMvpCand,[63]
,,0.015617,0.0,  TComDataCU::getInterMergeCandidates,[82]
,,0.031109,0.0,  TEncCu::xCheckRDCostMerge2Nx2N,[25]
,,0.031134,0.0,  TEncSearch::xMergeEstimation,[36]
,,0.124608,0.0,  TComPrediction::motionCompensation,[33]
,,0.139973,0.0,  TEncSearch::predInterSearch,[13]
,,0.186502,0.0,  TEncSearch::xMotionEstimation,[14]
,,0.217904,0.0,  TEncSearch::xGetInterPredictionError,[34]
,,0.326533,0.0,  TEncSearch::xEstimateMvPredAMVP,[35]
[126],0.13,1.088932,0.0,TComDataCU::getPartIndexAndSize,[126]
,,,,,
,,0.668964,0.419957,  TEncCu::xCompressCU <cycle 10>,[11]
[127],0.13,0.668964,0.419957,TComDataCU::initSubCU,[127]
,,0.419957,0.0,  memset,[40]
,,,,,
,,0.015504,0.0,  TEncSlice::compressSlice,[8]
,,0.015553,0.015579,  TEncSearch::xAddSymbolBitsInter,[109]
,,0.015571,0.015526,  TEncCu::xCompressCU <cycle 10>,[11]
,,0.031070,0.0,  TEncSearch::xRecurIntraCodingLumaQT <cycle 9>,[62]
,,0.046494,0.046608,  TEncSearch::estIntraPredLumaQT,[57]
,,0.467087,0.404298,  TEncSearch::xEstimateInterResidualQT <cycle 6>,[19]
[128],0.12,0.591279,0.482011,TEncBinCABACCounter::getNumWrittenBits,[128]
,,0.482011,0.0,  TComBitCounter::getNumberOfWrittenBits,[159]
,,,,,
,,1.073220,0.0,  TComRdCost::getDistPart,[59]
[129],0.12,1.073220,0.0,TComRdCost::xGetSSE32,[129]
,,,,,
,,0.668880,0.404269,  TEncSearch::predInterSearch,[13]
[130],0.12,0.668880,0.404269,TEncSearch::xCheckBestMVP,[130]
,,0.404269,0.0,  TComRdCost::getBitsOfVectorWithPredictor,[51]
,,,,,
,,0.155544,0.902310,  TEncCu::xCompressCU <cycle 10>,[11]
[131],0.12,0.155544,0.902310,TComDataCU::copyToPic,[131]
,,0.902310,0.0,  memcpy,[43]
,,,,,
,,0.046623,0.0,  TComPrediction::initIntraPatternChType,[138]
,,0.077739,0.0,  TComDataCU::xAddMVPCandWithScaling,[149]
,,0.140034,0.015574,  TComDataCU::getInterMergeCandidates,[82]
,,0.186512,0.0,  TComDataCU::xAddMVPCandUnscaled,[72]
,,0.466971,0.031132,  TComDataCU::fillMvpCand,[63]
[132],0.11,0.917880,0.046706,TComDataCU::getPUBelowLeft,[132]
,,0.046706,0.0,  TComDataCU::CUIsFromSameSliceAndTile,[221]
,,,,,
,,0.202202,0.731053,  TEncCu::xCompressCU <cycle 10>,[11]
[133],0.11,0.202202,0.731053,TComDataCU::copyPartFrom,[133]
,,0.731053,0.0,  memcpy,[43]
,,,,,
,,0.031123,0.0,  TComDataCU::xAddMVPCandWithScaling,[149]
,,0.062198,0.0,  TComDataCU::fillMvpCand,[63]
,,0.062219,0.0,  TComDataCU::xGetColMVP,[89]
,,0.140212,0.0,  TComPrediction::xCheckIdenticalMotion,[135]
,,0.622076,0.0,  TComDataCU::xAddMVPCandUnscaled,[72]
[134],0.11,0.917828,0.0,std::_Deque_const_iterator<class std::_Deque_val<struct std::_Deque_simple_types<class TComSlice *> > >::operator+,[134]
,,,,,
,,0.233224,0.093453,  TEncCu::xCheckRDCostMerge2Nx2N,[25]
,,0.435338,0.093386,  TComPrediction::motionCompensation,[33]
[135],0.1,0.668562,0.186838,TComPrediction::xCheckIdenticalMotion,[135]
,,0.140212,0.0,  std::_Deque_const_iterator<class std::_Deque_val<struct std::_Deque_simple_types<class TComSlice *> > >::operator+,[134]
,,0.046627,0.0,"  std::deque<class TComSlice *,class std::allocator<class TComSlice *> >::begin",[187]
,,,,,
,,0.792973,0.0,  TEncSearch::xEstimateInterResidualQT <cycle 6>,[19]
[136],0.09,0.792973,0.0,TEncSbac::codeQtCbfZero,[136]
,,,,,
,,0.777263,0.0,  TEncSbac::estBit,[54]
[137],0.09,0.777263,0.0,TEncSbac::estSignificantCoeffGroupMapBit,[137]
,,,,,
,,0.015520,0.031082,  TEncSearch::estIntraPredLumaQT,[57]
,,0.186380,0.542783,  TEncSearch::xIntraCodingTUBlock,[60]
[138],0.09,0.201899,0.573865,TComPrediction::initIntraPatternChType,[138]
,,0.371971,0.0,  fillReferenceSamples,[171]
,,0.077689,0.0,  TComDataCU::getPUAboveRight,[155]
,,0.046623,0.0,  TComDataCU::getPUBelowLeft,[132]
,,0.046580,0.0,  isAboveAvailable,[256]
,,0.031002,0.0,  isLeftAvailable,[272]
,,,,,
,,0.015550,0.388774,  TEncCu::xCompressCU <cycle 10>,[11]
,,0.015616,0.326642,  TEncCu::xCopyYuv2Pic,[169]
[139],0.09,0.031166,0.715416,TComYuv::copyToPicYuv,[139]
,,0.373175,0.342242,  TComYuv::copyToPicComponent,[140]
,,,,,
,,0.373175,0.342242,  TComYuv::copyToPicYuv,[139]
[140],0.08,0.373175,0.342242,TComYuv::copyToPicComponent,[140]
,,0.342242,0.0,  memcpy,[43]
,,,,,
,,0.714710,0.0,  xITrMxN,[118]
[141],0.08,0.714710,0.0,partialButterflyInverse32,[141]
,,,,,
,,0.669073,0.0,  TComInterpolationFilter::filterVer,[55]
[142],0.08,0.669073,0.0,"TComInterpolationFilter::filter<4,1,0,0>",[142]
,,,,,
,,0.590740,0.077731,  TComTrQuant::xRateDistOptQuant,[27]
[143],0.08,0.590740,0.077731,TComTrQuant::xGetCodedLevel,[143]
,,0.077731,0.0,  TComTrQuant::xGetICRate,[198]
,,,,,
,,0.015427,0.0,  TEncSearch::xEncSubdivCbfQT <cycle 12>,[195]
,,0.031109,0.0,  TEncSearch::xRecurIntraCodingLumaQT <cycle 9>,[62]
,,0.233160,0.0,  TEncSearch::xEncodeInterResidualQT <cycle 5>,[74]
,,0.342105,0.0,  TEncSearch::xEstimateInterResidualQT <cycle 6>,[19]
[144],0.07,0.621801,0.0,TComDataCU::getQuadtreeTULog2MinSizeInCU,[144]
,,,,,
,,0.030986,0.496841,  TEncSearch::xRecurIntraCodingLumaQT <cycle 9>,[62]
,,0.031011,0.062121,  TEncSearch::estIntraPredChromaQT,[87]
[145],0.07,0.061997,0.558963,<cycle 8 as a whole>,[145]
,,0.061997,0.558963,  TEncSearch::xEncCoeffQT <cycle 8>,[146]
,,,,,
,,,,  TEncSearch::xEncCoeffQT <cycle 8>,[146]
,,0.030986,0.496841,  TEncSearch::xRecurIntraCodingLumaQT <cycle 9>,[62]
,,0.031011,0.062121,  TEncSearch::estIntraPredChromaQT,[87]
[146],0.07,0.061997,0.558963,TEncSearch::xEncCoeffQT <cycle 8>,[146]
,,0.062029,0.0,  TComTURecurse::nextSection,[97]
,,0.031038,0.434862,  TEncEntropy::encodeCoeffNxN,[106]
,,0.031034,0.0,  TComTU::TComTU,[105]
,,,,  TEncSearch::xEncCoeffQT <cycle 8>,[146]
,,,,,
,,0.606810,0.0,  TComDataCU::fillMvpCand,[63]
[147],0.07,0.606810,0.0,TComDataCU::deriveLeftRightTopIdx,[147]
,,,,,
,,0.108943,0.0,  TComDataCU::xAddMVPCandWithScaling,[149]
,,0.466677,0.0,  TComDataCU::xGetColMVP,[89]
[148],0.07,0.575620,0.0,TComDataCU::xGetDistScaleFactor,[148]
,,,,,
,,0.326555,0.233343,  TComDataCU::fillMvpCand,[63]
[149],0.06,0.326555,0.233343,TComDataCU::xAddMVPCandWithScaling,[149]
,,0.108943,0.0,  TComDataCU::xGetDistScaleFactor,[148]
,,0.077739,0.0,  TComDataCU::getPUBelowLeft,[132]
,,0.031123,0.0,  std::_Deque_const_iterator<class std::_Deque_val<struct std::_Deque_simple_types<class TComSlice *> > >::operator+,[134]
,,0.015539,0.0,  TComDataCU::getPULeft,[207]
,,,,,
,,0.559748,0.0,  TEncBinCABAC::copyState,[95]
[150],0.06,0.559748,0.0,TEncBinCABAC::getTEncBinCABAC,[150]
,,,,,
,,0.559734,0.0,  TComTrQuant::xRateDistOptQuant,[27]
[151],0.06,0.559734,0.0,TComTU::getGolombRiceStatisticsIndex,[151]
,,,,,
,,0.544059,0.0,  TComInterpolationFilter::filterVer,[55]
[152],0.06,0.544059,0.0,"TComInterpolationFilter::filter<4,1,0,1>",[152]
,,,,,
,,0.533272,0.0,  TEncSbac::resetBits,[115]
[153],0.06,0.533272,0.0,TEncBinCABAC::resetBits,[153]
,,,,,
,,0.124496,0.077811,  TEncCu::xCheckRDCostMerge2Nx2N,[25]
,,0.217644,0.108874,  TEncSearch::predInterSearch,[13]
[154],0.06,0.342140,0.186685,TComDataCU::setSubPart<unsigned char>,[154]
,,0.186685,0.0,  memset,[40]
,,,,,
,,0.077689,0.0,  TComPrediction::initIntraPatternChType,[138]
,,0.108915,0.0,  TComDataCU::getInterMergeCandidates,[82]
,,0.295470,0.046660,  TComDataCU::xAddMVPCandUnscaled,[72]
[155],0.06,0.482074,0.046660,TComDataCU::getPUAboveRight,[155]
,,0.046660,0.0,  TComDataCU::CUIsFromSameSliceAndTile,[221]
,,,,,
,,0.155393,0.0,  TEncSbac::codeCoeffNxN,[122]
,,0.373245,0.0,  TComTrQuant::xRateDistOptQuant,[27]
[156],0.06,0.528638,0.0,TComTrQuant::getSigCtxInc,[156]
,,,,,
,,0.513007,0.0,  getTUEntropyCodingParameters,[88]
[157],0.06,0.513007,0.0,TComDataCU::getCoefScanIdx,[157]
,,,,,
,,0.482218,0.0,  TEncSearch::xEstimateInterResidualQT <cycle 6>,[19]
[158],0.06,0.482218,0.0,TComYuv::getStride,[158]
,,,,,
,,0.482011,0.0,  TEncBinCABACCounter::getNumWrittenBits,[128]
[159],0.06,0.482011,0.0,TComBitCounter::getNumberOfWrittenBits,[159]
,,,,,
,,0.093276,0.373467,  TEncCu::xCompressCU <cycle 10>,[11]
[160],0.05,0.093276,0.373467,TEncCu::xCopyYuv2Tmp,[160]
,,0.062210,0.311258,  TComYuv::copyToPartComponent,[123]
,,,,,
,,0.031103,0.419962,  TEncSearch::xAddSymbolBitsInter,[109]
[161],0.05,0.031103,0.419962,TEncEntropy::encodePredInfo,[161]
,,0.155542,0.264420,  TEncEntropy::encodePUWise,[164]
,,,,,
,,0.435830,0.0,  TComInterpolationFilter::filterHor,[42]
[162],0.05,0.435830,0.0,"TComInterpolationFilter::filter<4,0,1,1>",[162]
,,,,,
,,0.015543,0.311161,  TEncSearch::xAddSymbolBitsInter,[109]
,,0.031059,0.077654,  TEncSearch::encodeResAndCalcRdInterCU,[17]
[163],0.05,0.046602,0.388815,TEncSbac::codeSkipFlag,[163]
,,0.388815,0.0,  TComDataCU::getCtxSkipFlag,[170]
,,,,,
,,0.155542,0.264420,  TEncEntropy::encodePredInfo,[161]
[164],0.05,0.155542,0.264420,TEncEntropy::encodePUWise,[164]
,,0.062171,0.015547,  TEncSbac::codeMergeIndex,[223]
,,0.046626,0.0,  TEncSbac::codeMvd,[253]
,,0.031187,0.0,  TEncSbac::codeMergeFlag,[260]
,,0.031130,0.0,  TEncBinCABACCounter::encodeBin,[101]
,,0.015615,0.031103,  TEncSbac::codeInterDir,[241]
,,0.015526,0.0,  TEncSbac::codeRefFrmIdx,[294]
,,0.0,0.015515,  TEncSbac::codeMVPIdx,[296]
,,,,,
,,0.419816,0.0,  TComTrQuant::invTransformNxN,[100]
[165],0.05,0.419816,0.0,TComTrQuant::xDeQuant,[165]
,,,,,
,,0.015545,0.108613,  TEncSearch::xEncIntraHeader,[199]
,,0.108605,0.185997,  TEncSearch::xModeBitsIntra,[168]
[166],0.05,0.124151,0.294610,TEncSbac::codeIntraDirLumaAng,[166]
,,0.263514,0.0,  TComDataCU::getIntraDirPredictor,[180]
,,0.031096,0.0,  TEncBinCABACCounter::encodeBin,[101]
,,,,,
,,0.404338,0.0,  TComRdCost::getDistPart,[59]
[167],0.05,0.404338,0.0,TComRdCost::xGetSSE64,[167]
,,,,,
,,0.062040,0.341077,  TEncSearch::estIntraPredLumaQT,[57]
[168],0.05,0.062040,0.341077,TEncSearch::xModeBitsIntra,[168]
,,0.108605,0.185997,  TEncSbac::codeIntraDirLumaAng,[166]
,,0.030963,0.0,  TEncBinCABAC::copyState,[95]
,,0.015511,0.0,  memcpy,[43]
,,,,,
,,0.046664,0.342258,  TEncCu::xCompressCU <cycle 10>,[11]
[169],0.04,0.046664,0.342258,TEncCu::xCopyYuv2Pic,[169]
,,0.015616,0.326642,  TComYuv::copyToPicYuv,[139]
,,,,,
,,0.388815,0.0,  TEncSbac::codeSkipFlag,[163]
[170],0.04,0.388815,0.0,TComDataCU::getCtxSkipFlag,[170]
,,,,,
,,0.371971,0.0,  TComPrediction::initIntraPatternChType,[138]
[171],0.04,0.371971,0.0,fillReferenceSamples,[171]
,,,,,
,,0.062192,0.280037,  TEncCu::xCompressCU <cycle 10>,[11]
[172],0.04,0.062192,0.280037,TComYuv::copyFromPicComponent,[172]
,,0.280037,0.0,  memcpy,[43]
,,,,,
,,0.124455,0.015522,  TEncCu::xCheckRDCostMerge2Nx2N,[25]
,,0.124496,0.046626,  TEncSearch::predInterSearch,[13]
[173],0.04,0.248951,0.062148,TComDataCU::setSubPart<bool>,[173]
,,0.062148,0.0,  memset,[40]
,,,,,
,,0.311095,0.0,  TComInterpolationFilter::filterVer,[55]
[174],0.04,0.311095,0.0,"TComInterpolationFilter::filter<4,1,1,1>",[174]
,,,,,
,,0.310818,0.0,  xITrMxN,[118]
[175],0.04,0.310818,0.0,partialButterflyInverse16,[175]
,,,,,
,,0.295837,0.0,  TComInterpolationFilter::filterVer,[55]
[176],0.03,0.295837,0.0,"TComInterpolationFilter::filter<4,1,1,0>",[176]
,,,,,
,,0.295666,0.0,  TComDataCU::fillMvpCand,[63]
[177],0.03,0.295666,0.0,TComDataCU::deriveLeftBottomIdx,[177]
,,,,,
,,0.015597,0.0,  TEncSearch::xAddSymbolBitsInter,[109]
,,0.280055,0.0,  TEncSearch::encodeResAndCalcRdInterCU,[17]
[178],0.03,0.295652,0.0,TComTU::TComTU,[178]
,,,,,
,,0.124382,0.0,  TEncCu::xCheckRDCostMerge2Nx2N,[25]
,,0.171164,0.0,  TEncSearch::predInterSearch,[13]
[179],0.03,0.295546,0.0,TComDataCU::getNumPartitions,[179]
,,,,,
,,0.031083,0.0,  TEncSearch::estIntraPredLumaQT,[57]
,,0.263514,0.0,  TEncSbac::codeIntraDirLumaAng,[166]
[180],0.03,0.294597,0.0,TComDataCU::getIntraDirPredictor,[180]
,,,,,
,,0.280132,0.0,  TEncSearch::xMotionEstimation,[14]
[181],0.03,0.280132,0.0,floor,[181]
,,,,,
,,0.015486,0.0,  TEncSearch::estIntraPredChromaQT,[87]
,,0.015513,0.0,  TEncSearch::xRecurIntraCodingLumaQT <cycle 9>,[62]
,,0.015555,0.0,  TEncSearch::xAddSymbolBitsInter,[109]
,,0.031099,0.0,  TEncSearch::encodeResAndCalcRdInterCU,[17]
,,0.186639,0.0,  TEncSearch::xEstimateInterResidualQT <cycle 6>,[19]
[182],0.03,0.264292,0.0,TComBitCounter::resetBits,[182]
,,,,,
,,0.093416,0.0,  TComDataCU::getInterMergeCandidates,[82]
,,0.155706,0.0,  TComDataCU::fillMvpCand,[63]
[183],0.03,0.249123,0.0,TComDataCU::deriveRightBottomIdx,[183]
,,,,,
,,0.015507,0.0,  TEncSearch::estIntraPredChromaQT,[87]
,,0.015553,0.0,  TEncSearch::encodeResAndCalcRdInterCU,[17]
,,0.217756,0.0,  TEncSearch::xEstimateInterResidualQT <cycle 6>,[19]
[184],0.03,0.248816,0.0,TEncSbac::getNumberOfWrittenBits,[184]
,,,,,
,,0.0,0.077735,  TEncCu::compressCtu,[9]
,,0.062269,0.093378,  TEncSlice::compressSlice,[8]
[185],0.03,0.062269,0.171113,TComDataCU::initCtu,[185]
,,0.171113,0.0,  memset,[40]
,,,,,
,,0.233379,0.0,  TComDataCU::getInterMergeCandidates,[82]
[186],0.03,0.233379,0.0,TComDataCU::hasEqualMotion,[186]
,,,,,
,,0.015536,0.0,  TComDataCU::fillMvpCand,[63]
,,0.046627,0.0,  TComPrediction::xCheckIdenticalMotion,[135]
,,0.171180,0.0,  TComDataCU::xAddMVPCandUnscaled,[72]
[187],0.03,0.233343,0.0,"std::deque<class TComSlice *,class std::allocator<class TComSlice *> >::begin",[187]
,,,,,
,,0.232564,0.0,  xTrMxN,[49]
[188],0.03,0.232564,0.0,fastForwardDst,[188]
,,,,,
,,0.031044,0.186084,  TEncSearch::xRecurIntraCodingLumaQT <cycle 9>,[62]
[189],0.03,0.031044,0.186084,TEncSearch::xStoreIntraResultQT,[189]
,,0.031022,0.0,  memcpy,[43]
,,0.030965,0.124097,  TComYuv::copyPartToPartComponent,[66]
,,,,,
,,0.0,0.202091,  TAppEncTop::encode,[5]
[190],0.02,0.0,0.202091,TVideoIOYuv::read,[190]
,,0.031089,0.139860,  readPlane,[200]
,,0.0,0.031141,  TVideoIOYuv::ColourSpaceConvert,[262]
,,,,,
,,0.0,0.062150,  TEncCu::xCheckRDCostIntra,[50]
,,,,  TEncEntropy::xEncodeTransform <cycle 4>,[191]
,,0.015496,0.031131,  TEncEntropy::encodeCoeff,[252]
,,0.015536,0.077776,  TEncSearch::xAddSymbolBitsInter,[109]
[191],0.02,0.031032,0.171057,TEncEntropy::xEncodeTransform <cycle 4>,[191]
,,0.046668,0.046624,  TEncSbac::codeCoeffNxN,[122]
,,0.031117,0.0,  _security_check_cookie,[93]
,,0.031109,0.0,  TComTURecurse::nextSection,[97]
,,0.015538,0.0,  TEncSbac::codeCrossComponentPrediction,[291]
,,,,  TEncEntropy::xEncodeTransform <cycle 4>,[191]
,,,,,
,,0.0,0.062150,  TEncCu::xCheckRDCostIntra,[50]
,,0.015496,0.031131,  TEncEntropy::encodeCoeff,[252]
,,0.015536,0.077776,  TEncSearch::xAddSymbolBitsInter,[109]
[192],0.02,0.031032,0.171057,<cycle 4 as a whole>,[192]
,,0.031032,0.171057,  TEncEntropy::xEncodeTransform <cycle 4>,[191]
,,,,,
,,0.015553,0.186531,  TEncSearch::xTZSearch,[38]
[193],0.02,0.015553,0.186531,TEncSearch::xTZ2PointSearch,[193]
,,0.031119,0.155413,  TEncSearch::xTZSearchHelp,[39]
,,,,,
,,0.046533,0.062122,  TEncSearch::xRecurIntraCodingLumaQT <cycle 9>,[62]
,,0.062019,0.030864,  TEncSearch::estIntraPredChromaQT,[87]
[194],0.02,0.108552,0.092986,<cycle 12 as a whole>,[194]
,,0.108552,0.092986,  TEncSearch::xEncSubdivCbfQT <cycle 12>,[195]
,,,,,
,,,,  TEncSearch::xEncSubdivCbfQT <cycle 12>,[195]
,,0.046533,0.062122,  TEncSearch::xRecurIntraCodingLumaQT <cycle 9>,[62]
,,0.062019,0.030864,  TEncSearch::estIntraPredChromaQT,[87]
[195],0.02,0.108552,0.092986,TEncSearch::xEncSubdivCbfQT <cycle 12>,[195]
,,0.031066,0.015543,  TEncSbac::codeQtCbf,[113]
,,0.015512,0.0,  TComTU::TComTU,[105]
,,0.015437,0.0,  TComTURecurse::nextSection,[97]
,,0.015427,0.0,  TComDataCU::getQuadtreeTULog2MinSizeInCU,[144]
,,,,  TEncSearch::xEncSubdivCbfQT <cycle 12>,[195]
,,,,,
,,0.0,0.031190,  TEncGOP::compressGOP,[7]
,,0.0,0.155930,  TEncTop::encode,[6]
[196],0.02,0.0,0.187120,TComPicYuv::copyToPic,[196]
,,0.187120,0.0,  memcpy,[43]
,,,,,
,,0.171262,0.015530,  TEncSearch::predInterSearch,[13]
[197],0.02,0.171262,0.015530,TEncSearch::xGetBlkBits,[197]
,,0.015530,0.0,  _security_check_cookie,[93]
,,,,,
,,0.077731,0.0,  TComTrQuant::xGetCodedLevel,[143]
,,0.108774,0.0,  TComTrQuant::xRateDistOptQuant,[27]
[198],0.02,0.186505,0.0,TComTrQuant::xGetICRate,[198]
,,,,,
,,0.0,0.015492,  TEncSearch::estIntraPredChromaQT,[87]
,,0.030941,0.139687,  TEncSearch::xRecurIntraCodingLumaQT <cycle 9>,[62]
[199],0.02,0.030941,0.155179,TEncSearch::xEncIntraHeader,[199]
,,0.015545,0.108613,  TEncSbac::codeIntraDirLumaAng,[166]
,,0.015529,0.0,  TEncSbac::codePartSize,[229]
,,0.0,0.015492,  TEncSbac::codeIntraDirChroma,[301]
,,,,,
,,0.031089,0.139860,  TVideoIOYuv::read,[190]
[200],0.02,0.031089,0.139860,readPlane,[200]
,,0.0,0.139860,"  std::basic_istream<char,struct std::char_traits<char> >::read",[213]
,,,,,
,,0.031036,0.139791,  TComLoopFilter::loopFilterPic,[202]
[201],0.02,0.031036,0.139791,<cycle 2 as a whole>,[201]
,,0.031036,0.139791,  TComLoopFilter::xDeblockCU <cycle 2>,[203]
,,,,,
,,0.0,0.170827,  TEncGOP::compressGOP,[7]
[202],0.02,0.0,0.170827,TComLoopFilter::loopFilterPic,[202]
,,0.031036,0.139791,  TComLoopFilter::xDeblockCU <cycle 2>,[203]
,,,,,
,,,,  TComLoopFilter::xDeblockCU <cycle 2>,[203]
,,0.031036,0.139791,  TComLoopFilter::loopFilterPic,[202]
[203],0.02,0.031036,0.139791,TComLoopFilter::xDeblockCU <cycle 2>,[203]
,,0.046525,0.0,  TComLoopFilter::xEdgeFilterChroma,[257]
,,0.031077,0.046584,  TComLoopFilter::xEdgeFilterLuma,[228]
,,0.015605,0.0,  TComLoopFilter::xGetBoundaryStrengthSingle,[280]
,,,,  TComLoopFilter::xDeblockCU <cycle 2>,[203]
,,,,,
,,0.155103,0.015507,  TComPrediction::predIntraAng,[99]
[204],0.02,0.155103,0.015507,TComPrediction::xPredIntraPlanar,[204]
,,0.015507,0.0,  _security_check_cookie,[93]
,,,,,
,,0.155624,0.0,  TComDataCU::getInterMergeCandidates,[82]
[205],0.02,0.155624,0.0,TComDataCU::deriveLeftRightTopIdxGeneral,[205]
,,,,,
,,0.155540,0.0,  TComDataCU::getInterMergeCandidates,[82]
[206],0.02,0.155540,0.0,TComDataCU::getPartPosition,[206]
,,,,,
,,0.015539,0.0,  TComDataCU::xAddMVPCandWithScaling,[149]
,,0.046698,0.0,  TComDataCU::xAddMVPCandUnscaled,[72]
,,0.077797,0.0,  TComDataCU::fillMvpCand,[63]
[207],0.02,0.140034,0.0,TComDataCU::getPULeft,[207]
,,,,,
,,0.139860,0.0,  read_nolock,[212]
[208],0.02,0.139860,0.0,ReadFile,[208]
,,,,,
,,0.0,0.139860,  fgetc,[210]
[209],0.02,0.0,0.139860,common_refill_and_read_nolock<char>,[209]
,,0.0,0.139860,  read,[211]
,,,,,
,,0.0,0.139860,"  std::basic_istream<char,struct std::char_traits<char> >::read",[213]
[210],0.02,0.0,0.139860,fgetc,[210]
,,0.0,0.139860,  common_refill_and_read_nolock<char>,[209]
,,,,,
,,0.0,0.139860,  common_refill_and_read_nolock<char>,[209]
[211],0.02,0.0,0.139860,read,[211]
,,0.0,0.139860,  read_nolock,[212]
,,,,,
,,0.0,0.139860,  read,[211]
[212],0.02,0.0,0.139860,read_nolock,[212]
,,0.139860,0.0,  ReadFile,[208]
,,,,,
,,0.0,0.139860,  readPlane,[200]
[213],0.02,0.0,0.139860,"std::basic_istream<char,struct std::char_traits<char> >::read",[213]
,,0.0,0.139860,  fgetc,[210]
,,,,,
,,0.139783,0.0,  TEncSearch::xMotionEstimation,[14]
[214],0.02,0.139783,0.0,TEncSearch::setWpScalingDistParam,[214]
,,,,,
,,0.139654,0.0,  xITrMxN,[118]
[215],0.02,0.139654,0.0,partialButterflyInverse8,[215]
,,,,,
,,0.046555,0.077533,  TEncSearch::xRecurIntraCodingLumaQT <cycle 9>,[62]
[216],0.01,0.046555,0.077533,TEncSearch::xLoadIntraResultQT,[216]
,,0.015521,0.0,  memcpy,[43]
,,0.0,0.062011,  TComYuv::copyPartToPartComponent,[66]
,,,,,
,,0.0,0.108822,  TEncSearch::encodeResAndCalcRdInterCU,[17]
[217],0.01,0.0,0.108822,<cycle 3 as a whole>,[217]
,,0.0,0.108822,  TEncSearch::xSetInterResidualQTData <cycle 3>,[218]
,,,,,
,,0.0,0.108822,  TEncSearch::encodeResAndCalcRdInterCU,[17]
,,,,  TEncSearch::xSetInterResidualQTData <cycle 3>,[218]
[218],0.01,0.0,0.108822,TEncSearch::xSetInterResidualQTData <cycle 3>,[218]
,,0.093250,0.0,  memcpy,[43]
,,0.015572,0.0,  TComYuv::copyPartToPartComponentMxN,[281]
,,,,  TEncSearch::xSetInterResidualQTData <cycle 3>,[218]
,,,,,
,,0.031188,0.0,  TComDataCU::getInterMergeCandidates,[82]
,,0.062309,0.0,  TComDataCU::fillMvpCand,[63]
[219],0.01,0.093496,0.0,TComDataCU::getPUAboveLeft,[219]
,,,,,
,,0.046743,0.046636,  TEncSbac::codeCoeffNxN,[122]
[220],0.01,0.046743,0.046636,TEncSbac::codeLastSignificantXY,[220]
,,0.015568,0.0,  TEncBinCABACCounter::encodeBinEP,[282]
,,0.015535,0.0,  TEncBinCABACCounter::encodeBin,[101]
,,0.0,0.015532,  TEncBinCABAC::writeOut,[293]
,,,,,
,,0.046660,0.0,  TComDataCU::getPUAboveRight,[155]
,,0.046706,0.0,  TComDataCU::getPUBelowLeft,[132]
[221],0.01,0.093366,0.0,TComDataCU::CUIsFromSameSliceAndTile,[221]
,,,,,
,,0.031107,0.0,  TEncSearch::xTZSearchHelp,[39]
,,0.062201,0.0,  TEncSearch::xPatternSearch,[32]
[222],0.01,0.093308,0.0,TComRdCost::xGetSAD24,[222]
,,,,,
,,0.015505,0.0,  TEncSearch::encodeResAndCalcRdInterCU,[17]
,,0.062171,0.015547,  TEncEntropy::encodePUWise,[164]
[223],0.01,0.077676,0.015547,TEncSbac::codeMergeIndex,[223]
,,0.015547,0.0,  TEncBinCABACCounter::encodeBin,[101]
,,,,,
,,0.077916,0.0,  TEncGOP::xCalculateAddPSNRs,[225]
[224],0.01,0.077916,0.0,TEncGOP::xCalculateAddPSNR,[224]
,,,,,
,,0.0,0.077916,  TEncGOP::compressGOP,[7]
[225],0.01,0.0,0.077916,TEncGOP::xCalculateAddPSNRs,[225]
,,0.077916,0.0,  TEncGOP::xCalculateAddPSNR,[224]
,,,,,
,,0.077897,0.0,  TEncSearch::encodeResAndCalcRdInterCU,[17]
[226],0.01,0.077897,0.0,TComRdCost::calcRdCost,[226]
,,,,,
,,0.031099,0.0,  TEncSearch::xEncodeInterResidualQT <cycle 5>,[74]
,,0.046629,0.0,  TEncSearch::xEstimateInterResidualQT <cycle 6>,[19]
[227],0.01,0.077727,0.0,TEncSbac::codeTransformSubdivFlag,[227]
,,,,,
,,0.031077,0.046584,  TComLoopFilter::xDeblockCU <cycle 2>,[203]
[228],0.01,0.031077,0.046584,TComLoopFilter::xEdgeFilterLuma,[228]
,,0.046584,0.0,  TComLoopFilter::xPelFilterLuma,[255]
,,,,,
,,0.015529,0.0,  TEncSearch::xEncIntraHeader,[199]
,,0.031209,0.015584,  TEncSearch::xAddSymbolBitsInter,[109]
[229],0.01,0.046738,0.015584,TEncSbac::codePartSize,[229]
,,0.015584,0.0,  TEncBinCABACCounter::encodeBin,[101]
,,,,,
,,0.031102,0.031099,  TEncCu::xCheckRDCostMerge2Nx2N,[25]
[230],0.01,0.031102,0.031099,TEncCu::xCheckBestMode,[230]
,,0.031099,0.0,  memcpy,[43]
,,,,,
,,0.062199,0.0,  TEncSearch::xEstimateInterResidualQT <cycle 6>,[19]
[231],0.01,0.062199,0.0,TComDataCU::isLosslessCoded,[231]
,,,,,
,,0.0,0.062191,  TEncSearch::estIntraPredChromaQT,[87]
[232],0.01,0.0,0.062191,<cycle 11 as a whole>,[232]
,,0.0,0.062191,  TEncSearch::xSetIntraResultChromaQT <cycle 11>,[233]
,,,,,
,,0.0,0.062191,  TEncSearch::estIntraPredChromaQT,[87]
,,,,  TEncSearch::xSetIntraResultChromaQT <cycle 11>,[233]
[233],0.01,0.0,0.062191,TEncSearch::xSetIntraResultChromaQT <cycle 11>,[233]
,,0.015572,0.0,  memcpy,[43]
,,0.015551,0.0,  TComTURecurse::nextSection,[97]
,,0.015536,0.0,  TComYuv::getAddr,[73]
,,0.015533,0.0,  TComTU::TComTU,[105]
,,,,  TEncSearch::xSetIntraResultChromaQT <cycle 11>,[233]
,,,,,
,,0.062183,0.0,  TEncSearch::estIntraPredLumaQT,[57]
[234],0.01,0.062183,0.0,TEncSearch::xUpdateCandList,[234]
,,,,,
,,0.0,0.031009,  TEncSlice::compressSlice,[8]
,,0.0,0.031131,  TEncSlice::encodeSlice,[265]
[235],0.01,0.0,0.062140,<cycle 1 as a whole>,[235]
,,0.0,0.062140,  TEncCu::xEncodeCU <cycle 1>,[236]
,,,,,
,,,,  TEncCu::xEncodeCU <cycle 1>,[236]
,,0.0,0.031009,  TEncSlice::compressSlice,[8]
,,0.0,0.031131,  TEncSlice::encodeSlice,[265]
[236],0.01,0.0,0.062140,TEncCu::xEncodeCU <cycle 1>,[236]
,,0.0,0.015513,  TEncCu::finishCU,[299]
,,,,  TEncCu::xEncodeCU <cycle 1>,[236]
,,0.0,0.046627,  TEncEntropy::encodeCoeff,[252]
,,,,,
,,0.0,0.046868,  TEncSampleAdaptiveOffset::SAOProcess,[116]
[237],0.01,0.0,0.046868,TEncSampleAdaptiveOffset::decideBlkParams,[237]
,,0.0,0.015639,  TComSampleAdaptiveOffset::offsetCTU,[277]
,,0.0,0.031228,  TEncSampleAdaptiveOffset::deriveModeNewRDO,[259]
,,,,,
,,0.015594,0.0,  TEncCu::xCheckRDCostInter,[12]
,,0.031203,0.0,  TEncCu::xCheckRDCostMerge2Nx2N,[25]
[238],0.01,0.046797,0.0,TEncCu::xCheckDQP,[238]
,,,,,
,,0.046790,0.0,  TComPic::compressMotion,[240]
[239],0.01,0.046790,0.0,TComCUMvField::compress,[239]
,,,,,
,,0.0,0.046790,  TEncGOP::compressGOP,[7]
[240],0.01,0.0,0.046790,TComPic::compressMotion,[240]
,,0.046790,0.0,  TComCUMvField::compress,[239]
,,,,,
,,0.015615,0.031103,  TEncEntropy::encodePUWise,[164]
[241],0.01,0.015615,0.031103,TEncSbac::codeInterDir,[241]
,,0.031103,0.0,  TEncBinCABACCounter::encodeBin,[101]
,,,,,
,,0.015553,0.031148,  TComPicSym::destroy,[244]
[242],0.01,0.015553,0.031148,TComDataCU::destroy,[242]
,,0.015517,0.015631,  aligned_free,[258]
,,,,,
,,0.0,0.046701,  TAppEncTop::encode,[5]
[243],0.01,0.0,0.046701,TComPic::destroy,[243]
,,0.0,0.046701,  TComPicSym::destroy,[244]
,,,,,
,,0.0,0.046701,  TComPic::destroy,[243]
[244],0.01,0.0,0.046701,TComPicSym::destroy,[244]
,,0.015553,0.031148,  TComDataCU::destroy,[242]
,,,,,
,,0.046663,0.0,  xITrMxN,[118]
[245],0.01,0.046663,0.0,partialButterflyInverse4,[245]
,,,,,
,,0.0,0.046635,  TComPicSym::create,[248]
[246],0.01,0.0,0.046635,TComDataCU::create,[246]
,,0.0,0.046635,  aligned_offset_malloc_base,[250]
,,,,,
,,0.0,0.046635,  TEncTop::xGetNewPicBuffer,[249]
[247],0.01,0.0,0.046635,TComPic::create,[247]
,,0.0,0.046635,  TComPicSym::create,[248]
,,,,,
,,0.0,0.046635,  TComPic::create,[247]
[248],0.01,0.0,0.046635,TComPicSym::create,[248]
,,0.0,0.046635,  TComDataCU::create,[246]
,,,,,
,,0.0,0.046635,  TEncTop::encode,[6]
[249],0.01,0.0,0.046635,TEncTop::xGetNewPicBuffer,[249]
,,0.0,0.046635,  TComPic::create,[247]
,,,,,
,,0.0,0.046635,  TComDataCU::create,[246]
[250],0.01,0.0,0.046635,aligned_offset_malloc_base,[250]
,,0.015549,0.031086,  malloc_base,[251]
,,,,,
,,0.015549,0.031086,  aligned_offset_malloc_base,[250]
[251],0.01,0.015549,0.031086,malloc_base,[251]
,,0.031086,0.0,  RtlAllocateHeap,[271]
,,,,,
,,0.0,0.046627,  TEncCu::xEncodeCU <cycle 1>,[236]
[252],0.01,0.0,0.046627,TEncEntropy::encodeCoeff,[252]
,,0.015496,0.031131,  TEncEntropy::xEncodeTransform <cycle 4>,[191]
,,,,,
,,0.046626,0.0,  TEncEntropy::encodePUWise,[164]
[253],0.01,0.046626,0.0,TEncSbac::codeMvd,[253]
,,,,,
,,0.015544,0.0,  TEncSearch::xTZSearchHelp,[39]
,,0.031078,0.0,  TEncSearch::xPatternSearch,[32]
[254],0.01,0.046621,0.0,TComRdCost::xGetSAD12,[254]
,,,,,
,,0.046584,0.0,  TComLoopFilter::xEdgeFilterLuma,[228]
[255],0.01,0.046584,0.0,TComLoopFilter::xPelFilterLuma,[255]
,,,,,
,,0.046580,0.0,  TComPrediction::initIntraPatternChType,[138]
[256],0.01,0.046580,0.0,isAboveAvailable,[256]
,,,,,
,,0.046525,0.0,  TComLoopFilter::xDeblockCU <cycle 2>,[203]
[257],0.01,0.046525,0.0,TComLoopFilter::xEdgeFilterChroma,[257]
,,,,,
,,0.0,0.010436,  TComPrediction::destroy,[303]
,,0.015517,0.015631,  TComDataCU::destroy,[242]
[258],0.0,0.015517,0.026066,aligned_free,[258]
,,0.0,0.026066,  free_base,[275]
,,,,,
,,0.0,0.031228,  TEncSampleAdaptiveOffset::decideBlkParams,[237]
[259],0.0,0.0,0.031228,TEncSampleAdaptiveOffset::deriveModeNewRDO,[259]
,,0.015616,0.0,  TEncSampleAdaptiveOffset::deriveOffsets,[278]
,,0.015612,0.0,  TEncSbac::codeSAOOffsetParam,[279]
,,,,,
,,0.031187,0.0,  TEncEntropy::encodePUWise,[164]
[260],0.0,0.031187,0.0,TEncSbac::codeMergeFlag,[260]
,,,,,
,,0.015558,0.0,  TComSlice::setRefPicList,[284]
,,0.015587,0.0,  TEncSampleAdaptiveOffset::SAOProcess,[116]
[261],0.0,0.031145,0.0,TComPicYuv::extendPicBorder,[261]
,,,,,
,,0.0,0.031141,  TVideoIOYuv::read,[190]
[262],0.0,0.0,0.031141,TVideoIOYuv::ColourSpaceConvert,[262]
,,0.015548,0.015593,  copyPlane,[263]
,,,,,
,,0.015548,0.015593,  TVideoIOYuv::ColourSpaceConvert,[262]
[263],0.0,0.015548,0.015593,copyPlane,[263]
,,0.015593,0.0,  memcpy,[43]
,,,,,
,,0.031139,0.0,  TEncSbac::codeCoeffNxN,[122]
[264],0.0,0.031139,0.0,TEncSbac::xWriteCoefRemainExGolomb,[264]
,,,,,
,,0.0,0.031131,  TEncGOP::compressGOP,[7]
[265],0.0,0.0,0.031131,TEncSlice::encodeSlice,[265]
,,0.0,0.031131,  TEncCu::xEncodeCU <cycle 1>,[236]
,,,,,
,,0.031129,0.0,  TEncSearch::xAddSymbolBitsInter,[109]
[266],0.0,0.031129,0.0,TEncSbac::codeQtRootCbf,[266]
,,,,,
,,0.031113,0.0,  TEncCu::xCompressCU <cycle 10>,[11]
[267],0.0,0.031113,0.0,std::_Deque_iterator<class std::_Deque_val<struct std::_Deque_simple_types<class TComSlice *> > >::operator+,[267]
,,,,,
,,0.031098,0.0,  TComDataCU::getInterMergeCandidates,[82]
[268],0.0,0.031098,0.0,TComDataCU::deriveLeftBottomIdxGeneral,[268]
,,,,,
,,0.031090,0.0,  TEncSbac::codeSplitFlag,[270]
[269],0.0,0.031090,0.0,TComDataCU::getCtxSplitFlag,[269]
,,,,,
,,0.0,0.031090,  TEncCu::xCompressCU <cycle 10>,[11]
[270],0.0,0.0,0.031090,TEncSbac::codeSplitFlag,[270]
,,0.031090,0.0,  TComDataCU::getCtxSplitFlag,[269]
,,,,,
,,0.031086,0.0,  malloc_base,[251]
[271],0.0,0.031086,0.0,RtlAllocateHeap,[271]
,,,,,
,,0.031002,0.0,  TComPrediction::initIntraPatternChType,[138]
[272],0.0,0.031002,0.0,isLeftAvailable,[272]
,,,,,
,,0.030954,0.0,  xITrMxN,[118]
[273],0.0,0.030954,0.0,fastInverseDst,[273]
,,,,,
,,0.026066,0.0,  free_base,[275]
[274],0.0,0.026066,0.0,RtlFreeHeap,[274]
,,,,,
,,0.0,0.026066,  aligned_free,[258]
[275],0.0,0.0,0.026066,free_base,[275]
,,0.026066,0.0,  RtlFreeHeap,[274]
,,,,,
,,0.015639,0.0,  TComSampleAdaptiveOffset::offsetCTU,[277]
[276],0.0,0.015639,0.0,TComSampleAdaptiveOffset::offsetBlock,[276]
,,,,,
,,0.0,0.015639,  TEncSampleAdaptiveOffset::decideBlkParams,[237]
[277],0.0,0.0,0.015639,TComSampleAdaptiveOffset::offsetCTU,[277]
,,0.015639,0.0,  TComSampleAdaptiveOffset::offsetBlock,[276]
,,,,,
,,0.015616,0.0,  TEncSampleAdaptiveOffset::deriveModeNewRDO,[259]
[278],0.0,0.015616,0.0,TEncSampleAdaptiveOffset::deriveOffsets,[278]
,,,,,
,,0.015612,0.0,  TEncSampleAdaptiveOffset::deriveModeNewRDO,[259]
[279],0.0,0.015612,0.0,TEncSbac::codeSAOOffsetParam,[279]
,,,,,
,,0.015605,0.0,  TComLoopFilter::xDeblockCU <cycle 2>,[203]
[280],0.0,0.015605,0.0,TComLoopFilter::xGetBoundaryStrengthSingle,[280]
,,,,,
,,0.015572,0.0,  TEncSearch::xSetInterResidualQTData <cycle 3>,[218]
[281],0.0,0.015572,0.0,TComYuv::copyPartToPartComponentMxN,[281]
,,,,,
,,0.015568,0.0,  TEncSbac::codeLastSignificantXY,[220]
[282],0.0,0.015568,0.0,TEncBinCABACCounter::encodeBinEP,[282]
,,,,,
,,0.015561,0.0,  TComTrQuant::invTransformNxN,[100]
[283],0.0,0.015561,0.0,TComTrQuant::invRdpcmNxN,[283]
,,,,,
,,0.0,0.015558,  TEncGOP::compressGOP,[7]
[284],0.0,0.0,0.015558,TComSlice::setRefPicList,[284]
,,0.015558,0.0,  TComPicYuv::extendPicBorder,[261]
,,,,,
,,0.015556,0.0,  TEncSbac::codeCoeffNxN,[122]
[285],0.0,0.015556,0.0,TEncSbac::codeTransformSkipFlags,[285]
,,,,,
,,0.015552,0.0,  TEncCu::xCompressCU <cycle 10>,[11]
[286],0.0,0.015552,0.0,TEncCu::xComputeQP,[286]
,,,,,
,,0.015548,0.0,  TEncSearch::xIntraCodingTUBlock,[60]
[287],0.0,0.015548,0.0,TComPrediction::filteringIntraReferenceSamples,[287]
,,,,,
,,0.015547,0.0,  TEncGOP::compressGOP,[7]
[288],0.0,0.015547,0.0,TComSlice::checkThatAllRefPicsAreAvailable,[288]
,,,,,
,,0.015542,0.0,  TEncCu::xCompressCU <cycle 10>,[11]
[289],0.0,0.015542,0.0,"std::deque<class TComSlice *,class std::allocator<class TComSlice *> >::begin",[289]
,,,,,
,,0.015541,0.0,  TEncSbac::codeCoeffNxN,[122]
[290],0.0,0.015541,0.0,TEncBinCABACCounter::encodeBinsEP,[290]
,,,,,
,,0.015538,0.0,  TEncEntropy::xEncodeTransform <cycle 4>,[191]
[291],0.0,0.015538,0.0,TEncSbac::codeCrossComponentPrediction,[291]
,,,,,
,,0.015532,0.0,  TEncBinCABAC::writeOut,[293]
[292],0.0,0.015532,0.0,TComOutputBitstream::write,[292]
,,,,,
,,0.0,0.015532,  TEncSbac::codeLastSignificantXY,[220]
[293],0.0,0.0,0.015532,TEncBinCABAC::writeOut,[293]
,,0.015532,0.0,  TComOutputBitstream::write,[292]
,,,,,
,,0.015526,0.0,  TEncEntropy::encodePUWise,[164]
[294],0.0,0.015526,0.0,TEncSbac::codeRefFrmIdx,[294]
,,,,,
,,0.0,0.015519,  TEncSearch::estIntraPredLumaQT,[57]
[295],0.0,0.0,0.015519,TEncSearch::xSetIntraResultLumaQT,[295]
,,0.015519,0.0,  memcpy,[43]
,,,,,
,,0.0,0.015515,  TEncEntropy::encodePUWise,[164]
[296],0.0,0.0,0.015515,TEncSbac::codeMVPIdx,[296]
,,0.0,0.015515,  TEncSbac::xWriteUnaryMaxSymbol,[297]
,,,,,
,,0.0,0.015515,  TEncSbac::codeMVPIdx,[296]
[297],0.0,0.0,0.015515,TEncSbac::xWriteUnaryMaxSymbol,[297]
,,0.015515,0.0,  TEncBinCABACCounter::encodeBin,[101]
,,,,,
,,0.015513,0.0,  TEncCu::finishCU,[299]
[298],0.0,0.015513,0.0,TComDataCU::isLastSubCUOfCtu,[298]
,,,,,
,,0.0,0.015513,  TEncCu::xEncodeCU <cycle 1>,[236]
[299],0.0,0.0,0.015513,TEncCu::finishCU,[299]
,,0.015513,0.0,  TComDataCU::isLastSubCUOfCtu,[298]
,,,,,
,,0.015500,0.0,  TComPrediction::xPredIntraAng,[108]
[300],0.0,0.015500,0.0,TComPrediction::predIntraGetPredValDC,[300]
,,,,,
,,0.0,0.015492,  TEncSearch::xEncIntraHeader,[199]
[301],0.0,0.0,0.015492,TEncSbac::codeIntraDirChroma,[301]
,,0.015492,0.0,  TEncBinCABACCounter::encodeBin,[101]
,,,,,
,,0.0,0.010436,  main,[4]
[302],0.0,0.0,0.010436,TAppEncTop::~TAppEncTop,[302]
,,0.0,0.010436,  TEncTop::~TEncTop,[305]
,,,,,
,,0.0,0.010436,  TComPrediction::~TComPrediction,[304]
[303],0.0,0.0,0.010436,TComPrediction::destroy,[303]
,,0.0,0.010436,  aligned_free,[258]
,,,,,
,,0.0,0.010436,  TEncTop::~TEncTop,[305]
[304],0.0,0.0,0.010436,TComPrediction::~TComPrediction,[304]
,,0.0,0.010436,  TComPrediction::destroy,[303]
,,,,,
,,0.0,0.010436,  TAppEncTop::~TAppEncTop,[302]
[305],0.0,0.0,0.010436,TEncTop::~TEncTop,[305]
,,0.0,0.010436,  TComPrediction::~TComPrediction,[304]
,,,,,


Index by function name

Index,Function
[1],BaseThreadInitThunk
[90],QpParam::QpParam
[208],ReadFile
[271],RtlAllocateHeap
[274],RtlFreeHeap
[2],RtlUserThreadStart
[5],TAppEncTop::encode
[302],TAppEncTop::~TAppEncTop
[159],TComBitCounter::getNumberOfWrittenBits
[182],TComBitCounter::resetBits
[239],TComCUMvField::compress
[119],TComCUMvField::setAll<class TComMv>
[125],TComCUMvField::setAll<signed char>
[221],TComDataCU::CUIsFromSameSliceAndTile
[133],TComDataCU::copyPartFrom
[131],TComDataCU::copyToPic
[246],TComDataCU::create
[177],TComDataCU::deriveLeftBottomIdx
[268],TComDataCU::deriveLeftBottomIdxGeneral
[147],TComDataCU::deriveLeftRightTopIdx
[205],TComDataCU::deriveLeftRightTopIdxGeneral
[183],TComDataCU::deriveRightBottomIdx
[242],TComDataCU::destroy
[63],TComDataCU::fillMvpCand
[157],TComDataCU::getCoefScanIdx
[170],TComDataCU::getCtxSkipFlag
[269],TComDataCU::getCtxSplitFlag
[82],TComDataCU::getInterMergeCandidates
[180],TComDataCU::getIntraDirPredictor
[179],TComDataCU::getNumPartitions
[219],TComDataCU::getPUAboveLeft
[155],TComDataCU::getPUAboveRight
[132],TComDataCU::getPUBelowLeft
[207],TComDataCU::getPULeft
[126],TComDataCU::getPartIndexAndSize
[206],TComDataCU::getPartPosition
[144],TComDataCU::getQuadtreeTULog2MinSizeInCU
[186],TComDataCU::hasEqualMotion
[185],TComDataCU::initCtu
[67],TComDataCU::initEstData
[127],TComDataCU::initSubCU
[298],TComDataCU::isLastSubCUOfCtu
[231],TComDataCU::isLosslessCoded
[173],TComDataCU::setSubPart<bool>
[114],TComDataCU::setSubPart<signed char>
[154],TComDataCU::setSubPart<unsigned char>
[72],TComDataCU::xAddMVPCandUnscaled
[149],TComDataCU::xAddMVPCandWithScaling
[89],TComDataCU::xGetColMVP
[148],TComDataCU::xGetDistScaleFactor
[81],"TComInterpolationFilter::filter<4,0,1,0>"
[162],"TComInterpolationFilter::filter<4,0,1,1>"
[142],"TComInterpolationFilter::filter<4,1,0,0>"
[152],"TComInterpolationFilter::filter<4,1,0,1>"
[176],"TComInterpolationFilter::filter<4,1,1,0>"
[174],"TComInterpolationFilter::filter<4,1,1,1>"
[28],"TComInterpolationFilter::filter<8,0,1,0>"
[78],"TComInterpolationFilter::filter<8,0,1,1>"
[94],"TComInterpolationFilter::filter<8,1,0,0>"
[22],"TComInterpolationFilter::filter<8,1,0,1>"
[110],"TComInterpolationFilter::filter<8,1,1,0>"
[85],"TComInterpolationFilter::filter<8,1,1,1>"
[31],TComInterpolationFilter::filterCopy
[42],TComInterpolationFilter::filterHor
[55],TComInterpolationFilter::filterVer
[202],TComLoopFilter::loopFilterPic
[203],TComLoopFilter::xDeblockCU
[257],TComLoopFilter::xEdgeFilterChroma
[228],TComLoopFilter::xEdgeFilterLuma
[280],TComLoopFilter::xGetBoundaryStrengthSingle
[255],TComLoopFilter::xPelFilterLuma
[292],TComOutputBitstream::write
[240],TComPic::compressMotion
[247],TComPic::create
[243],TComPic::destroy
[248],TComPicSym::create
[244],TComPicSym::destroy
[196],TComPicYuv::copyToPic
[261],TComPicYuv::extendPicBorder
[303],TComPrediction::destroy
[287],TComPrediction::filteringIntraReferenceSamples
[138],TComPrediction::initIntraPatternChType
[33],TComPrediction::motionCompensation
[99],TComPrediction::predIntraAng
[300],TComPrediction::predIntraGetPredValDC
[135],TComPrediction::xCheckIdenticalMotion
[29],TComPrediction::xPredInterBi
[30],TComPrediction::xPredInterBlk
[37],TComPrediction::xPredInterUni
[108],TComPrediction::xPredIntraAng
[204],TComPrediction::xPredIntraPlanar
[304],TComPrediction::~TComPrediction
[226],TComRdCost::calcRdCost
[51],TComRdCost::getBitsOfVectorWithPredictor
[59],TComRdCost::getDistPart
[98],TComRdCost::setDistParam
[48],TComRdCost::xCalcHADs4x4
[20],TComRdCost::xCalcHADs8x8
[16],TComRdCost::xGetHADs
[254],TComRdCost::xGetSAD12
[47],TComRdCost::xGetSAD16
[222],TComRdCost::xGetSAD24
[52],TComRdCost::xGetSAD32
[70],TComRdCost::xGetSAD4
[58],TComRdCost::xGetSAD64
[46],TComRdCost::xGetSAD8
[107],TComRdCost::xGetSSE16
[129],TComRdCost::xGetSSE32
[80],TComRdCost::xGetSSE4
[167],TComRdCost::xGetSSE64
[104],TComRdCost::xGetSSE8
[276],TComSampleAdaptiveOffset::offsetBlock
[277],TComSampleAdaptiveOffset::offsetCTU
[288],TComSlice::checkThatAllRefPicsAreAvailable
[284],TComSlice::setRefPicList
[105],TComTU::TComTU
[178],TComTU::TComTU
[151],TComTU::getGolombRiceStatisticsIndex
[97],TComTURecurse::nextSection
[156],TComTrQuant::getSigCtxInc
[283],TComTrQuant::invRdpcmNxN
[100],TComTrQuant::invTransformNxN
[83],TComTrQuant::rdpcmNxN
[23],TComTrQuant::transformNxN
[165],TComTrQuant::xDeQuant
[143],TComTrQuant::xGetCodedLevel
[198],TComTrQuant::xGetICRate
[111],TComTrQuant::xIT
[26],TComTrQuant::xQuant
[27],TComTrQuant::xRateDistOptQuant
[45],TComTrQuant::xT
[86],TComTrQuant::xTransformSkip
[56],TComYuv::addAvg
[76],TComYuv::addClip
[53],TComYuv::clear
[172],TComYuv::copyFromPicComponent
[66],TComYuv::copyPartToPartComponent
[281],TComYuv::copyPartToPartComponentMxN
[64],TComYuv::copyPartToPartYuv
[123],TComYuv::copyToPartComponent
[140],TComYuv::copyToPicComponent
[139],TComYuv::copyToPicYuv
[73],TComYuv::getAddr
[112],TComYuv::getAddr
[158],TComYuv::getStride
[96],TComYuv::removeHighFreq
[117],TComYuv::subtract
[95],TEncBinCABAC::copyState
[150],TEncBinCABAC::getTEncBinCABAC
[153],TEncBinCABAC::resetBits
[293],TEncBinCABAC::writeOut
[101],TEncBinCABACCounter::encodeBin
[282],TEncBinCABACCounter::encodeBinEP
[290],TEncBinCABACCounter::encodeBinsEP
[128],TEncBinCABACCounter::getNumWrittenBits
[9],TEncCu::compressCtu
[299],TEncCu::finishCU
[230],TEncCu::xCheckBestMode
[238],TEncCu::xCheckDQP
[12],TEncCu::xCheckRDCostInter
[50],TEncCu::xCheckRDCostIntra
[25],TEncCu::xCheckRDCostMerge2Nx2N
[11],TEncCu::xCompressCU
[286],TEncCu::xComputeQP
[169],TEncCu::xCopyYuv2Pic
[160],TEncCu::xCopyYuv2Tmp
[236],TEncCu::xEncodeCU
[252],TEncEntropy::encodeCoeff
[106],TEncEntropy::encodeCoeffNxN
[164],TEncEntropy::encodePUWise
[161],TEncEntropy::encodePredInfo
[191],TEncEntropy::xEncodeTransform
[7],TEncGOP::compressGOP
[224],TEncGOP::xCalculateAddPSNR
[225],TEncGOP::xCalculateAddPSNRs
[116],TEncSampleAdaptiveOffset::SAOProcess
[237],TEncSampleAdaptiveOffset::decideBlkParams
[259],TEncSampleAdaptiveOffset::deriveModeNewRDO
[278],TEncSampleAdaptiveOffset::deriveOffsets
[120],TEncSampleAdaptiveOffset::getBlkStats
[121],TEncSampleAdaptiveOffset::getStatistics
[122],TEncSbac::codeCoeffNxN
[291],TEncSbac::codeCrossComponentPrediction
[241],TEncSbac::codeInterDir
[301],TEncSbac::codeIntraDirChroma
[166],TEncSbac::codeIntraDirLumaAng
[220],TEncSbac::codeLastSignificantXY
[296],TEncSbac::codeMVPIdx
[260],TEncSbac::codeMergeFlag
[223],TEncSbac::codeMergeIndex
[253],TEncSbac::codeMvd
[229],TEncSbac::codePartSize
[113],TEncSbac::codeQtCbf
[136],TEncSbac::codeQtCbfZero
[266],TEncSbac::codeQtRootCbf
[294],TEncSbac::codeRefFrmIdx
[279],TEncSbac::codeSAOOffsetParam
[163],TEncSbac::codeSkipFlag
[270],TEncSbac::codeSplitFlag
[285],TEncSbac::codeTransformSkipFlags
[227],TEncSbac::codeTransformSubdivFlag
[54],TEncSbac::estBit
[103],TEncSbac::estCBFBit
[77],TEncSbac::estLastSignificantPositionBit
[137],TEncSbac::estSignificantCoeffGroupMapBit
[84],TEncSbac::estSignificantCoefficientsBit
[69],TEncSbac::estSignificantMapBit
[184],TEncSbac::getNumberOfWrittenBits
[115],TEncSbac::resetBits
[264],TEncSbac::xWriteCoefRemainExGolomb
[297],TEncSbac::xWriteUnaryMaxSymbol
[17],TEncSearch::encodeResAndCalcRdInterCU
[87],TEncSearch::estIntraPredChromaQT
[57],TEncSearch::estIntraPredLumaQT
[13],TEncSearch::predInterSearch
[214],TEncSearch::setWpScalingDistParam
[109],TEncSearch::xAddSymbolBitsInter
[130],TEncSearch::xCheckBestMVP
[146],TEncSearch::xEncCoeffQT
[199],TEncSearch::xEncIntraHeader
[195],TEncSearch::xEncSubdivCbfQT
[74],TEncSearch::xEncodeInterResidualQT
[19],TEncSearch::xEstimateInterResidualQT
[35],TEncSearch::xEstimateMvPredAMVP
[24],TEncSearch::xExtDIFUpSamplingH
[21],TEncSearch::xExtDIFUpSamplingQ
[197],TEncSearch::xGetBlkBits
[34],TEncSearch::xGetInterPredictionError
[44],TEncSearch::xGetTemplateCost
[60],TEncSearch::xIntraCodingTUBlock
[216],TEncSearch::xLoadIntraResultQT
[36],TEncSearch::xMergeEstimation
[168],TEncSearch::xModeBitsIntra
[14],TEncSearch::xMotionEstimation
[15],TEncSearch::xPatternRefinement
[32],TEncSearch::xPatternSearch
[91],TEncSearch::xRecurIntraChromaCodingQT
[62],TEncSearch::xRecurIntraCodingLumaQT
[218],TEncSearch::xSetInterResidualQTData
[233],TEncSearch::xSetIntraResultChromaQT
[295],TEncSearch::xSetIntraResultLumaQT
[124],TEncSearch::xSetSearchRange
[189],TEncSearch::xStoreIntraResultQT
[193],TEncSearch::xTZ2PointSearch
[41],TEncSearch::xTZ8PointDiamondSearch
[38],TEncSearch::xTZSearch
[39],TEncSearch::xTZSearchHelp
[234],TEncSearch::xUpdateCandList
[8],TEncSlice::compressSlice
[265],TEncSlice::encodeSlice
[6],TEncTop::encode
[249],TEncTop::xGetNewPicBuffer
[305],TEncTop::~TEncTop
[262],TVideoIOYuv::ColourSpaceConvert
[190],TVideoIOYuv::read
[102],_chkstk
[3],_scrt_common_main_seh
[93],_security_check_cookie
[258],aligned_free
[250],aligned_offset_malloc_base
[209],common_refill_and_read_nolock<char>
[263],copyPlane
[188],fastForwardDst
[273],fastInverseDst
[210],fgetc
[171],fillReferenceSamples
[181],floor
[275],free_base
[88],getTUEntropyCodingParameters
[256],isAboveAvailable
[272],isLeftAvailable
[4],main
[251],malloc_base
[43],memcpy
[40],memset
[65],partialButterfly16
[68],partialButterfly32
[79],partialButterfly4
[71],partialButterfly8
[175],partialButterflyInverse16
[141],partialButterflyInverse32
[245],partialButterflyInverse4
[215],partialButterflyInverse8
[211],read
[200],readPlane
[212],read_nolock
[134],std::_Deque_const_iterator<class std::_Deque_val<struct std::_Deque_simple_types<class TComSlice *> > >::operator+
[267],std::_Deque_iterator<class std::_Deque_val<struct std::_Deque_simple_types<class TComSlice *> > >::operator+
[213],"std::basic_istream<char,struct std::char_traits<char> >::read"
[187],"std::deque<class TComSlice *,class std::allocator<class TComSlice *> >::begin"
[289],"std::deque<class TComSlice *,class std::allocator<class TComSlice *> >::begin"
[118],xITrMxN
[49],xTrMxN
[235],<cycle 1>
[201],<cycle 2>
[217],<cycle 3>
[192],<cycle 4>
[75],<cycle 5>
[18],<cycle 6>
[92],<cycle 7>
[145],<cycle 8>
[61],<cycle 9>
[10],<cycle 10>
[232],<cycle 11>
[194],<cycle 12>
