Index,% CPU Time:Total,CPU Time:Self,CPU Time:Children,Name,Index
,,0.0,1328.603679,  RtlUserThreadStart,[2]
[1],100.0,0.0,1328.603679,BaseThreadInitThunk,[1]
,,0.0,1328.603679,  _scrt_common_main_seh,[3]
,,,,,
,,,,  <spontaneous>,
[2],100.0,0.0,1328.603679,RtlUserThreadStart,[2]
,,0.0,1328.603679,  BaseThreadInitThunk,[1]
,,,,,
,,0.0,1328.603679,  BaseThreadInitThunk,[1]
[3],100.0,0.0,1328.603679,_scrt_common_main_seh,[3]
,,0.0,1328.603679,  main,[4]
,,,,,
,,0.0,1328.603679,  _scrt_common_main_seh,[3]
[4],100.0,0.0,1328.603679,main,[4]
,,0.0,0.000006,  TAppEncCfg::parseCfg,[302]
,,0.0,1328.603673,  TAppEncTop::encode,[5]
,,,,,
,,0.0,1328.603673,  main,[4]
[5],100.0,0.0,1328.603673,TAppEncTop::encode,[5]
,,0.0,0.031070,  TComPic::destroy,[284]
,,0.0,0.015597,  TEncTop::destroy,[291]
,,0.0,1328.335778,  TEncTop::encode,[6]
,,0.0,0.221227,  TVideoIOYuv::read,[199]
,,,,,
,,0.0,1328.335778,  TAppEncTop::encode,[5]
[6],99.98,0.0,1328.335778,TEncTop::encode,[6]
,,0.0,0.124678,  TComPicYuv::copyToPic,[194]
,,0.0,1328.164471,  TEncGOP::compressGOP,[7]
,,0.0,0.046629,  TEncTop::xGetNewPicBuffer,[262]
,,,,,
,,0.0,1328.164471,  TEncTop::encode,[6]
[7],99.97,0.0,1328.164471,TEncGOP::compressGOP,[7]
,,0.0,0.124531,  TComLoopFilter::loopFilterPic,[213]
,,0.0,0.031087,  TComPic::compressMotion,[282]
,,0.0,0.093731,  TComPicYuv::copyToPic,[194]
,,0.0,0.015594,  TComSlice::setRefPicList,[293]
,,0.0,0.093563,  TEncGOP::xCalculateAddPSNRs,[223]
,,0.0,1.340699,  TEncSampleAdaptiveOffset::SAOProcess,[134]
,,0.0,1326.418597,  TEncSlice::compressSlice,[8]
,,0.0,0.046669,  TEncSlice::encodeSlice,[252]
,,,,,
,,0.0,1326.418597,  TEncGOP::compressGOP,[7]
[8],99.84,0.0,1326.418597,TEncSlice::compressSlice,[8]
,,0.031062,0.062191,  TComDataCU::initCtu,[207]
,,0.0,1326.309797,  TEncCu::compressCtu,[9]
,,0.0,0.015548,  TEncSbac::resetBits,[133]
,,,,,
,,0.0,1326.309797,  TEncSlice::compressSlice,[8]
[9],99.83,0.0,1326.309797,TEncCu::compressCtu,[9]
,,0.606683,1325.625355,  TEncCu::xCompressCU <cycle 14>,[10]
,,0.031113,0.031087,  TComDataCU::initCtu,[207]
,,0.0,0.015558,  [Unknown stack frame(s)],[272]
,,,,,
,,,,  TEncCu::xCompressCU <cycle 14>,[10]
,,0.606683,1325.625355,  TEncCu::compressCtu,[9]
[10],99.82,0.606683,1325.625355,TEncCu::xCompressCU <cycle 14>,[10]
,,2.380344,1.058073,  TComDataCU::initEstData,[73]
,,0.575197,0.482376,  TComDataCU::initSubCU,[142]
,,0.544548,0.0,  memcpy,[49]
,,0.529362,95.256991,  TEncCu::xCheckRDCostMerge2Nx2N,[29]
,,0.404454,1196.502232,  TEncCu::xCheckRDCostInter,[12]
,,0.280144,0.389050,  TComDataCU::copyPartFrom,[158]
,,0.093363,0.435692,  TEncCu::xCopyYuv2Tmp,[162]
,,0.077769,0.964731,  TComDataCU::copyToPic,[145]
,,0.077760,0.202217,  TEncCu::xCopyYuv2Pic,[191]
,,0.031128,0.280008,  TComYuv::copyFromPicComponent,[186]
,,0.031045,0.0,  TEncBinCABAC::copyState,[109]
,,0.015608,0.0,  TComBitCounter::resetBits,[187]
,,0.015595,0.233480,  TComYuv::copyToPicYuv,[170]
,,0.015588,0.0,  TEncCu::xComputeQP,[295]
,,0.015564,0.0,  TEncSbac::resetBits,[133]
,,0.015562,0.031133,  TEncSbac::codeSplitFlag,[242]
,,0.0,24.670764,  TEncCu::xCheckRDCostIntra,[52]
,,,,  TEncCu::xCompressCU <cycle 14>,[10]
,,0.0,0.015579,  [Unknown stack frame(s)],[272]
,,,,,
,,0.606683,1325.625355,  TEncCu::compressCtu,[9]
[11],99.82,0.606683,1325.625355,<cycle 14 as a whole>,[11]
,,0.606683,1325.625355,  TEncCu::xCompressCU <cycle 14>,[10]
,,,,,
,,0.404454,1196.502232,  TEncCu::xCompressCU <cycle 14>,[10]
[12],90.09,0.404454,1196.502232,TEncCu::xCheckRDCostInter,[12]
,,5.181334,1030.018806,  TEncSearch::predInterSearch,[13]
,,0.887041,160.321669,  TEncSearch::encodeResAndCalcRdInterCU,[20]
,,0.062191,0.0,  memset,[38]
,,0.031191,0.0,  TEncCu::xCheckDQP,[235]
,,,,,
,,5.181334,1030.018806,  TEncCu::xCheckRDCostInter,[12]
[13],77.92,5.181334,1030.018806,TEncSearch::predInterSearch,[13]
,,3.734557,866.214515,  TEncSearch::xMotionEstimation,[14]
,,1.571837,86.970575,  TEncSearch::xEstimateMvPredAMVP,[30]
,,1.462330,1.197855,  TEncSearch::xCheckBestMVP,[104]
,,0.731194,0.0,  TComCUMvField::setAll<class TComMv>,[130]
,,0.653495,41.856794,  TEncSearch::xMergeEstimation,[43]
,,0.560047,0.0,  TComCUMvField::setAll<signed char>,[147]
,,0.529216,0.0,  memcpy,[49]
,,0.482303,4.340929,  TComYuv::clear,[51]
,,0.217989,0.186655,  TComDataCU::setSubPart<signed char>,[119]
,,0.217791,0.077767,  TComDataCU::setSubPart<unsigned char>,[178]
,,0.202203,0.0,  TComRdCost::getBitsOfVectorWithPredictor,[50]
,,0.202150,6.814607,  TEncSearch::xGetInterPredictionError,[40]
,,0.186963,0.062226,  TComDataCU::setSubPart<bool>,[177]
,,0.171260,10.984668,  TComPrediction::motionCompensation,[39]
,,0.155661,0.0,  TComDataCU::getPartIndexAndSize,[126]
,,0.155317,0.0,  TEncSearch::xGetBlkBits,[208]
,,0.062314,0.0,  TComDataCU::getNumPartitions,[205]
,,0.015588,0.0,  _security_check_cookie,[111]
,,,,,
,,3.734557,866.214515,  TEncSearch::predInterSearch,[13]
[14],65.48,3.734557,866.214515,TEncSearch::xMotionEstimation,[14]
,,11.187985,305.591821,  TEncSearch::xPatternRefinement,[15]
,,6.380055,89.791438,  TEncSearch::xPatternSearch,[28]
,,4.172775,0.667070,  TComYuv::removeHighFreq,[80]
,,2.848237,245.019580,  TEncSearch::xExtDIFUpSamplingQ,[18]
,,1.726651,68.066267,  TEncSearch::xTZSearch,[32]
,,1.652383,125.235219,  TEncSearch::xExtDIFUpSamplingH,[24]
,,0.700303,0.0,  TEncSearch::xSetSearchRange,[128]
,,0.357729,0.0,  TComRdCost::getBitsOfVectorWithPredictor,[50]
,,0.295771,0.0,  TComDataCU::getPartIndexAndSize,[126]
,,0.217872,1.945740,  TComYuv::copyPartToPartYuv,[70]
,,0.217678,0.0,  floor,[200]
,,0.139942,0.0,  TEncSearch::setWpScalingDistParam,[210]
,,,,,
,,11.187985,305.591821,  TEncSearch::xMotionEstimation,[14]
[15],23.84,11.187985,305.591821,TEncSearch::xPatternRefinement,[15]
,,11.595326,285.935275,  TComRdCost::xGetHADs,[16]
,,8.061220,0.0,  TComRdCost::getBitsOfVectorWithPredictor,[50]
,,,,,
,,0.108731,2.752051,  TEncSearch::estIntraPredLumaQT,[56]
,,0.668967,9.413069,  TEncSearch::xGetInterPredictionError,[40]
,,11.595326,285.935275,  TEncSearch::xPatternRefinement,[15]
[16],23.37,12.373023,298.100395,TComRdCost::xGetHADs,[16]
,,273.499881,0.824720,  TComRdCost::xCalcHADs8x8,[17]
,,23.402378,0.373417,  TComRdCost::xCalcHADs4x4,[53]
,,,,,
,,273.499881,0.824720,  TComRdCost::xGetHADs,[16]
[17],20.65,273.499881,0.824720,TComRdCost::xCalcHADs8x8,[17]
,,0.824720,0.0,  _security_check_cookie,[111]
,,,,,
,,2.848237,245.019580,  TEncSearch::xMotionEstimation,[14]
[18],18.66,2.848237,245.019580,TEncSearch::xExtDIFUpSamplingQ,[18]
,,174.622436,0.0,"  TComInterpolationFilter::filter<8,1,0,1>",[19]
,,52.562764,0.0,"  TComInterpolationFilter::filter<8,0,1,0>",[25]
,,17.834380,0.0,  TComInterpolationFilter::filterCopy,[33]
,,,,,
,,10.581838,0.0,  TComInterpolationFilter::filterVer,[48]
,,59.272315,0.0,  TEncSearch::xExtDIFUpSamplingH,[24]
,,174.622436,0.0,  TEncSearch::xExtDIFUpSamplingQ,[18]
[19],18.4,244.476589,0.0,"TComInterpolationFilter::filter<8,1,0,1>",[19]
,,,,,
,,0.653363,77.069734,  TEncCu::xCheckRDCostMerge2Nx2N,[29]
,,0.887041,160.321669,  TEncCu::xCheckRDCostInter,[12]
[20],17.98,1.540404,237.391404,TEncSearch::encodeResAndCalcRdInterCU,[20]
,,20.788569,201.134578,  TEncSearch::xEstimateInterResidualQT <cycle 7>,[22]
,,4.092224,0.0,  TComYuv::addClip,[85]
,,1.556060,0.0,  TComYuv::subtract,[127]
,,1.291933,0.0,  memcpy,[49]
,,0.451177,2.928453,  TComRdCost::getDistPart,[62]
,,0.264606,0.527442,  TComYuv::copyToPartComponent,[138]
,,0.249004,0.0,  memset,[38]
,,0.248988,0.077733,  TEncBinCABAC::copyState,[109]
,,0.217972,1.773312,  TEncSearch::xAddSymbolBitsInter,[118]
,,0.155630,0.637785,  TEncSearch::xSetInterResidualQTData <cycle 5>,[154]
,,0.139951,0.342463,  TComYuv::clear,[51]
,,0.077750,0.0,  TComRdCost::calcRdCost,[236]
,,0.077743,0.0,  TComTU::TComTU,[221]
,,0.062293,0.0,  TEncSbac::getNumberOfWrittenBits,[185]
,,0.062216,0.0,  _security_check_cookie,[111]
,,0.046789,0.0,  TEncBinCABACCounter::encodeBin,[103]
,,0.046671,0.015563,  TEncSbac::resetBits,[133]
,,0.046613,0.0,  TEncSbac::codeMergeIndex,[220]
,,0.015603,0.015560,  TEncBinCABACCounter::getNumWrittenBits,[156]
,,0.0,0.046722,  TEncSbac::codeSkipFlag,[183]
,,,,,
,,20.788569,201.134578,  TEncSearch::encodeResAndCalcRdInterCU,[20]
[21],16.7,20.788569,201.134578,<cycle 7 as a whole>,[21]
,,20.788569,201.134578,  TEncSearch::xEstimateInterResidualQT <cycle 7>,[22]
,,,,,
,,,,  TEncSearch::xEstimateInterResidualQT <cycle 7>,[22]
,,20.788569,201.134578,  TEncSearch::encodeResAndCalcRdInterCU,[20]
[22],16.7,20.788569,201.134578,TEncSearch::xEstimateInterResidualQT <cycle 7>,[22]
,,16.759605,0.0,  memcpy,[49]
,,4.950927,0.0,  memset,[38]
,,3.641058,123.894918,  TComTrQuant::transformNxN,[23]
,,2.442705,0.0,  QpParam::QpParam,[107]
,,2.178397,6.659273,  TComRdCost::getDistPart,[62]
,,1.960453,3.407133,  TEncSearch::xEncodeInterResidualQT <cycle 6>,[77]
,,1.322860,0.0,  TComTURecurse::nextSection,[105]
,,1.244706,0.653457,  TEncBinCABAC::copyState,[109]
,,1.213429,0.0,  TComTU::TComTU,[122]
,,0.855583,0.482472,  TEncSbac::codeQtCbf,[116]
,,0.808964,0.373286,  TEncSbac::resetBits,[133]
,,0.747413,0.0,  TEncBinCABACCounter::encodeBin,[103]
,,0.637838,14.576429,  TEncSbac::estBit,[58]
,,0.528955,3.113681,  TEncEntropy::encodeCoeffNxN,[68]
,,0.513608,0.0,  TEncSbac::codeQtCbfZero,[164]
,,0.482332,0.202299,  TEncBinCABACCounter::getNumWrittenBits,[156]
,,0.451162,0.0,  TComYuv::getStride,[171]
,,0.342295,0.0,  TComDataCU::getQuadtreeTULog2MinSizeInCU,[159]
,,0.311174,0.0,  _chkstk,[115]
,,0.233504,0.0,  TComBitCounter::resetBits,[187]
,,0.202482,0.0,  TEncSbac::getNumberOfWrittenBits,[185]
,,0.093330,0.0,  TComDataCU::isLosslessCoded,[225]
,,0.077777,0.0,  _security_check_cookie,[111]
,,0.077697,5.584384,  TComTrQuant::invTransformNxN,[63]
,,0.062281,0.0,  TEncSbac::codeTransformSubdivFlag,[234]
,,0.046710,0.0,  TEncSbac::codeCrossComponentPrediction,[241]
,,,,  TEncSearch::xEstimateInterResidualQT <cycle 7>,[22]
,,,,,
,,0.155550,8.814356,  TEncSearch::xIntraCodingTUBlock,[59]
,,3.641058,123.894918,  TEncSearch::xEstimateInterResidualQT <cycle 7>,[22]
[23],10.27,3.796609,132.709274,TComTrQuant::transformNxN,[23]
,,3.640673,24.316647,  TComTrQuant::xT,[47]
,,2.380019,0.0,  TComTrQuant::xTransformSkip,[110]
,,2.181604,1.120409,  TComTrQuant::rdpcmNxN,[96]
,,1.867091,97.202830,  TComTrQuant::xQuant,[26]
,,,,,
,,1.652383,125.235219,  TEncSearch::xMotionEstimation,[14]
[24],9.55,1.652383,125.235219,TEncSearch::xExtDIFUpSamplingH,[24]
,,59.272315,0.0,"  TComInterpolationFilter::filter<8,1,0,1>",[19]
,,37.237060,0.0,  TComInterpolationFilter::filterCopy,[33]
,,28.725844,0.0,"  TComInterpolationFilter::filter<8,0,1,0>",[25]
,,,,,
,,19.636751,0.0,  TComInterpolationFilter::filterHor,[42]
,,28.725844,0.0,  TEncSearch::xExtDIFUpSamplingH,[24]
,,52.562764,0.0,  TEncSearch::xExtDIFUpSamplingQ,[18]
[25],7.6,100.925359,0.0,"TComInterpolationFilter::filter<8,0,1,0>",[25]
,,,,,
,,1.867091,97.202830,  TComTrQuant::transformNxN,[23]
[26],7.46,1.867091,97.202830,TComTrQuant::xQuant,[26]
,,68.482183,28.285063,  TComTrQuant::xRateDistOptQuant,[27]
,,0.342264,0.0,  _chkstk,[115]
,,0.093320,0.0,  _security_check_cookie,[111]
,,,,,
,,68.482183,28.285063,  TComTrQuant::xQuant,[26]
[27],7.28,68.482183,28.285063,TComTrQuant::xRateDistOptQuant,[27]
,,15.885269,0.0,  memset,[38]
,,4.247454,0.420055,  TComTrQuant::xGetCodedLevel,[81]
,,2.971356,0.0,  TComTrQuant::getSigCtxInc,[89]
,,2.520686,0.451145,  getTUEntropyCodingParameters,[97]
,,0.653269,0.0,  TComTrQuant::xGetICRate,[141]
,,0.497907,0.0,  TComTU::getGolombRiceStatisticsIndex,[166]
,,0.373311,0.0,  _chkstk,[115]
,,0.264613,0.0,  _security_check_cookie,[111]
,,,,,
,,6.380055,89.791438,  TEncSearch::xMotionEstimation,[14]
[28],7.24,6.380055,89.791438,TEncSearch::xPatternSearch,[28]
,,25.336318,0.0,  TComRdCost::xGetSAD16,[45]
,,22.313922,0.0,  TComRdCost::xGetSAD8,[44]
,,19.517572,0.0,  TComRdCost::xGetSAD32,[46]
,,11.514329,0.0,  TComRdCost::xGetSAD64,[55]
,,9.833591,0.0,  TComRdCost::getBitsOfVectorWithPredictor,[50]
,,0.746679,0.0,  TComRdCost::xGetSAD24,[148]
,,0.357936,0.0,  TComRdCost::xGetSAD12,[167]
,,0.171092,0.0,  TComRdCost::xGetSAD4,[66]
,,,,,
,,0.529362,95.256991,  TEncCu::xCompressCU <cycle 14>,[10]
[29],7.21,0.529362,95.256991,TEncCu::xCheckRDCostMerge2Nx2N,[29]
,,1.649322,0.606625,  TComDataCU::initEstData,[73]
,,0.653363,77.069734,  TEncSearch::encodeResAndCalcRdInterCU,[20]
,,0.388930,0.171167,  TComPrediction::xCheckIdenticalMotion,[139]
,,0.311269,0.357556,  TComDataCU::getInterMergeCandidates,[100]
,,0.249051,0.0,  TComCUMvField::setAll<class TComMv>,[130]
,,0.186775,0.0,  TComCUMvField::setAll<signed char>,[147]
,,0.155781,10.547475,  TComPrediction::xPredInterBi,[36]
,,0.108886,0.0,  TComDataCU::getNumPartitions,[205]
,,0.093451,0.015615,  TComDataCU::setSubPart<unsigned char>,[178]
,,0.093275,2.116488,  TComPrediction::xPredInterUni,[41]
,,0.093260,0.062299,  TComDataCU::setSubPart<bool>,[177]
,,0.077875,0.0,  memset,[38]
,,0.077809,0.108834,  TEncCu::xCheckBestMode,[204]
,,0.046577,0.0,  TEncCu::xCheckDQP,[235]
,,0.015569,0.0,  TComDataCU::getPartIndexAndSize,[126]
,,,,,
,,1.571837,86.970575,  TEncSearch::predInterSearch,[13]
[30],6.66,1.571837,86.970575,TEncSearch::xEstimateMvPredAMVP,[30]
,,4.170319,45.236374,  TEncSearch::xGetTemplateCost,[37]
,,2.458879,13.600501,  TComDataCU::fillMvpCand,[57]
,,0.980240,0.544746,  TComDataCU::setSubPart<signed char>,[119]
,,0.979927,18.501573,  TComYuv::clear,[51]
,,0.498017,0.0,  TComDataCU::getPartIndexAndSize,[126]
,,,,,
,,3.221215,32.974799,  TEncSearch::xGetTemplateCost,[37]
,,4.077239,39.956475,  TComPrediction::xPredInterUni,[41]
[31],6.04,7.298454,72.931274,TComPrediction::xPredInterBlk,[31]
,,1.664851,0.0,  TComYuv::getAddr,[90]
,,0.933651,43.226284,  TComInterpolationFilter::filterHor,[42]
,,0.466757,26.639731,  TComInterpolationFilter::filterVer,[48]
,,,,,
,,1.726651,68.066267,  TEncSearch::xMotionEstimation,[14]
[32],5.25,1.726651,68.066267,TEncSearch::xTZSearch,[32]
,,1.462865,53.237295,  TEncSearch::xTZ8PointDiamondSearch,[35]
,,1.074038,10.704869,  TEncSearch::xTZSearchHelp,[34]
,,0.778434,0.0,  TEncSearch::xSetSearchRange,[128]
,,0.310914,0.0,  TComRdCost::getBitsOfVectorWithPredictor,[50]
,,0.093296,0.404557,  TEncSearch::xTZ2PointSearch,[169]
,,,,,
,,14.208422,0.0,  TComInterpolationFilter::filterHor,[42]
,,17.834380,0.0,  TEncSearch::xExtDIFUpSamplingQ,[18]
,,37.237060,0.0,  TEncSearch::xExtDIFUpSamplingH,[24]
[33],5.21,69.279862,0.0,TComInterpolationFilter::filterCopy,[33]
,,,,,
,,0.031118,0.373439,  TEncSearch::xTZ2PointSearch,[169]
,,1.074038,10.704869,  TEncSearch::xTZSearch,[32]
,,5.995346,47.241949,  TEncSearch::xTZ8PointDiamondSearch,[35]
[34],4.92,7.100502,58.320256,TEncSearch::xTZSearchHelp,[34]
,,14.502132,0.0,  TComRdCost::xGetSAD8,[44]
,,10.860216,0.0,  TComRdCost::xGetSAD16,[45]
,,10.147749,0.0,  TComRdCost::xGetSAD32,[46]
,,8.184102,0.0,  TComRdCost::xGetSAD64,[55]
,,5.445690,0.0,  TComRdCost::xGetSAD4,[66]
,,5.383751,0.0,  TComRdCost::getBitsOfVectorWithPredictor,[50]
,,3.361076,0.0,  TComRdCost::setDistParam,[93]
,,0.280004,0.0,  TComRdCost::xGetSAD24,[148]
,,0.155536,0.0,  TComRdCost::xGetSAD12,[167]
,,,,,
,,1.462865,53.237295,  TEncSearch::xTZSearch,[32]
[35],4.12,1.462865,53.237295,TEncSearch::xTZ8PointDiamondSearch,[35]
,,5.995346,47.241949,  TEncSearch::xTZSearchHelp,[34]
,,,,,
,,0.155781,10.547475,  TEncCu::xCheckRDCostMerge2Nx2N,[29]
,,0.497995,38.324140,  TComPrediction::motionCompensation,[39]
[36],3.73,0.653777,48.871615,TComPrediction::xPredInterBi,[36]
,,7.000608,0.466727,  TComYuv::addAvg,[64]
,,1.245101,36.020163,  TComPrediction::xPredInterUni,[41]
,,0.622117,3.516899,  TComYuv::copyPartToPartYuv,[70]
,,,,,
,,4.170319,45.236374,  TEncSearch::xEstimateMvPredAMVP,[30]
[37],3.72,4.170319,45.236374,TEncSearch::xGetTemplateCost,[37]
,,3.221215,32.974799,  TComPrediction::xPredInterBlk,[31]
,,2.365390,0.0,  TComRdCost::xGetSAD16,[45]
,,2.302992,0.0,  TComRdCost::xGetSAD8,[44]
,,2.054013,0.0,  TComRdCost::xGetSAD32,[46]
,,1.151241,0.0,  TComRdCost::xGetSAD64,[55]
,,1.057811,0.0,  TComRdCost::xGetSAD4,[66]
,,0.108913,0.0,  TComRdCost::xGetSAD,[219]
,,,,,
,,0.015488,0.0,  TEncSearch::xRecurIntraChromaCodingQT <cycle 11>,[95]
,,0.015522,0.0,  TEncSearch::estIntraPredLumaQT,[56]
,,0.015639,0.0,  TEncSampleAdaptiveOffset::decideBlkParams,[267]
,,0.031115,0.0,  TEncSearch::xAddSymbolBitsInter,[118]
,,0.046682,0.0,  TEncSampleAdaptiveOffset::getBlkStats,[135]
,,0.062191,0.0,  TEncCu::xCheckRDCostInter,[12]
,,0.077720,0.0,  TEncSearch::xIntraCodingTUBlock,[59]
,,0.077875,0.0,  TEncCu::xCheckRDCostMerge2Nx2N,[29]
,,0.093278,0.0,  TComDataCU::initCtu,[207]
,,0.093382,0.0,  TComDataCU::setSubPart<unsigned char>,[178]
,,0.124525,0.0,  TComDataCU::setSubPart<bool>,[177]
,,0.171168,0.0,  TEncSbac::codeCoeffNxN,[69]
,,0.249004,0.0,  TEncSearch::encodeResAndCalcRdInterCU,[20]
,,0.357675,0.0,  TComTrQuant::rdpcmNxN,[96]
,,0.482376,0.0,  TComDataCU::initSubCU,[142]
,,0.731401,0.0,  TComDataCU::setSubPart<signed char>,[119]
,,1.664699,0.0,  TComDataCU::initEstData,[73]
,,4.950927,0.0,  TEncSearch::xEstimateInterResidualQT <cycle 7>,[22]
,,15.885269,0.0,  TComTrQuant::xRateDistOptQuant,[27]
,,23.184965,0.0,  TComYuv::clear,[51]
[38],3.64,48.330899,0.0,memset,[38]
,,,,,
,,0.171260,10.984668,  TEncSearch::predInterSearch,[13]
,,0.249036,34.730232,  TEncSearch::xGetInterPredictionError,[40]
[39],3.47,0.420297,45.714900,TComPrediction::motionCompensation,[39]
,,0.497995,38.324140,  TComPrediction::xPredInterBi,[36]
,,0.466796,0.140079,  TComPrediction::xCheckIdenticalMotion,[139]
,,0.202138,5.897063,  TComPrediction::xPredInterUni,[41]
,,0.186688,0.0,  TComDataCU::getPartIndexAndSize,[126]
,,,,,
,,0.202150,6.814607,  TEncSearch::predInterSearch,[13]
,,0.420096,38.542369,  TEncSearch::xMergeEstimation,[43]
[40],3.46,0.622246,45.356976,TEncSearch::xGetInterPredictionError,[40]
,,0.668967,9.413069,  TComRdCost::xGetHADs,[16]
,,0.295671,0.0,  TComDataCU::getPartIndexAndSize,[126]
,,0.249036,34.730232,  TComPrediction::motionCompensation,[39]
,,,,,
,,0.093275,2.116488,  TEncCu::xCheckRDCostMerge2Nx2N,[29]
,,0.202138,5.897063,  TComPrediction::motionCompensation,[39]
,,1.245101,36.020163,  TComPrediction::xPredInterBi,[36]
[41],3.43,1.540514,44.033714,TComPrediction::xPredInterUni,[41]
,,4.077239,39.956475,  TComPrediction::xPredInterBlk,[31]
,,,,,
,,0.933651,43.226284,  TComPrediction::xPredInterBlk,[31]
[42],3.32,0.933651,43.226284,TComInterpolationFilter::filterHor,[42]
,,19.636751,0.0,"  TComInterpolationFilter::filter<8,0,1,0>",[25]
,,14.208422,0.0,  TComInterpolationFilter::filterCopy,[33]
,,4.636205,0.0,"  TComInterpolationFilter::filter<4,0,1,0>",[82]
,,4.371528,0.0,"  TComInterpolationFilter::filter<8,0,1,1>",[84]
,,0.373378,0.0,"  TComInterpolationFilter::filter<4,0,1,1>",[182]
,,,,,
,,0.653495,41.856794,  TEncSearch::predInterSearch,[13]
[43],3.2,0.653495,41.856794,TEncSearch::xMergeEstimation,[43]
,,1.042549,1.104579,  TComDataCU::getInterMergeCandidates,[100]
,,0.435994,0.0,  TComCUMvField::setAll<class TComMv>,[130]
,,0.420096,38.542369,  TEncSearch::xGetInterPredictionError,[40]
,,0.280143,0.0,  TComCUMvField::setAll<signed char>,[147]
,,0.031064,0.0,  TComDataCU::getPartIndexAndSize,[126]
,,,,,
,,2.302992,0.0,  TEncSearch::xGetTemplateCost,[37]
,,14.502132,0.0,  TEncSearch::xTZSearchHelp,[34]
,,22.313922,0.0,  TEncSearch::xPatternSearch,[28]
[44],2.94,39.119046,0.0,TComRdCost::xGetSAD8,[44]
,,,,,
,,2.365390,0.0,  TEncSearch::xGetTemplateCost,[37]
,,10.860216,0.0,  TEncSearch::xTZSearchHelp,[34]
,,25.336318,0.0,  TEncSearch::xPatternSearch,[28]
[45],2.9,38.561924,0.0,TComRdCost::xGetSAD16,[45]
,,,,,
,,2.054013,0.0,  TEncSearch::xGetTemplateCost,[37]
,,10.147749,0.0,  TEncSearch::xTZSearchHelp,[34]
,,19.517572,0.0,  TEncSearch::xPatternSearch,[28]
[46],2.39,31.719334,0.0,TComRdCost::xGetSAD32,[46]
,,,,,
,,3.640673,24.316647,  TComTrQuant::transformNxN,[23]
[47],2.1,3.640673,24.316647,TComTrQuant::xT,[47]
,,1.167032,21.920754,  xTrMxN,[54]
,,1.042218,0.0,  memcpy,[49]
,,0.140038,0.0,  _chkstk,[115]
,,0.046605,0.0,  _security_check_cookie,[111]
,,,,,
,,0.466757,26.639731,  TComPrediction::xPredInterBlk,[31]
[48],2.04,0.466757,26.639731,TComInterpolationFilter::filterVer,[48]
,,10.581838,0.0,"  TComInterpolationFilter::filter<8,1,0,1>",[19]
,,5.804943,0.0,"  TComInterpolationFilter::filter<8,1,1,1>",[72]
,,3.889159,0.0,"  TComInterpolationFilter::filter<8,1,0,0>",[88]
,,2.520715,0.0,"  TComInterpolationFilter::filter<8,1,1,0>",[106]
,,1.462523,0.0,"  TComInterpolationFilter::filter<4,1,0,0>",[129]
,,1.011606,0.0,"  TComInterpolationFilter::filter<4,1,0,1>",[149]
,,0.839986,0.0,"  TComInterpolationFilter::filter<4,1,1,0>",[150]
,,0.528962,0.0,"  TComInterpolationFilter::filter<4,1,1,1>",[163]
,,,,,
,,0.000006,0.0,"  std::basic_string<char,struct std::char_traits<char>,class std::allocator<char> >::basic_string<char,struct std::char_traits<char>,class std::allocator<char> >",[303]
,,0.015501,0.0,  TEncSearch::xLoadIntraResultQT,[244]
,,0.031063,0.0,  TEncSearch::xSetIntraResultChromaQT <cycle 8>,[218]
,,0.031116,0.0,  TEncSearch::xSetIntraResultLumaQT <cycle 12>,[276]
,,0.031185,0.0,  copyPlane,[269]
,,0.062205,0.0,  TEncSearch::estIntraPredLumaQT,[56]
,,0.062220,0.0,  TEncCu::xCheckBestMode,[204]
,,0.062243,0.0,  TEncSearch::estIntraPredChromaQT,[87]
,,0.077660,0.0,  TComPrediction::xPredIntraAng,[108]
,,0.077770,0.0,  TEncSearch::xRecurIntraChromaCodingQT <cycle 11>,[95]
,,0.077804,0.0,  TComTrQuant::xIT,[75]
,,0.186658,0.0,  TComYuv::copyPartToPartComponentMxN,[193]
,,0.202013,0.0,  TEncSearch::xRecurIntraCodingLumaQT <cycle 13>,[60]
,,0.202173,0.0,  TComYuv::copyToPicComponent,[173]
,,0.249002,0.0,  TEncSearch::xSetInterResidualQTData <cycle 5>,[154]
,,0.249550,0.0,  TComPicYuv::copyToPic,[194]
,,0.280008,0.0,  TComYuv::copyFromPicComponent,[186]
,,0.388899,0.0,  TComYuv::copyToPartComponent,[138]
,,0.389050,0.0,  TComDataCU::copyPartFrom,[158]
,,0.529216,0.0,  TEncSearch::predInterSearch,[13]
,,0.544548,0.0,  TEncCu::xCompressCU <cycle 14>,[10]
,,0.964731,0.0,  TComDataCU::copyToPic,[145]
,,1.042218,0.0,  TComTrQuant::xT,[47]
,,1.291933,0.0,  TEncSearch::encodeResAndCalcRdInterCU,[20]
,,1.976317,0.0,  TComYuv::copyPartToPartComponent,[74]
,,16.759605,0.0,  TEncSearch::xEstimateInterResidualQT <cycle 7>,[22]
[49],1.94,25.784694,0.0,memcpy,[49]
,,,,,
,,0.202203,0.0,  TEncSearch::predInterSearch,[13]
,,0.310914,0.0,  TEncSearch::xTZSearch,[32]
,,0.357729,0.0,  TEncSearch::xMotionEstimation,[14]
,,1.197855,0.0,  TEncSearch::xCheckBestMVP,[104]
,,5.383751,0.0,  TEncSearch::xTZSearchHelp,[34]
,,8.061220,0.0,  TEncSearch::xPatternRefinement,[15]
,,9.833591,0.0,  TEncSearch::xPatternSearch,[28]
[50],1.91,25.347264,0.0,TComRdCost::getBitsOfVectorWithPredictor,[50]
,,,,,
,,0.139951,0.342463,  TEncSearch::encodeResAndCalcRdInterCU,[20]
,,0.482303,4.340929,  TEncSearch::predInterSearch,[13]
,,0.979927,18.501573,  TEncSearch::xEstimateMvPredAMVP,[30]
[51],1.87,1.602180,23.184965,TComYuv::clear,[51]
,,23.184965,0.0,  memset,[38]
,,,,,
,,0.0,24.670764,  TEncCu::xCompressCU <cycle 14>,[10]
[52],1.86,0.0,24.670764,TEncCu::xCheckRDCostIntra,[52]
,,0.062111,20.302105,  TEncSearch::estIntraPredLumaQT,[56]
,,0.046690,0.279707,  TEncEntropy::xEncodeTransform <cycle 4>,[144]
,,0.015541,0.0,  TEncBinCABAC::copyState,[109]
,,0.0,3.964610,  TEncSearch::estIntraPredChromaQT,[87]
,,,,,
,,23.402378,0.373417,  TComRdCost::xGetHADs,[16]
[53],1.79,23.402378,0.373417,TComRdCost::xCalcHADs4x4,[53]
,,0.373417,0.0,  _security_check_cookie,[111]
,,,,,
,,1.167032,21.920754,  TComTrQuant::xT,[47]
[54],1.74,1.167032,21.920754,xTrMxN,[54]
,,6.845365,0.0,  partialButterfly16,[65]
,,6.456651,0.0,  partialButterfly32,[67]
,,4.511552,0.0,  partialButterfly8,[83]
,,3.563107,0.0,  partialButterfly4,[92]
,,0.279862,0.0,  _chkstk,[115]
,,0.233083,0.0,  fastForwardDst,[198]
,,0.031135,0.0,  _security_check_cookie,[111]
,,,,,
,,1.151241,0.0,  TEncSearch::xGetTemplateCost,[37]
,,8.184102,0.0,  TEncSearch::xTZSearchHelp,[34]
,,11.514329,0.0,  TEncSearch::xPatternSearch,[28]
[55],1.57,20.849672,0.0,TComRdCost::xGetSAD64,[55]
,,,,,
,,0.062111,20.302105,  TEncCu::xCheckRDCostIntra,[52]
[56],1.53,0.062111,20.302105,TEncSearch::estIntraPredLumaQT,[56]
,,0.310816,14.378890,  TEncSearch::xRecurIntraCodingLumaQT <cycle 13>,[60]
,,0.108731,2.752051,  TComRdCost::xGetHADs,[16]
,,0.077732,0.0,  TEncSearch::xUpdateCandList,[237]
,,0.062205,0.0,  memcpy,[49]
,,0.046651,0.233281,  TEncSearch::xModeBitsIntra,[192]
,,0.046579,2.098460,  TComPrediction::predIntraAng,[101]
,,0.031112,0.015560,  TComPrediction::initIntraPatternChType,[140]
,,0.015602,0.0,  TEncBinCABAC::copyState,[109]
,,0.015560,0.0,  TEncSbac::getNumberOfWrittenBits,[185]
,,0.015548,0.0,  TComTURecurse::nextSection,[105]
,,0.015547,0.0,  TComTU::TComTU,[122]
,,0.015522,0.0,  memset,[38]
,,0.0,0.031142,  TEncBinCABACCounter::getNumWrittenBits,[156]
,,0.0,0.031116,  TEncSearch::xSetIntraResultLumaQT <cycle 12>,[276]
,,,,,
,,2.458879,13.600501,  TEncSearch::xEstimateMvPredAMVP,[30]
[57],1.21,2.458879,13.600501,TComDataCU::fillMvpCand,[57]
,,4.139485,2.131530,  TComDataCU::xAddMVPCandUnscaled,[71]
,,2.101097,0.498116,  TComDataCU::xGetColMVP,[99]
,,1.338203,0.653763,  TComDataCU::xAddMVPCandWithScaling,[117]
,,0.793721,0.015564,  TComDataCU::getPUBelowLeft,[131]
,,0.777951,0.0,  TComDataCU::deriveLeftRightTopIdx,[155]
,,0.404442,0.0,  TComDataCU::deriveLeftBottomIdx,[179]
,,0.357909,0.0,  TComDataCU::deriveRightBottomIdx,[165]
,,0.124490,0.0,  TComDataCU::getPUAboveLeft,[197]
,,0.108840,0.0,  std::_Deque_const_iterator<class std::_Deque_val<struct std::_Deque_simple_types<class TComSlice *> > >::operator+,[137]
,,0.077674,0.0,  TComDataCU::getPULeft,[184]
,,0.046667,0.0,  TComDataCU::getPartIndexAndSize,[126]
,,0.031048,0.0,"  std::deque<class TComSlice *,class std::allocator<class TComSlice *> >::begin",[181]
,,,,,
,,0.031185,0.512264,  TEncSearch::xIntraCodingTUBlock,[59]
,,0.637838,14.576429,  TEncSearch::xEstimateInterResidualQT <cycle 7>,[22]
[58],1.19,0.669022,15.088693,TEncSbac::estBit,[58]
,,4.883694,0.0,  TEncSbac::estSignificantMapBit,[78]
,,3.966425,0.0,  TEncSbac::estSignificantCoefficientsBit,[86]
,,3.578028,0.0,  TEncSbac::estLastSignificantPositionBit,[91]
,,1.633350,0.0,  TEncSbac::estCBFBit,[124]
,,1.027197,0.0,  TEncSbac::estSignificantCoeffGroupMapBit,[146]
,,,,,
,,0.326578,2.783000,  TEncSearch::xRecurIntraChromaCodingQT <cycle 11>,[95]
,,0.933064,11.254571,  TEncSearch::xRecurIntraCodingLumaQT <cycle 13>,[60]
[59],1.15,1.259642,14.037572,TEncSearch::xIntraCodingTUBlock,[59]
,,0.372955,0.684127,  TComPrediction::initIntraPatternChType,[140]
,,0.155550,8.814356,  TComTrQuant::transformNxN,[23]
,,0.093092,0.0,  TComYuv::getAddr,[90]
,,0.077885,0.0,  QpParam::QpParam,[107]
,,0.077720,0.0,  memset,[38]
,,0.077674,0.575200,  TComPrediction::predIntraAng,[101]
,,0.046512,0.311071,  TComRdCost::getDistPart,[62]
,,0.031185,0.512264,  TEncSbac::estBit,[58]
,,0.015590,0.0,  TComPrediction::filteringIntraReferenceSamples,[294]
,,0.0,2.192389,  TComTrQuant::invTransformNxN,[63]
,,,,,
,,,,  TEncSearch::xRecurIntraCodingLumaQT <cycle 13>,[60]
,,0.310816,14.378890,  TEncSearch::estIntraPredLumaQT,[56]
[60],1.11,0.310816,14.378890,TEncSearch::xRecurIntraCodingLumaQT <cycle 13>,[60]
,,0.933064,11.254571,  TEncSearch::xIntraCodingTUBlock,[59]
,,0.202013,0.0,  memcpy,[49]
,,0.046653,1.507314,  TEncSearch::xEncCoeffQT <cycle 10>,[121]
,,0.046637,0.0,  TEncSbac::resetBits,[133]
,,0.031129,0.0,  TComTURecurse::nextSection,[105]
,,0.031059,0.0,  TComBitCounter::resetBits,[187]
,,0.015614,0.093254,  TEncSearch::xEncIntraHeader,[216]
,,0.015590,0.046613,  TEncSearch::xLoadIntraResultQT,[244]
,,0.015541,0.0,  TEncSbac::getNumberOfWrittenBits,[185]
,,0.015513,0.0,  TEncBinCABACCounter::getNumWrittenBits,[156]
,,0.0,0.077796,  TEncSearch::xEncSubdivCbfQT <cycle 9>,[202]
,,,,  TEncSearch::xRecurIntraCodingLumaQT <cycle 13>,[60]
,,0.0,0.046529,  TEncSearch::xStoreIntraResultQT,[266]
,,,,,
,,0.310816,14.378890,  TEncSearch::estIntraPredLumaQT,[56]
[61],1.11,0.310816,14.378890,<cycle 13 as a whole>,[61]
,,0.310816,14.378890,  TEncSearch::xRecurIntraCodingLumaQT <cycle 13>,[60]
,,,,,
,,0.046512,0.311071,  TEncSearch::xIntraCodingTUBlock,[59]
,,0.451177,2.928453,  TEncSearch::encodeResAndCalcRdInterCU,[20]
,,2.178397,6.659273,  TEncSearch::xEstimateInterResidualQT <cycle 7>,[22]
[62],0.95,2.676087,9.898797,TComRdCost::getDistPart,[62]
,,3.143373,0.0,  TComRdCost::xGetSSE4,[98]
,,2.722513,0.0,  TComRdCost::xGetSSE8,[102]
,,2.087581,0.0,  TComRdCost::xGetSSE16,[114]
,,1.369418,0.0,  TComRdCost::xGetSSE32,[132]
,,0.575912,0.0,  TComRdCost::xGetSSE64,[161]
,,,,,
,,0.0,2.192389,  TEncSearch::xIntraCodingTUBlock,[59]
,,0.077697,5.584384,  TEncSearch::xEstimateInterResidualQT <cycle 7>,[22]
[63],0.59,0.077697,7.776773,TComTrQuant::invTransformNxN,[63]
,,2.146523,0.0,  TComTrQuant::xDeQuant,[113]
,,0.451192,5.023568,  TComTrQuant::xIT,[75]
,,0.093300,0.0,  TComTrQuant::invRdpcmNxN,[228]
,,0.062190,0.0,  TComTrQuant::xITransformSkip,[245]
,,,,,
,,7.000608,0.466727,  TComPrediction::xPredInterBi,[36]
[64],0.56,7.000608,0.466727,TComYuv::addAvg,[64]
,,0.264372,0.0,  TComYuv::getAddr,[123]
,,0.202355,0.0,  TComYuv::getAddr,[90]
,,,,,
,,6.845365,0.0,  xTrMxN,[54]
[65],0.52,6.845365,0.0,partialButterfly16,[65]
,,,,,
,,0.171092,0.0,  TEncSearch::xPatternSearch,[28]
,,1.057811,0.0,  TEncSearch::xGetTemplateCost,[37]
,,5.445690,0.0,  TEncSearch::xTZSearchHelp,[34]
[66],0.5,6.674592,0.0,TComRdCost::xGetSAD4,[66]
,,,,,
,,6.456651,0.0,  xTrMxN,[54]
[67],0.49,6.456651,0.0,partialButterfly32,[67]
,,,,,
,,0.015545,1.042260,  TEncSearch::xEncodeInterResidualQT <cycle 6>,[77]
,,0.077693,1.647334,  TEncSearch::xEncCoeffQT <cycle 10>,[121]
,,0.528955,3.113681,  TEncSearch::xEstimateInterResidualQT <cycle 7>,[22]
[68],0.48,0.622193,5.803276,TEncEntropy::encodeCoeffNxN,[68]
,,3.205981,2.488456,  TEncSbac::codeCoeffNxN,[69]
,,0.108838,0.0,  _security_check_cookie,[111]
,,,,,
,,0.435577,0.264395,  TEncEntropy::xEncodeTransform <cycle 4>,[144]
,,3.205981,2.488456,  TEncEntropy::encodeCoeffNxN,[68]
[69],0.48,3.641559,2.752851,TEncSbac::codeCoeffNxN,[69]
,,0.839490,0.0,  TComTrQuant::getSigCtxInc,[89]
,,0.808931,0.0,  TEncBinCABACCounter::encodeBin,[103]
,,0.217813,0.062193,  getTUEntropyCodingParameters,[97]
,,0.186650,0.217667,  TEncSbac::codeLastSignificantXY,[180]
,,0.171168,0.0,  memset,[38]
,,0.108951,0.015571,  TEncSbac::xWriteCoefRemainExGolomb,[215]
,,0.077725,0.015557,  TEncSbac::codeTransformSkipFlags,[229]
,,0.015593,0.0,  TComTU::getGolombRiceStatisticsIndex,[166]
,,0.015545,0.0,  _security_check_cookie,[111]
,,,,,
,,0.217872,1.945740,  TEncSearch::xMotionEstimation,[14]
,,0.622117,3.516899,  TComPrediction::xPredInterBi,[36]
[70],0.47,0.839989,5.462639,TComYuv::copyPartToPartYuv,[70]
,,1.416073,4.046566,  TComYuv::copyPartToPartComponent,[74]
,,,,,
,,4.139485,2.131530,  TComDataCU::fillMvpCand,[57]
[71],0.47,4.139485,2.131530,TComDataCU::xAddMVPCandUnscaled,[71]
,,0.793495,0.0,  std::_Deque_const_iterator<class std::_Deque_val<struct std::_Deque_simple_types<class TComSlice *> > >::operator+,[137]
,,0.606921,0.031175,  TComDataCU::getPUAboveRight,[152]
,,0.342267,0.015567,  TComDataCU::getPUBelowLeft,[131]
,,0.202256,0.0,"  std::deque<class TComSlice *,class std::allocator<class TComSlice *> >::begin",[181]
,,0.139849,0.0,  TComDataCU::getPULeft,[184]
,,,,,
,,5.804943,0.0,  TComInterpolationFilter::filterVer,[48]
[72],0.44,5.804943,0.0,"TComInterpolationFilter::filter<8,1,1,1>",[72]
,,,,,
,,1.649322,0.606625,  TEncCu::xCheckRDCostMerge2Nx2N,[29]
,,2.380344,1.058073,  TEncCu::xCompressCU <cycle 14>,[10]
[73],0.43,4.029666,1.664699,TComDataCU::initEstData,[73]
,,1.664699,0.0,  memset,[38]
,,,,,
,,0.0,0.031113,  TEncSearch::xLoadIntraResultQT,[244]
,,0.0,0.046529,  TEncSearch::xStoreIntraResultQT,[266]
,,1.416073,4.046566,  TComYuv::copyPartToPartYuv,[70]
[74],0.42,1.416073,4.124208,TComYuv::copyPartToPartComponent,[74]
,,1.976317,0.0,  memcpy,[49]
,,1.074021,0.0,  TComYuv::getAddr,[123]
,,1.073870,0.0,  TComYuv::getAddr,[90]
,,,,,
,,0.451192,5.023568,  TComTrQuant::invTransformNxN,[63]
[75],0.41,0.451192,5.023568,TComTrQuant::xIT,[75]
,,0.155365,4.728244,  xITrMxN,[79]
,,0.077804,0.0,  memcpy,[49]
,,0.062156,0.0,  _chkstk,[115]
,,,,,
,,1.960453,3.407133,  TEncSearch::xEstimateInterResidualQT <cycle 7>,[22]
[76],0.4,1.960453,3.407133,<cycle 6 as a whole>,[76]
,,1.960453,3.407133,  TEncSearch::xEncodeInterResidualQT <cycle 6>,[77]
,,,,,
,,,,  TEncSearch::xEncodeInterResidualQT <cycle 6>,[77]
,,1.960453,3.407133,  TEncSearch::xEstimateInterResidualQT <cycle 7>,[22]
[77],0.4,1.960453,3.407133,TEncSearch::xEncodeInterResidualQT <cycle 6>,[77]
,,0.933525,0.0,  TComTURecurse::nextSection,[105]
,,0.435622,0.108894,  TEncSbac::codeQtCbf,[116]
,,0.404382,0.0,  TComTU::TComTU,[122]
,,0.280185,0.0,  TComDataCU::getQuadtreeTULog2MinSizeInCU,[159]
,,0.093376,0.0,  TEncBinCABACCounter::encodeBin,[103]
,,0.077766,0.0,  _security_check_cookie,[111]
,,0.015578,0.0,  TEncSbac::codeTransformSubdivFlag,[234]
,,0.015545,1.042260,  TEncEntropy::encodeCoeffNxN,[68]
,,,,  TEncSearch::xEncodeInterResidualQT <cycle 6>,[77]
,,,,,
,,4.883694,0.0,  TEncSbac::estBit,[58]
[78],0.37,4.883694,0.0,TEncSbac::estSignificantMapBit,[78]
,,,,,
,,0.155365,4.728244,  TComTrQuant::xIT,[75]
[79],0.37,0.155365,4.728244,xITrMxN,[79]
,,2.223820,0.0,  partialButterflyInverse32,[112]
,,1.617590,0.015575,  partialButterflyInverse16,[125]
,,0.606735,0.0,  partialButterflyInverse8,[160]
,,0.155663,0.0,  fastInverseDst,[206]
,,0.093316,0.0,  partialButterflyInverse4,[226]
,,0.015545,0.0,  _chkstk,[115]
,,,,,
,,4.172775,0.667070,  TEncSearch::xMotionEstimation,[14]
[80],0.36,4.172775,0.667070,TComYuv::removeHighFreq,[80]
,,0.355725,0.0,  TComYuv::getAddr,[123]
,,0.311346,0.0,  TComYuv::getAddr,[90]
,,,,,
,,4.247454,0.420055,  TComTrQuant::xRateDistOptQuant,[27]
[81],0.35,4.247454,0.420055,TComTrQuant::xGetCodedLevel,[81]
,,0.420055,0.0,  TComTrQuant::xGetICRate,[141]
,,,,,
,,4.636205,0.0,  TComInterpolationFilter::filterHor,[42]
[82],0.35,4.636205,0.0,"TComInterpolationFilter::filter<4,0,1,0>",[82]
,,,,,
,,4.511552,0.0,  xTrMxN,[54]
[83],0.34,4.511552,0.0,partialButterfly8,[83]
,,,,,
,,4.371528,0.0,  TComInterpolationFilter::filterHor,[42]
[84],0.33,4.371528,0.0,"TComInterpolationFilter::filter<8,0,1,1>",[84]
,,,,,
,,4.092224,0.0,  TEncSearch::encodeResAndCalcRdInterCU,[20]
[85],0.31,4.092224,0.0,TComYuv::addClip,[85]
,,,,,
,,3.966425,0.0,  TEncSbac::estBit,[58]
[86],0.3,3.966425,0.0,TEncSbac::estSignificantCoefficientsBit,[86]
,,,,,
,,0.0,3.964610,  TEncCu::xCheckRDCostIntra,[52]
[87],0.3,0.0,3.964610,TEncSearch::estIntraPredChromaQT,[87]
,,0.108709,3.233909,  TEncSearch::xRecurIntraChromaCodingQT <cycle 11>,[95]
,,0.062243,0.0,  memcpy,[49]
,,0.046711,0.062219,  TEncSearch::xSetIntraResultChromaQT <cycle 8>,[218]
,,0.046675,0.077659,  TEncSearch::xEncSubdivCbfQT <cycle 9>,[202]
,,0.015586,0.0,  TEncBinCABAC::copyState,[109]
,,0.015549,0.0,  TEncSearch::xEncIntraHeader,[216]
,,0.015536,0.0,  TComBitCounter::resetBits,[187]
,,0.0,0.279814,  TEncSearch::xEncCoeffQT <cycle 10>,[121]
,,,,,
,,3.889159,0.0,  TComInterpolationFilter::filterVer,[48]
[88],0.29,3.889159,0.0,"TComInterpolationFilter::filter<8,1,0,0>",[88]
,,,,,
,,0.839490,0.0,  TEncSbac::codeCoeffNxN,[69]
,,2.971356,0.0,  TComTrQuant::xRateDistOptQuant,[27]
[89],0.29,3.810846,0.0,TComTrQuant::getSigCtxInc,[89]
,,,,,
,,0.093092,0.0,  TEncSearch::xIntraCodingTUBlock,[59]
,,0.202355,0.0,  TComYuv::addAvg,[64]
,,0.311346,0.0,  TComYuv::removeHighFreq,[80]
,,0.387543,0.0,  TComYuv::copyToPartComponent,[138]
,,1.073870,0.0,  TComYuv::copyPartToPartComponent,[74]
,,1.664851,0.0,  TComPrediction::xPredInterBlk,[31]
[90],0.28,3.733058,0.0,TComYuv::getAddr,[90]
,,,,,
,,3.578028,0.0,  TEncSbac::estBit,[58]
[91],0.27,3.578028,0.0,TEncSbac::estLastSignificantPositionBit,[91]
,,,,,
,,3.563107,0.0,  xTrMxN,[54]
[92],0.27,3.563107,0.0,partialButterfly4,[92]
,,,,,
,,3.361076,0.0,  TEncSearch::xTZSearchHelp,[34]
[93],0.25,3.361076,0.0,TComRdCost::setDistParam,[93]
,,,,,
,,0.108709,3.233909,  TEncSearch::estIntraPredChromaQT,[87]
[94],0.25,0.108709,3.233909,<cycle 11 as a whole>,[94]
,,0.108709,3.233909,  TEncSearch::xRecurIntraChromaCodingQT <cycle 11>,[95]
,,,,,
,,,,  TEncSearch::xRecurIntraChromaCodingQT <cycle 11>,[95]
,,0.108709,3.233909,  TEncSearch::estIntraPredChromaQT,[87]
[95],0.25,0.108709,3.233909,TEncSearch::xRecurIntraChromaCodingQT <cycle 11>,[95]
,,0.326578,2.783000,  TEncSearch::xIntraCodingTUBlock,[59]
,,0.077770,0.0,  memcpy,[49]
,,0.015547,0.0,  TComTURecurse::nextSection,[105]
,,0.015526,0.0,  TEncBinCABAC::copyState,[109]
,,0.015488,0.0,  memset,[38]
,,,,  TEncSearch::xRecurIntraChromaCodingQT <cycle 11>,[95]
,,,,,
,,2.181604,1.120409,  TComTrQuant::transformNxN,[23]
[96],0.25,2.181604,1.120409,TComTrQuant::rdpcmNxN,[96]
,,0.544811,0.0,  _chkstk,[115]
,,0.357675,0.0,  memset,[38]
,,0.217923,0.0,  _security_check_cookie,[111]
,,,,,
,,0.217813,0.062193,  TEncSbac::codeCoeffNxN,[69]
,,2.520686,0.451145,  TComTrQuant::xRateDistOptQuant,[27]
[97],0.24,2.738499,0.513337,getTUEntropyCodingParameters,[97]
,,0.513337,0.0,  TComDataCU::getCoefScanIdx,[168]
,,,,,
,,3.143373,0.0,  TComRdCost::getDistPart,[62]
[98],0.24,3.143373,0.0,TComRdCost::xGetSSE4,[98]
,,,,,
,,0.420032,0.093335,  TComDataCU::getInterMergeCandidates,[100]
,,2.101097,0.498116,  TComDataCU::fillMvpCand,[57]
[99],0.23,2.521129,0.591451,TComDataCU::xGetColMVP,[99]
,,0.498128,0.0,  TComDataCU::xGetDistScaleFactor,[151]
,,0.093323,0.0,  std::_Deque_const_iterator<class std::_Deque_val<struct std::_Deque_simple_types<class TComSlice *> > >::operator+,[137]
,,,,,
,,0.311269,0.357556,  TEncCu::xCheckRDCostMerge2Nx2N,[29]
,,1.042549,1.104579,  TEncSearch::xMergeEstimation,[43]
[100],0.21,1.353818,1.462135,TComDataCU::getInterMergeCandidates,[100]
,,0.420032,0.093335,  TComDataCU::xGetColMVP,[99]
,,0.295460,0.0,  TComDataCU::hasEqualMotion,[188]
,,0.155647,0.0,  TComDataCU::deriveRightBottomIdx,[165]
,,0.140026,0.0,  TComDataCU::getPartPosition,[209]
,,0.093314,0.0,  TComDataCU::deriveLeftRightTopIdxGeneral,[227]
,,0.077698,0.0,  TComDataCU::getPUAboveRight,[152]
,,0.062249,0.015600,  TComDataCU::getPUBelowLeft,[131]
,,0.046666,0.0,  TComDataCU::deriveLeftBottomIdxGeneral,[255]
,,0.031083,0.0,  TComDataCU::getPUAboveLeft,[197]
,,0.031024,0.0,  TComDataCU::getPartIndexAndSize,[126]
,,,,,
,,0.046579,2.098460,  TEncSearch::estIntraPredLumaQT,[56]
,,0.077674,0.575200,  TEncSearch::xIntraCodingTUBlock,[59]
[101],0.21,0.124253,2.673659,TComPrediction::predIntraAng,[101]
,,2.347370,0.077660,  TComPrediction::xPredIntraAng,[108]
,,0.248629,0.0,  TComPrediction::xPredIntraPlanar,[196]
,,,,,
,,2.722513,0.0,  TComRdCost::getDistPart,[62]
[102],0.2,2.722513,0.0,TComRdCost::xGetSSE8,[102]
,,,,,
,,0.015557,0.0,  TEncSbac::codeTransformSkipFlags,[229]
,,0.015565,0.0,  TEncSbac::codeMergeIndex,[220]
,,0.031059,0.0,  TEncSbac::codePartSize,[211]
,,0.046678,0.0,  TEncSbac::codeIntraDirLumaAng,[189]
,,0.046789,0.0,  TEncSearch::encodeResAndCalcRdInterCU,[20]
,,0.062187,0.0,  TEncSearch::xAddSymbolBitsInter,[118]
,,0.093376,0.0,  TEncSearch::xEncodeInterResidualQT <cycle 6>,[77]
,,0.217667,0.0,  TEncSbac::codeLastSignificantXY,[180]
,,0.622472,0.0,  TEncSbac::codeQtCbf,[116]
,,0.747413,0.0,  TEncSearch::xEstimateInterResidualQT <cycle 7>,[22]
,,0.808931,0.0,  TEncSbac::codeCoeffNxN,[69]
[103],0.2,2.707694,0.0,TEncBinCABACCounter::encodeBin,[103]
,,,,,
,,1.462330,1.197855,  TEncSearch::predInterSearch,[13]
[104],0.2,1.462330,1.197855,TEncSearch::xCheckBestMVP,[104]
,,1.197855,0.0,  TComRdCost::getBitsOfVectorWithPredictor,[50]
,,,,,
,,0.015547,0.0,  TEncSearch::xRecurIntraChromaCodingQT <cycle 11>,[95]
,,0.015548,0.0,  TEncSearch::estIntraPredLumaQT,[56]
,,0.015611,0.0,  TEncSearch::xSetIntraResultChromaQT <cycle 8>,[218]
,,0.031017,0.0,  TEncEntropy::xEncodeTransform <cycle 4>,[144]
,,0.031079,0.0,  TEncSearch::xEncCoeffQT <cycle 10>,[121]
,,0.031129,0.0,  TEncSearch::xRecurIntraCodingLumaQT <cycle 13>,[60]
,,0.046558,0.0,  TEncSearch::xEncSubdivCbfQT <cycle 9>,[202]
,,0.077876,0.0,  TEncSearch::xSetInterResidualQTData <cycle 5>,[154]
,,0.933525,0.0,  TEncSearch::xEncodeInterResidualQT <cycle 6>,[77]
,,1.322860,0.0,  TEncSearch::xEstimateInterResidualQT <cycle 7>,[22]
[105],0.19,2.520750,0.0,TComTURecurse::nextSection,[105]
,,,,,
,,2.520715,0.0,  TComInterpolationFilter::filterVer,[48]
[106],0.19,2.520715,0.0,"TComInterpolationFilter::filter<8,1,1,0>",[106]
,,,,,
,,0.077885,0.0,  TEncSearch::xIntraCodingTUBlock,[59]
,,2.442705,0.0,  TEncSearch::xEstimateInterResidualQT <cycle 7>,[22]
[107],0.19,2.520590,0.0,QpParam::QpParam,[107]
,,,,,
,,2.347370,0.077660,  TComPrediction::predIntraAng,[101]
[108],0.18,2.347370,0.077660,TComPrediction::xPredIntraAng,[108]
,,0.077660,0.0,  memcpy,[49]
,,,,,
,,0.015526,0.0,  TEncSearch::xRecurIntraChromaCodingQT <cycle 11>,[95]
,,0.015541,0.0,  TEncCu::xCheckRDCostIntra,[52]
,,0.015586,0.0,  TEncSearch::estIntraPredChromaQT,[87]
,,0.015602,0.0,  TEncSearch::estIntraPredLumaQT,[56]
,,0.031045,0.0,  TEncCu::xCompressCU <cycle 14>,[10]
,,0.031155,0.0,  TEncSearch::xModeBitsIntra,[192]
,,0.046614,0.0,  TEncCu::xCheckBestMode,[204]
,,0.248988,0.077733,  TEncSearch::encodeResAndCalcRdInterCU,[20]
,,1.244706,0.653457,  TEncSearch::xEstimateInterResidualQT <cycle 7>,[22]
[109],0.18,1.664763,0.731190,TEncBinCABAC::copyState,[109]
,,0.731190,0.0,  TEncBinCABAC::getTEncBinCABAC,[157]
,,,,,
,,2.380019,0.0,  TComTrQuant::transformNxN,[23]
[110],0.18,2.380019,0.0,TComTrQuant::xTransformSkip,[110]
,,,,,
,,0.015503,0.0,  TEncSbac::codeIntraDirLumaAng,[189]
,,0.015545,0.0,  TEncSbac::codeCoeffNxN,[69]
,,0.015575,0.0,  partialButterflyInverse16,[125]
,,0.015588,0.0,  TEncSearch::predInterSearch,[13]
,,0.031135,0.0,  xTrMxN,[54]
,,0.046605,0.0,  TComTrQuant::xT,[47]
,,0.062216,0.0,  TEncSearch::encodeResAndCalcRdInterCU,[20]
,,0.077766,0.0,  TEncSearch::xEncodeInterResidualQT <cycle 6>,[77]
,,0.077777,0.0,  TEncSearch::xEstimateInterResidualQT <cycle 7>,[22]
,,0.093320,0.0,  TComTrQuant::xQuant,[26]
,,0.108838,0.0,  TEncEntropy::encodeCoeffNxN,[68]
,,0.217923,0.0,  TComTrQuant::rdpcmNxN,[96]
,,0.264613,0.0,  TComTrQuant::xRateDistOptQuant,[27]
,,0.373417,0.0,  TComRdCost::xCalcHADs4x4,[53]
,,0.824720,0.0,  TComRdCost::xCalcHADs8x8,[17]
[111],0.17,2.240540,0.0,_security_check_cookie,[111]
,,,,,
,,2.223820,0.0,  xITrMxN,[79]
[112],0.17,2.223820,0.0,partialButterflyInverse32,[112]
,,,,,
,,2.146523,0.0,  TComTrQuant::invTransformNxN,[63]
[113],0.16,2.146523,0.0,TComTrQuant::xDeQuant,[113]
,,,,,
,,2.087581,0.0,  TComRdCost::getDistPart,[62]
[114],0.16,2.087581,0.0,TComRdCost::xGetSSE16,[114]
,,,,,
,,0.015545,0.0,  xITrMxN,[79]
,,0.062156,0.0,  TComTrQuant::xIT,[75]
,,0.140038,0.0,  TComTrQuant::xT,[47]
,,0.279862,0.0,  xTrMxN,[54]
,,0.311174,0.0,  TEncSearch::xEstimateInterResidualQT <cycle 7>,[22]
,,0.342264,0.0,  TComTrQuant::xQuant,[26]
,,0.373311,0.0,  TComTrQuant::xRateDistOptQuant,[27]
,,0.544811,0.0,  TComTrQuant::rdpcmNxN,[96]
[115],0.16,2.069160,0.0,_chkstk,[115]
,,,,,
,,0.046615,0.015578,  TEncSearch::xEncSubdivCbfQT <cycle 9>,[202]
,,0.062180,0.015528,  TEncEntropy::xEncodeTransform <cycle 4>,[144]
,,0.435622,0.108894,  TEncSearch::xEncodeInterResidualQT <cycle 6>,[77]
,,0.855583,0.482472,  TEncSearch::xEstimateInterResidualQT <cycle 7>,[22]
[116],0.15,1.400000,0.622472,TEncSbac::codeQtCbf,[116]
,,0.622472,0.0,  TEncBinCABACCounter::encodeBin,[103]
,,,,,
,,1.338203,0.653763,  TComDataCU::fillMvpCand,[57]
[117],0.15,1.338203,0.653763,TComDataCU::xAddMVPCandWithScaling,[117]
,,0.311296,0.0,  TComDataCU::xGetDistScaleFactor,[151]
,,0.124580,0.0,  TComDataCU::getPUBelowLeft,[131]
,,0.108895,0.0,  TComDataCU::getPULeft,[184]
,,0.077853,0.0,  std::_Deque_const_iterator<class std::_Deque_val<struct std::_Deque_simple_types<class TComSlice *> > >::operator+,[137]
,,0.031139,0.0,"  std::deque<class TComSlice *,class std::allocator<class TComSlice *> >::begin",[181]
,,,,,
,,0.217972,1.773312,  TEncSearch::encodeResAndCalcRdInterCU,[20]
[118],0.15,0.217972,1.773312,TEncSearch::xAddSymbolBitsInter,[118]
,,0.124494,0.575535,  TEncEntropy::xEncodeTransform <cycle 4>,[144]
,,0.093345,0.046514,  TEncSbac::codePartSize,[211]
,,0.062187,0.0,  TEncBinCABACCounter::encodeBin,[103]
,,0.046764,0.0,  TEncSbac::codeQtRootCbf,[247]
,,0.046663,0.233475,  TEncSbac::codeSkipFlag,[183]
,,0.031115,0.0,  memset,[38]
,,0.031111,0.419915,  TEncEntropy::encodePredInfo,[172]
,,0.031104,0.0,  TComTU::TComTU,[221]
,,0.015563,0.0,  TEncSbac::getNumberOfWrittenBits,[185]
,,0.0,0.015529,  TEncSbac::resetBits,[133]
,,,,,
,,0.217989,0.186655,  TEncSearch::predInterSearch,[13]
,,0.980240,0.544746,  TEncSearch::xEstimateMvPredAMVP,[30]
[119],0.15,1.198229,0.731401,TComDataCU::setSubPart<signed char>,[119]
,,0.731401,0.0,  memset,[38]
,,,,,
,,0.0,0.279814,  TEncSearch::estIntraPredChromaQT,[87]
,,0.046653,1.507314,  TEncSearch::xRecurIntraCodingLumaQT <cycle 13>,[60]
[120],0.14,0.046653,1.787128,<cycle 10 as a whole>,[120]
,,0.046653,1.787128,  TEncSearch::xEncCoeffQT <cycle 10>,[121]
,,,,,
,,0.0,0.279814,  TEncSearch::estIntraPredChromaQT,[87]
,,,,  TEncSearch::xEncCoeffQT <cycle 10>,[121]
,,0.046653,1.507314,  TEncSearch::xRecurIntraCodingLumaQT <cycle 13>,[60]
[121],0.14,0.046653,1.787128,TEncSearch::xEncCoeffQT <cycle 10>,[121]
,,0.077693,1.647334,  TEncEntropy::encodeCoeffNxN,[68]
,,0.031079,0.0,  TComTURecurse::nextSection,[105]
,,0.031022,0.0,  TComTU::TComTU,[122]
,,,,  TEncSearch::xEncCoeffQT <cycle 10>,[121]
,,,,,
,,0.015547,0.0,  TEncSearch::estIntraPredLumaQT,[56]
,,0.031022,0.0,  TEncSearch::xEncCoeffQT <cycle 10>,[121]
,,0.031070,0.0,  TEncSearch::xSetInterResidualQTData <cycle 5>,[154]
,,0.031134,0.0,  TEncSearch::xEncSubdivCbfQT <cycle 9>,[202]
,,0.046555,0.0,  TEncEntropy::xEncodeTransform <cycle 4>,[144]
,,0.404382,0.0,  TEncSearch::xEncodeInterResidualQT <cycle 6>,[77]
,,1.213429,0.0,  TEncSearch::xEstimateInterResidualQT <cycle 7>,[22]
[122],0.13,1.773138,0.0,TComTU::TComTU,[122]
,,,,,
,,0.015546,0.0,  TEncSearch::xSetIntraResultChromaQT <cycle 8>,[218]
,,0.264372,0.0,  TComYuv::addAvg,[64]
,,0.355725,0.0,  TComYuv::removeHighFreq,[80]
,,1.074021,0.0,  TComYuv::copyPartToPartComponent,[74]
[123],0.13,1.709663,0.0,TComYuv::getAddr,[123]
,,,,,
,,1.633350,0.0,  TEncSbac::estBit,[58]
[124],0.12,1.633350,0.0,TEncSbac::estCBFBit,[124]
,,,,,
,,1.617590,0.015575,  xITrMxN,[79]
[125],0.12,1.617590,0.015575,partialButterflyInverse16,[125]
,,0.015575,0.0,  _security_check_cookie,[111]
,,,,,
,,0.015569,0.0,  TEncCu::xCheckRDCostMerge2Nx2N,[29]
,,0.031024,0.0,  TComDataCU::getInterMergeCandidates,[100]
,,0.031064,0.0,  TEncSearch::xMergeEstimation,[43]
,,0.046667,0.0,  TComDataCU::fillMvpCand,[57]
,,0.155661,0.0,  TEncSearch::predInterSearch,[13]
,,0.186688,0.0,  TComPrediction::motionCompensation,[39]
,,0.295671,0.0,  TEncSearch::xGetInterPredictionError,[40]
,,0.295771,0.0,  TEncSearch::xMotionEstimation,[14]
,,0.498017,0.0,  TEncSearch::xEstimateMvPredAMVP,[30]
[126],0.12,1.556134,0.0,TComDataCU::getPartIndexAndSize,[126]
,,,,,
,,1.556060,0.0,  TEncSearch::encodeResAndCalcRdInterCU,[20]
[127],0.12,1.556060,0.0,TComYuv::subtract,[127]
,,,,,
,,0.700303,0.0,  TEncSearch::xMotionEstimation,[14]
,,0.778434,0.0,  TEncSearch::xTZSearch,[32]
[128],0.11,1.478737,0.0,TEncSearch::xSetSearchRange,[128]
,,,,,
,,1.462523,0.0,  TComInterpolationFilter::filterVer,[48]
[129],0.11,1.462523,0.0,"TComInterpolationFilter::filter<4,1,0,0>",[129]
,,,,,
,,0.249051,0.0,  TEncCu::xCheckRDCostMerge2Nx2N,[29]
,,0.435994,0.0,  TEncSearch::xMergeEstimation,[43]
,,0.731194,0.0,  TEncSearch::predInterSearch,[13]
[130],0.11,1.416239,0.0,TComCUMvField::setAll<class TComMv>,[130]
,,,,,
,,0.031080,0.0,  TComPrediction::initIntraPatternChType,[140]
,,0.062249,0.015600,  TComDataCU::getInterMergeCandidates,[100]
,,0.124580,0.0,  TComDataCU::xAddMVPCandWithScaling,[117]
,,0.342267,0.015567,  TComDataCU::xAddMVPCandUnscaled,[71]
,,0.793721,0.015564,  TComDataCU::fillMvpCand,[57]
[131],0.11,1.353898,0.046730,TComDataCU::getPUBelowLeft,[131]
,,0.046730,0.0,  TComDataCU::CUIsFromSameSliceAndTile,[224]
,,,,,
,,1.369418,0.0,  TComRdCost::getDistPart,[62]
[132],0.1,1.369418,0.0,TComRdCost::xGetSSE32,[132]
,,,,,
,,0.0,0.015529,  TEncSearch::xAddSymbolBitsInter,[118]
,,0.0,0.015548,  TEncSlice::compressSlice,[8]
,,0.015564,0.0,  TEncCu::xCompressCU <cycle 14>,[10]
,,0.031138,0.0,  [Unknown stack frame(s)],[272]
,,0.046637,0.0,  TEncSearch::xRecurIntraCodingLumaQT <cycle 13>,[60]
,,0.046671,0.015563,  TEncSearch::encodeResAndCalcRdInterCU,[20]
,,0.808964,0.373286,  TEncSearch::xEstimateInterResidualQT <cycle 7>,[22]
[133],0.1,0.948973,0.419926,TEncSbac::resetBits,[133]
,,0.419926,0.0,  TEncBinCABAC::resetBits,[174]
,,,,,
,,0.0,1.340699,  TEncGOP::compressGOP,[7]
[134],0.1,0.0,1.340699,TEncSampleAdaptiveOffset::SAOProcess,[134]
,,0.0,0.031141,  TComPicYuv::copyToPic,[194]
,,0.0,0.031278,  TEncSampleAdaptiveOffset::decideBlkParams,[267]
,,0.0,1.278280,  TEncSampleAdaptiveOffset::getStatistics,[136]
,,,,,
,,1.231598,0.046682,  TEncSampleAdaptiveOffset::getStatistics,[136]
[135],0.1,1.231598,0.046682,TEncSampleAdaptiveOffset::getBlkStats,[135]
,,0.046682,0.0,  memset,[38]
,,,,,
,,0.0,1.278280,  TEncSampleAdaptiveOffset::SAOProcess,[134]
[136],0.1,0.0,1.278280,TEncSampleAdaptiveOffset::getStatistics,[136]
,,1.231598,0.046682,  TEncSampleAdaptiveOffset::getBlkStats,[135]
,,,,,
,,0.077853,0.0,  TComDataCU::xAddMVPCandWithScaling,[117]
,,0.093323,0.0,  TComDataCU::xGetColMVP,[99]
,,0.108840,0.0,  TComDataCU::fillMvpCand,[57]
,,0.186855,0.0,  TComPrediction::xCheckIdenticalMotion,[139]
,,0.793495,0.0,  TComDataCU::xAddMVPCandUnscaled,[71]
[137],0.09,1.260365,0.0,std::_Deque_const_iterator<class std::_Deque_val<struct std::_Deque_simple_types<class TComSlice *> > >::operator+,[137]
,,,,,
,,0.186692,0.249000,  TEncCu::xCopyYuv2Tmp,[162]
,,0.264606,0.527442,  TEncSearch::encodeResAndCalcRdInterCU,[20]
[138],0.09,0.451298,0.776442,TComYuv::copyToPartComponent,[138]
,,0.388899,0.0,  memcpy,[49]
,,0.387543,0.0,  TComYuv::getAddr,[90]
,,,,,
,,0.388930,0.171167,  TEncCu::xCheckRDCostMerge2Nx2N,[29]
,,0.466796,0.140079,  TComPrediction::motionCompensation,[39]
[139],0.09,0.855726,0.311247,TComPrediction::xCheckIdenticalMotion,[139]
,,0.186855,0.0,  std::_Deque_const_iterator<class std::_Deque_val<struct std::_Deque_simple_types<class TComSlice *> > >::operator+,[137]
,,0.124392,0.0,"  std::deque<class TComSlice *,class std::allocator<class TComSlice *> >::begin",[181]
,,,,,
,,0.031112,0.015560,  TEncSearch::estIntraPredLumaQT,[56]
,,0.372955,0.684127,  TEncSearch::xIntraCodingTUBlock,[59]
[140],0.08,0.404068,0.699687,TComPrediction::initIntraPatternChType,[140]
,,0.419819,0.0,  fillReferenceSamples,[176]
,,0.077689,0.0,  TComDataCU::getPUAboveRight,[152]
,,0.062239,0.015615,  TComDataCU::getPUAboveLeft,[197]
,,0.062137,0.0,  isLeftAvailable,[246]
,,0.031108,0.0,  isAboveAvailable,[278]
,,0.031080,0.0,  TComDataCU::getPUBelowLeft,[131]
,,,,,
,,0.420055,0.0,  TComTrQuant::xGetCodedLevel,[81]
,,0.653269,0.0,  TComTrQuant::xRateDistOptQuant,[27]
[141],0.08,1.073324,0.0,TComTrQuant::xGetICRate,[141]
,,,,,
,,0.575197,0.482376,  TEncCu::xCompressCU <cycle 14>,[10]
[142],0.08,0.575197,0.482376,TComDataCU::initSubCU,[142]
,,0.482376,0.0,  memset,[38]
,,,,,
,,0.0,0.031123,  TEncEntropy::encodeCoeff,[273]
,,0.046690,0.279707,  TEncCu::xCheckRDCostIntra,[52]
,,0.124494,0.575535,  TEncSearch::xAddSymbolBitsInter,[118]
[143],0.08,0.171184,0.886364,<cycle 4 as a whole>,[143]
,,0.171184,0.886364,  TEncEntropy::xEncodeTransform <cycle 4>,[144]
,,,,,
,,0.0,0.031123,  TEncEntropy::encodeCoeff,[273]
,,,,  TEncEntropy::xEncodeTransform <cycle 4>,[144]
,,0.046690,0.279707,  TEncCu::xCheckRDCostIntra,[52]
,,0.124494,0.575535,  TEncSearch::xAddSymbolBitsInter,[118]
[144],0.08,0.171184,0.886364,TEncEntropy::xEncodeTransform <cycle 4>,[144]
,,0.435577,0.264395,  TEncSbac::codeCoeffNxN,[69]
,,0.062180,0.015528,  TEncSbac::codeQtCbf,[116]
,,0.046555,0.0,  TComTU::TComTU,[122]
,,0.031017,0.0,  TComTURecurse::nextSection,[105]
,,0.015579,0.0,  TComDataCU::getQuadtreeTULog2MinSizeInCU,[159]
,,0.015533,0.0,  TEncSbac::codeCrossComponentPrediction,[241]
,,,,  TEncEntropy::xEncodeTransform <cycle 4>,[144]
,,,,,
,,0.077769,0.964731,  TEncCu::xCompressCU <cycle 14>,[10]
[145],0.08,0.077769,0.964731,TComDataCU::copyToPic,[145]
,,0.964731,0.0,  memcpy,[49]
,,,,,
,,1.027197,0.0,  TEncSbac::estBit,[58]
[146],0.08,1.027197,0.0,TEncSbac::estSignificantCoeffGroupMapBit,[146]
,,,,,
,,0.186775,0.0,  TEncCu::xCheckRDCostMerge2Nx2N,[29]
,,0.280143,0.0,  TEncSearch::xMergeEstimation,[43]
,,0.560047,0.0,  TEncSearch::predInterSearch,[13]
[147],0.08,1.026965,0.0,TComCUMvField::setAll<signed char>,[147]
,,,,,
,,0.280004,0.0,  TEncSearch::xTZSearchHelp,[34]
,,0.746679,0.0,  TEncSearch::xPatternSearch,[28]
[148],0.08,1.026682,0.0,TComRdCost::xGetSAD24,[148]
,,,,,
,,1.011606,0.0,  TComInterpolationFilter::filterVer,[48]
[149],0.08,1.011606,0.0,"TComInterpolationFilter::filter<4,1,0,1>",[149]
,,,,,
,,0.839986,0.0,  TComInterpolationFilter::filterVer,[48]
[150],0.06,0.839986,0.0,"TComInterpolationFilter::filter<4,1,1,0>",[150]
,,,,,
,,0.311296,0.0,  TComDataCU::xAddMVPCandWithScaling,[117]
,,0.498128,0.0,  TComDataCU::xGetColMVP,[99]
[151],0.06,0.809423,0.0,TComDataCU::xGetDistScaleFactor,[151]
,,,,,
,,0.077689,0.0,  TComPrediction::initIntraPatternChType,[140]
,,0.077698,0.0,  TComDataCU::getInterMergeCandidates,[100]
,,0.606921,0.031175,  TComDataCU::xAddMVPCandUnscaled,[71]
[152],0.06,0.762309,0.031175,TComDataCU::getPUAboveRight,[152]
,,0.031175,0.0,  TComDataCU::CUIsFromSameSliceAndTile,[224]
,,,,,
,,0.155630,0.637785,  TEncSearch::encodeResAndCalcRdInterCU,[20]
[153],0.06,0.155630,0.637785,<cycle 5 as a whole>,[153]
,,0.155630,0.637785,  TEncSearch::xSetInterResidualQTData <cycle 5>,[154]
,,,,,
,,,,  TEncSearch::xSetInterResidualQTData <cycle 5>,[154]
,,0.155630,0.637785,  TEncSearch::encodeResAndCalcRdInterCU,[20]
[154],0.06,0.155630,0.637785,TEncSearch::xSetInterResidualQTData <cycle 5>,[154]
,,0.249002,0.0,  memcpy,[49]
,,0.093177,0.186658,  TComYuv::copyPartToPartComponentMxN,[193]
,,0.077876,0.0,  TComTURecurse::nextSection,[105]
,,0.031070,0.0,  TComTU::TComTU,[122]
,,,,  TEncSearch::xSetInterResidualQTData <cycle 5>,[154]
,,,,,
,,0.777951,0.0,  TComDataCU::fillMvpCand,[57]
[155],0.06,0.777951,0.0,TComDataCU::deriveLeftRightTopIdx,[155]
,,,,,
,,0.0,0.031142,  TEncSearch::estIntraPredLumaQT,[56]
,,0.015513,0.0,  TEncSearch::xRecurIntraCodingLumaQT <cycle 13>,[60]
,,0.015603,0.015560,  TEncSearch::encodeResAndCalcRdInterCU,[20]
,,0.482332,0.202299,  TEncSearch::xEstimateInterResidualQT <cycle 7>,[22]
[156],0.06,0.513449,0.249001,TEncBinCABACCounter::getNumWrittenBits,[156]
,,0.249001,0.0,  TComBitCounter::getNumberOfWrittenBits,[195]
,,,,,
,,0.731190,0.0,  TEncBinCABAC::copyState,[109]
[157],0.06,0.731190,0.0,TEncBinCABAC::getTEncBinCABAC,[157]
,,,,,
,,0.280144,0.389050,  TEncCu::xCompressCU <cycle 14>,[10]
[158],0.05,0.280144,0.389050,TComDataCU::copyPartFrom,[158]
,,0.389050,0.0,  memcpy,[49]
,,,,,
,,0.015570,0.0,  TEncSearch::xEncSubdivCbfQT <cycle 9>,[202]
,,0.015579,0.0,  TEncEntropy::xEncodeTransform <cycle 4>,[144]
,,0.280185,0.0,  TEncSearch::xEncodeInterResidualQT <cycle 6>,[77]
,,0.342295,0.0,  TEncSearch::xEstimateInterResidualQT <cycle 7>,[22]
[159],0.05,0.653630,0.0,TComDataCU::getQuadtreeTULog2MinSizeInCU,[159]
,,,,,
,,0.606735,0.0,  xITrMxN,[79]
[160],0.05,0.606735,0.0,partialButterflyInverse8,[160]
,,,,,
,,0.575912,0.0,  TComRdCost::getDistPart,[62]
[161],0.04,0.575912,0.0,TComRdCost::xGetSSE64,[161]
,,,,,
,,0.093363,0.435692,  TEncCu::xCompressCU <cycle 14>,[10]
[162],0.04,0.093363,0.435692,TEncCu::xCopyYuv2Tmp,[162]
,,0.186692,0.249000,  TComYuv::copyToPartComponent,[138]
,,,,,
,,0.528962,0.0,  TComInterpolationFilter::filterVer,[48]
[163],0.04,0.528962,0.0,"TComInterpolationFilter::filter<4,1,1,1>",[163]
,,,,,
,,0.513608,0.0,  TEncSearch::xEstimateInterResidualQT <cycle 7>,[22]
[164],0.04,0.513608,0.0,TEncSbac::codeQtCbfZero,[164]
,,,,,
,,0.155647,0.0,  TComDataCU::getInterMergeCandidates,[100]
,,0.357909,0.0,  TComDataCU::fillMvpCand,[57]
[165],0.04,0.513556,0.0,TComDataCU::deriveRightBottomIdx,[165]
,,,,,
,,0.015593,0.0,  TEncSbac::codeCoeffNxN,[69]
,,0.497907,0.0,  TComTrQuant::xRateDistOptQuant,[27]
[166],0.04,0.513499,0.0,TComTU::getGolombRiceStatisticsIndex,[166]
,,,,,
,,0.155536,0.0,  TEncSearch::xTZSearchHelp,[34]
,,0.357936,0.0,  TEncSearch::xPatternSearch,[28]
[167],0.04,0.513472,0.0,TComRdCost::xGetSAD12,[167]
,,,,,
,,0.513337,0.0,  getTUEntropyCodingParameters,[97]
[168],0.04,0.513337,0.0,TComDataCU::getCoefScanIdx,[168]
,,,,,
,,0.093296,0.404557,  TEncSearch::xTZSearch,[32]
[169],0.04,0.093296,0.404557,TEncSearch::xTZ2PointSearch,[169]
,,0.031118,0.373439,  TEncSearch::xTZSearchHelp,[34]
,,,,,
,,0.015547,0.186670,  TEncCu::xCopyYuv2Pic,[191]
,,0.015595,0.233480,  TEncCu::xCompressCU <cycle 14>,[10]
[170],0.03,0.031143,0.420150,TComYuv::copyToPicYuv,[170]
,,0.217978,0.202173,  TComYuv::copyToPicComponent,[173]
,,,,,
,,0.451162,0.0,  TEncSearch::xEstimateInterResidualQT <cycle 7>,[22]
[171],0.03,0.451162,0.0,TComYuv::getStride,[171]
,,,,,
,,0.031111,0.419915,  TEncSearch::xAddSymbolBitsInter,[118]
[172],0.03,0.031111,0.419915,TEncEntropy::encodePredInfo,[172]
,,0.171117,0.248798,  TEncEntropy::encodePUWise,[175]
,,,,,
,,0.217978,0.202173,  TComYuv::copyToPicYuv,[170]
[173],0.03,0.217978,0.202173,TComYuv::copyToPicComponent,[173]
,,0.202173,0.0,  memcpy,[49]
,,,,,
,,0.419926,0.0,  TEncSbac::resetBits,[133]
[174],0.03,0.419926,0.0,TEncBinCABAC::resetBits,[174]
,,,,,
,,0.171117,0.248798,  TEncEntropy::encodePredInfo,[172]
[175],0.03,0.171117,0.248798,TEncEntropy::encodePUWise,[175]
,,0.046670,0.015565,  TEncSbac::codeMergeIndex,[220]
,,0.031114,0.0,  TEncSbac::codeInterDir,[277]
,,0.031100,0.0,  TEncSbac::codeMergeFlag,[279]
,,0.031078,0.0,  TEncSbac::codeRefFrmIdx,[283]
,,0.015557,0.031073,  TEncSbac::codeMvd,[257]
,,0.015551,0.031089,  TEncSbac::codeMVPIdx,[256]
,,,,,
,,0.419819,0.0,  TComPrediction::initIntraPatternChType,[140]
[176],0.03,0.419819,0.0,fillReferenceSamples,[176]
,,,,,
,,0.093260,0.062299,  TEncCu::xCheckRDCostMerge2Nx2N,[29]
,,0.186963,0.062226,  TEncSearch::predInterSearch,[13]
[177],0.03,0.280223,0.124525,TComDataCU::setSubPart<bool>,[177]
,,0.124525,0.0,  memset,[38]
,,,,,
,,0.093451,0.015615,  TEncCu::xCheckRDCostMerge2Nx2N,[29]
,,0.217791,0.077767,  TEncSearch::predInterSearch,[13]
[178],0.03,0.311242,0.093382,TComDataCU::setSubPart<unsigned char>,[178]
,,0.093382,0.0,  memset,[38]
,,,,,
,,0.404442,0.0,  TComDataCU::fillMvpCand,[57]
[179],0.03,0.404442,0.0,TComDataCU::deriveLeftBottomIdx,[179]
,,,,,
,,0.186650,0.217667,  TEncSbac::codeCoeffNxN,[69]
[180],0.03,0.186650,0.217667,TEncSbac::codeLastSignificantXY,[180]
,,0.217667,0.0,  TEncBinCABACCounter::encodeBin,[103]
,,,,,
,,0.031048,0.0,  TComDataCU::fillMvpCand,[57]
,,0.031139,0.0,  TComDataCU::xAddMVPCandWithScaling,[117]
,,0.124392,0.0,  TComPrediction::xCheckIdenticalMotion,[139]
,,0.202256,0.0,  TComDataCU::xAddMVPCandUnscaled,[71]
[181],0.03,0.388835,0.0,"std::deque<class TComSlice *,class std::allocator<class TComSlice *> >::begin",[181]
,,,,,
,,0.373378,0.0,  TComInterpolationFilter::filterHor,[42]
[182],0.03,0.373378,0.0,"TComInterpolationFilter::filter<4,0,1,1>",[182]
,,,,,
,,0.0,0.046722,  TEncSearch::encodeResAndCalcRdInterCU,[20]
,,0.046663,0.233475,  TEncSearch::xAddSymbolBitsInter,[118]
[183],0.02,0.046663,0.280197,TEncSbac::codeSkipFlag,[183]
,,0.280197,0.0,  TComDataCU::getCtxSkipFlag,[190]
,,,,,
,,0.077674,0.0,  TComDataCU::fillMvpCand,[57]
,,0.108895,0.0,  TComDataCU::xAddMVPCandWithScaling,[117]
,,0.139849,0.0,  TComDataCU::xAddMVPCandUnscaled,[71]
[184],0.02,0.326418,0.0,TComDataCU::getPULeft,[184]
,,,,,
,,0.015541,0.0,  TEncSearch::xRecurIntraCodingLumaQT <cycle 13>,[60]
,,0.015560,0.0,  TEncSearch::estIntraPredLumaQT,[56]
,,0.015563,0.0,  TEncSearch::xAddSymbolBitsInter,[118]
,,0.062293,0.0,  TEncSearch::encodeResAndCalcRdInterCU,[20]
,,0.202482,0.0,  TEncSearch::xEstimateInterResidualQT <cycle 7>,[22]
[185],0.02,0.311439,0.0,TEncSbac::getNumberOfWrittenBits,[185]
,,,,,
,,0.031128,0.280008,  TEncCu::xCompressCU <cycle 14>,[10]
[186],0.02,0.031128,0.280008,TComYuv::copyFromPicComponent,[186]
,,0.280008,0.0,  memcpy,[49]
,,,,,
,,0.015536,0.0,  TEncSearch::estIntraPredChromaQT,[87]
,,0.015608,0.0,  TEncCu::xCompressCU <cycle 14>,[10]
,,0.031059,0.0,  TEncSearch::xRecurIntraCodingLumaQT <cycle 13>,[60]
,,0.233504,0.0,  TEncSearch::xEstimateInterResidualQT <cycle 7>,[22]
[187],0.02,0.295706,0.0,TComBitCounter::resetBits,[187]
,,,,,
,,0.295460,0.0,  TComDataCU::getInterMergeCandidates,[100]
[188],0.02,0.295460,0.0,TComDataCU::hasEqualMotion,[188]
,,,,,
,,0.046691,0.046563,  TEncSearch::xEncIntraHeader,[216]
,,0.093156,0.108969,  TEncSearch::xModeBitsIntra,[192]
[189],0.02,0.139848,0.155532,TEncSbac::codeIntraDirLumaAng,[189]
,,0.046678,0.0,  TEncBinCABACCounter::encodeBin,[103]
,,0.046604,0.0,  TComDataCU::getIntraDirPredictor,[264]
,,0.031150,0.0,  TEncBinCABACCounter::encodeBinsEP,[240]
,,0.015597,0.0,  TEncBinCABACCounter::encodeBinEP,[265]
,,0.015503,0.0,  _security_check_cookie,[111]
,,,,,
,,0.280197,0.0,  TEncSbac::codeSkipFlag,[183]
[190],0.02,0.280197,0.0,TComDataCU::getCtxSkipFlag,[190]
,,,,,
,,0.077760,0.202217,  TEncCu::xCompressCU <cycle 14>,[10]
[191],0.02,0.077760,0.202217,TEncCu::xCopyYuv2Pic,[191]
,,0.015547,0.186670,  TComYuv::copyToPicYuv,[170]
,,,,,
,,0.046651,0.233281,  TEncSearch::estIntraPredLumaQT,[56]
[192],0.02,0.046651,0.233281,TEncSearch::xModeBitsIntra,[192]
,,0.093156,0.108969,  TEncSbac::codeIntraDirLumaAng,[189]
,,0.031155,0.0,  TEncBinCABAC::copyState,[109]
,,,,,
,,0.093177,0.186658,  TEncSearch::xSetInterResidualQTData <cycle 5>,[154]
[193],0.02,0.093177,0.186658,TComYuv::copyPartToPartComponentMxN,[193]
,,0.186658,0.0,  memcpy,[49]
,,,,,
,,0.0,0.093731,  TEncGOP::compressGOP,[7]
,,0.0,0.031141,  TEncSampleAdaptiveOffset::SAOProcess,[134]
,,0.0,0.124678,  TEncTop::encode,[6]
[194],0.02,0.0,0.249550,TComPicYuv::copyToPic,[194]
,,0.249550,0.0,  memcpy,[49]
,,,,,
,,0.249001,0.0,  TEncBinCABACCounter::getNumWrittenBits,[156]
[195],0.02,0.249001,0.0,TComBitCounter::getNumberOfWrittenBits,[195]
,,,,,
,,0.248629,0.0,  TComPrediction::predIntraAng,[101]
[196],0.02,0.248629,0.0,TComPrediction::xPredIntraPlanar,[196]
,,,,,
,,0.031083,0.0,  TComDataCU::getInterMergeCandidates,[100]
,,0.062239,0.015615,  TComPrediction::initIntraPatternChType,[140]
,,0.124490,0.0,  TComDataCU::fillMvpCand,[57]
[197],0.02,0.217813,0.015615,TComDataCU::getPUAboveLeft,[197]
,,0.015615,0.0,  TComDataCU::CUIsFromSameSliceAndTile,[224]
,,,,,
,,0.233083,0.0,  xTrMxN,[54]
[198],0.02,0.233083,0.0,fastForwardDst,[198]
,,,,,
,,0.0,0.221227,  TAppEncTop::encode,[5]
[199],0.02,0.0,0.221227,TVideoIOYuv::read,[199]
,,0.108847,0.081195,  readPlane,[203]
,,0.0,0.031185,  TVideoIOYuv::ColourSpaceConvert,[268]
,,,,,
,,0.217678,0.0,  TEncSearch::xMotionEstimation,[14]
[200],0.02,0.217678,0.0,floor,[200]
,,,,,
,,0.0,0.077796,  TEncSearch::xRecurIntraCodingLumaQT <cycle 13>,[60]
,,0.046675,0.077659,  TEncSearch::estIntraPredChromaQT,[87]
[201],0.02,0.046675,0.155455,<cycle 9 as a whole>,[201]
,,0.046675,0.155455,  TEncSearch::xEncSubdivCbfQT <cycle 9>,[202]
,,,,,
,,,,  TEncSearch::xEncSubdivCbfQT <cycle 9>,[202]
,,0.0,0.077796,  TEncSearch::xRecurIntraCodingLumaQT <cycle 13>,[60]
,,0.046675,0.077659,  TEncSearch::estIntraPredChromaQT,[87]
[202],0.02,0.046675,0.155455,TEncSearch::xEncSubdivCbfQT <cycle 9>,[202]
,,0.046615,0.015578,  TEncSbac::codeQtCbf,[116]
,,0.046558,0.0,  TComTURecurse::nextSection,[105]
,,0.031134,0.0,  TComTU::TComTU,[122]
,,0.015570,0.0,  TComDataCU::getQuadtreeTULog2MinSizeInCU,[159]
,,,,  TEncSearch::xEncSubdivCbfQT <cycle 9>,[202]
,,,,,
,,0.108847,0.081195,  TVideoIOYuv::read,[199]
[203],0.01,0.108847,0.081195,readPlane,[203]
,,0.0,0.081195,"  std::basic_istream<char,struct std::char_traits<char> >::read",[233]
,,,,,
,,0.077809,0.108834,  TEncCu::xCheckRDCostMerge2Nx2N,[29]
[204],0.01,0.077809,0.108834,TEncCu::xCheckBestMode,[204]
,,0.062220,0.0,  memcpy,[49]
,,0.046614,0.0,  TEncBinCABAC::copyState,[109]
,,,,,
,,0.062314,0.0,  TEncSearch::predInterSearch,[13]
,,0.108886,0.0,  TEncCu::xCheckRDCostMerge2Nx2N,[29]
[205],0.01,0.171201,0.0,TComDataCU::getNumPartitions,[205]
,,,,,
,,0.155663,0.0,  xITrMxN,[79]
[206],0.01,0.155663,0.0,fastInverseDst,[206]
,,,,,
,,0.031062,0.062191,  TEncSlice::compressSlice,[8]
,,0.031113,0.031087,  TEncCu::compressCtu,[9]
[207],0.01,0.062174,0.093278,TComDataCU::initCtu,[207]
,,0.093278,0.0,  memset,[38]
,,,,,
,,0.155317,0.0,  TEncSearch::predInterSearch,[13]
[208],0.01,0.155317,0.0,TEncSearch::xGetBlkBits,[208]
,,,,,
,,0.140026,0.0,  TComDataCU::getInterMergeCandidates,[100]
[209],0.01,0.140026,0.0,TComDataCU::getPartPosition,[209]
,,,,,
,,0.139942,0.0,  TEncSearch::xMotionEstimation,[14]
[210],0.01,0.139942,0.0,TEncSearch::setWpScalingDistParam,[210]
,,,,,
,,0.093345,0.046514,  TEncSearch::xAddSymbolBitsInter,[118]
[211],0.01,0.093345,0.046514,TEncSbac::codePartSize,[211]
,,0.031059,0.0,  TEncBinCABACCounter::encodeBin,[103]
,,0.015455,0.0,  TEncBinCABACCounter::encodeBinEP,[265]
,,,,,
,,0.0,0.124531,  TComLoopFilter::loopFilterPic,[213]
[212],0.01,0.0,0.124531,<cycle 2 as a whole>,[212]
,,0.0,0.124531,  TComLoopFilter::xDeblockCU <cycle 2>,[214]
,,,,,
,,0.0,0.124531,  TEncGOP::compressGOP,[7]
[213],0.01,0.0,0.124531,TComLoopFilter::loopFilterPic,[213]
,,0.0,0.124531,  TComLoopFilter::xDeblockCU <cycle 2>,[214]
,,,,,
,,0.0,0.124531,  TComLoopFilter::loopFilterPic,[213]
,,,,  TComLoopFilter::xDeblockCU <cycle 2>,[214]
[214],0.01,0.0,0.124531,TComLoopFilter::xDeblockCU <cycle 2>,[214]
,,0.046671,0.015545,  TComLoopFilter::xGetBoundaryStrengthSingle,[243]
,,0.015608,0.0,  TComLoopFilter::xSetEdgefilterTU <cycle 3>,[289]
,,0.015590,0.031117,  TComLoopFilter::xEdgeFilterLuma,[248]
,,,,  TComLoopFilter::xDeblockCU <cycle 2>,[214]
,,,,,
,,0.108951,0.015571,  TEncSbac::codeCoeffNxN,[69]
[215],0.01,0.108951,0.015571,TEncSbac::xWriteCoefRemainExGolomb,[215]
,,0.015571,0.0,  TEncBinCABACCounter::encodeBinsEP,[240]
,,,,,
,,0.015549,0.0,  TEncSearch::estIntraPredChromaQT,[87]
,,0.015614,0.093254,  TEncSearch::xRecurIntraCodingLumaQT <cycle 13>,[60]
[216],0.01,0.031163,0.093254,TEncSearch::xEncIntraHeader,[216]
,,0.046691,0.046563,  TEncSbac::codeIntraDirLumaAng,[189]
,,,,,
,,0.046711,0.062219,  TEncSearch::estIntraPredChromaQT,[87]
[217],0.01,0.046711,0.062219,<cycle 8 as a whole>,[217]
,,0.046711,0.062219,  TEncSearch::xSetIntraResultChromaQT <cycle 8>,[218]
,,,,,
,,,,  TEncSearch::xSetIntraResultChromaQT <cycle 8>,[218]
,,0.046711,0.062219,  TEncSearch::estIntraPredChromaQT,[87]
[218],0.01,0.046711,0.062219,TEncSearch::xSetIntraResultChromaQT <cycle 8>,[218]
,,0.031063,0.0,  memcpy,[49]
,,0.015611,0.0,  TComTURecurse::nextSection,[105]
,,0.015546,0.0,  TComYuv::getAddr,[123]
,,,,  TEncSearch::xSetIntraResultChromaQT <cycle 8>,[218]
,,,,,
,,0.108913,0.0,  TEncSearch::xGetTemplateCost,[37]
[219],0.01,0.108913,0.0,TComRdCost::xGetSAD,[219]
,,,,,
,,0.046613,0.0,  TEncSearch::encodeResAndCalcRdInterCU,[20]
,,0.046670,0.015565,  TEncEntropy::encodePUWise,[175]
[220],0.01,0.093283,0.015565,TEncSbac::codeMergeIndex,[220]
,,0.015565,0.0,  TEncBinCABACCounter::encodeBin,[103]
,,,,,
,,0.031104,0.0,  TEncSearch::xAddSymbolBitsInter,[118]
,,0.077743,0.0,  TEncSearch::encodeResAndCalcRdInterCU,[20]
[221],0.01,0.108847,0.0,TComTU::TComTU,[221]
,,,,,
,,0.093563,0.0,  TEncGOP::xCalculateAddPSNRs,[223]
[222],0.01,0.093563,0.0,TEncGOP::xCalculateAddPSNR,[222]
,,,,,
,,0.0,0.093563,  TEncGOP::compressGOP,[7]
[223],0.01,0.0,0.093563,TEncGOP::xCalculateAddPSNRs,[223]
,,0.093563,0.0,  TEncGOP::xCalculateAddPSNR,[222]
,,,,,
,,0.015615,0.0,  TComDataCU::getPUAboveLeft,[197]
,,0.031175,0.0,  TComDataCU::getPUAboveRight,[152]
,,0.046730,0.0,  TComDataCU::getPUBelowLeft,[131]
[224],0.01,0.093520,0.0,TComDataCU::CUIsFromSameSliceAndTile,[224]
,,,,,
,,0.093330,0.0,  TEncSearch::xEstimateInterResidualQT <cycle 7>,[22]
[225],0.01,0.093330,0.0,TComDataCU::isLosslessCoded,[225]
,,,,,
,,0.093316,0.0,  xITrMxN,[79]
[226],0.01,0.093316,0.0,partialButterflyInverse4,[226]
,,,,,
,,0.093314,0.0,  TComDataCU::getInterMergeCandidates,[100]
[227],0.01,0.093314,0.0,TComDataCU::deriveLeftRightTopIdxGeneral,[227]
,,,,,
,,0.093300,0.0,  TComTrQuant::invTransformNxN,[63]
[228],0.01,0.093300,0.0,TComTrQuant::invRdpcmNxN,[228]
,,,,,
,,0.077725,0.015557,  TEncSbac::codeCoeffNxN,[69]
[229],0.01,0.077725,0.015557,TEncSbac::codeTransformSkipFlags,[229]
,,0.015557,0.0,  TEncBinCABACCounter::encodeBin,[103]
,,,,,
,,0.0,0.081195,  fgetc,[231]
[230],0.01,0.0,0.081195,common_refill_and_read_nolock<char>,[230]
,,0.0,0.081195,  read,[232]
,,,,,
,,0.0,0.081195,"  std::basic_istream<char,struct std::char_traits<char> >::read",[233]
[231],0.01,0.0,0.081195,fgetc,[231]
,,0.0,0.081195,  common_refill_and_read_nolock<char>,[230]
,,,,,
,,0.0,0.081195,  common_refill_and_read_nolock<char>,[230]
[232],0.01,0.0,0.081195,read,[232]
,,0.015520,0.0,  RtlLeaveCriticalSection,[299]
,,0.0,0.065675,  read_nolock,[239]
,,,,,
,,0.0,0.081195,  readPlane,[203]
[233],0.01,0.0,0.081195,"std::basic_istream<char,struct std::char_traits<char> >::read",[233]
,,0.0,0.081195,  fgetc,[231]
,,,,,
,,0.015578,0.0,  TEncSearch::xEncodeInterResidualQT <cycle 6>,[77]
,,0.062281,0.0,  TEncSearch::xEstimateInterResidualQT <cycle 7>,[22]
[234],0.01,0.077858,0.0,TEncSbac::codeTransformSubdivFlag,[234]
,,,,,
,,0.031191,0.0,  TEncCu::xCheckRDCostInter,[12]
,,0.046577,0.0,  TEncCu::xCheckRDCostMerge2Nx2N,[29]
[235],0.01,0.077768,0.0,TEncCu::xCheckDQP,[235]
,,,,,
,,0.077750,0.0,  TEncSearch::encodeResAndCalcRdInterCU,[20]
[236],0.01,0.077750,0.0,TComRdCost::calcRdCost,[236]
,,,,,
,,0.077732,0.0,  TEncSearch::estIntraPredLumaQT,[56]
[237],0.01,0.077732,0.0,TEncSearch::xUpdateCandList,[237]
,,,,,
,,0.065675,0.0,  read_nolock,[239]
[238],0.0,0.065675,0.0,ReadFile,[238]
,,,,,
,,0.0,0.065675,  read,[232]
[239],0.0,0.0,0.065675,read_nolock,[239]
,,0.065675,0.0,  ReadFile,[238]
,,,,,
,,0.015548,0.0,  TEncSbac::codeMvd,[257]
,,0.015571,0.0,  TEncSbac::xWriteCoefRemainExGolomb,[215]
,,0.031150,0.0,  TEncSbac::codeIntraDirLumaAng,[189]
[240],0.0,0.062269,0.0,TEncBinCABACCounter::encodeBinsEP,[240]
,,,,,
,,0.015533,0.0,  TEncEntropy::xEncodeTransform <cycle 4>,[144]
,,0.046710,0.0,  TEncSearch::xEstimateInterResidualQT <cycle 7>,[22]
[241],0.0,0.062244,0.0,TEncSbac::codeCrossComponentPrediction,[241]
,,,,,
,,0.0,0.015546,  TEncCu::xEncodeCU <cycle 1>,[251]
,,0.015562,0.031133,  TEncCu::xCompressCU <cycle 14>,[10]
[242],0.0,0.015562,0.046680,TEncSbac::codeSplitFlag,[242]
,,0.046680,0.0,  TComDataCU::getCtxSplitFlag,[249]
,,,,,
,,0.046671,0.015545,  TComLoopFilter::xDeblockCU <cycle 2>,[214]
[243],0.0,0.046671,0.015545,TComLoopFilter::xGetBoundaryStrengthSingle,[243]
,,0.015545,0.0,  TComDataCU::getPUAbove,[297]
,,,,,
,,0.015590,0.046613,  TEncSearch::xRecurIntraCodingLumaQT <cycle 13>,[60]
[244],0.0,0.015590,0.046613,TEncSearch::xLoadIntraResultQT,[244]
,,0.015501,0.0,  memcpy,[49]
,,0.0,0.031113,  TComYuv::copyPartToPartComponent,[74]
,,,,,
,,0.062190,0.0,  TComTrQuant::invTransformNxN,[63]
[245],0.0,0.062190,0.0,TComTrQuant::xITransformSkip,[245]
,,,,,
,,0.062137,0.0,  TComPrediction::initIntraPatternChType,[140]
[246],0.0,0.062137,0.0,isLeftAvailable,[246]
,,,,,
,,0.046764,0.0,  TEncSearch::xAddSymbolBitsInter,[118]
[247],0.0,0.046764,0.0,TEncSbac::codeQtRootCbf,[247]
,,,,,
,,0.015590,0.031117,  TComLoopFilter::xDeblockCU <cycle 2>,[214]
[248],0.0,0.015590,0.031117,TComLoopFilter::xEdgeFilterLuma,[248]
,,0.031117,0.0,  TComLoopFilter::xPelFilterLuma,[274]
,,,,,
,,0.046680,0.0,  TEncSbac::codeSplitFlag,[242]
[249],0.0,0.046680,0.0,TComDataCU::getCtxSplitFlag,[249]
,,,,,
,,0.0,0.046669,  TEncSlice::encodeSlice,[252]
[250],0.0,0.0,0.046669,<cycle 1 as a whole>,[250]
,,0.0,0.046669,  TEncCu::xEncodeCU <cycle 1>,[251]
,,,,,
,,,,  TEncCu::xEncodeCU <cycle 1>,[251]
,,0.0,0.046669,  TEncSlice::encodeSlice,[252]
[251],0.0,0.0,0.046669,TEncCu::xEncodeCU <cycle 1>,[251]
,,,,  TEncCu::xEncodeCU <cycle 1>,[251]
,,0.0,0.031123,  TEncEntropy::encodeCoeff,[273]
,,0.0,0.015546,  TEncSbac::codeSplitFlag,[242]
,,,,,
,,0.0,0.046669,  TEncGOP::compressGOP,[7]
[252],0.0,0.0,0.046669,TEncSlice::encodeSlice,[252]
,,0.0,0.046669,  TEncCu::xEncodeCU <cycle 1>,[251]
,,,,,
,,0.046667,0.0,  free_base,[254]
[253],0.0,0.046667,0.0,RtlFreeHeap,[253]
,,,,,
,,0.0,0.015501,  TComDataCU::destroy,[300]
,,0.0,0.031166,  aligned_free,[271]
[254],0.0,0.0,0.046667,free_base,[254]
,,0.046667,0.0,  RtlFreeHeap,[253]
,,,,,
,,0.046666,0.0,  TComDataCU::getInterMergeCandidates,[100]
[255],0.0,0.046666,0.0,TComDataCU::deriveLeftBottomIdxGeneral,[255]
,,,,,
,,0.015551,0.031089,  TEncEntropy::encodePUWise,[175]
[256],0.0,0.015551,0.031089,TEncSbac::codeMVPIdx,[256]
,,0.031089,0.0,  TEncSbac::xWriteUnaryMaxSymbol,[280]
,,,,,
,,0.015557,0.031073,  TEncEntropy::encodePUWise,[175]
[257],0.0,0.015557,0.031073,TEncSbac::codeMvd,[257]
,,0.015548,0.0,  TEncBinCABACCounter::encodeBinsEP,[240]
,,0.015524,0.0,  TEncBinCABACCounter::encodeBinEP,[265]
,,,,,
,,0.046629,0.0,  malloc_base,[263]
[258],0.0,0.046629,0.0,RtlAllocateHeap,[258]
,,,,,
,,0.0,0.046629,  TComPicSym::create,[261]
[259],0.0,0.0,0.046629,TComDataCU::create,[259]
,,0.0,0.015533,  TComCUMvField::create,[298]
,,0.0,0.015578,  aligned_offset_malloc_base,[296]
,,0.0,0.015519,  operator new,[285]
,,,,,
,,0.0,0.046629,  TEncTop::xGetNewPicBuffer,[262]
[260],0.0,0.0,0.046629,TComPic::create,[260]
,,0.0,0.046629,  TComPicSym::create,[261]
,,,,,
,,0.0,0.046629,  TComPic::create,[260]
[261],0.0,0.0,0.046629,TComPicSym::create,[261]
,,0.0,0.046629,  TComDataCU::create,[259]
,,,,,
,,0.0,0.046629,  TEncTop::encode,[6]
[262],0.0,0.0,0.046629,TEncTop::xGetNewPicBuffer,[262]
,,0.0,0.046629,  TComPic::create,[260]
,,,,,
,,0.0,0.015578,  aligned_offset_malloc_base,[296]
,,0.0,0.031052,  operator new,[285]
[263],0.0,0.0,0.046629,malloc_base,[263]
,,0.046629,0.0,  RtlAllocateHeap,[258]
,,,,,
,,0.046604,0.0,  TEncSbac::codeIntraDirLumaAng,[189]
[264],0.0,0.046604,0.0,TComDataCU::getIntraDirPredictor,[264]
,,,,,
,,0.015455,0.0,  TEncSbac::codePartSize,[211]
,,0.015524,0.0,  TEncSbac::codeMvd,[257]
,,0.015597,0.0,  TEncSbac::codeIntraDirLumaAng,[189]
[265],0.0,0.046576,0.0,TEncBinCABACCounter::encodeBinEP,[265]
,,,,,
,,0.0,0.046529,  TEncSearch::xRecurIntraCodingLumaQT <cycle 13>,[60]
[266],0.0,0.0,0.046529,TEncSearch::xStoreIntraResultQT,[266]
,,0.0,0.046529,  TComYuv::copyPartToPartComponent,[74]
,,,,,
,,0.0,0.031278,  TEncSampleAdaptiveOffset::SAOProcess,[134]
[267],0.0,0.0,0.031278,TEncSampleAdaptiveOffset::decideBlkParams,[267]
,,0.015639,0.0,  memset,[38]
,,0.0,0.015639,  TEncSampleAdaptiveOffset::deriveModeNewRDO,[286]
,,,,,
,,0.0,0.031185,  TVideoIOYuv::read,[199]
[268],0.0,0.0,0.031185,TVideoIOYuv::ColourSpaceConvert,[268]
,,0.0,0.031185,  copyPlane,[269]
,,,,,
,,0.0,0.031185,  TVideoIOYuv::ColourSpaceConvert,[268]
[269],0.0,0.0,0.031185,copyPlane,[269]
,,0.031185,0.0,  memcpy,[49]
,,,,,
,,0.0,0.015569,  TComPic::destroy,[284]
,,0.0,0.015597,  TEncSlice::destroy,[290]
[270],0.0,0.0,0.031166,TComPicYuv::destroy,[270]
,,0.0,0.031166,  aligned_free,[271]
,,,,,
,,0.0,0.031166,  TComPicYuv::destroy,[270]
[271],0.0,0.0,0.031166,aligned_free,[271]
,,0.0,0.031166,  free_base,[254]
,,,,,
,,0.0,0.015558,  TEncCu::compressCtu,[9]
,,0.0,0.015579,  TEncCu::xCompressCU <cycle 14>,[10]
[272],0.0,0.0,0.031138,[Unknown stack frame(s)],[272]
,,0.031138,0.0,  TEncSbac::resetBits,[133]
,,,,,
,,0.0,0.031123,  TEncCu::xEncodeCU <cycle 1>,[251]
[273],0.0,0.0,0.031123,TEncEntropy::encodeCoeff,[273]
,,0.0,0.031123,  TEncEntropy::xEncodeTransform <cycle 4>,[144]
,,,,,
,,0.031117,0.0,  TComLoopFilter::xEdgeFilterLuma,[248]
[274],0.0,0.031117,0.0,TComLoopFilter::xPelFilterLuma,[274]
,,,,,
,,0.0,0.031116,  TEncSearch::estIntraPredLumaQT,[56]
[275],0.0,0.0,0.031116,<cycle 12 as a whole>,[275]
,,0.0,0.031116,  TEncSearch::xSetIntraResultLumaQT <cycle 12>,[276]
,,,,,
,,0.0,0.031116,  TEncSearch::estIntraPredLumaQT,[56]
,,,,  TEncSearch::xSetIntraResultLumaQT <cycle 12>,[276]
[276],0.0,0.0,0.031116,TEncSearch::xSetIntraResultLumaQT <cycle 12>,[276]
,,0.031116,0.0,  memcpy,[49]
,,,,  TEncSearch::xSetIntraResultLumaQT <cycle 12>,[276]
,,,,,
,,0.031114,0.0,  TEncEntropy::encodePUWise,[175]
[277],0.0,0.031114,0.0,TEncSbac::codeInterDir,[277]
,,,,,
,,0.031108,0.0,  TComPrediction::initIntraPatternChType,[140]
[278],0.0,0.031108,0.0,isAboveAvailable,[278]
,,,,,
,,0.031100,0.0,  TEncEntropy::encodePUWise,[175]
[279],0.0,0.031100,0.0,TEncSbac::codeMergeFlag,[279]
,,,,,
,,0.031089,0.0,  TEncSbac::codeMVPIdx,[256]
[280],0.0,0.031089,0.0,TEncSbac::xWriteUnaryMaxSymbol,[280]
,,,,,
,,0.031087,0.0,  TComPic::compressMotion,[282]
[281],0.0,0.031087,0.0,TComCUMvField::compress,[281]
,,,,,
,,0.0,0.031087,  TEncGOP::compressGOP,[7]
[282],0.0,0.0,0.031087,TComPic::compressMotion,[282]
,,0.031087,0.0,  TComCUMvField::compress,[281]
,,,,,
,,0.031078,0.0,  TEncEntropy::encodePUWise,[175]
[283],0.0,0.031078,0.0,TEncSbac::codeRefFrmIdx,[283]
,,,,,
,,0.0,0.031070,  TAppEncTop::encode,[5]
[284],0.0,0.0,0.031070,TComPic::destroy,[284]
,,0.0,0.015501,  TComPicSym::destroy,[301]
,,0.0,0.015569,  TComPicYuv::destroy,[270]
,,,,,
,,0.0,0.015533,  TComCUMvField::create,[298]
,,0.0,0.015519,  TComDataCU::create,[259]
[285],0.0,0.0,0.031052,operator new,[285]
,,0.0,0.031052,  malloc_base,[263]
,,,,,
,,0.0,0.015639,  TEncSampleAdaptiveOffset::decideBlkParams,[267]
[286],0.0,0.0,0.015639,TEncSampleAdaptiveOffset::deriveModeNewRDO,[286]
,,0.015639,0.0,  TEncSampleAdaptiveOffset::deriveOffsets,[287]
,,,,,
,,0.015639,0.0,  TEncSampleAdaptiveOffset::deriveModeNewRDO,[286]
[287],0.0,0.015639,0.0,TEncSampleAdaptiveOffset::deriveOffsets,[287]
,,,,,
,,0.015608,0.0,  TComLoopFilter::xDeblockCU <cycle 2>,[214]
[288],0.0,0.015608,0.0,<cycle 3 as a whole>,[288]
,,0.015608,0.0,  TComLoopFilter::xSetEdgefilterTU <cycle 3>,[289]
,,,,,
,,,,  TComLoopFilter::xSetEdgefilterTU <cycle 3>,[289]
,,0.015608,0.0,  TComLoopFilter::xDeblockCU <cycle 2>,[214]
[289],0.0,0.015608,0.0,TComLoopFilter::xSetEdgefilterTU <cycle 3>,[289]
,,,,  TComLoopFilter::xSetEdgefilterTU <cycle 3>,[289]
,,,,,
,,0.0,0.015597,  TEncTop::destroy,[291]
[290],0.0,0.0,0.015597,TEncSlice::destroy,[290]
,,0.0,0.015597,  TComPicYuv::destroy,[270]
,,,,,
,,0.0,0.015597,  TAppEncTop::encode,[5]
[291],0.0,0.0,0.015597,TEncTop::destroy,[291]
,,0.0,0.015597,  TEncSlice::destroy,[290]
,,,,,
,,0.015594,0.0,  TComSlice::setRefPicList,[293]
[292],0.0,0.015594,0.0,TComPicYuv::extendPicBorder,[292]
,,,,,
,,0.0,0.015594,  TEncGOP::compressGOP,[7]
[293],0.0,0.0,0.015594,TComSlice::setRefPicList,[293]
,,0.015594,0.0,  TComPicYuv::extendPicBorder,[292]
,,,,,
,,0.015590,0.0,  TEncSearch::xIntraCodingTUBlock,[59]
[294],0.0,0.015590,0.0,TComPrediction::filteringIntraReferenceSamples,[294]
,,,,,
,,0.015588,0.0,  TEncCu::xCompressCU <cycle 14>,[10]
[295],0.0,0.015588,0.0,TEncCu::xComputeQP,[295]
,,,,,
,,0.0,0.015578,  TComDataCU::create,[259]
[296],0.0,0.0,0.015578,aligned_offset_malloc_base,[296]
,,0.0,0.015578,  malloc_base,[263]
,,,,,
,,0.015545,0.0,  TComLoopFilter::xGetBoundaryStrengthSingle,[243]
[297],0.0,0.015545,0.0,TComDataCU::getPUAbove,[297]
,,,,,
,,0.0,0.015533,  TComDataCU::create,[259]
[298],0.0,0.0,0.015533,TComCUMvField::create,[298]
,,0.0,0.015533,  operator new,[285]
,,,,,
,,0.015520,0.0,  read,[232]
[299],0.0,0.015520,0.0,RtlLeaveCriticalSection,[299]
,,,,,
,,0.0,0.015501,  TComPicSym::destroy,[301]
[300],0.0,0.0,0.015501,TComDataCU::destroy,[300]
,,0.0,0.015501,  free_base,[254]
,,,,,
,,0.0,0.015501,  TComPic::destroy,[284]
[301],0.0,0.0,0.015501,TComPicSym::destroy,[301]
,,0.0,0.015501,  TComDataCU::destroy,[300]
,,,,,
,,0.0,0.000006,  main,[4]
[302],0.0,0.0,0.000006,TAppEncCfg::parseCfg,[302]
,,0.0,0.000006,"  std::basic_string<char,struct std::char_traits<char>,class std::allocator<char> >::basic_string<char,struct std::char_traits<char>,class std::allocator<char> >",[303]
,,,,,
,,0.0,0.000006,  TAppEncCfg::parseCfg,[302]
[303],0.0,0.0,0.000006,"std::basic_string<char,struct std::char_traits<char>,class std::allocator<char> >::basic_string<char,struct std::char_traits<char>,class std::allocator<char> >",[303]
,,0.000006,0.0,  memcpy,[49]
,,,,,


Index by function name

Index,Function
[1],BaseThreadInitThunk
[107],QpParam::QpParam
[238],ReadFile
[258],RtlAllocateHeap
[253],RtlFreeHeap
[299],RtlLeaveCriticalSection
[2],RtlUserThreadStart
[302],TAppEncCfg::parseCfg
[5],TAppEncTop::encode
[195],TComBitCounter::getNumberOfWrittenBits
[187],TComBitCounter::resetBits
[281],TComCUMvField::compress
[298],TComCUMvField::create
[130],TComCUMvField::setAll<class TComMv>
[147],TComCUMvField::setAll<signed char>
[224],TComDataCU::CUIsFromSameSliceAndTile
[158],TComDataCU::copyPartFrom
[145],TComDataCU::copyToPic
[259],TComDataCU::create
[179],TComDataCU::deriveLeftBottomIdx
[255],TComDataCU::deriveLeftBottomIdxGeneral
[155],TComDataCU::deriveLeftRightTopIdx
[227],TComDataCU::deriveLeftRightTopIdxGeneral
[165],TComDataCU::deriveRightBottomIdx
[300],TComDataCU::destroy
[57],TComDataCU::fillMvpCand
[168],TComDataCU::getCoefScanIdx
[190],TComDataCU::getCtxSkipFlag
[249],TComDataCU::getCtxSplitFlag
[100],TComDataCU::getInterMergeCandidates
[264],TComDataCU::getIntraDirPredictor
[205],TComDataCU::getNumPartitions
[297],TComDataCU::getPUAbove
[197],TComDataCU::getPUAboveLeft
[152],TComDataCU::getPUAboveRight
[131],TComDataCU::getPUBelowLeft
[184],TComDataCU::getPULeft
[126],TComDataCU::getPartIndexAndSize
[209],TComDataCU::getPartPosition
[159],TComDataCU::getQuadtreeTULog2MinSizeInCU
[188],TComDataCU::hasEqualMotion
[207],TComDataCU::initCtu
[73],TComDataCU::initEstData
[142],TComDataCU::initSubCU
[225],TComDataCU::isLosslessCoded
[177],TComDataCU::setSubPart<bool>
[119],TComDataCU::setSubPart<signed char>
[178],TComDataCU::setSubPart<unsigned char>
[71],TComDataCU::xAddMVPCandUnscaled
[117],TComDataCU::xAddMVPCandWithScaling
[99],TComDataCU::xGetColMVP
[151],TComDataCU::xGetDistScaleFactor
[82],"TComInterpolationFilter::filter<4,0,1,0>"
[182],"TComInterpolationFilter::filter<4,0,1,1>"
[129],"TComInterpolationFilter::filter<4,1,0,0>"
[149],"TComInterpolationFilter::filter<4,1,0,1>"
[150],"TComInterpolationFilter::filter<4,1,1,0>"
[163],"TComInterpolationFilter::filter<4,1,1,1>"
[25],"TComInterpolationFilter::filter<8,0,1,0>"
[84],"TComInterpolationFilter::filter<8,0,1,1>"
[88],"TComInterpolationFilter::filter<8,1,0,0>"
[19],"TComInterpolationFilter::filter<8,1,0,1>"
[106],"TComInterpolationFilter::filter<8,1,1,0>"
[72],"TComInterpolationFilter::filter<8,1,1,1>"
[33],TComInterpolationFilter::filterCopy
[42],TComInterpolationFilter::filterHor
[48],TComInterpolationFilter::filterVer
[213],TComLoopFilter::loopFilterPic
[214],TComLoopFilter::xDeblockCU
[248],TComLoopFilter::xEdgeFilterLuma
[243],TComLoopFilter::xGetBoundaryStrengthSingle
[274],TComLoopFilter::xPelFilterLuma
[289],TComLoopFilter::xSetEdgefilterTU
[282],TComPic::compressMotion
[260],TComPic::create
[284],TComPic::destroy
[261],TComPicSym::create
[301],TComPicSym::destroy
[194],TComPicYuv::copyToPic
[270],TComPicYuv::destroy
[292],TComPicYuv::extendPicBorder
[294],TComPrediction::filteringIntraReferenceSamples
[140],TComPrediction::initIntraPatternChType
[39],TComPrediction::motionCompensation
[101],TComPrediction::predIntraAng
[139],TComPrediction::xCheckIdenticalMotion
[36],TComPrediction::xPredInterBi
[31],TComPrediction::xPredInterBlk
[41],TComPrediction::xPredInterUni
[108],TComPrediction::xPredIntraAng
[196],TComPrediction::xPredIntraPlanar
[236],TComRdCost::calcRdCost
[50],TComRdCost::getBitsOfVectorWithPredictor
[62],TComRdCost::getDistPart
[93],TComRdCost::setDistParam
[53],TComRdCost::xCalcHADs4x4
[17],TComRdCost::xCalcHADs8x8
[16],TComRdCost::xGetHADs
[219],TComRdCost::xGetSAD
[167],TComRdCost::xGetSAD12
[45],TComRdCost::xGetSAD16
[148],TComRdCost::xGetSAD24
[46],TComRdCost::xGetSAD32
[66],TComRdCost::xGetSAD4
[55],TComRdCost::xGetSAD64
[44],TComRdCost::xGetSAD8
[114],TComRdCost::xGetSSE16
[132],TComRdCost::xGetSSE32
[98],TComRdCost::xGetSSE4
[161],TComRdCost::xGetSSE64
[102],TComRdCost::xGetSSE8
[293],TComSlice::setRefPicList
[221],TComTU::TComTU
[122],TComTU::TComTU
[166],TComTU::getGolombRiceStatisticsIndex
[105],TComTURecurse::nextSection
[89],TComTrQuant::getSigCtxInc
[228],TComTrQuant::invRdpcmNxN
[63],TComTrQuant::invTransformNxN
[96],TComTrQuant::rdpcmNxN
[23],TComTrQuant::transformNxN
[113],TComTrQuant::xDeQuant
[81],TComTrQuant::xGetCodedLevel
[141],TComTrQuant::xGetICRate
[75],TComTrQuant::xIT
[245],TComTrQuant::xITransformSkip
[26],TComTrQuant::xQuant
[27],TComTrQuant::xRateDistOptQuant
[47],TComTrQuant::xT
[110],TComTrQuant::xTransformSkip
[64],TComYuv::addAvg
[85],TComYuv::addClip
[51],TComYuv::clear
[186],TComYuv::copyFromPicComponent
[74],TComYuv::copyPartToPartComponent
[193],TComYuv::copyPartToPartComponentMxN
[70],TComYuv::copyPartToPartYuv
[138],TComYuv::copyToPartComponent
[173],TComYuv::copyToPicComponent
[170],TComYuv::copyToPicYuv
[123],TComYuv::getAddr
[90],TComYuv::getAddr
[171],TComYuv::getStride
[80],TComYuv::removeHighFreq
[127],TComYuv::subtract
[109],TEncBinCABAC::copyState
[157],TEncBinCABAC::getTEncBinCABAC
[174],TEncBinCABAC::resetBits
[103],TEncBinCABACCounter::encodeBin
[265],TEncBinCABACCounter::encodeBinEP
[240],TEncBinCABACCounter::encodeBinsEP
[156],TEncBinCABACCounter::getNumWrittenBits
[9],TEncCu::compressCtu
[204],TEncCu::xCheckBestMode
[235],TEncCu::xCheckDQP
[12],TEncCu::xCheckRDCostInter
[52],TEncCu::xCheckRDCostIntra
[29],TEncCu::xCheckRDCostMerge2Nx2N
[10],TEncCu::xCompressCU
[295],TEncCu::xComputeQP
[191],TEncCu::xCopyYuv2Pic
[162],TEncCu::xCopyYuv2Tmp
[251],TEncCu::xEncodeCU
[273],TEncEntropy::encodeCoeff
[68],TEncEntropy::encodeCoeffNxN
[175],TEncEntropy::encodePUWise
[172],TEncEntropy::encodePredInfo
[144],TEncEntropy::xEncodeTransform
[7],TEncGOP::compressGOP
[222],TEncGOP::xCalculateAddPSNR
[223],TEncGOP::xCalculateAddPSNRs
[134],TEncSampleAdaptiveOffset::SAOProcess
[267],TEncSampleAdaptiveOffset::decideBlkParams
[286],TEncSampleAdaptiveOffset::deriveModeNewRDO
[287],TEncSampleAdaptiveOffset::deriveOffsets
[135],TEncSampleAdaptiveOffset::getBlkStats
[136],TEncSampleAdaptiveOffset::getStatistics
[69],TEncSbac::codeCoeffNxN
[241],TEncSbac::codeCrossComponentPrediction
[277],TEncSbac::codeInterDir
[189],TEncSbac::codeIntraDirLumaAng
[180],TEncSbac::codeLastSignificantXY
[256],TEncSbac::codeMVPIdx
[279],TEncSbac::codeMergeFlag
[220],TEncSbac::codeMergeIndex
[257],TEncSbac::codeMvd
[211],TEncSbac::codePartSize
[116],TEncSbac::codeQtCbf
[164],TEncSbac::codeQtCbfZero
[247],TEncSbac::codeQtRootCbf
[283],TEncSbac::codeRefFrmIdx
[183],TEncSbac::codeSkipFlag
[242],TEncSbac::codeSplitFlag
[229],TEncSbac::codeTransformSkipFlags
[234],TEncSbac::codeTransformSubdivFlag
[58],TEncSbac::estBit
[124],TEncSbac::estCBFBit
[91],TEncSbac::estLastSignificantPositionBit
[146],TEncSbac::estSignificantCoeffGroupMapBit
[86],TEncSbac::estSignificantCoefficientsBit
[78],TEncSbac::estSignificantMapBit
[185],TEncSbac::getNumberOfWrittenBits
[133],TEncSbac::resetBits
[215],TEncSbac::xWriteCoefRemainExGolomb
[280],TEncSbac::xWriteUnaryMaxSymbol
[20],TEncSearch::encodeResAndCalcRdInterCU
[87],TEncSearch::estIntraPredChromaQT
[56],TEncSearch::estIntraPredLumaQT
[13],TEncSearch::predInterSearch
[210],TEncSearch::setWpScalingDistParam
[118],TEncSearch::xAddSymbolBitsInter
[104],TEncSearch::xCheckBestMVP
[121],TEncSearch::xEncCoeffQT
[216],TEncSearch::xEncIntraHeader
[202],TEncSearch::xEncSubdivCbfQT
[77],TEncSearch::xEncodeInterResidualQT
[22],TEncSearch::xEstimateInterResidualQT
[30],TEncSearch::xEstimateMvPredAMVP
[24],TEncSearch::xExtDIFUpSamplingH
[18],TEncSearch::xExtDIFUpSamplingQ
[208],TEncSearch::xGetBlkBits
[40],TEncSearch::xGetInterPredictionError
[37],TEncSearch::xGetTemplateCost
[59],TEncSearch::xIntraCodingTUBlock
[244],TEncSearch::xLoadIntraResultQT
[43],TEncSearch::xMergeEstimation
[192],TEncSearch::xModeBitsIntra
[14],TEncSearch::xMotionEstimation
[15],TEncSearch::xPatternRefinement
[28],TEncSearch::xPatternSearch
[95],TEncSearch::xRecurIntraChromaCodingQT
[60],TEncSearch::xRecurIntraCodingLumaQT
[154],TEncSearch::xSetInterResidualQTData
[218],TEncSearch::xSetIntraResultChromaQT
[276],TEncSearch::xSetIntraResultLumaQT
[128],TEncSearch::xSetSearchRange
[266],TEncSearch::xStoreIntraResultQT
[169],TEncSearch::xTZ2PointSearch
[35],TEncSearch::xTZ8PointDiamondSearch
[32],TEncSearch::xTZSearch
[34],TEncSearch::xTZSearchHelp
[237],TEncSearch::xUpdateCandList
[8],TEncSlice::compressSlice
[290],TEncSlice::destroy
[252],TEncSlice::encodeSlice
[291],TEncTop::destroy
[6],TEncTop::encode
[262],TEncTop::xGetNewPicBuffer
[268],TVideoIOYuv::ColourSpaceConvert
[199],TVideoIOYuv::read
[272],[Unknown stack frame(s)]
[115],_chkstk
[3],_scrt_common_main_seh
[111],_security_check_cookie
[271],aligned_free
[296],aligned_offset_malloc_base
[230],common_refill_and_read_nolock<char>
[269],copyPlane
[198],fastForwardDst
[206],fastInverseDst
[231],fgetc
[176],fillReferenceSamples
[200],floor
[254],free_base
[97],getTUEntropyCodingParameters
[278],isAboveAvailable
[246],isLeftAvailable
[4],main
[263],malloc_base
[49],memcpy
[38],memset
[285],operator new
[65],partialButterfly16
[67],partialButterfly32
[92],partialButterfly4
[83],partialButterfly8
[125],partialButterflyInverse16
[112],partialButterflyInverse32
[226],partialButterflyInverse4
[160],partialButterflyInverse8
[232],read
[203],readPlane
[239],read_nolock
[137],std::_Deque_const_iterator<class std::_Deque_val<struct std::_Deque_simple_types<class TComSlice *> > >::operator+
[233],"std::basic_istream<char,struct std::char_traits<char> >::read"
[303],"std::basic_string<char,struct std::char_traits<char>,class std::allocator<char> >::basic_string<char,struct std::char_traits<char>,class std::allocator<char> >"
[181],"std::deque<class TComSlice *,class std::allocator<class TComSlice *> >::begin"
[79],xITrMxN
[54],xTrMxN
[250],<cycle 1>
[212],<cycle 2>
[288],<cycle 3>
[143],<cycle 4>
[153],<cycle 5>
[76],<cycle 6>
[21],<cycle 7>
[217],<cycle 8>
[201],<cycle 9>
[120],<cycle 10>
[94],<cycle 11>
[275],<cycle 12>
[61],<cycle 13>
[11],<cycle 14>
