Index,% CPU Time:Total,CPU Time:Self,CPU Time:Children,Name,Index
,,0.0,2.459108,  RtlUserThreadStart,[2]
[1],100.0,0.0,2.459108,BaseThreadInitThunk,[1]
,,0.0,2.459108,  _scrt_common_main_seh,[3]
,,,,,
,,,,  <spontaneous>,
[2],100.0,0.0,2.459108,RtlUserThreadStart,[2]
,,0.0,2.459108,  BaseThreadInitThunk,[1]
,,,,,
,,0.0,2.459108,  BaseThreadInitThunk,[1]
[3],100.0,0.0,2.459108,_scrt_common_main_seh,[3]
,,0.0,0.012590,  exit,[169]
,,0.0,0.005938,  initterm,[171]
,,0.0,2.440579,  main,[5]
,,,,,
,,0.0,2.440579,  main,[5]
[4],99.25,0.0,2.440579,DecApp::decode,[4]
,,0.005693,0.0,"  std::basic_ifstream<char,struct std::char_traits<char> >::basic_ifstream<char,struct std::char_traits<char> >",[172]
,,0.0,0.015535,  DecApp::xWriteOutput,[118]
,,0.0,1.390975,  DecLib::decode,[6]
,,0.0,0.899711,  DecLib::executeLoopFilters,[9]
,,0.0,0.015584,  DecLib::finishPicture,[98]
,,0.0,0.081997,  byteStreamNALUnit,[37]
,,0.0,0.031085,  read,[77]
,,,,,
,,0.0,2.440579,  _scrt_common_main_seh,[3]
[5],99.25,0.0,2.440579,main,[5]
,,0.0,2.440579,  DecApp::decode,[4]
,,,,,
,,0.0,1.390975,  DecApp::decode,[4]
[6],56.56,0.0,1.390975,DecLib::decode,[6]
,,0.0,1.390975,  DecLib::xDecodeSlice,[7]
,,,,,
,,0.0,1.390975,  DecLib::decode,[6]
[7],56.56,0.0,1.390975,DecLib::xDecodeSlice,[7]
,,0.0,0.093578,  DecLib::xActivateParameterSets,[33]
,,0.0,1.297397,  DecSlice::decompressSlice,[8]
,,,,,
,,0.0,1.297397,  DecLib::xDecodeSlice,[7]
[8],52.76,0.0,1.297397,DecSlice::decompressSlice,[8]
,,0.015517,0.527096,  DecCu::decompressCtu,[14]
,,0.0,0.754784,  CABACReader::coding_tree_unit,[10]
,,,,,
,,0.0,0.899711,  DecApp::decode,[4]
[9],36.59,0.0,0.899711,DecLib::executeLoopFilters,[9]
,,0.0,0.248488,  AdaptiveLoopFilter::ALFProcess,[24]
,,0.0,0.015529,  CS::setRefinedMotionField,[124]
,,0.0,0.511461,  LoopFilter::loopFilterPic,[15]
,,0.0,0.124233,  SampleAdaptiveOffset::SAOProcess,[30]
,,,,,
,,0.0,0.754784,  DecSlice::decompressSlice,[8]
[10],30.69,0.0,0.754784,CABACReader::coding_tree_unit,[10]
,,0.0,0.739302,  CABACReader::coding_tree <cycle 1>,[12]
,,0.0,0.015482,  QTBTPartitioner::`scalar deleting destructor',[161]
,,,,,
,,0.0,0.739302,  CABACReader::coding_tree_unit,[10]
[11],30.06,0.0,0.739302,<cycle 1 as a whole>,[11]
,,0.0,0.739302,  CABACReader::coding_tree <cycle 1>,[12]
,,,,,
,,,,  CABACReader::coding_tree <cycle 1>,[12]
,,0.0,0.739302,  CABACReader::coding_tree_unit,[10]
[12],30.06,0.0,0.739302,CABACReader::coding_tree <cycle 1>,[12]
,,0.015511,0.077647,  CABACReader::split_cu_mode,[34]
,,,,  CABACReader::coding_tree <cycle 1>,[12]
,,0.0,0.568597,  CABACReader::coding_unit,[13]
,,0.0,0.030995,  CodingStructure::addCU,[87]
,,0.0,0.031055,  QTBTPartitioner::canSplit,[80]
,,0.0,0.015498,  QTBTPartitioner::splitCurrArea,[158]
,,,,,
,,0.0,0.568597,  CABACReader::coding_tree <cycle 1>,[12]
[13],23.12,0.0,0.568597,CABACReader::coding_unit,[13]
,,0.015512,0.046567,  CodingStructure::addPU,[55]
,,0.0,0.093125,  CABACReader::cu_pred_data,[35]
,,0.0,0.413393,  CABACReader::cu_residual,[20]
,,,,,
,,0.015517,0.527096,  DecSlice::decompressSlice,[8]
[14],22.07,0.015517,0.527096,DecCu::decompressCtu,[14]
,,0.0,0.015493,  CodingStructure::traverseCUs,[44]
,,0.0,0.480538,  DecCu::xReconIntraQT,[18]
,,0.0,0.015521,  InterPrediction::resetVPDUforIBC,[136]
,,0.0,0.015544,  InterPrediction::xFillIBCBuffer,[110]
,,,,,
,,0.0,0.511461,  DecLib::executeLoopFilters,[9]
[15],20.8,0.0,0.511461,LoopFilter::loopFilterPic,[15]
,,0.062020,0.356283,  LoopFilter::xDeblockCU,[19]
,,0.046599,0.015493,  CodingStructure::traverseCUs,[44]
,,0.031067,0.0,  memset,[36]
,,,,,
,,0.0,0.480538,  DecCu::xIntraRecQT,[17]
[16],19.54,0.0,0.480538,DecCu::xIntraRecBlk,[16]
,,0.015552,0.0,  TrQuant::invTransformICT,[106]
,,0.015519,0.0,  AreaBuf<short>::copyFrom,[54]
,,0.015516,0.061882,  IntraPrediction::predIntraAng,[47]
,,0.0,0.015518,  CodingStructure::getResiBuf,[138]
,,0.0,0.062144,  IntraPrediction::initIntraPatternChType,[49]
,,0.0,0.015507,  IntraPrediction::predIntraChromaLM,[148]
,,0.0,0.046466,  IntraPrediction::predIntraMip,[68]
,,0.0,0.015500,  QpParam::QpParam,[155]
,,0.0,0.216935,  TrQuant::invTransformNxN,[25]
,,,,,
,,0.0,0.480538,  DecCu::xReconIntraQT,[18]
[17],19.54,0.0,0.480538,DecCu::xIntraRecQT,[17]
,,0.0,0.480538,  DecCu::xIntraRecBlk,[16]
,,,,,
,,0.0,0.480538,  DecCu::decompressCtu,[14]
[18],19.54,0.0,0.480538,DecCu::xReconIntraQT,[18]
,,0.0,0.480538,  DecCu::xIntraRecQT,[17]
,,,,,
,,0.062020,0.356283,  LoopFilter::loopFilterPic,[15]
[19],17.01,0.062020,0.356283,LoopFilter::xDeblockCU,[19]
,,0.062107,0.0,  LoopFilter::xSetEdgefilterMultiple,[53]
,,0.046455,0.030943,  LoopFilter::xEdgeFilterChroma,[46]
,,0.031038,0.0,  CU::traverseTUs,[85]
,,0.031038,0.046407,  LoopFilter::xEdgeFilterLuma,[45]
,,0.015191,0.030975,  LoopFilter::xGetBoundaryStrengthSingle,[71]
,,0.0,0.015511,  LoopFilter::xSetLoopfilterParam,[147]
,,0.0,0.046619,  LoopFilter::xSetMaxFilterLengthPQFromTransformSizes,[60]
,,,,,
,,0.0,0.413393,  CABACReader::coding_unit,[13]
[20],16.81,0.0,0.413393,CABACReader::cu_residual,[20]
,,0.030987,0.015598,  CABACReader::residual_lfnst_mode,[63]
,,0.0,0.351279,  CABACReader::transform_tree <cycle 2>,[22]
,,0.0,0.015529,  TUIntraSubPartitioner::TUIntraSubPartitioner,[128]
,,,,,
,,0.0,0.351279,  CABACReader::cu_residual,[20]
[21],14.28,0.0,0.351279,<cycle 2 as a whole>,[21]
,,0.0,0.351279,  CABACReader::transform_tree <cycle 2>,[22]
,,,,,
,,0.0,0.351279,  CABACReader::cu_residual,[20]
,,,,  CABACReader::transform_tree <cycle 2>,[22]
[22],14.28,0.0,0.351279,CABACReader::transform_tree <cycle 2>,[22]
,,0.046568,0.227143,  CABACReader::transform_unit,[23]
,,0.031089,0.0,  CodingStructure::addTU,[75]
,,0.0,0.030964,  AreaBuf<int>::fill,[89]
,,,,  CABACReader::transform_tree <cycle 2>,[22]
,,0.0,0.015514,  CS::getArea,[143]
,,,,,
,,0.046568,0.227143,  CABACReader::transform_tree <cycle 2>,[22]
[23],11.13,0.046568,0.227143,CABACReader::transform_unit,[23]
,,0.015564,0.180520,  CABACReader::residual_coding,[26]
,,0.015541,0.0,  CU::isIntra,[115]
,,0.015518,0.0,  CABACReader::cbf_comp,[140]
,,,,,
,,0.0,0.248488,  DecLib::executeLoopFilters,[9]
[24],10.1,0.0,0.248488,AdaptiveLoopFilter::ALFProcess,[24]
,,0.139812,0.0,  simdFilter7x7Blk<4>,[29]
,,0.015486,0.0,  simdFilter5x5Blk<4>,[159]
,,0.0,0.077672,  AdaptiveLoopFilter::deriveClassification,[39]
,,0.0,0.015518,  UnitBuf<short>::copyFrom,[84]
,,,,,
,,0.0,0.216935,  DecCu::xIntraRecBlk,[16]
[25],8.82,0.0,0.216935,TrQuant::invTransformNxN,[25]
,,0.030994,0.015542,  DepQuant::dequant,[67]
,,0.015566,0.154832,  TrQuant::xIT,[28]
,,,,,
,,0.015564,0.180520,  CABACReader::transform_unit,[23]
[26],7.97,0.015564,0.180520,CABACReader::residual_coding,[26]
,,0.046499,0.134021,  CABACReader::residual_coding_subblock,[27]
,,,,,
,,0.046499,0.134021,  CABACReader::residual_coding,[26]
[27],7.34,0.046499,0.134021,CABACReader::residual_coding_subblock,[27]
,,0.046587,0.0,  CoeffCodingContext::templateAbsSum,[62]
,,0.040878,0.0,  CoeffCodingContext::sigCtxIdAbs,[73]
,,0.031051,0.015506,  TBinDecoder<class BinProbModel_Std>::decodeBin,[43]
,,,,,
,,0.015566,0.154832,  TrQuant::invTransformNxN,[25]
[28],6.93,0.015566,0.154832,TrQuant::xIT,[28]
,,0.061663,0.0,  fastInverseDCT2_B32,[57]
,,0.015564,0.0,  fastInverseDCT2_B8,[99]
,,0.015537,0.0,  fastInverseDST7_B16,[117]
,,0.015530,0.0,  fastInverseDCT2_B64,[123]
,,0.015527,0.0,  fastInverseDCT2_B16,[132]
,,0.015453,0.0,  fastInverseDST7_B32,[165]
,,0.0,0.015559,  fastInverseDST7_B8,[104]
,,,,,
,,0.139812,0.0,  AdaptiveLoopFilter::ALFProcess,[24]
[29],5.69,0.139812,0.0,simdFilter7x7Blk<4>,[29]
,,,,,
,,0.0,0.124233,  DecLib::executeLoopFilters,[9]
[30],5.05,0.0,0.124233,SampleAdaptiveOffset::SAOProcess,[30]
,,0.0,0.108711,  SampleAdaptiveOffset::offsetCTU,[32]
,,0.0,0.015522,  UnitBuf<short>::copyFrom,[84]
,,,,,
,,0.108711,0.0,  SampleAdaptiveOffset::offsetCTU,[32]
[31],4.42,0.108711,0.0,SampleAdaptiveOffset::offsetBlock,[31]
,,,,,
,,0.0,0.108711,  SampleAdaptiveOffset::SAOProcess,[30]
[32],4.42,0.0,0.108711,SampleAdaptiveOffset::offsetCTU,[32]
,,0.108711,0.0,  SampleAdaptiveOffset::offsetBlock,[31]
,,,,,
,,0.0,0.093578,  DecLib::xDecodeSlice,[7]
[33],3.81,0.0,0.093578,DecLib::xActivateParameterSets,[33]
,,0.0,0.015512,  CodingStructure::createCoeffs,[145]
,,0.0,0.015933,  SampleAdaptiveOffset::create,[93]
,,0.0,0.062133,  TrQuant::init,[50]
,,,,,
,,0.015511,0.077647,  CABACReader::coding_tree <cycle 1>,[12]
[34],3.79,0.015511,0.077647,CABACReader::split_cu_mode,[34]
,,0.015562,0.031041,  QTBTPartitioner::canSplit,[41]
,,0.015540,0.0,  DeriveCtx::CtxSplit,[116]
,,0.015505,0.0,  TBinDecoder<class BinProbModel_Std>::decodeBin,[43]
,,,,,
,,0.0,0.093125,  CABACReader::coding_unit,[13]
[35],3.79,0.0,0.093125,CABACReader::cu_pred_data,[35]
,,0.0,0.015504,  CABACReader::intra_chroma_pred_modes,[151]
,,0.0,0.077621,  CABACReader::intra_luma_pred_modes,[42]
,,,,,
,,0.015507,0.0,  IntraPrediction::xGetLMParameters,[149]
,,0.015584,0.0,  CodingStructure::clearTUs,[96]
,,0.030964,0.0,  AreaBuf<int>::fill,[89]
,,0.031067,0.0,  LoopFilter::loopFilterPic,[15]
[36],3.79,0.093121,0.0,memset,[36]
,,,,,
,,0.0,0.081997,  DecApp::decode,[4]
[37],3.33,0.0,0.081997,byteStreamNALUnit,[37]
,,0.015522,0.066475,  byteStreamNALUnit,[38]
,,,,,
,,0.015522,0.066475,  byteStreamNALUnit,[37]
[38],3.33,0.015522,0.066475,byteStreamNALUnit,[38]
,,0.015562,0.050913,  InputByteStream::eofBeforeNBytes,[48]
,,,,,
,,0.0,0.077672,  AdaptiveLoopFilter::ALFProcess,[24]
[39],3.16,0.0,0.077672,AdaptiveLoopFilter::deriveClassification,[39]
,,0.062135,0.015538,  simdDeriveClassificationBlk<4>,[40]
,,,,,
,,0.062135,0.015538,  AdaptiveLoopFilter::deriveClassification,[39]
[40],3.16,0.062135,0.015538,simdDeriveClassificationBlk<4>,[40]
,,0.015538,0.0,  _security_check_cookie,[74]
,,,,,
,,0.015510,0.015545,  QTBTPartitioner::canSplit,[80]
,,0.015562,0.031041,  CABACReader::split_cu_mode,[34]
[41],3.16,0.031072,0.046586,QTBTPartitioner::canSplit,[41]
,,0.015495,0.015546,  QTBTPartitioner::getImplicitSplit,[83]
,,0.0,0.015545,  PreCalcValues::getMaxTtSize,[108]
,,,,,
,,0.0,0.077621,  CABACReader::cu_pred_data,[35]
[42],3.16,0.0,0.077621,CABACReader::intra_luma_pred_modes,[42]
,,0.015543,0.0,  TBinDecoder<class BinProbModel_Std>::decodeBin,[43]
,,0.015534,0.0,  CABACReader::extend_ref_line,[122]
,,0.015501,0.015516,  PU::getIntraMPMs,[86]
,,0.0,0.015528,  CABACReader::mip_flag,[130]
,,,,,
,,0.015505,0.0,  CABACReader::split_cu_mode,[34]
,,0.015543,0.0,  CABACReader::intra_luma_pred_modes,[42]
,,0.031051,0.015506,  CABACReader::residual_coding_subblock,[27]
[43],3.16,0.062098,0.015506,TBinDecoder<class BinProbModel_Std>::decodeBin,[43]
,,0.015506,0.0,  InputBitstream::readByte,[150]
,,,,,
,,0.0,0.015493,  DecCu::decompressCtu,[14]
,,0.046599,0.015493,  LoopFilter::loopFilterPic,[15]
[44],3.15,0.046599,0.030986,CodingStructure::traverseCUs,[44]
,,0.030986,0.0,  UnitArea::contains,[88]
,,,,,
,,0.031038,0.046407,  LoopFilter::xDeblockCU,[19]
[45],3.15,0.031038,0.046407,LoopFilter::xEdgeFilterLuma,[45]
,,0.015547,0.0,  isAvailableAbove,[107]
,,0.015481,0.0,  LoopFilter::xPelFilterLuma,[163]
,,0.015379,0.0,  CodingStructure::getCU,[56]
,,,,,
,,0.046455,0.030943,  LoopFilter::xDeblockCU,[19]
[46],3.15,0.046455,0.030943,LoopFilter::xEdgeFilterChroma,[46]
,,0.015515,0.0,  LoopFilter::xPelFilterChroma,[142]
,,0.0,0.015428,  CodingStructure::getRecoBuf,[166]
,,,,,
,,0.015516,0.061882,  DecCu::xIntraRecBlk,[16]
[47],3.15,0.015516,0.061882,IntraPrediction::predIntraAng,[47]
,,0.046359,0.0,  IntraPrediction::xPredIntraAng,[70]
,,0.015523,0.0,  IntraPrediction::xPredIntraPlanar,[134]
,,,,,
,,0.015562,0.050913,  byteStreamNALUnit,[38]
[48],2.7,0.015562,0.050913,InputByteStream::eofBeforeNBytes,[48]
,,0.050913,0.0,"  std::basic_istream<char,struct std::char_traits<char> >::get",[58]
,,,,,
,,0.0,0.062144,  DecCu::xIntraRecBlk,[16]
[49],2.53,0.0,0.062144,IntraPrediction::initIntraPatternChType,[49]
,,0.031049,0.015543,  IntraPrediction::xFillReferenceSamples,[61]
,,0.015552,0.0,  Picture::getRecoBuf,[105]
,,,,,
,,0.0,0.062133,  DecLib::xActivateParameterSets,[33]
[50],2.53,0.0,0.062133,TrQuant::init,[50]
,,0.0,0.046569,  DepQuant::DepQuant,[65]
,,0.0,0.015564,  DepQuant::`scalar deleting destructor',[100]
,,,,,
,,0.062109,0.0,  operator new,[52]
[51],2.53,0.062109,0.0,malloc_base,[51]
,,,,,
,,0.0,0.015540,  CodingStructure::addCU,[87]
,,0.0,0.031067,  Quant::xInitScalingList,[79]
,,0.0,0.015502,  QuantRDOQ::xInitScalingList,[153]
[52],2.53,0.0,0.062109,operator new,[52]
,,0.062109,0.0,  malloc_base,[51]
,,,,,
,,0.062107,0.0,  LoopFilter::xDeblockCU,[19]
[53],2.53,0.062107,0.0,LoopFilter::xSetEdgefilterMultiple,[53]
,,,,,
,,0.0,0.015544,  InterPrediction::xFillIBCBuffer,[110]
,,0.0,0.031040,  UnitBuf<short>::copyFrom,[84]
,,0.015519,0.0,  DecCu::xIntraRecBlk,[16]
[54],2.53,0.015519,0.046584,AreaBuf<short>::copyFrom,[54]
,,0.046584,0.0,  memcpy,[64]
,,,,,
,,0.015512,0.046567,  CABACReader::coding_unit,[13]
[55],2.52,0.015512,0.046567,CodingStructure::addPU,[55]
,,0.031043,0.0,  PredictionUnit::initData,[82]
,,0.015524,0.0,  AreaBuf<unsigned int>::fill,[133]
,,,,,
,,0.015379,0.0,  LoopFilter::xEdgeFilterLuma,[45]
,,0.015511,0.0,  LoopFilter::xSetLoopfilterParam,[147]
,,0.030975,0.0,  LoopFilter::xGetBoundaryStrengthSingle,[71]
[56],2.52,0.061865,0.0,CodingStructure::getCU,[56]
,,,,,
,,0.061663,0.0,  TrQuant::xIT,[28]
[57],2.51,0.061663,0.0,fastInverseDCT2_B32,[57]
,,,,,
,,0.050913,0.0,  InputByteStream::eofBeforeNBytes,[48]
[58],2.07,0.050913,0.0,"std::basic_istream<char,struct std::char_traits<char> >::get",[58]
,,,,,
,,0.031058,0.015560,  LoopFilter::xSetMaxFilterLengthPQFromTransformSizes,[60]
[59],1.9,0.031058,0.015560,CodingStructure::getTU,[59]
,,0.015560,0.0,  _security_check_cookie,[74]
,,,,,
,,0.0,0.046619,  LoopFilter::xDeblockCU,[19]
[60],1.9,0.0,0.046619,LoopFilter::xSetMaxFilterLengthPQFromTransformSizes,[60]
,,0.031058,0.015560,  CodingStructure::getTU,[59]
,,,,,
,,0.031049,0.015543,  IntraPrediction::initIntraPatternChType,[49]
[61],1.89,0.031049,0.015543,IntraPrediction::xFillReferenceSamples,[61]
,,0.0,0.015543,  isBelowLeftAvailable,[113]
,,,,,
,,0.046587,0.0,  CABACReader::residual_coding_subblock,[27]
[62],1.89,0.046587,0.0,CoeffCodingContext::templateAbsSum,[62]
,,,,,
,,0.030987,0.015598,  CABACReader::cu_residual,[20]
[63],1.89,0.030987,0.015598,CABACReader::residual_lfnst_mode,[63]
,,0.015598,0.0,  CompArea::lumaSize,[95]
,,,,,
,,0.046584,0.0,  AreaBuf<short>::copyFrom,[54]
[64],1.89,0.046584,0.0,memcpy,[64]
,,,,,
,,0.0,0.046569,  TrQuant::init,[50]
[65],1.89,0.0,0.046569,DepQuant::DepQuant,[65]
,,0.0,0.046569,  QuantRDOQ::QuantRDOQ,[66]
,,,,,
,,0.0,0.046569,  DepQuant::DepQuant,[65]
[66],1.89,0.0,0.046569,QuantRDOQ::QuantRDOQ,[66]
,,0.0,0.031067,  Quant::Quant,[78]
,,0.0,0.015502,  QuantRDOQ::xInitScalingList,[153]
,,,,,
,,0.030994,0.015542,  TrQuant::invTransformNxN,[25]
[67],1.89,0.030994,0.015542,DepQuant::dequant,[67]
,,0.015542,0.0,  DQIntern::Quantizer::dequantBlock,[114]
,,,,,
,,0.0,0.046466,  DecCu::xIntraRecBlk,[16]
[68],1.89,0.0,0.046466,IntraPrediction::predIntraMip,[68]
,,0.015504,0.030962,  MatrixIntraPrediction::predBlock,[69]
,,,,,
,,0.015504,0.030962,  IntraPrediction::predIntraMip,[68]
[69],1.89,0.015504,0.030962,MatrixIntraPrediction::predBlock,[69]
,,0.030962,0.0,  MatrixIntraPrediction::computeReducedPred,[90]
,,,,,
,,0.046359,0.0,  IntraPrediction::predIntraAng,[47]
[70],1.89,0.046359,0.0,IntraPrediction::xPredIntraAng,[70]
,,,,,
,,0.015191,0.030975,  LoopFilter::xDeblockCU,[19]
[71],1.88,0.015191,0.030975,LoopFilter::xGetBoundaryStrengthSingle,[71]
,,0.030975,0.0,  CodingStructure::getCU,[56]
,,,,,
,,0.012590,0.0,  dynamic_cache<struct TransformUnit>::deleteEntries,[168]
,,0.015482,0.0,  PartLevel::~PartLevel,[160]
,,0.015564,0.0,  QuantRDOQ::xDestroyScalingList,[101]
[72],1.77,0.043636,0.0,free_base,[72]
,,,,,
,,0.040878,0.0,  CABACReader::residual_coding_subblock,[27]
[73],1.66,0.040878,0.0,CoeffCodingContext::sigCtxIdAbs,[73]
,,,,,
,,0.015538,0.0,  simdDeriveClassificationBlk<4>,[40]
,,0.015560,0.0,  CodingStructure::getTU,[59]
[74],1.26,0.031098,0.0,_security_check_cookie,[74]
,,,,,
,,0.031089,0.0,  CABACReader::transform_tree <cycle 2>,[22]
[75],1.26,0.031089,0.0,CodingStructure::addTU,[75]
,,,,,
,,0.031085,0.0,  read,[77]
[76],1.26,0.031085,0.0,convertPayloadToRBSP,[76]
,,,,,
,,0.0,0.031085,  DecApp::decode,[4]
[77],1.26,0.0,0.031085,read,[77]
,,0.031085,0.0,  convertPayloadToRBSP,[76]
,,,,,
,,0.0,0.031067,  QuantRDOQ::QuantRDOQ,[66]
[78],1.26,0.0,0.031067,Quant::Quant,[78]
,,0.0,0.031067,  Quant::xInitScalingList,[79]
,,,,,
,,0.0,0.031067,  Quant::Quant,[78]
[79],1.26,0.0,0.031067,Quant::xInitScalingList,[79]
,,0.0,0.031067,  operator new,[52]
,,,,,
,,0.0,0.031055,  CABACReader::coding_tree <cycle 1>,[12]
[80],1.26,0.0,0.031055,QTBTPartitioner::canSplit,[80]
,,0.015510,0.015545,  QTBTPartitioner::canSplit,[41]
,,,,,
,,0.015504,0.0,  CodingUnit::isSepTree,[152]
,,0.015546,0.0,  QTBTPartitioner::getImplicitSplit,[83]
[81],1.26,0.031049,0.0,CS::isDualITree,[81]
,,,,,
,,0.031043,0.0,  CodingStructure::addPU,[55]
[82],1.26,0.031043,0.0,PredictionUnit::initData,[82]
,,,,,
,,0.015495,0.015546,  QTBTPartitioner::canSplit,[41]
[83],1.26,0.015495,0.015546,QTBTPartitioner::getImplicitSplit,[83]
,,0.015546,0.0,  CS::isDualITree,[81]
,,,,,
,,0.0,0.015518,  AdaptiveLoopFilter::ALFProcess,[24]
,,0.0,0.015522,  SampleAdaptiveOffset::SAOProcess,[30]
[84],1.26,0.0,0.031040,UnitBuf<short>::copyFrom,[84]
,,0.0,0.031040,  AreaBuf<short>::copyFrom,[54]
,,,,,
,,0.031038,0.0,  LoopFilter::xDeblockCU,[19]
[85],1.26,0.031038,0.0,CU::traverseTUs,[85]
,,,,,
,,0.015501,0.015516,  CABACReader::intra_luma_pred_modes,[42]
[86],1.26,0.015501,0.015516,PU::getIntraMPMs,[86]
,,0.015516,0.0,  PU::getIntraDirLuma,[141]
,,,,,
,,0.0,0.030995,  CABACReader::coding_tree <cycle 1>,[12]
[87],1.26,0.0,0.030995,CodingStructure::addCU,[87]
,,0.015455,0.0,  CodingUnit::initData,[164]
,,0.0,0.015540,  operator new,[52]
,,,,,
,,0.030986,0.0,  CodingStructure::traverseCUs,[44]
[88],1.26,0.030986,0.0,UnitArea::contains,[88]
,,,,,
,,0.0,0.030964,  CABACReader::transform_tree <cycle 2>,[22]
[89],1.26,0.0,0.030964,AreaBuf<int>::fill,[89]
,,0.030964,0.0,  memset,[36]
,,,,,
,,0.030962,0.0,  MatrixIntraPrediction::predBlock,[69]
[90],1.26,0.030962,0.0,MatrixIntraPrediction::computeReducedPred,[90]
,,,,,
,,0.0,0.015518,  CodingStructure::getResiBuf,[138]
,,0.015428,0.0,  CodingStructure::getRecoBuf,[166]
[91],1.26,0.015428,0.015518,CodingStructure::getBuf,[91]
,,0.015518,0.0,  PelStorage::getBuf,[139]
,,,,,
,,0.0,0.015933,  SampleAdaptiveOffset::create,[93]
[92],0.65,0.0,0.015933,PelStorage::destroy,[92]
,,0.015933,0.0,  aligned_free,[94]
,,,,,
,,0.0,0.015933,  DecLib::xActivateParameterSets,[33]
[93],0.65,0.0,0.015933,SampleAdaptiveOffset::create,[93]
,,0.0,0.015933,  PelStorage::destroy,[92]
,,,,,
,,0.015933,0.0,  PelStorage::destroy,[92]
[94],0.65,0.015933,0.0,aligned_free,[94]
,,,,,
,,0.015598,0.0,  CABACReader::residual_lfnst_mode,[63]
[95],0.63,0.015598,0.0,CompArea::lumaSize,[95]
,,,,,
,,0.0,0.015584,  CodingStructure::releaseIntermediateData,[97]
[96],0.63,0.0,0.015584,CodingStructure::clearTUs,[96]
,,0.015584,0.0,  memset,[36]
,,,,,
,,0.0,0.015584,  DecLib::finishPicture,[98]
[97],0.63,0.0,0.015584,CodingStructure::releaseIntermediateData,[97]
,,0.0,0.015584,  CodingStructure::clearTUs,[96]
,,,,,
,,0.0,0.015584,  DecApp::decode,[4]
[98],0.63,0.0,0.015584,DecLib::finishPicture,[98]
,,0.0,0.015584,  CodingStructure::releaseIntermediateData,[97]
,,,,,
,,0.015564,0.0,  TrQuant::xIT,[28]
[99],0.63,0.015564,0.0,fastInverseDCT2_B8,[99]
,,,,,
,,0.0,0.015564,  TrQuant::init,[50]
[100],0.63,0.0,0.015564,DepQuant::`scalar deleting destructor',[100]
,,0.0,0.015564,  QuantRDOQ::~QuantRDOQ,[102]
,,,,,
,,0.0,0.015564,  QuantRDOQ::~QuantRDOQ,[102]
[101],0.63,0.0,0.015564,QuantRDOQ::xDestroyScalingList,[101]
,,0.015564,0.0,  free_base,[72]
,,,,,
,,0.0,0.015564,  DepQuant::`scalar deleting destructor',[100]
[102],0.63,0.0,0.015564,QuantRDOQ::~QuantRDOQ,[102]
,,0.0,0.015564,  QuantRDOQ::xDestroyScalingList,[101]
,,,,,
,,0.015559,0.0,  fastInverseDST7_B8,[104]
[103],0.63,0.015559,0.0,_fastInverseMM<8>,[103]
,,,,,
,,0.0,0.015559,  TrQuant::xIT,[28]
[104],0.63,0.0,0.015559,fastInverseDST7_B8,[104]
,,0.015559,0.0,  _fastInverseMM<8>,[103]
,,,,,
,,0.015552,0.0,  IntraPrediction::initIntraPatternChType,[49]
[105],0.63,0.015552,0.0,Picture::getRecoBuf,[105]
,,,,,
,,0.015552,0.0,  DecCu::xIntraRecBlk,[16]
[106],0.63,0.015552,0.0,TrQuant::invTransformICT,[106]
,,,,,
,,0.015547,0.0,  LoopFilter::xEdgeFilterLuma,[45]
[107],0.63,0.015547,0.0,isAvailableAbove,[107]
,,,,,
,,0.0,0.015545,  QTBTPartitioner::canSplit,[41]
[108],0.63,0.0,0.015545,PreCalcValues::getMaxTtSize,[108]
,,0.015545,0.0,  PreCalcValues::getValIdx,[109]
,,,,,
,,0.015545,0.0,  PreCalcValues::getMaxTtSize,[108]
[109],0.63,0.015545,0.0,PreCalcValues::getValIdx,[109]
,,,,,
,,0.0,0.015544,  DecCu::decompressCtu,[14]
[110],0.63,0.0,0.015544,InterPrediction::xFillIBCBuffer,[110]
,,0.0,0.015544,  AreaBuf<short>::copyFrom,[54]
,,,,,
,,0.015543,0.0,  CodingStructure::getCURestricted,[112]
[111],0.63,0.015543,0.0,CodingStructure::getCU,[111]
,,,,,
,,0.0,0.015543,  isBelowLeftAvailable,[113]
[112],0.63,0.0,0.015543,CodingStructure::getCURestricted,[112]
,,0.015543,0.0,  CodingStructure::getCU,[111]
,,,,,
,,0.0,0.015543,  IntraPrediction::xFillReferenceSamples,[61]
[113],0.63,0.0,0.015543,isBelowLeftAvailable,[113]
,,0.0,0.015543,  CodingStructure::getCURestricted,[112]
,,,,,
,,0.015542,0.0,  DepQuant::dequant,[67]
[114],0.63,0.015542,0.0,DQIntern::Quantizer::dequantBlock,[114]
,,,,,
,,0.015541,0.0,  CABACReader::transform_unit,[23]
[115],0.63,0.015541,0.0,CU::isIntra,[115]
,,,,,
,,0.015540,0.0,  CABACReader::split_cu_mode,[34]
[116],0.63,0.015540,0.0,DeriveCtx::CtxSplit,[116]
,,,,,
,,0.015537,0.0,  TrQuant::xIT,[28]
[117],0.63,0.015537,0.0,fastInverseDST7_B16,[117]
,,,,,
,,0.0,0.015535,  DecApp::decode,[4]
[118],0.63,0.0,0.015535,DecApp::xWriteOutput,[118]
,,0.0,0.015535,  VideoIOYuv::write,[119]
,,,,,
,,0.0,0.015535,  DecApp::xWriteOutput,[118]
[119],0.63,0.0,0.015535,VideoIOYuv::write,[119]
,,0.0,0.015535,  writePlane,[121]
,,,,,
,,0.015535,0.0,  writePlane,[121]
[120],0.63,0.015535,0.0,"std::basic_ostream<char,struct std::char_traits<char> >::write",[120]
,,,,,
,,0.0,0.015535,  VideoIOYuv::write,[119]
[121],0.63,0.0,0.015535,writePlane,[121]
,,0.015535,0.0,"  std::basic_ostream<char,struct std::char_traits<char> >::write",[120]
,,,,,
,,0.015534,0.0,  CABACReader::intra_luma_pred_modes,[42]
[122],0.63,0.015534,0.0,CABACReader::extend_ref_line,[122]
,,,,,
,,0.015530,0.0,  TrQuant::xIT,[28]
[123],0.63,0.015530,0.0,fastInverseDCT2_B64,[123]
,,,,,
,,0.0,0.015529,  DecLib::executeLoopFilters,[9]
[124],0.63,0.0,0.015529,CS::setRefinedMotionField,[124]
,,0.015529,0.0,  PU::checkDMVRCondition,[125]
,,,,,
,,0.015529,0.0,  CS::setRefinedMotionField,[124]
[125],0.63,0.015529,0.0,PU::checkDMVRCondition,[125]
,,,,,
,,0.015529,0.0,  `eh vector constructor iterator',[129]
[126],0.63,0.015529,0.0,PartLevel::PartLevel,[126]
,,,,,
,,0.0,0.015529,  TUIntraSubPartitioner::TUIntraSubPartitioner,[128]
[127],0.63,0.0,0.015529,Partitioner::Partitioner,[127]
,,0.0,0.015529,  `eh vector constructor iterator',[129]
,,,,,
,,0.0,0.015529,  CABACReader::cu_residual,[20]
[128],0.63,0.0,0.015529,TUIntraSubPartitioner::TUIntraSubPartitioner,[128]
,,0.0,0.015529,  Partitioner::Partitioner,[127]
,,,,,
,,0.0,0.015529,  Partitioner::Partitioner,[127]
[129],0.63,0.0,0.015529,`eh vector constructor iterator',[129]
,,0.015529,0.0,  PartLevel::PartLevel,[126]
,,,,,
,,0.0,0.015528,  CABACReader::intra_luma_pred_modes,[42]
[130],0.63,0.0,0.015528,CABACReader::mip_flag,[130]
,,0.015528,0.0,  DeriveCtx::CtxMipFlag,[131]
,,,,,
,,0.015528,0.0,  CABACReader::mip_flag,[130]
[131],0.63,0.015528,0.0,DeriveCtx::CtxMipFlag,[131]
,,,,,
,,0.015527,0.0,  TrQuant::xIT,[28]
[132],0.63,0.015527,0.0,fastInverseDCT2_B16,[132]
,,,,,
,,0.015524,0.0,  CodingStructure::addPU,[55]
[133],0.63,0.015524,0.0,AreaBuf<unsigned int>::fill,[133]
,,,,,
,,0.015523,0.0,  IntraPrediction::predIntraAng,[47]
[134],0.63,0.015523,0.0,IntraPrediction::xPredIntraPlanar,[134]
,,,,,
,,0.015521,0.0,  UnitBuf<short>::fill,[137]
[135],0.63,0.015521,0.0,AreaBuf<short>::fill,[135]
,,,,,
,,0.0,0.015521,  DecCu::decompressCtu,[14]
[136],0.63,0.0,0.015521,InterPrediction::resetVPDUforIBC,[136]
,,0.0,0.015521,  UnitBuf<short>::fill,[137]
,,,,,
,,0.0,0.015521,  InterPrediction::resetVPDUforIBC,[136]
[137],0.63,0.0,0.015521,UnitBuf<short>::fill,[137]
,,0.015521,0.0,  AreaBuf<short>::fill,[135]
,,,,,
,,0.0,0.015518,  DecCu::xIntraRecBlk,[16]
[138],0.63,0.0,0.015518,CodingStructure::getResiBuf,[138]
,,0.0,0.015518,  CodingStructure::getBuf,[91]
,,,,,
,,0.015518,0.0,  CodingStructure::getBuf,[91]
[139],0.63,0.015518,0.0,PelStorage::getBuf,[139]
,,,,,
,,0.015518,0.0,  CABACReader::transform_unit,[23]
[140],0.63,0.015518,0.0,CABACReader::cbf_comp,[140]
,,,,,
,,0.015516,0.0,  PU::getIntraMPMs,[86]
[141],0.63,0.015516,0.0,PU::getIntraDirLuma,[141]
,,,,,
,,0.015515,0.0,  LoopFilter::xEdgeFilterChroma,[46]
[142],0.63,0.015515,0.0,LoopFilter::xPelFilterChroma,[142]
,,,,,
,,0.0,0.015514,  CABACReader::transform_tree <cycle 2>,[22]
[143],0.63,0.0,0.015514,CS::getArea,[143]
,,0.015514,0.0,  UnitArea::singleChan,[144]
,,,,,
,,0.015514,0.0,  CS::getArea,[143]
[144],0.63,0.015514,0.0,UnitArea::singleChan,[144]
,,,,,
,,0.0,0.015512,  DecLib::xActivateParameterSets,[33]
[145],0.63,0.0,0.015512,CodingStructure::createCoeffs,[145]
,,0.015512,0.0,  func@0x1800524df,[146]
,,,,,
,,0.015512,0.0,  CodingStructure::createCoeffs,[145]
[146],0.63,0.015512,0.0,func@0x1800524df,[146]
,,,,,
,,0.0,0.015511,  LoopFilter::xDeblockCU,[19]
[147],0.63,0.0,0.015511,LoopFilter::xSetLoopfilterParam,[147]
,,0.015511,0.0,  CodingStructure::getCU,[56]
,,,,,
,,0.0,0.015507,  DecCu::xIntraRecBlk,[16]
[148],0.63,0.0,0.015507,IntraPrediction::predIntraChromaLM,[148]
,,0.0,0.015507,  IntraPrediction::xGetLMParameters,[149]
,,,,,
,,0.0,0.015507,  IntraPrediction::predIntraChromaLM,[148]
[149],0.63,0.0,0.015507,IntraPrediction::xGetLMParameters,[149]
,,0.015507,0.0,  memset,[36]
,,,,,
,,0.015506,0.0,  TBinDecoder<class BinProbModel_Std>::decodeBin,[43]
[150],0.63,0.015506,0.0,InputBitstream::readByte,[150]
,,,,,
,,0.0,0.015504,  CABACReader::cu_pred_data,[35]
[151],0.63,0.0,0.015504,CABACReader::intra_chroma_pred_modes,[151]
,,0.0,0.015504,  CodingUnit::isSepTree,[152]
,,,,,
,,0.0,0.015504,  CABACReader::intra_chroma_pred_modes,[151]
[152],0.63,0.0,0.015504,CodingUnit::isSepTree,[152]
,,0.015504,0.0,  CS::isDualITree,[81]
,,,,,
,,0.0,0.015502,  QuantRDOQ::QuantRDOQ,[66]
[153],0.63,0.0,0.015502,QuantRDOQ::xInitScalingList,[153]
,,0.0,0.015502,  operator new,[52]
,,,,,
,,0.0,0.015500,  QpParam::QpParam,[155]
[154],0.63,0.0,0.015500,QpParam::QpParam,[154]
,,0.015500,0.0,  SPS::getMappedChromaQpValue,[156]
,,,,,
,,0.0,0.015500,  DecCu::xIntraRecBlk,[16]
[155],0.63,0.0,0.015500,QpParam::QpParam,[155]
,,0.0,0.015500,  QpParam::QpParam,[154]
,,,,,
,,0.015500,0.0,  QpParam::QpParam,[154]
[156],0.63,0.015500,0.0,SPS::getMappedChromaQpValue,[156]
,,,,,
,,0.015498,0.0,  QTBTPartitioner::splitCurrArea,[158]
[157],0.63,0.015498,0.0,PartitionerImpl::getCUSubPartitions,[157]
,,,,,
,,0.0,0.015498,  CABACReader::coding_tree <cycle 1>,[12]
[158],0.63,0.0,0.015498,QTBTPartitioner::splitCurrArea,[158]
,,0.015498,0.0,  PartitionerImpl::getCUSubPartitions,[157]
,,,,,
,,0.015486,0.0,  AdaptiveLoopFilter::ALFProcess,[24]
[159],0.63,0.015486,0.0,simdFilter5x5Blk<4>,[159]
,,,,,
,,0.0,0.015482,  `eh vector destructor iterator',[162]
[160],0.63,0.0,0.015482,PartLevel::~PartLevel,[160]
,,0.015482,0.0,  free_base,[72]
,,,,,
,,0.0,0.015482,  CABACReader::coding_tree_unit,[10]
[161],0.63,0.0,0.015482,QTBTPartitioner::`scalar deleting destructor',[161]
,,0.0,0.015482,  `eh vector destructor iterator',[162]
,,,,,
,,0.0,0.015482,  QTBTPartitioner::`scalar deleting destructor',[161]
[162],0.63,0.0,0.015482,`eh vector destructor iterator',[162]
,,0.0,0.015482,  PartLevel::~PartLevel,[160]
,,,,,
,,0.015481,0.0,  LoopFilter::xEdgeFilterLuma,[45]
[163],0.63,0.015481,0.0,LoopFilter::xPelFilterLuma,[163]
,,,,,
,,0.015455,0.0,  CodingStructure::addCU,[87]
[164],0.63,0.015455,0.0,CodingUnit::initData,[164]
,,,,,
,,0.015453,0.0,  TrQuant::xIT,[28]
[165],0.63,0.015453,0.0,fastInverseDST7_B32,[165]
,,,,,
,,0.0,0.015428,  LoopFilter::xEdgeFilterChroma,[46]
[166],0.63,0.0,0.015428,CodingStructure::getRecoBuf,[166]
,,0.015428,0.0,  CodingStructure::getBuf,[91]
,,,,,
,,0.0,0.012590,  exit,[169]
[167],0.51,0.0,0.012590,XUCache::~XUCache,[167]
,,0.0,0.012590,  dynamic_cache<struct TransformUnit>::deleteEntries,[168]
,,,,,
,,0.0,0.012590,  XUCache::~XUCache,[167]
[168],0.51,0.0,0.012590,dynamic_cache<struct TransformUnit>::deleteEntries,[168]
,,0.012590,0.0,  free_base,[72]
,,,,,
,,0.0,0.012590,  _scrt_common_main_seh,[3]
[169],0.51,0.0,0.012590,exit,[169]
,,0.0,0.012590,  XUCache::~XUCache,[167]
,,,,,
,,0.005938,0.0,  initterm,[171]
[170],0.24,0.005938,0.0,`dynamic initializer for 'g_reusedUniMVs'',[170]
,,,,,
,,0.0,0.005938,  _scrt_common_main_seh,[3]
[171],0.24,0.0,0.005938,initterm,[171]
,,0.005938,0.0,  `dynamic initializer for 'g_reusedUniMVs'',[170]
,,,,,
,,0.005693,0.0,  DecApp::decode,[4]
[172],0.23,0.005693,0.0,"std::basic_ifstream<char,struct std::char_traits<char> >::basic_ifstream<char,struct std::char_traits<char> >",[172]
,,,,,


Index by function name

Index,Function
[24],AdaptiveLoopFilter::ALFProcess
[39],AdaptiveLoopFilter::deriveClassification
[89],AreaBuf<int>::fill
[54],AreaBuf<short>::copyFrom
[135],AreaBuf<short>::fill
[133],AreaBuf<unsigned int>::fill
[1],BaseThreadInitThunk
[140],CABACReader::cbf_comp
[12],CABACReader::coding_tree
[10],CABACReader::coding_tree_unit
[13],CABACReader::coding_unit
[35],CABACReader::cu_pred_data
[20],CABACReader::cu_residual
[122],CABACReader::extend_ref_line
[151],CABACReader::intra_chroma_pred_modes
[42],CABACReader::intra_luma_pred_modes
[130],CABACReader::mip_flag
[26],CABACReader::residual_coding
[27],CABACReader::residual_coding_subblock
[63],CABACReader::residual_lfnst_mode
[34],CABACReader::split_cu_mode
[22],CABACReader::transform_tree
[23],CABACReader::transform_unit
[143],CS::getArea
[81],CS::isDualITree
[124],CS::setRefinedMotionField
[115],CU::isIntra
[85],CU::traverseTUs
[87],CodingStructure::addCU
[55],CodingStructure::addPU
[75],CodingStructure::addTU
[96],CodingStructure::clearTUs
[145],CodingStructure::createCoeffs
[91],CodingStructure::getBuf
[111],CodingStructure::getCU
[56],CodingStructure::getCU
[112],CodingStructure::getCURestricted
[166],CodingStructure::getRecoBuf
[138],CodingStructure::getResiBuf
[59],CodingStructure::getTU
[97],CodingStructure::releaseIntermediateData
[44],CodingStructure::traverseCUs
[164],CodingUnit::initData
[152],CodingUnit::isSepTree
[73],CoeffCodingContext::sigCtxIdAbs
[62],CoeffCodingContext::templateAbsSum
[95],CompArea::lumaSize
[114],DQIntern::Quantizer::dequantBlock
[4],DecApp::decode
[118],DecApp::xWriteOutput
[14],DecCu::decompressCtu
[16],DecCu::xIntraRecBlk
[17],DecCu::xIntraRecQT
[18],DecCu::xReconIntraQT
[6],DecLib::decode
[9],DecLib::executeLoopFilters
[98],DecLib::finishPicture
[33],DecLib::xActivateParameterSets
[7],DecLib::xDecodeSlice
[8],DecSlice::decompressSlice
[65],DepQuant::DepQuant
[100],DepQuant::`scalar deleting destructor'
[67],DepQuant::dequant
[131],DeriveCtx::CtxMipFlag
[116],DeriveCtx::CtxSplit
[150],InputBitstream::readByte
[48],InputByteStream::eofBeforeNBytes
[136],InterPrediction::resetVPDUforIBC
[110],InterPrediction::xFillIBCBuffer
[49],IntraPrediction::initIntraPatternChType
[47],IntraPrediction::predIntraAng
[148],IntraPrediction::predIntraChromaLM
[68],IntraPrediction::predIntraMip
[61],IntraPrediction::xFillReferenceSamples
[149],IntraPrediction::xGetLMParameters
[70],IntraPrediction::xPredIntraAng
[134],IntraPrediction::xPredIntraPlanar
[15],LoopFilter::loopFilterPic
[19],LoopFilter::xDeblockCU
[46],LoopFilter::xEdgeFilterChroma
[45],LoopFilter::xEdgeFilterLuma
[71],LoopFilter::xGetBoundaryStrengthSingle
[142],LoopFilter::xPelFilterChroma
[163],LoopFilter::xPelFilterLuma
[53],LoopFilter::xSetEdgefilterMultiple
[147],LoopFilter::xSetLoopfilterParam
[60],LoopFilter::xSetMaxFilterLengthPQFromTransformSizes
[90],MatrixIntraPrediction::computeReducedPred
[69],MatrixIntraPrediction::predBlock
[125],PU::checkDMVRCondition
[141],PU::getIntraDirLuma
[86],PU::getIntraMPMs
[126],PartLevel::PartLevel
[160],PartLevel::~PartLevel
[127],Partitioner::Partitioner
[157],PartitionerImpl::getCUSubPartitions
[92],PelStorage::destroy
[139],PelStorage::getBuf
[105],Picture::getRecoBuf
[108],PreCalcValues::getMaxTtSize
[109],PreCalcValues::getValIdx
[82],PredictionUnit::initData
[161],QTBTPartitioner::`scalar deleting destructor'
[41],QTBTPartitioner::canSplit
[80],QTBTPartitioner::canSplit
[83],QTBTPartitioner::getImplicitSplit
[158],QTBTPartitioner::splitCurrArea
[154],QpParam::QpParam
[155],QpParam::QpParam
[78],Quant::Quant
[79],Quant::xInitScalingList
[66],QuantRDOQ::QuantRDOQ
[101],QuantRDOQ::xDestroyScalingList
[153],QuantRDOQ::xInitScalingList
[102],QuantRDOQ::~QuantRDOQ
[2],RtlUserThreadStart
[156],SPS::getMappedChromaQpValue
[30],SampleAdaptiveOffset::SAOProcess
[93],SampleAdaptiveOffset::create
[31],SampleAdaptiveOffset::offsetBlock
[32],SampleAdaptiveOffset::offsetCTU
[43],TBinDecoder<class BinProbModel_Std>::decodeBin
[128],TUIntraSubPartitioner::TUIntraSubPartitioner
[50],TrQuant::init
[106],TrQuant::invTransformICT
[25],TrQuant::invTransformNxN
[28],TrQuant::xIT
[88],UnitArea::contains
[144],UnitArea::singleChan
[84],UnitBuf<short>::copyFrom
[137],UnitBuf<short>::fill
[119],VideoIOYuv::write
[167],XUCache::~XUCache
[103],_fastInverseMM<8>
[3],_scrt_common_main_seh
[74],_security_check_cookie
[170],`dynamic initializer for 'g_reusedUniMVs''
[129],`eh vector constructor iterator'
[162],`eh vector destructor iterator'
[94],aligned_free
[37],byteStreamNALUnit
[38],byteStreamNALUnit
[76],convertPayloadToRBSP
[168],dynamic_cache<struct TransformUnit>::deleteEntries
[169],exit
[132],fastInverseDCT2_B16
[57],fastInverseDCT2_B32
[123],fastInverseDCT2_B64
[99],fastInverseDCT2_B8
[117],fastInverseDST7_B16
[165],fastInverseDST7_B32
[104],fastInverseDST7_B8
[72],free_base
[146],func@0x1800524df
[171],initterm
[107],isAvailableAbove
[113],isBelowLeftAvailable
[5],main
[51],malloc_base
[64],memcpy
[36],memset
[52],operator new
[77],read
[40],simdDeriveClassificationBlk<4>
[159],simdFilter5x5Blk<4>
[29],simdFilter7x7Blk<4>
[172],"std::basic_ifstream<char,struct std::char_traits<char> >::basic_ifstream<char,struct std::char_traits<char> >"
[58],"std::basic_istream<char,struct std::char_traits<char> >::get"
[120],"std::basic_ostream<char,struct std::char_traits<char> >::write"
[121],writePlane
[11],<cycle 1>
[21],<cycle 2>
