Index,% CPU Time:Total,CPU Time:Self,CPU Time:Children,Name,Index
,,0.0,2.544811,  RtlUserThreadStart,[2]
[1],100.0,0.0,2.544811,BaseThreadInitThunk,[1]
,,0.0,2.544811,  _scrt_common_main_seh,[3]
,,,,,
,,,,  <spontaneous>,
[2],100.0,0.0,2.544811,RtlUserThreadStart,[2]
,,0.0,2.544811,  BaseThreadInitThunk,[1]
,,,,,
,,0.0,2.544811,  BaseThreadInitThunk,[1]
[3],100.0,0.0,2.544811,_scrt_common_main_seh,[3]
,,0.0,0.006985,  initterm,[155]
,,0.0,2.537826,  main,[5]
,,,,,
,,0.0,2.537826,  main,[5]
[4],99.73,0.0,2.537826,DecApp::decode,[4]
,,0.003783,0.0,"  std::basic_ifstream<char,struct std::char_traits<char> >::basic_ifstream<char,struct std::char_traits<char> >",[156]
,,0.0,0.263932,  DecApp::xWriteOutput,[23]
,,0.0,1.449680,  DecLib::decode,[6]
,,0.0,0.699128,  DecLib::executeLoopFilters,[10]
,,0.0,0.077729,  DecLib::finishPicture,[51]
,,0.0,0.031085,  byteStreamNALUnit,[90]
,,0.0,0.012489,  destroyROM,[153]
,,,,,
,,0.0,2.537826,  _scrt_common_main_seh,[3]
[5],99.73,0.0,2.537826,main,[5]
,,0.0,2.537826,  DecApp::decode,[4]
,,,,,
,,0.0,1.449680,  DecApp::decode,[4]
[6],56.97,0.0,1.449680,DecLib::decode,[6]
,,0.0,1.449680,  DecLib::xDecodeSlice,[7]
,,,,,
,,0.0,1.449680,  DecLib::decode,[6]
[7],56.97,0.0,1.449680,DecLib::xDecodeSlice,[7]
,,0.0,0.315472,  DecLib::xActivateParameterSets,[20]
,,0.0,1.087805,  DecSlice::decompressSlice,[8]
,,0.0,0.015535,  HLSyntaxReader::parseSliceHeader,[142]
,,0.0,0.030868,  Slice::constructRefPicList,[109]
,,,,,
,,0.0,1.087805,  DecLib::xDecodeSlice,[7]
[8],42.75,0.0,1.087805,DecSlice::decompressSlice,[8]
,,0.0,0.124333,  CABACReader::coding_tree_unit,[38]
,,0.0,0.963472,  DecCu::decompressCtu,[9]
,,,,,
,,0.0,0.963472,  DecSlice::decompressSlice,[8]
[9],37.86,0.0,0.963472,DecCu::decompressCtu,[9]
,,0.015560,0.0,  InterPrediction::xFillIBCBuffer,[129]
,,0.0,0.171116,  DecCu::xDeriveCUMV,[30]
,,0.0,0.698986,  DecCu::xReconInter,[11]
,,0.0,0.031133,  DecCu::xReconIntraQT,[88]
,,0.0,0.046678,  InterPrediction::resetVPDUforIBC,[69]
,,,,,
,,0.0,0.699128,  DecApp::decode,[4]
[10],27.47,0.0,0.699128,DecLib::executeLoopFilters,[10]
,,0.0,0.279767,  AdaptiveLoopFilter::ALFProcess,[21]
,,0.0,0.357154,  LoopFilter::loopFilterPic,[17]
,,0.0,0.062207,  SampleAdaptiveOffset::SAOProcess,[56]
,,,,,
,,0.0,0.698986,  DecCu::decompressCtu,[9]
[11],27.47,0.0,0.698986,DecCu::xReconInter,[11]
,,0.0,0.015493,  CodingStructure::getPredBuf,[150]
,,0.0,0.015512,  CodingStructure::getRecoBuf,[149]
,,0.0,0.046569,  DecCu::xDecodeInterTexture,[78]
,,0.0,0.527996,  InterPrediction::motionCompensation,[13]
,,0.0,0.015518,  InterPrediction::motionCompensation4Triangle,[146]
,,0.0,0.077897,  UnitBuf<short>::copyClip,[47]
,,,,,
,,0.0,0.527996,  InterPrediction::motionCompensation,[13]
,,0.0,0.015518,  InterPrediction::motionCompensation4Triangle,[146]
[12],21.36,0.0,0.543514,<cycle 2 as a whole>,[12]
,,0.0,0.527929,  InterPrediction::motionCompensation <cycle 2>,[14]
,,0.0,0.015584,  InterPrediction::xSubPuMC <cycle 2>,[119]
,,,,,
,,0.0,0.527996,  DecCu::xReconInter,[11]
[13],20.75,0.0,0.527996,InterPrediction::motionCompensation,[13]
,,0.0,0.527996,  InterPrediction::motionCompensation <cycle 2>,[14]
,,,,,
,,0.0,0.527996,  InterPrediction::motionCompensation,[13]
,,0.0,0.015518,  InterPrediction::motionCompensation4Triangle,[146]
,,,,  InterPrediction::xSubPuMC <cycle 2>,[119]
[14],20.75,0.0,0.527929,InterPrediction::motionCompensation <cycle 2>,[14]
,,0.031009,0.031030,  InterPrediction::xPredInterUni,[15]
,,0.015557,0.0,  InterPrediction::xCheckIdenticalMotion,[130]
,,0.0,0.450333,  InterPrediction::xPredInterBi,[16]
,,,,  InterPrediction::xSubPuMC <cycle 2>,[119]
,,,,,
,,0.0,0.419292,  InterPrediction::xPredInterBi,[16]
,,0.031009,0.031030,  InterPrediction::motionCompensation <cycle 2>,[14]
[15],18.91,0.031009,0.450323,InterPrediction::xPredInterUni,[15]
,,0.108553,0.233039,  InterPrediction::xPredAffineBlk,[18]
,,0.0,0.108731,  InterPrediction::xPredInterBlk,[45]
,,,,,
,,0.0,0.450333,  InterPrediction::motionCompensation <cycle 2>,[14]
[16],17.7,0.0,0.450333,InterPrediction::xPredInterBi,[16]
,,0.0,0.419292,  InterPrediction::xPredInterUni,[15]
,,0.0,0.031041,  InterPrediction::xWeightedAverage,[98]
,,,,,
,,0.0,0.357154,  DecLib::executeLoopFilters,[10]
[17],14.03,0.0,0.357154,LoopFilter::loopFilterPic,[17]
,,0.031047,0.0,  memset,[55]
,,0.015577,0.310530,  LoopFilter::xDeblockCU,[19]
,,,,,
,,0.108553,0.233039,  InterPrediction::xPredInterUni,[15]
[18],13.42,0.108553,0.233039,InterPrediction::xPredAffineBlk,[18]
,,0.015568,0.0,  roundAffineMv,[84]
,,0.015513,0.0,  Picture::getRecoBuf,[148]
,,0.015497,0.108693,  InterpolationFilter::filterVer,[29]
,,0.0,0.077768,  InterpolationFilter::filterHor,[40]
,,,,,
,,0.015577,0.310530,  LoopFilter::loopFilterPic,[17]
[19],12.81,0.015577,0.310530,LoopFilter::xDeblockCU,[19]
,,0.093131,0.108707,  LoopFilter::xGetBoundaryStrengthSingle,[28]
,,0.031053,0.062061,  LoopFilter::xEdgeFilterLuma,[50]
,,0.015577,0.0,  LoopFilter::xSetMaxFilterLengthPQFromTransformSizes,[121]
,,,,,
,,0.0,0.315472,  DecLib::xDecodeSlice,[7]
[20],12.4,0.0,0.315472,DecLib::xActivateParameterSets,[20]
,,0.0,0.051242,  Picture::finalInit,[63]
,,0.0,0.264230,  TrQuant::init,[22]
,,,,,
,,0.0,0.279767,  DecLib::executeLoopFilters,[10]
[21],10.99,0.0,0.279767,AdaptiveLoopFilter::ALFProcess,[21]
,,0.233047,0.0,  simdFilter7x7Blk<4>,[26]
,,0.0,0.046720,  AdaptiveLoopFilter::deriveClassification,[66]
,,,,,
,,0.0,0.264230,  DecLib::xActivateParameterSets,[20]
[22],10.38,0.0,0.264230,TrQuant::init,[22]
,,0.0,0.155483,  DepQuant::DepQuant,[33]
,,0.0,0.108748,  DepQuant::`scalar deleting destructor',[44]
,,,,,
,,0.0,0.263932,  DecApp::decode,[4]
[23],10.37,0.0,0.263932,DecApp::xWriteOutput,[23]
,,0.0,0.263932,  VideoIOYuv::write,[24]
,,,,,
,,0.0,0.263932,  DecApp::xWriteOutput,[23]
[24],10.37,0.0,0.263932,VideoIOYuv::write,[24]
,,0.062054,0.201878,  writePlane,[25]
,,,,,
,,0.062054,0.201878,  VideoIOYuv::write,[24]
[25],10.37,0.062054,0.201878,writePlane,[25]
,,0.201878,0.0,"  std::basic_ostream<char,struct std::char_traits<char> >::write",[27]
,,,,,
,,0.233047,0.0,  AdaptiveLoopFilter::ALFProcess,[21]
[26],9.16,0.233047,0.0,simdFilter7x7Blk<4>,[26]
,,,,,
,,0.201878,0.0,  writePlane,[25]
[27],7.93,0.201878,0.0,"std::basic_ostream<char,struct std::char_traits<char> >::write",[27]
,,,,,
,,0.093131,0.108707,  LoopFilter::xDeblockCU,[19]
[28],7.93,0.093131,0.108707,LoopFilter::xGetBoundaryStrengthSingle,[28]
,,0.062154,0.0,  CodingStructure::getCU,[59]
,,0.031012,0.015541,  CodingStructure::getTU,[79]
,,,,,
,,0.0,0.062169,  InterPrediction::xPredInterBlk,[45]
,,0.015497,0.108693,  InterPrediction::xPredAffineBlk,[18]
[29],7.32,0.015497,0.170861,InterpolationFilter::filterVer,[29]
,,0.0,0.062095,  InterpolationFilter::filterVer<4>,[62]
,,0.0,0.108766,  InterpolationFilter::filterVer<8>,[43]
,,,,,
,,0.0,0.171116,  DecCu::decompressCtu,[9]
[30],6.72,0.0,0.171116,DecCu::xDeriveCUMV,[30]
,,0.0,0.139966,  PU::getAffineMergeCand,[35]
,,0.0,0.015606,  PU::setAllAffineMvField,[114]
,,0.0,0.015544,  PU::spanMotionInfo,[134]
,,,,,
,,0.171017,0.0,  operator new,[32]
[31],6.72,0.171017,0.0,malloc_base,[31]
,,,,,
,,0.0,0.046638,  Quant::xInitScalingList,[75]
,,0.0,0.108845,  QuantRDOQ::xInitScalingList,[42]
,,0.0,0.015534,"  std::vector<unsigned char,class std::allocator<unsigned char> >::emplace_back<unsigned char>",[144]
[32],6.72,0.0,0.171017,operator new,[32]
,,0.171017,0.0,  malloc_base,[31]
,,,,,
,,0.0,0.155483,  TrQuant::init,[22]
[33],6.11,0.0,0.155483,DepQuant::DepQuant,[33]
,,0.0,0.155483,  QuantRDOQ::QuantRDOQ,[34]
,,,,,
,,0.0,0.155483,  DepQuant::DepQuant,[33]
[34],6.11,0.0,0.155483,QuantRDOQ::QuantRDOQ,[34]
,,0.0,0.046638,  Quant::Quant,[74]
,,0.0,0.108845,  QuantRDOQ::xInitScalingList,[42]
,,,,,
,,0.0,0.139966,  DecCu::xDeriveCUMV,[30]
[35],5.5,0.0,0.139966,PU::getAffineMergeCand,[35]
,,0.077759,0.062207,  PU::getInterMergeSubPuMvpCand,[36]
,,,,,
,,0.077759,0.062207,  PU::getAffineMergeCand,[35]
[36],5.5,0.077759,0.062207,PU::getInterMergeSubPuMvpCand,[36]
,,0.031151,0.031055,  deriveScaledMotionTemporal,[57]
,,,,,
,,0.0,0.124333,  CABACReader::coding_tree_unit,[38]
[37],4.89,0.0,0.124333,<cycle 1 as a whole>,[37]
,,0.0,0.124333,  CABACReader::coding_tree <cycle 1>,[39]
,,,,,
,,0.0,0.124333,  DecSlice::decompressSlice,[8]
[38],4.89,0.0,0.124333,CABACReader::coding_tree_unit,[38]
,,0.0,0.124333,  CABACReader::coding_tree <cycle 1>,[39]
,,,,,
,,,,  CABACReader::coding_tree <cycle 1>,[39]
,,0.0,0.124333,  CABACReader::coding_tree_unit,[38]
[39],4.89,0.0,0.124333,CABACReader::coding_tree <cycle 1>,[39]
,,0.015536,0.015502,  CodingStructure::addCU,[99]
,,,,  CABACReader::coding_tree <cycle 1>,[39]
,,0.0,0.093295,  CABACReader::coding_unit,[48]
,,,,,
,,0.0,0.077768,  InterPrediction::xPredAffineBlk,[18]
,,0.0,0.046562,  InterPrediction::xPredInterBlk,[45]
[40],4.89,0.0,0.124330,InterpolationFilter::filterHor,[40]
,,0.031030,0.0,"  InterpolationFilter::filterCopy<1,1>",[101]
,,0.0,0.015600,  InterpolationFilter::filterHor<4>,[115]
,,0.0,0.077700,  InterpolationFilter::filterHor<8>,[53]
,,,,,
,,0.012489,0.0,  destroyROM,[153]
,,0.031041,0.0,  QuantRDOQ::xDestroyScalingList,[96]
,,0.077707,0.0,  Quant::xDestroyScalingList,[52]
[41],4.76,0.121237,0.0,free_base,[41]
,,,,,
,,0.0,0.108845,  QuantRDOQ::QuantRDOQ,[34]
[42],4.28,0.0,0.108845,QuantRDOQ::xInitScalingList,[42]
,,0.0,0.108845,  operator new,[32]
,,,,,
,,0.0,0.108766,  InterpolationFilter::filterVer,[29]
[43],4.27,0.0,0.108766,InterpolationFilter::filterVer<8>,[43]
,,0.031046,0.062144,"  simdFilter<4,8,1,0,0>",[49]
,,0.0,0.015577,"  simdFilter<4,8,1,1,0>",[122]
,,,,,
,,0.0,0.108748,  TrQuant::init,[22]
[44],4.27,0.0,0.108748,DepQuant::`scalar deleting destructor',[44]
,,0.0,0.077707,  Quant::xDestroyScalingList,[52]
,,0.0,0.031041,  QuantRDOQ::~QuantRDOQ,[97]
,,,,,
,,0.0,0.108731,  InterPrediction::xPredInterUni,[15]
[45],4.27,0.0,0.108731,InterPrediction::xPredInterBlk,[45]
,,0.0,0.046562,  InterpolationFilter::filterHor,[40]
,,0.0,0.062169,  InterpolationFilter::filterVer,[29]
,,,,,
,,0.093388,0.0,  UnitBuf<short>::copyClip,[47]
[46],3.67,0.093388,0.0,AreaBuf<short>::copyClip,[46]
,,,,,
,,0.0,0.077897,  DecCu::xReconInter,[11]
,,0.0,0.015490,  InterPrediction::xWeightedAverage,[98]
[47],3.67,0.0,0.093388,UnitBuf<short>::copyClip,[47]
,,0.093388,0.0,  AreaBuf<short>::copyClip,[46]
,,,,,
,,0.0,0.093295,  CABACReader::coding_tree <cycle 1>,[39]
[48],3.67,0.0,0.093295,CABACReader::coding_unit,[48]
,,0.015594,0.0,  CABACReader::end_of_ctu,[118]
,,0.0,0.015620,  CABACReader::cu_pred_data,[111]
,,0.0,0.046529,  CABACReader::cu_residual,[80]
,,0.0,0.015553,  CodingStructure::addTU,[92]
,,,,,
,,0.031046,0.062144,  InterpolationFilter::filterVer<8>,[43]
[49],3.66,0.031046,0.062144,"simdFilter<4,8,1,0,0>",[49]
,,0.046570,0.0,"  simdInterpolateVerM4<4,8,0>",[76]
,,0.015574,0.0,"  simdInterpolateVerM8_AVX2<4,8,0>",[85]
,,,,,
,,0.031053,0.062061,  LoopFilter::xDeblockCU,[19]
[50],3.66,0.031053,0.062061,LoopFilter::xEdgeFilterLuma,[50]
,,0.046486,0.0,  LoopFilter::xPelFilterLuma,[81]
,,0.0,0.015576,  CodingStructure::getRecoBuf,[123]
,,,,,
,,0.0,0.077729,  DecApp::decode,[4]
[51],3.05,0.0,0.077729,DecLib::finishPicture,[51]
,,0.0,0.046753,  CodingStructure::destroyCoeffs,[64]
,,0.0,0.030976,  CodingStructure::releaseIntermediateData,[107]
,,,,,
,,0.0,0.077707,  DepQuant::`scalar deleting destructor',[44]
[52],3.05,0.0,0.077707,Quant::xDestroyScalingList,[52]
,,0.077707,0.0,  free_base,[41]
,,,,,
,,0.0,0.077700,  InterpolationFilter::filterHor,[40]
[53],3.05,0.0,0.077700,InterpolationFilter::filterHor<8>,[53]
,,0.0,0.077700,"  simdFilter<4,8,0,1,0>",[54]
,,,,,
,,0.0,0.077700,  InterpolationFilter::filterHor<8>,[53]
[54],3.05,0.0,0.077700,"simdFilter<4,8,0,1,0>",[54]
,,0.062168,0.0,"  simdInterpolateHorM4<4,8,0>",[58]
,,0.015532,0.0,"  simdInterpolateHorM8_AVX2<4,8,0>",[145]
,,,,,
,,0.015462,0.0,  CodingStructure::clearTUs,[106]
,,0.015516,0.0,  AreaBuf<int>::fill,[147]
,,0.015566,0.0,  CodingStructure::initStructData,[125]
,,0.031047,0.0,  LoopFilter::loopFilterPic,[17]
[55],3.05,0.077591,0.0,memset,[55]
,,,,,
,,0.0,0.062207,  DecLib::executeLoopFilters,[10]
[56],2.44,0.0,0.062207,SampleAdaptiveOffset::SAOProcess,[56]
,,0.0,0.015543,  SampleAdaptiveOffset::offsetCTU,[136]
,,0.0,0.046665,  UnitBuf<short>::copyFrom,[72]
,,,,,
,,0.031151,0.031055,  PU::getInterMergeSubPuMvpCand,[36]
[57],2.44,0.031151,0.031055,deriveScaledMotionTemporal,[57]
,,0.015495,0.015561,  roundMvComp,[93]
,,,,,
,,0.062168,0.0,"  simdFilter<4,8,0,1,0>",[54]
[58],2.44,0.062168,0.0,"simdInterpolateHorM4<4,8,0>",[58]
,,,,,
,,0.062154,0.0,  LoopFilter::xGetBoundaryStrengthSingle,[28]
[59],2.44,0.062154,0.0,CodingStructure::getCU,[59]
,,,,,
,,0.0,0.046569,  DecCu::xDecodeInterTU,[77]
,,0.0,0.015572,  DecCu::xIntraRecBlk,[86]
[60],2.44,0.0,0.062141,TrQuant::invTransformNxN,[60]
,,0.0,0.062141,  TrQuant::xIT,[61]
,,,,,
,,0.0,0.062141,  TrQuant::invTransformNxN,[60]
[61],2.44,0.0,0.062141,TrQuant::xIT,[61]
,,0.031031,0.0,  fastInverseDCT2_B32,[100]
,,0.015572,0.0,  fastInverseDCT2_B16,[124]
,,0.015538,0.0,  fastInverseDCT2_B64,[141]
,,,,,
,,0.0,0.062095,  InterpolationFilter::filterVer,[29]
[62],2.44,0.0,0.062095,InterpolationFilter::filterVer<4>,[62]
,,0.015538,0.0,"  simdFilter<4,4,1,0,0>",[140]
,,0.0,0.015540,"  simdFilter<4,4,1,0,1>",[138]
,,0.0,0.031018,"  simdFilter<4,4,1,1,0>",[102]
,,,,,
,,0.0,0.051242,  DecLib::xActivateParameterSets,[20]
[63],2.01,0.0,0.051242,Picture::finalInit,[63]
,,0.0,0.035676,  CodingStructure::create,[82]
,,0.0,0.015566,  CodingStructure::initStructData,[125]
,,,,,
,,0.0,0.046753,  DecLib::finishPicture,[51]
[64],1.84,0.0,0.046753,CodingStructure::destroyCoeffs,[64]
,,0.046753,0.0,  aligned_free,[65]
,,,,,
,,0.046753,0.0,  CodingStructure::destroyCoeffs,[64]
[65],1.84,0.046753,0.0,aligned_free,[65]
,,,,,
,,0.0,0.046720,  AdaptiveLoopFilter::ALFProcess,[21]
[66],1.84,0.0,0.046720,AdaptiveLoopFilter::deriveClassification,[66]
,,0.046720,0.0,  simdDeriveClassificationBlk<4>,[67]
,,,,,
,,0.046720,0.0,  AdaptiveLoopFilter::deriveClassification,[66]
[67],1.84,0.046720,0.0,simdDeriveClassificationBlk<4>,[67]
,,,,,
,,0.046678,0.0,  UnitBuf<short>::fill,[70]
[68],1.83,0.046678,0.0,AreaBuf<short>::fill,[68]
,,,,,
,,0.0,0.046678,  DecCu::decompressCtu,[9]
[69],1.83,0.0,0.046678,InterPrediction::resetVPDUforIBC,[69]
,,0.0,0.046678,  UnitBuf<short>::fill,[70]
,,,,,
,,0.0,0.046678,  InterPrediction::resetVPDUforIBC,[69]
[70],1.83,0.0,0.046678,UnitBuf<short>::fill,[70]
,,0.046678,0.0,  AreaBuf<short>::fill,[68]
,,,,,
,,0.0,0.046665,  UnitBuf<short>::copyFrom,[72]
[71],1.83,0.0,0.046665,AreaBuf<short>::copyFrom,[71]
,,0.046665,0.0,  memcpy,[73]
,,,,,
,,0.0,0.046665,  SampleAdaptiveOffset::SAOProcess,[56]
[72],1.83,0.0,0.046665,UnitBuf<short>::copyFrom,[72]
,,0.0,0.046665,  AreaBuf<short>::copyFrom,[71]
,,,,,
,,0.046665,0.0,  AreaBuf<short>::copyFrom,[71]
[73],1.83,0.046665,0.0,memcpy,[73]
,,,,,
,,0.0,0.046638,  QuantRDOQ::QuantRDOQ,[34]
[74],1.83,0.0,0.046638,Quant::Quant,[74]
,,0.0,0.046638,  Quant::xInitScalingList,[75]
,,,,,
,,0.0,0.046638,  Quant::Quant,[74]
[75],1.83,0.0,0.046638,Quant::xInitScalingList,[75]
,,0.0,0.046638,  operator new,[32]
,,,,,
,,0.046570,0.0,"  simdFilter<4,8,1,0,0>",[49]
[76],1.83,0.046570,0.0,"simdInterpolateVerM4<4,8,0>",[76]
,,,,,
,,0.0,0.046569,  DecCu::xDecodeInterTexture,[78]
[77],1.83,0.0,0.046569,DecCu::xDecodeInterTU,[77]
,,0.0,0.046569,  TrQuant::invTransformNxN,[60]
,,,,,
,,0.0,0.046569,  DecCu::xReconInter,[11]
[78],1.83,0.0,0.046569,DecCu::xDecodeInterTexture,[78]
,,0.0,0.046569,  DecCu::xDecodeInterTU,[77]
,,,,,
,,0.031012,0.015541,  LoopFilter::xGetBoundaryStrengthSingle,[28]
[79],1.83,0.031012,0.015541,CodingStructure::getTU,[79]
,,0.015541,0.0,  _security_check_cookie,[95]
,,,,,
,,0.0,0.046529,  CABACReader::coding_unit,[48]
[80],1.83,0.0,0.046529,CABACReader::cu_residual,[80]
,,0.0,0.015516,  AreaBuf<int>::fill,[147]
,,0.0,0.031012,  CABACReader::transform_tree,[104]
,,,,,
,,0.046486,0.0,  LoopFilter::xEdgeFilterLuma,[50]
[81],1.83,0.046486,0.0,LoopFilter::xPelFilterLuma,[81]
,,,,,
,,0.0,0.035676,  Picture::finalInit,[63]
[82],1.4,0.0,0.035676,CodingStructure::create,[82]
,,0.035676,0.0,  CodingStructure::createInternals,[83]
,,,,,
,,0.035676,0.0,  CodingStructure::create,[82]
[83],1.4,0.035676,0.0,CodingStructure::createInternals,[83]
,,,,,
,,0.015568,0.0,  InterPrediction::xPredAffineBlk,[18]
,,0.015606,0.0,  PU::setAllAffineMv,[113]
[84],1.23,0.031175,0.0,roundAffineMv,[84]
,,,,,
,,0.015574,0.0,"  simdFilter<4,8,1,0,0>",[49]
,,0.015577,0.0,"  simdFilter<4,8,1,1,0>",[122]
[85],1.22,0.031151,0.0,"simdInterpolateVerM8_AVX2<4,8,0>",[85]
,,,,,
,,0.0,0.031133,  DecCu::xIntraRecQT,[87]
[86],1.22,0.0,0.031133,DecCu::xIntraRecBlk,[86]
,,0.0,0.015561,  IntraPrediction::initIntraPatternChType,[126]
,,0.0,0.015572,  TrQuant::invTransformNxN,[60]
,,,,,
,,0.0,0.031133,  DecCu::xReconIntraQT,[88]
[87],1.22,0.0,0.031133,DecCu::xIntraRecQT,[87]
,,0.0,0.031133,  DecCu::xIntraRecBlk,[86]
,,,,,
,,0.0,0.031133,  DecCu::decompressCtu,[9]
[88],1.22,0.0,0.031133,DecCu::xReconIntraQT,[88]
,,0.0,0.031133,  DecCu::xIntraRecQT,[87]
,,,,,
,,0.0,0.015512,  CodingStructure::getBuf,[105]
,,0.015576,0.0,  CodingStructure::getRecoBuf,[123]
[89],1.22,0.015576,0.015512,CodingStructure::getBuf,[89]
,,0.015512,0.0,  _security_check_cookie,[95]
,,,,,
,,0.0,0.031085,  DecApp::decode,[4]
[90],1.22,0.0,0.031085,byteStreamNALUnit,[90]
,,0.015551,0.015534,  byteStreamNALUnit,[91]
,,,,,
,,0.015551,0.015534,  byteStreamNALUnit,[90]
[91],1.22,0.015551,0.015534,byteStreamNALUnit,[91]
,,0.0,0.015534,"  std::vector<unsigned char,class std::allocator<unsigned char> >::emplace_back<unsigned char>",[144]
,,,,,
,,0.0,0.015553,  CABACReader::coding_unit,[48]
,,0.015522,0.0,  CABACReader::transform_tree,[104]
[92],1.22,0.015522,0.015553,CodingStructure::addTU,[92]
,,0.015553,0.0,  AreaBuf<unsigned int>::fill,[94]
,,,,,
,,0.015495,0.015561,  deriveScaledMotionTemporal,[57]
[93],1.22,0.015495,0.015561,roundMvComp,[93]
,,0.015561,0.0,  convertMvFixedToFloat,[128]
,,,,,
,,0.015502,0.0,  CodingStructure::addCU,[99]
,,0.015553,0.0,  CodingStructure::addTU,[92]
[94],1.22,0.031054,0.0,AreaBuf<unsigned int>::fill,[94]
,,,,,
,,0.015512,0.0,  CodingStructure::getBuf,[89]
,,0.015541,0.0,  CodingStructure::getTU,[79]
[95],1.22,0.031053,0.0,_security_check_cookie,[95]
,,,,,
,,0.0,0.031041,  QuantRDOQ::~QuantRDOQ,[97]
[96],1.22,0.0,0.031041,QuantRDOQ::xDestroyScalingList,[96]
,,0.031041,0.0,  free_base,[41]
,,,,,
,,0.0,0.031041,  DepQuant::`scalar deleting destructor',[44]
[97],1.22,0.0,0.031041,QuantRDOQ::~QuantRDOQ,[97]
,,0.0,0.031041,  QuantRDOQ::xDestroyScalingList,[96]
,,,,,
,,0.0,0.031041,  InterPrediction::xPredInterBi,[16]
[98],1.22,0.0,0.031041,InterPrediction::xWeightedAverage,[98]
,,0.0,0.015551,  UnitBuf<short>::addWeightedAvg,[132]
,,0.0,0.015490,  UnitBuf<short>::copyClip,[47]
,,,,,
,,0.015536,0.015502,  CABACReader::coding_tree <cycle 1>,[39]
[99],1.22,0.015536,0.015502,CodingStructure::addCU,[99]
,,0.015502,0.0,  AreaBuf<unsigned int>::fill,[94]
,,,,,
,,0.031031,0.0,  TrQuant::xIT,[61]
[100],1.22,0.031031,0.0,fastInverseDCT2_B32,[100]
,,,,,
,,0.031030,0.0,  InterpolationFilter::filterHor,[40]
[101],1.22,0.031030,0.0,"InterpolationFilter::filterCopy<1,1>",[101]
,,,,,
,,0.0,0.031018,  InterpolationFilter::filterVer<4>,[62]
[102],1.22,0.0,0.031018,"simdFilter<4,4,1,1,0>",[102]
,,0.031018,0.0,"  simdInterpolateVerM4<4,4,0>",[103]
,,,,,
,,0.031018,0.0,"  simdFilter<4,4,1,1,0>",[102]
[103],1.22,0.031018,0.0,"simdInterpolateVerM4<4,4,0>",[103]
,,,,,
,,0.0,0.031012,  CABACReader::cu_residual,[80]
[104],1.22,0.0,0.031012,CABACReader::transform_tree,[104]
,,0.015522,0.0,  CodingStructure::addTU,[92]
,,0.0,0.015490,  CABACReader::transform_unit,[152]
,,,,,
,,0.0,0.015512,  CodingStructure::getRecoBuf,[149]
,,0.015493,0.0,  CodingStructure::getPredBuf,[150]
[105],1.22,0.015493,0.015512,CodingStructure::getBuf,[105]
,,0.0,0.015512,  CodingStructure::getBuf,[89]
,,,,,
,,0.015515,0.015462,  CodingStructure::releaseIntermediateData,[107]
[106],1.22,0.015515,0.015462,CodingStructure::clearTUs,[106]
,,0.015462,0.0,  memset,[55]
,,,,,
,,0.0,0.030976,  DecLib::finishPicture,[51]
[107],1.22,0.0,0.030976,CodingStructure::releaseIntermediateData,[107]
,,0.015515,0.015462,  CodingStructure::clearTUs,[106]
,,,,,
,,0.030868,0.0,  Slice::constructRefPicList,[109]
[108],1.21,0.030868,0.0,Picture::extendPicBorder,[108]
,,,,,
,,0.0,0.030868,  DecLib::xDecodeSlice,[7]
[109],1.21,0.0,0.030868,Slice::constructRefPicList,[109]
,,0.030868,0.0,  Picture::extendPicBorder,[108]
,,,,,
,,0.0,0.015620,  CABACReader::cu_pred_data,[111]
[110],0.61,0.0,0.015620,CABACReader::cu_gbi_flag,[110]
,,0.015620,0.0,  CU::isGBiIdxCoded,[112]
,,,,,
,,0.0,0.015620,  CABACReader::coding_unit,[48]
[111],0.61,0.0,0.015620,CABACReader::cu_pred_data,[111]
,,0.0,0.015620,  CABACReader::cu_gbi_flag,[110]
,,,,,
,,0.015620,0.0,  CABACReader::cu_gbi_flag,[110]
[112],0.61,0.015620,0.0,CU::isGBiIdxCoded,[112]
,,,,,
,,0.0,0.015606,  PU::setAllAffineMvField,[114]
[113],0.61,0.0,0.015606,PU::setAllAffineMv,[113]
,,0.015606,0.0,  roundAffineMv,[84]
,,,,,
,,0.0,0.015606,  DecCu::xDeriveCUMV,[30]
[114],0.61,0.0,0.015606,PU::setAllAffineMvField,[114]
,,0.0,0.015606,  PU::setAllAffineMv,[113]
,,,,,
,,0.0,0.015600,  InterpolationFilter::filterHor,[40]
[115],0.61,0.0,0.015600,InterpolationFilter::filterHor<4>,[115]
,,0.0,0.015600,"  simdFilter<4,4,0,1,0>",[116]
,,,,,
,,0.0,0.015600,  InterpolationFilter::filterHor<4>,[115]
[116],0.61,0.0,0.015600,"simdFilter<4,4,0,1,0>",[116]
,,0.015600,0.0,"  simdInterpolateHorM4<4,4,0>",[117]
,,,,,
,,0.015600,0.0,"  simdFilter<4,4,0,1,0>",[116]
[117],0.61,0.015600,0.0,"simdInterpolateHorM4<4,4,0>",[117]
,,,,,
,,0.015594,0.0,  CABACReader::coding_unit,[48]
[118],0.61,0.015594,0.0,CABACReader::end_of_ctu,[118]
,,,,,
,,,,  InterPrediction::motionCompensation <cycle 2>,[14]
[119],0.61,0.0,0.015584,InterPrediction::xSubPuMC <cycle 2>,[119]
,,0.015584,0.0,  UnitBuf<short>::subBuf,[120]
,,,,  InterPrediction::motionCompensation <cycle 2>,[14]
,,,,,
,,0.015584,0.0,  InterPrediction::xSubPuMC <cycle 2>,[119]
[120],0.61,0.015584,0.0,UnitBuf<short>::subBuf,[120]
,,,,,
,,0.015577,0.0,  LoopFilter::xDeblockCU,[19]
[121],0.61,0.015577,0.0,LoopFilter::xSetMaxFilterLengthPQFromTransformSizes,[121]
,,,,,
,,0.0,0.015577,  InterpolationFilter::filterVer<8>,[43]
[122],0.61,0.0,0.015577,"simdFilter<4,8,1,1,0>",[122]
,,0.015577,0.0,"  simdInterpolateVerM8_AVX2<4,8,0>",[85]
,,,,,
,,0.0,0.015576,  LoopFilter::xEdgeFilterLuma,[50]
[123],0.61,0.0,0.015576,CodingStructure::getRecoBuf,[123]
,,0.015576,0.0,  CodingStructure::getBuf,[89]
,,,,,
,,0.015572,0.0,  TrQuant::xIT,[61]
[124],0.61,0.015572,0.0,fastInverseDCT2_B16,[124]
,,,,,
,,0.0,0.015566,  Picture::finalInit,[63]
[125],0.61,0.0,0.015566,CodingStructure::initStructData,[125]
,,0.015566,0.0,  memset,[55]
,,,,,
,,0.0,0.015561,  DecCu::xIntraRecBlk,[86]
[126],0.61,0.0,0.015561,IntraPrediction::initIntraPatternChType,[126]
,,0.015561,0.0,  IntraPrediction::xFillReferenceSamples,[127]
,,,,,
,,0.015561,0.0,  IntraPrediction::initIntraPatternChType,[126]
[127],0.61,0.015561,0.0,IntraPrediction::xFillReferenceSamples,[127]
,,,,,
,,0.015561,0.0,  roundMvComp,[93]
[128],0.61,0.015561,0.0,convertMvFixedToFloat,[128]
,,,,,
,,0.015560,0.0,  DecCu::decompressCtu,[9]
[129],0.61,0.015560,0.0,InterPrediction::xFillIBCBuffer,[129]
,,,,,
,,0.015557,0.0,  InterPrediction::motionCompensation <cycle 2>,[14]
[130],0.61,0.015557,0.0,InterPrediction::xCheckIdenticalMotion,[130]
,,,,,
,,0.015551,0.0,  UnitBuf<short>::addWeightedAvg,[132]
[131],0.61,0.015551,0.0,AreaBuf<short>::addWeightedAvg,[131]
,,,,,
,,0.0,0.015551,  InterPrediction::xWeightedAverage,[98]
[132],0.61,0.0,0.015551,UnitBuf<short>::addWeightedAvg,[132]
,,0.015551,0.0,  AreaBuf<short>::addWeightedAvg,[131]
,,,,,
,,0.015544,0.0,  PU::spanMotionInfo,[134]
[133],0.61,0.015544,0.0,AreaBuf<struct MotionInfo>::fill,[133]
,,,,,
,,0.0,0.015544,  DecCu::xDeriveCUMV,[30]
[134],0.61,0.0,0.015544,PU::spanMotionInfo,[134]
,,0.015544,0.0,  AreaBuf<struct MotionInfo>::fill,[133]
,,,,,
,,0.0,0.015543,  SampleAdaptiveOffset::offsetCTU,[136]
[135],0.61,0.0,0.015543,SampleAdaptiveOffset::offsetBlock,[135]
,,0.015543,0.0,  sgn<int>,[137]
,,,,,
,,0.0,0.015543,  SampleAdaptiveOffset::SAOProcess,[56]
[136],0.61,0.0,0.015543,SampleAdaptiveOffset::offsetCTU,[136]
,,0.0,0.015543,  SampleAdaptiveOffset::offsetBlock,[135]
,,,,,
,,0.015543,0.0,  SampleAdaptiveOffset::offsetBlock,[135]
[137],0.61,0.015543,0.0,sgn<int>,[137]
,,,,,
,,0.0,0.015540,  InterpolationFilter::filterVer<4>,[62]
[138],0.61,0.0,0.015540,"simdFilter<4,4,1,0,1>",[138]
,,0.015540,0.0,"  simdInterpolateVerM4<4,4,1>",[139]
,,,,,
,,0.015540,0.0,"  simdFilter<4,4,1,0,1>",[138]
[139],0.61,0.015540,0.0,"simdInterpolateVerM4<4,4,1>",[139]
,,,,,
,,0.015538,0.0,  InterpolationFilter::filterVer<4>,[62]
[140],0.61,0.015538,0.0,"simdFilter<4,4,1,0,0>",[140]
,,,,,
,,0.015538,0.0,  TrQuant::xIT,[61]
[141],0.61,0.015538,0.0,fastInverseDCT2_B64,[141]
,,,,,
,,0.0,0.015535,  DecLib::xDecodeSlice,[7]
[142],0.61,0.0,0.015535,HLSyntaxReader::parseSliceHeader,[142]
,,0.015535,0.0,  Slice::getRapPicFlag,[143]
,,,,,
,,0.015535,0.0,  HLSyntaxReader::parseSliceHeader,[142]
[143],0.61,0.015535,0.0,Slice::getRapPicFlag,[143]
,,,,,
,,0.0,0.015534,  byteStreamNALUnit,[91]
[144],0.61,0.0,0.015534,"std::vector<unsigned char,class std::allocator<unsigned char> >::emplace_back<unsigned char>",[144]
,,0.0,0.015534,  operator new,[32]
,,,,,
,,0.015532,0.0,"  simdFilter<4,8,0,1,0>",[54]
[145],0.61,0.015532,0.0,"simdInterpolateHorM8_AVX2<4,8,0>",[145]
,,,,,
,,0.0,0.015518,  DecCu::xReconInter,[11]
[146],0.61,0.0,0.015518,InterPrediction::motionCompensation4Triangle,[146]
,,0.0,0.015518,  InterPrediction::motionCompensation <cycle 2>,[14]
,,,,,
,,0.0,0.015516,  CABACReader::cu_residual,[80]
[147],0.61,0.0,0.015516,AreaBuf<int>::fill,[147]
,,0.015516,0.0,  memset,[55]
,,,,,
,,0.015513,0.0,  InterPrediction::xPredAffineBlk,[18]
[148],0.61,0.015513,0.0,Picture::getRecoBuf,[148]
,,,,,
,,0.0,0.015512,  DecCu::xReconInter,[11]
[149],0.61,0.0,0.015512,CodingStructure::getRecoBuf,[149]
,,0.0,0.015512,  CodingStructure::getBuf,[105]
,,,,,
,,0.0,0.015493,  DecCu::xReconInter,[11]
[150],0.61,0.0,0.015493,CodingStructure::getPredBuf,[150]
,,0.015493,0.0,  CodingStructure::getBuf,[105]
,,,,,
,,0.015490,0.0,  CABACReader::transform_unit,[152]
[151],0.61,0.015490,0.0,CABACReader::residual_coding,[151]
,,,,,
,,0.0,0.015490,  CABACReader::transform_tree,[104]
[152],0.61,0.0,0.015490,CABACReader::transform_unit,[152]
,,0.015490,0.0,  CABACReader::residual_coding,[151]
,,,,,
,,0.0,0.012489,  DecApp::decode,[4]
[153],0.49,0.0,0.012489,destroyROM,[153]
,,0.012489,0.0,  free_base,[41]
,,,,,
,,0.006985,0.0,  initterm,[155]
[154],0.27,0.006985,0.0,`dynamic initializer for 'g_reusedUniMVs'',[154]
,,,,,
,,0.0,0.006985,  _scrt_common_main_seh,[3]
[155],0.27,0.0,0.006985,initterm,[155]
,,0.006985,0.0,  `dynamic initializer for 'g_reusedUniMVs'',[154]
,,,,,
,,0.003783,0.0,  DecApp::decode,[4]
[156],0.15,0.003783,0.0,"std::basic_ifstream<char,struct std::char_traits<char> >::basic_ifstream<char,struct std::char_traits<char> >",[156]
,,,,,


Index by function name

Index,Function
[21],AdaptiveLoopFilter::ALFProcess
[66],AdaptiveLoopFilter::deriveClassification
[147],AreaBuf<int>::fill
[131],AreaBuf<short>::addWeightedAvg
[46],AreaBuf<short>::copyClip
[71],AreaBuf<short>::copyFrom
[68],AreaBuf<short>::fill
[133],AreaBuf<struct MotionInfo>::fill
[94],AreaBuf<unsigned int>::fill
[1],BaseThreadInitThunk
[39],CABACReader::coding_tree
[38],CABACReader::coding_tree_unit
[48],CABACReader::coding_unit
[110],CABACReader::cu_gbi_flag
[111],CABACReader::cu_pred_data
[80],CABACReader::cu_residual
[118],CABACReader::end_of_ctu
[151],CABACReader::residual_coding
[104],CABACReader::transform_tree
[152],CABACReader::transform_unit
[112],CU::isGBiIdxCoded
[99],CodingStructure::addCU
[92],CodingStructure::addTU
[106],CodingStructure::clearTUs
[82],CodingStructure::create
[83],CodingStructure::createInternals
[64],CodingStructure::destroyCoeffs
[105],CodingStructure::getBuf
[89],CodingStructure::getBuf
[59],CodingStructure::getCU
[150],CodingStructure::getPredBuf
[149],CodingStructure::getRecoBuf
[123],CodingStructure::getRecoBuf
[79],CodingStructure::getTU
[125],CodingStructure::initStructData
[107],CodingStructure::releaseIntermediateData
[4],DecApp::decode
[23],DecApp::xWriteOutput
[9],DecCu::decompressCtu
[77],DecCu::xDecodeInterTU
[78],DecCu::xDecodeInterTexture
[30],DecCu::xDeriveCUMV
[86],DecCu::xIntraRecBlk
[87],DecCu::xIntraRecQT
[11],DecCu::xReconInter
[88],DecCu::xReconIntraQT
[6],DecLib::decode
[10],DecLib::executeLoopFilters
[51],DecLib::finishPicture
[20],DecLib::xActivateParameterSets
[7],DecLib::xDecodeSlice
[8],DecSlice::decompressSlice
[33],DepQuant::DepQuant
[44],DepQuant::`scalar deleting destructor'
[142],HLSyntaxReader::parseSliceHeader
[14],InterPrediction::motionCompensation
[13],InterPrediction::motionCompensation
[146],InterPrediction::motionCompensation4Triangle
[69],InterPrediction::resetVPDUforIBC
[130],InterPrediction::xCheckIdenticalMotion
[129],InterPrediction::xFillIBCBuffer
[18],InterPrediction::xPredAffineBlk
[16],InterPrediction::xPredInterBi
[45],InterPrediction::xPredInterBlk
[15],InterPrediction::xPredInterUni
[119],InterPrediction::xSubPuMC
[98],InterPrediction::xWeightedAverage
[101],"InterpolationFilter::filterCopy<1,1>"
[40],InterpolationFilter::filterHor
[115],InterpolationFilter::filterHor<4>
[53],InterpolationFilter::filterHor<8>
[29],InterpolationFilter::filterVer
[62],InterpolationFilter::filterVer<4>
[43],InterpolationFilter::filterVer<8>
[126],IntraPrediction::initIntraPatternChType
[127],IntraPrediction::xFillReferenceSamples
[17],LoopFilter::loopFilterPic
[19],LoopFilter::xDeblockCU
[50],LoopFilter::xEdgeFilterLuma
[28],LoopFilter::xGetBoundaryStrengthSingle
[81],LoopFilter::xPelFilterLuma
[121],LoopFilter::xSetMaxFilterLengthPQFromTransformSizes
[35],PU::getAffineMergeCand
[36],PU::getInterMergeSubPuMvpCand
[113],PU::setAllAffineMv
[114],PU::setAllAffineMvField
[134],PU::spanMotionInfo
[108],Picture::extendPicBorder
[63],Picture::finalInit
[148],Picture::getRecoBuf
[74],Quant::Quant
[52],Quant::xDestroyScalingList
[75],Quant::xInitScalingList
[34],QuantRDOQ::QuantRDOQ
[96],QuantRDOQ::xDestroyScalingList
[42],QuantRDOQ::xInitScalingList
[97],QuantRDOQ::~QuantRDOQ
[2],RtlUserThreadStart
[56],SampleAdaptiveOffset::SAOProcess
[135],SampleAdaptiveOffset::offsetBlock
[136],SampleAdaptiveOffset::offsetCTU
[109],Slice::constructRefPicList
[143],Slice::getRapPicFlag
[22],TrQuant::init
[60],TrQuant::invTransformNxN
[61],TrQuant::xIT
[132],UnitBuf<short>::addWeightedAvg
[47],UnitBuf<short>::copyClip
[72],UnitBuf<short>::copyFrom
[70],UnitBuf<short>::fill
[120],UnitBuf<short>::subBuf
[24],VideoIOYuv::write
[3],_scrt_common_main_seh
[95],_security_check_cookie
[154],`dynamic initializer for 'g_reusedUniMVs''
[65],aligned_free
[90],byteStreamNALUnit
[91],byteStreamNALUnit
[128],convertMvFixedToFloat
[57],deriveScaledMotionTemporal
[153],destroyROM
[124],fastInverseDCT2_B16
[100],fastInverseDCT2_B32
[141],fastInverseDCT2_B64
[41],free_base
[155],initterm
[5],main
[31],malloc_base
[73],memcpy
[55],memset
[32],operator new
[84],roundAffineMv
[93],roundMvComp
[137],sgn<int>
[67],simdDeriveClassificationBlk<4>
[26],simdFilter7x7Blk<4>
[116],"simdFilter<4,4,0,1,0>"
[140],"simdFilter<4,4,1,0,0>"
[138],"simdFilter<4,4,1,0,1>"
[102],"simdFilter<4,4,1,1,0>"
[54],"simdFilter<4,8,0,1,0>"
[49],"simdFilter<4,8,1,0,0>"
[122],"simdFilter<4,8,1,1,0>"
[117],"simdInterpolateHorM4<4,4,0>"
[58],"simdInterpolateHorM4<4,8,0>"
[145],"simdInterpolateHorM8_AVX2<4,8,0>"
[103],"simdInterpolateVerM4<4,4,0>"
[139],"simdInterpolateVerM4<4,4,1>"
[76],"simdInterpolateVerM4<4,8,0>"
[85],"simdInterpolateVerM8_AVX2<4,8,0>"
[156],"std::basic_ifstream<char,struct std::char_traits<char> >::basic_ifstream<char,struct std::char_traits<char> >"
[27],"std::basic_ostream<char,struct std::char_traits<char> >::write"
[144],"std::vector<unsigned char,class std::allocator<unsigned char> >::emplace_back<unsigned char>"
[25],writePlane
[37],<cycle 1>
[12],<cycle 2>
