Index,% CPU Time:Total,CPU Time:Self,CPU Time:Children,Name,Index
,,0.0,30.863153,  RtlUserThreadStart,[2]
[1],100.0,0.0,30.863153,BaseThreadInitThunk,[1]
,,0.0,30.863153,  _scrt_common_main_seh,[4]
,,,,,
,,,,  <spontaneous>,
[2],100.0,0.0,30.863153,RtlUserThreadStart,[2]
,,0.0,30.863153,  BaseThreadInitThunk,[1]
,,,,,
,,0.0,30.863153,  main,[5]
[3],100.0,0.0,30.863153,TAppDecTop::decode,[3]
,,0.046668,0.0,  convertPayloadToRBSP,[151]
,,0.0,0.169884,  TAppDecTop::xFlushOutput,[113]
,,0.0,1.294104,  TAppDecTop::xWriteOutput,[39]
,,0.0,5.022137,  TDecGop::filterPicture,[18]
,,0.0,21.702567,  TDecTop::decode,[6]
,,0.0,2.627794,  byteStreamNALUnit,[29]
,,,,,
,,0.0,30.863153,  BaseThreadInitThunk,[1]
[4],100.0,0.0,30.863153,_scrt_common_main_seh,[4]
,,0.0,30.863153,  main,[5]
,,,,,
,,0.0,30.863153,  _scrt_common_main_seh,[4]
[5],100.0,0.0,30.863153,main,[5]
,,0.0,30.863153,  TAppDecTop::decode,[3]
,,,,,
,,0.0,21.702567,  TAppDecTop::decode,[3]
[6],70.32,0.0,21.702567,TDecTop::decode,[6]
,,0.0,21.702567,  TDecTop::xDecodeSlice,[7]
,,,,,
,,0.0,21.702567,  TDecTop::decode,[6]
[7],70.32,0.0,21.702567,TDecTop::xDecodeSlice,[7]
,,0.0,0.045489,  TComSlice::setRefPicList,[163]
,,0.0,20.283065,  TDecGop::decompressSlice,[8]
,,0.0,1.374012,  TDecTop::xActivateParameterSets,[38]
,,,,,
,,0.0,20.283065,  TDecTop::xDecodeSlice,[7]
[8],65.72,0.0,20.283065,TDecGop::decompressSlice,[8]
,,0.0,0.015582,  TComInputBitstream::`scalar deleting destructor',[185]
,,0.0,0.015485,  TComInputBitstream::extractSubstream,[205]
,,0.0,20.251998,  TDecSlice::decompressSlice,[9]
,,,,,
,,0.0,20.251998,  TDecGop::decompressSlice,[8]
[9],65.62,0.0,20.251998,TDecSlice::decompressSlice,[9]
,,0.171103,0.280117,  TComDataCU::initCtu,[88]
,,0.124493,10.907900,  TDecCu::xDecodeCU <cycle 4>,[11]
,,0.108883,8.659502,  TDecCu::xDecompressCU <cycle 5>,[15]
,,,,,
,,0.124493,10.907900,  TDecSlice::decompressSlice,[9]
[10],35.75,0.124493,10.907900,<cycle 4 as a whole>,[10]
,,0.124493,10.907900,  TDecCu::xDecodeCU <cycle 4>,[11]
,,,,,
,,,,  TDecCu::xDecodeCU <cycle 4>,[11]
,,0.124493,10.907900,  TDecSlice::decompressSlice,[9]
[11],35.75,0.124493,10.907900,TDecCu::xDecodeCU <cycle 4>,[11]
,,0.046667,0.093427,  TDecSbac::parsePartSize,[119]
,,0.031084,0.031085,  TDecCu::xFinishDecodeCU,[142]
,,0.015413,0.015505,  TDecSbac::parseSplitFlag,[183]
,,,,  TDecCu::xDecodeCU <cycle 4>,[11]
,,0.0,9.430740,  TDecEntropy::decodeCoeff,[12]
,,0.0,1.228439,  TDecEntropy::decodePredInfo,[45]
,,0.0,0.015539,  TDecSbac::parseSkipFlag,[198]
,,,,,
,,0.0,9.430740,  TDecCu::xDecodeCU <cycle 4>,[11]
[12],30.56,0.0,9.430740,TDecEntropy::decodeCoeff,[12]
,,0.715398,8.654730,  TDecEntropy::xDecodeTransform <cycle 3>,[14]
,,0.045037,0.0,  TComTU::TComTU,[103]
,,0.015575,0.0,  TComDataCU::getQuadtreeTULog2MinSizeInCU,[187]
,,,,,
,,0.715398,8.654730,  TDecEntropy::decodeCoeff,[12]
[13],30.36,0.715398,8.654730,<cycle 3 as a whole>,[13]
,,0.715398,8.654730,  TDecEntropy::xDecodeTransform <cycle 3>,[14]
,,,,,
,,,,  TDecEntropy::xDecodeTransform <cycle 3>,[14]
,,0.715398,8.654730,  TDecEntropy::decodeCoeff,[12]
[14],30.36,0.715398,8.654730,TDecEntropy::xDecodeTransform <cycle 3>,[14]
,,2.496845,5.457789,  TDecSbac::parseCoeffNxN,[17]
,,0.202403,0.186564,  TDecSbac::parseQtCbf,[93]
,,0.186750,0.0,  TComTURecurse::nextSection,[59]
,,0.077772,0.0,  TComTU::TComTU,[94]
,,0.015558,0.0,  TDecBinCABAC::decodeBin,[27]
,,0.015543,0.0,  memset,[54]
,,0.015505,0.0,  TDecSbac::parseCrossComponentPrediction,[202]
,,,,  TDecEntropy::xDecodeTransform <cycle 3>,[14]
,,,,,
,,,,  TDecCu::xDecompressCU <cycle 5>,[15]
,,0.108883,8.659502,  TDecSlice::decompressSlice,[9]
[15],28.41,0.108883,8.659502,TDecCu::xDecompressCU <cycle 5>,[15]
,,0.139765,0.0,  TComDataCU::copySubCU,[123]
,,0.031058,0.606550,  TDecCu::xCopyToPic,[69]
,,0.031044,3.980002,  TDecCu::xReconIntraQT,[20]
,,0.015452,0.062265,  TComYuv::clear,[134]
,,,,  TDecCu::xDecompressCU <cycle 5>,[15]
,,0.0,3.793365,  TDecCu::xReconInter,[25]
,,,,,
,,0.108883,8.659502,  TDecSlice::decompressSlice,[9]
[16],28.41,0.108883,8.659502,<cycle 5 as a whole>,[16]
,,0.108883,8.659502,  TDecCu::xDecompressCU <cycle 5>,[15]
,,,,,
,,2.496845,5.457789,  TDecEntropy::xDecodeTransform <cycle 3>,[14]
[17],25.77,2.496845,5.457789,TDecSbac::parseCoeffNxN,[17]
,,1.694991,0.0,  TDecBinCABAC::decodeBin,[27]
,,0.808950,0.0,  TComTrQuant::getSigCtxInc,[60]
,,0.373205,0.591199,  TDecSbac::parseLastSignificantXY,[49]
,,0.295116,0.0,  TDecBinCABAC::decodeBinsEP,[87]
,,0.248832,0.684287,  TDecSbac::xReadCoefRemainExGolomb,[51]
,,0.248524,0.0,  memset,[54]
,,0.170909,0.046686,  getTUEntropyCodingParameters,[108]
,,0.155329,0.108693,  TDecSbac::parseTransformSkipFlags,[102]
,,0.015568,0.0,  TDecBinCABAC::decodeAlignedBinsEP,[167]
,,0.015502,0.0,  TComTU::getGolombRiceStatisticsIndex,[204]
,,,,,
,,0.0,5.022137,  TAppDecTop::decode,[3]
[18],16.27,0.0,5.022137,TDecGop::filterPicture,[18]
,,0.0,4.011358,  TComLoopFilter::loopFilterPic,[19]
,,0.0,0.139873,  TComPic::compressMotion,[122]
,,0.0,0.327448,  TComPicYuv::copyToPic,[96]
,,0.0,0.481946,  TComSampleAdaptiveOffset::offsetCTU,[86]
,,0.0,0.015566,  TComSampleAdaptiveOffset::reconstructBlkSAOParams,[191]
,,0.0,0.045947,  printf,[160]
,,,,,
,,0.0,4.011358,  TDecGop::filterPicture,[18]
[19],13.0,0.0,4.011358,TComLoopFilter::loopFilterPic,[19]
,,0.420119,3.575666,  TComLoopFilter::xDeblockCU <cycle 1>,[22]
,,0.015573,0.0,  memset,[54]
,,,,,
,,0.031044,3.980002,  TDecCu::xDecompressCU <cycle 5>,[15]
[20],13.0,0.031044,3.980002,TDecCu::xReconIntraQT,[20]
,,0.139995,3.653508,  TDecCu::xIntraRecQT <cycle 7>,[23]
,,0.093322,0.0,  TComTURecurse::nextSection,[59]
,,0.046635,0.0,  TComTU::TComTU,[94]
,,0.046542,0.0,  TComTU::TComTU,[103]
,,,,,
,,0.420119,3.575666,  TComLoopFilter::loopFilterPic,[19]
[21],12.95,0.420119,3.575666,<cycle 1 as a whole>,[21]
,,0.420119,3.575666,  TComLoopFilter::xDeblockCU <cycle 1>,[22]
,,,,,
,,,,  TComLoopFilter::xDeblockCU <cycle 1>,[22]
,,0.420119,3.575666,  TComLoopFilter::loopFilterPic,[19]
[22],12.95,0.420119,3.575666,TComLoopFilter::xDeblockCU <cycle 1>,[22]
,,0.924731,0.327024,  TComLoopFilter::xSetEdgefilterTU <cycle 2>,[43]
,,0.700224,0.262535,  TComLoopFilter::xEdgeFilterLuma,[50]
,,0.606811,0.0,  TComLoopFilter::xEdgeFilterChroma,[72]
,,0.334206,0.077926,  TComLoopFilter::xGetBoundaryStrengthSingle,[91]
,,0.140054,0.0,  TComTU::TComTU,[103]
,,0.077837,0.0,  TComLoopFilter::xSetEdgefilterPU,[132]
,,0.062147,0.062171,  TComLoopFilter::xSetLoopfilterParam,[126]
,,,,  TComLoopFilter::xDeblockCU <cycle 1>,[22]
,,,,,
,,,,  TDecCu::xIntraRecQT <cycle 7>,[23]
,,0.139995,3.653508,  TDecCu::xReconIntraQT,[20]
[23],12.29,0.139995,3.653508,TDecCu::xIntraRecQT <cycle 7>,[23]
,,0.693983,2.861981,  TDecCu::xIntraRecBlk,[26]
,,0.066433,0.0,  TComTURecurse::nextSection,[59]
,,0.031110,0.0,  TComTU::TComTU,[94]
,,,,  TDecCu::xIntraRecQT <cycle 7>,[23]
,,,,,
,,0.139995,3.653508,  TDecCu::xReconIntraQT,[20]
[24],12.29,0.139995,3.653508,<cycle 7 as a whole>,[24]
,,0.139995,3.653508,  TDecCu::xIntraRecQT <cycle 7>,[23]
,,,,,
,,0.0,3.793365,  TDecCu::xDecompressCU <cycle 5>,[15]
[25],12.29,0.0,3.793365,TDecCu::xReconInter,[25]
,,0.435308,0.0,  TComYuv::addClip,[90]
,,0.031124,1.694374,  TDecCu::xDecodeInterTexture,[33]
,,0.0,1.632558,  TComPrediction::motionCompensation,[36]
,,,,,
,,0.693983,2.861981,  TDecCu::xIntraRecQT <cycle 7>,[23]
[26],11.52,0.693983,2.861981,TDecCu::xIntraRecBlk,[26]
,,0.248978,0.902309,  TComPrediction::initIntraPatternChType,[46]
,,0.139793,0.0,  QpParam::QpParam,[105]
,,0.124368,0.0,  TComYuv::getAddr,[104]
,,0.108887,0.435387,  TComPrediction::predIntraAng,[80]
,,0.077774,0.762269,  TComTrQuant::invTransformNxN,[32]
,,0.046652,0.0,  TComPrediction::filteringIntraReferenceSamples,[153]
,,0.015562,0.0,  _security_check_cookie,[131]
,,,,,
,,0.015550,0.0,  TDecSbac::parseMergeFlag,[137]
,,0.015552,0.0,  TDecSbac::parseMVPIdx,[196]
,,0.015554,0.0,  TDecSbac::parseMvd,[146]
,,0.015557,0.0,  TDecSbac::parseInterDir,[194]
,,0.015558,0.0,  TDecEntropy::xDecodeTransform <cycle 3>,[14]
,,0.031140,0.0,  TDecSbac::parseMergeIndex,[145]
,,0.031150,0.0,  TDecSbac::parseIntraDirChroma,[128]
,,0.062127,0.0,  TDecSbac::parseIntraDirLumaAng,[109]
,,0.077689,0.0,  TDecSbac::parseTransformSkipFlags,[102]
,,0.077878,0.0,  TDecSbac::parsePartSize,[119]
,,0.155469,0.0,  TDecSbac::parseQtCbf,[93]
,,0.575729,0.015469,  TDecSbac::parseLastSignificantXY,[49]
,,1.694991,0.0,  TDecSbac::parseCoeffNxN,[17]
[27],9.07,2.783945,0.015469,TDecBinCABAC::decodeBin,[27]
,,0.015469,0.0,  TComInputBitstream::readByte,[207]
,,,,,
,,0.100927,2.526867,  byteStreamNALUnit,[29]
[28],8.51,0.100927,2.526867,byteStreamNALUnit,[28]
,,0.380505,1.907259,  InputByteStream::eofBeforeNBytes,[30]
,,0.192905,0.030662,"  std::vector<unsigned char,class std::allocator<unsigned char> >::emplace_back<unsigned char>",[106]
,,0.0,0.015536,"  std::vector<unsigned char,class std::allocator<unsigned char> >::_Change_array",[199]
,,,,,
,,0.0,2.627794,  TAppDecTop::decode,[3]
[29],8.51,0.0,2.627794,byteStreamNALUnit,[29]
,,0.100927,2.526867,  byteStreamNALUnit,[28]
,,,,,
,,0.380505,1.907259,  byteStreamNALUnit,[28]
[30],7.41,0.380505,1.907259,InputByteStream::eofBeforeNBytes,[30]
,,1.575368,0.331891,"  std::basic_istream<char,struct std::char_traits<char> >::get",[31]
,,,,,
,,1.575368,0.331891,  InputByteStream::eofBeforeNBytes,[30]
[31],6.18,1.575368,0.331891,"std::basic_istream<char,struct std::char_traits<char> >::get",[31]
,,0.031168,0.0,  unlock_file,[166]
,,0.0,0.300723,  fgetc,[98]
,,,,,
,,0.077763,0.917296,  TComTrQuant::invRecurTransformNxN <cycle 6>,[35]
,,0.077774,0.762269,  TDecCu::xIntraRecBlk,[26]
[32],5.95,0.155538,1.679565,TComTrQuant::invTransformNxN,[32]
,,0.933033,0.0,  TComTrQuant::xDeQuant,[52]
,,0.591107,0.0,  TComTrQuant::xITransformSkip,[75]
,,0.077724,0.0,  TComTrQuant::invRdpcmNxN,[133]
,,0.015538,0.062163,  TComTrQuant::xIT,[135]
,,,,,
,,0.031124,1.694374,  TDecCu::xReconInter,[25]
[33],5.59,0.031124,1.694374,TDecCu::xDecodeInterTexture,[33]
,,0.170939,1.476981,  TComTrQuant::invRecurTransformNxN <cycle 6>,[35]
,,0.030850,0.0,  TComTU::TComTU,[103]
,,0.015604,0.0,  _security_check_cookie,[131]
,,,,,
,,0.170939,1.476981,  TDecCu::xDecodeInterTexture,[33]
[34],5.34,0.170939,1.476981,<cycle 6 as a whole>,[34]
,,0.170939,1.476981,  TComTrQuant::invRecurTransformNxN <cycle 6>,[35]
,,,,,
,,,,  TComTrQuant::invRecurTransformNxN <cycle 6>,[35]
,,0.170939,1.476981,  TDecCu::xDecodeInterTexture,[33]
[35],5.34,0.170939,1.476981,TComTrQuant::invRecurTransformNxN <cycle 6>,[35]
,,0.248772,0.0,  TComTURecurse::nextSection,[59]
,,0.124295,0.0,  TComTU::TComTU,[94]
,,0.093298,0.0,  QpParam::QpParam,[105]
,,0.077763,0.917296,  TComTrQuant::invTransformNxN,[32]
,,0.015557,0.0,  _security_check_cookie,[131]
,,,,  TComTrQuant::invRecurTransformNxN <cycle 6>,[35]
,,,,,
,,0.0,1.632558,  TDecCu::xReconInter,[25]
[36],5.29,0.0,1.632558,TComPrediction::motionCompensation,[36]
,,0.046642,1.414735,  TComPrediction::xPredInterBi,[37]
,,0.015559,0.0,  TComDataCU::getNumPartitions,[193]
,,0.0,0.046698,  TComPrediction::xCheckIdenticalMotion,[148]
,,0.0,0.108925,  TComPrediction::xPredInterUni,[47]
,,,,,
,,0.046642,1.414735,  TComPrediction::motionCompensation,[36]
[37],4.74,0.046642,1.414735,TComPrediction::xPredInterBi,[37]
,,0.170960,0.046668,  TComYuv::addAvg,[107]
,,0.077936,0.963914,  TComPrediction::xPredInterUni,[47]
,,0.0,0.155257,  TComYuv::copyPartToPartYuv,[118]
,,,,,
,,0.0,1.374012,  TDecTop::xDecodeSlice,[7]
[38],4.45,0.0,1.374012,TDecTop::xActivateParameterSets,[38]
,,0.015526,0.0,  TComPrediction::initTempBuff,[200]
,,0.0,0.065263,  TComSampleAdaptiveOffset::create,[136]
,,0.0,1.293223,  TDecTop::xGetNewPicBuffer,[42]
,,,,,
,,0.0,1.294104,  TAppDecTop::decode,[3]
[39],4.19,0.0,1.294104,TAppDecTop::xWriteOutput,[39]
,,0.0,1.294104,  TVideoIOYuv::write,[40]
,,,,,
,,0.0,1.294104,  TAppDecTop::xWriteOutput,[39]
[40],4.19,0.0,1.294104,TVideoIOYuv::write,[40]
,,0.454216,0.839887,  writePlane,[41]
,,,,,
,,0.454216,0.839887,  TVideoIOYuv::write,[40]
[41],4.19,0.454216,0.839887,writePlane,[41]
,,0.015489,0.824398,"  std::basic_ostream<char,struct std::char_traits<char> >::write",[55]
,,,,,
,,0.0,1.293223,  TDecTop::xActivateParameterSets,[38]
[42],4.19,0.0,1.293223,TDecTop::xGetNewPicBuffer,[42]
,,0.0,0.792778,  TComPic::create,[65]
,,0.0,0.500445,  TComPic::destroy,[68]
,,,,,
,,,,  TComLoopFilter::xSetEdgefilterTU <cycle 2>,[43]
,,0.924731,0.327024,  TComLoopFilter::xDeblockCU <cycle 1>,[22]
[43],4.06,0.924731,0.327024,TComLoopFilter::xSetEdgefilterTU <cycle 2>,[43]
,,0.218181,0.0,  TComTURecurse::nextSection,[59]
,,0.093266,0.0,  TComTU::TComTU,[94]
,,0.015577,0.0,  _security_check_cookie,[131]
,,,,  TComLoopFilter::xSetEdgefilterTU <cycle 2>,[43]
,,,,,
,,0.924731,0.327024,  TComLoopFilter::xDeblockCU <cycle 1>,[22]
[44],4.06,0.924731,0.327024,<cycle 2 as a whole>,[44]
,,0.924731,0.327024,  TComLoopFilter::xSetEdgefilterTU <cycle 2>,[43]
,,,,,
,,0.0,1.228439,  TDecCu::xDecodeCU <cycle 4>,[11]
[45],3.98,0.0,1.228439,TDecEntropy::decodePredInfo,[45]
,,0.124477,0.792933,  TDecEntropy::decodePUWise,[53]
,,0.062202,0.155392,  TDecSbac::parseIntraDirLumaAng,[109]
,,0.031128,0.062308,  TDecSbac::parseIntraDirChroma,[128]
,,,,,
,,0.248978,0.902309,  TDecCu::xIntraRecBlk,[26]
[46],3.73,0.248978,0.902309,TComPrediction::initIntraPatternChType,[46]
,,0.559978,0.0,  fillReferenceSamples,[79]
,,0.139952,0.0,  TComDataCU::getPUAboveRight,[120]
,,0.062256,0.0,  TComDataCU::getPUBelowLeft,[138]
,,0.062218,0.0,  isAboveAvailable,[141]
,,0.031153,0.0,  isLeftAvailable,[168]
,,0.031139,0.0,  TComDataCU::getPUAboveLeft,[154]
,,0.015612,0.0,  _security_check_cookie,[131]
,,,,,
,,0.0,0.108925,  TComPrediction::motionCompensation,[36]
,,0.077936,0.963914,  TComPrediction::xPredInterBi,[37]
[47],3.73,0.077936,1.072838,TComPrediction::xPredInterUni,[47]
,,0.093260,0.979579,  TComPrediction::xPredInterBlk,[48]
,,,,,
,,0.093260,0.979579,  TComPrediction::xPredInterUni,[47]
[48],3.48,0.093260,0.979579,TComPrediction::xPredInterBlk,[48]
,,0.046671,0.544125,  TComInterpolationFilter::filterHor,[76]
,,0.031098,0.0,  TComYuv::getAddr,[104]
,,0.0,0.357685,  TComInterpolationFilter::filterVer,[95]
,,,,,
,,0.373205,0.591199,  TDecSbac::parseCoeffNxN,[17]
[49],3.12,0.373205,0.591199,TDecSbac::parseLastSignificantXY,[49]
,,0.575729,0.015469,  TDecBinCABAC::decodeBin,[27]
,,,,,
,,0.700224,0.262535,  TComLoopFilter::xDeblockCU <cycle 1>,[22]
[50],3.12,0.700224,0.262535,TComLoopFilter::xEdgeFilterLuma,[50]
,,0.215830,0.0,  TComLoopFilter::xPelFilterLuma,[110]
,,0.031192,0.0,  TComLoopFilter::xUseStrongFiltering,[165]
,,0.015513,0.0,  TComDataCU::getPULeft,[129]
,,,,,
,,0.248832,0.684287,  TDecSbac::parseCoeffNxN,[17]
[51],3.02,0.248832,0.684287,TDecSbac::xReadCoefRemainExGolomb,[51]
,,0.528691,0.0,  TDecBinCABAC::decodeBinEP,[74]
,,0.155596,0.0,  TDecBinCABAC::decodeBinsEP,[87]
,,,,,
,,0.933033,0.0,  TComTrQuant::invTransformNxN,[32]
[52],3.02,0.933033,0.0,TComTrQuant::xDeQuant,[52]
,,,,,
,,0.124477,0.792933,  TDecEntropy::decodePredInfo,[45]
[53],2.97,0.124477,0.792933,TDecEntropy::decodePUWise,[53]
,,0.077802,0.0,  TComCUMvField::setAll<class TComMv>,[130]
,,0.062245,0.0,  TComCUMvField::setAll<signed char>,[139]
,,0.046604,0.155345,  TComDataCU::getInterMergeCandidates,[111]
,,0.031137,0.0,  TComDataCU::setSubPart<unsigned char>,[170]
,,0.031135,0.0,  TComDataCU::copyInterPredInfoFrom,[171]
,,0.031119,0.0,  TComDataCU::setSubPart<signed char>,[173]
,,0.015585,0.046751,  TDecSbac::parseMergeFlag,[137]
,,0.015532,0.046559,  TDecSbac::parseMvd,[146]
,,0.015488,0.046639,  TDecSbac::parseMergeIndex,[145]
,,0.0,0.155434,  TDecEntropy::decodeMVPIdxPU,[116]
,,0.0,0.015557,  TDecSbac::parseInterDir,[194]
,,,,,
,,0.015485,0.0,"  std::vector<unsigned char,std::allocator<unsigned char> >::_Resize<<lambda_2b51424039c320f102fd798e073c89b2> >",[206]
,,0.015543,0.0,  TDecEntropy::xDecodeTransform <cycle 3>,[14]
,,0.015549,0.0,  TDecSbac::parsePartSize,[119]
,,0.015572,0.0,  TDecSbac::parseIntraDirChroma,[128]
,,0.015573,0.0,  TComLoopFilter::loopFilterPic,[19]
,,0.015624,0.0,  TComDataCU::setSubPart<bool>,[164]
,,0.031004,0.0,  TDecSbac::parseTransformSkipFlags,[102]
,,0.031095,0.0,  TDecSbac::parseQtCbf,[93]
,,0.062265,0.0,  TComYuv::clear,[134]
,,0.154870,0.0,  TComDataCU::create,[64]
,,0.248524,0.0,  TDecSbac::parseCoeffNxN,[17]
,,0.280117,0.0,  TComDataCU::initCtu,[88]
[54],2.92,0.901222,0.0,memset,[54]
,,,,,
,,0.015489,0.824398,  writePlane,[41]
[55],2.72,0.015489,0.824398,"std::basic_ostream<char,struct std::char_traits<char> >::write",[55]
,,0.015566,0.0,  _uncaught_exception,[189]
,,0.015103,0.793729,  fputc,[61]
,,,,,
,,0.0,0.045947,  _acrt_stdio_flush_nolock,[158]
,,0.0,0.793729,  write_buffer_nolock<char>,[63]
[56],2.72,0.0,0.839675,write,[56]
,,0.015596,0.824079,  write_nolock,[57]
,,,,,
,,0.015596,0.824079,  write,[56]
[57],2.72,0.015596,0.824079,write_nolock,[57]
,,0.778133,0.0,  WriteFile,[58]
,,0.0,0.045947,  write_text_ansi_nolock,[161]
,,,,,
,,0.045947,0.0,  write_text_ansi_nolock,[161]
,,0.778133,0.0,  write_nolock,[57]
[58],2.67,0.824079,0.0,WriteFile,[58]
,,,,,
,,0.066433,0.0,  TDecCu::xIntraRecQT <cycle 7>,[23]
,,0.093322,0.0,  TDecCu::xReconIntraQT,[20]
,,0.186750,0.0,  TDecEntropy::xDecodeTransform <cycle 3>,[14]
,,0.218181,0.0,  TComLoopFilter::xSetEdgefilterTU <cycle 2>,[43]
,,0.248772,0.0,  TComTrQuant::invRecurTransformNxN <cycle 6>,[35]
[59],2.64,0.813458,0.0,TComTURecurse::nextSection,[59]
,,,,,
,,0.808950,0.0,  TDecSbac::parseCoeffNxN,[17]
[60],2.62,0.808950,0.0,TComTrQuant::getSigCtxInc,[60]
,,,,,
,,0.015103,0.793729,"  std::basic_ostream<char,struct std::char_traits<char> >::write",[55]
[61],2.62,0.015103,0.793729,fputc,[61]
,,0.0,0.793729,  _acrt_stdio_flush_and_write_narrow_nolock,[62]
,,,,,
,,0.0,0.793729,  fputc,[61]
[62],2.57,0.0,0.793729,_acrt_stdio_flush_and_write_narrow_nolock,[62]
,,0.0,0.793729,  write_buffer_nolock<char>,[63]
,,,,,
,,0.0,0.793729,  _acrt_stdio_flush_and_write_narrow_nolock,[62]
[63],2.57,0.0,0.793729,write_buffer_nolock<char>,[63]
,,0.0,0.793729,  write,[56]
,,,,,
,,0.0,0.792778,  TComPicSym::create,[66]
[64],2.57,0.0,0.792778,TComDataCU::create,[64]
,,0.154870,0.0,  memset,[54]
,,0.015622,0.108693,  TComCUMvField::create,[127]
,,0.0,0.436092,  aligned_offset_malloc_base,[89]
,,0.0,0.077501,  operator new,[112]
,,,,,
,,0.0,0.792778,  TDecTop::xGetNewPicBuffer,[42]
[65],2.57,0.0,0.792778,TComPic::create,[65]
,,0.0,0.792778,  TComPicSym::create,[66]
,,,,,
,,0.0,0.792778,  TComPic::create,[65]
[66],2.57,0.0,0.792778,TComPicSym::create,[66]
,,0.0,0.792778,  TComDataCU::create,[64]
,,,,,
,,0.014455,0.0,  TComPicYuv::extendPicBorder,[162]
,,0.030662,0.0,"  std::vector<unsigned char,class std::allocator<unsigned char> >::emplace_back<unsigned char>",[106]
,,0.031158,0.0,  TComYuv::copyPartToPartComponent,[117]
,,0.327448,0.0,  TComPicYuv::copyToPic,[96]
,,0.373197,0.0,  TComYuv::copyToPicComponent,[73]
[67],2.52,0.776919,0.0,memcpy,[67]
,,,,,
,,0.0,0.169884,  TAppDecTop::xFlushOutput,[113]
,,0.0,0.500445,  TDecTop::xGetNewPicBuffer,[42]
[68],2.17,0.0,0.670329,TComPic::destroy,[68]
,,0.0,0.573312,  TComPicSym::destroy,[78]
,,0.0,0.097017,  TComPicYuv::destroy,[114]
,,,,,
,,0.031058,0.606550,  TDecCu::xDecompressCU <cycle 5>,[15]
[69],2.07,0.031058,0.606550,TDecCu::xCopyToPic,[69]
,,0.233353,0.373197,  TComYuv::copyToPicComponent,[73]
,,,,,
,,0.622286,0.0,  malloc_base,[71]
[70],2.02,0.622286,0.0,RtlAllocateHeap,[70]
,,,,,
,,0.0,0.436092,  aligned_offset_malloc_base,[89]
,,0.0,0.186194,  operator new,[112]
[71],2.02,0.0,0.622286,malloc_base,[71]
,,0.622286,0.0,  RtlAllocateHeap,[70]
,,,,,
,,0.606811,0.0,  TComLoopFilter::xDeblockCU <cycle 1>,[22]
[72],1.97,0.606811,0.0,TComLoopFilter::xEdgeFilterChroma,[72]
,,,,,
,,0.233353,0.373197,  TDecCu::xCopyToPic,[69]
[73],1.97,0.233353,0.373197,TComYuv::copyToPicComponent,[73]
,,0.373197,0.0,  memcpy,[67]
,,,,,
,,0.015499,0.0,  TDecSbac::parseMergeIndex,[145]
,,0.062217,0.0,  TDecSbac::parseIntraDirLumaAng,[109]
,,0.528691,0.0,  TDecSbac::xReadCoefRemainExGolomb,[51]
[74],1.96,0.606408,0.0,TDecBinCABAC::decodeBinEP,[74]
,,,,,
,,0.591107,0.0,  TComTrQuant::invTransformNxN,[32]
[75],1.92,0.591107,0.0,TComTrQuant::xITransformSkip,[75]
,,,,,
,,0.046671,0.544125,  TComPrediction::xPredInterBlk,[48]
[76],1.91,0.046671,0.544125,TComInterpolationFilter::filterHor,[76]
,,0.513039,0.0,  TComInterpolationFilter::filterCopy,[83]
,,0.031085,0.0,"  TComInterpolationFilter::filter<4,0,1,0>",[175]
,,,,,
,,0.077854,0.495458,  TComPicSym::destroy,[78]
[77],1.86,0.077854,0.495458,TComDataCU::destroy,[77]
,,0.155729,0.171070,  aligned_free,[84]
,,0.0,0.168659,  free_base,[82]
,,,,,
,,0.0,0.573312,  TComPic::destroy,[68]
[78],1.86,0.0,0.573312,TComPicSym::destroy,[78]
,,0.077854,0.495458,  TComDataCU::destroy,[77]
,,,,,
,,0.559978,0.0,  TComPrediction::initIntraPatternChType,[46]
[79],1.81,0.559978,0.0,fillReferenceSamples,[79]
,,,,,
,,0.108887,0.435387,  TDecCu::xIntraRecBlk,[26]
[80],1.76,0.108887,0.435387,TComPrediction::predIntraAng,[80]
,,0.388765,0.015571,  TComPrediction::xPredIntraAng,[92]
,,0.031051,0.0,  TComPrediction::xPredIntraPlanar,[178]
,,,,,
,,0.533127,0.0,  free_base,[82]
[81],1.73,0.533127,0.0,RtlFreeHeap,[81]
,,,,,
,,0.0,0.168659,  TComDataCU::destroy,[77]
,,0.0,0.333350,  aligned_free,[84]
,,0.0,0.015536,"  std::vector<unsigned char,class std::allocator<unsigned char> >::_Change_array",[199]
,,0.0,0.015582,"  std::vector<unsigned char,class std::allocator<unsigned char> >::_Tidy",[186]
[82],1.73,0.0,0.533127,free_base,[82]
,,0.533127,0.0,  RtlFreeHeap,[81]
,,,,,
,,0.513039,0.0,  TComInterpolationFilter::filterHor,[76]
[83],1.66,0.513039,0.0,TComInterpolationFilter::filterCopy,[83]
,,,,,
,,0.0,0.162280,  TComPicYuv::destroy,[114]
,,0.155729,0.171070,  TComDataCU::destroy,[77]
[84],1.58,0.155729,0.333350,aligned_free,[84]
,,0.0,0.333350,  free_base,[82]
,,,,,
,,0.481946,0.0,  TComSampleAdaptiveOffset::offsetCTU,[86]
[85],1.56,0.481946,0.0,TComSampleAdaptiveOffset::offsetBlock,[85]
,,,,,
,,0.0,0.481946,  TDecGop::filterPicture,[18]
[86],1.56,0.0,0.481946,TComSampleAdaptiveOffset::offsetCTU,[86]
,,0.481946,0.0,  TComSampleAdaptiveOffset::offsetBlock,[85]
,,,,,
,,0.031006,0.0,  TDecSbac::parseMvd,[146]
,,0.155596,0.0,  TDecSbac::xReadCoefRemainExGolomb,[51]
,,0.295116,0.0,  TDecSbac::parseCoeffNxN,[17]
[87],1.56,0.481717,0.0,TDecBinCABAC::decodeBinsEP,[87]
,,,,,
,,0.171103,0.280117,  TDecSlice::decompressSlice,[9]
[88],1.46,0.171103,0.280117,TComDataCU::initCtu,[88]
,,0.280117,0.0,  memset,[54]
,,,,,
,,0.0,0.436092,  TComDataCU::create,[64]
[89],1.41,0.0,0.436092,aligned_offset_malloc_base,[89]
,,0.0,0.436092,  malloc_base,[71]
,,,,,
,,0.435308,0.0,  TDecCu::xReconInter,[25]
[90],1.41,0.435308,0.0,TComYuv::addClip,[90]
,,,,,
,,0.334206,0.077926,  TComLoopFilter::xDeblockCU <cycle 1>,[22]
[91],1.34,0.334206,0.077926,TComLoopFilter::xGetBoundaryStrengthSingle,[91]
,,0.046706,0.0,  TComDataCU::getPULeft,[129]
,,0.031219,0.0,  TComDataCU::getPUAbove,[140]
,,,,,
,,0.388765,0.015571,  TComPrediction::predIntraAng,[80]
[92],1.31,0.388765,0.015571,TComPrediction::xPredIntraAng,[92]
,,0.015571,0.0,  _chkstk,[188]
,,,,,
,,0.202403,0.186564,  TDecEntropy::xDecodeTransform <cycle 3>,[14]
[93],1.26,0.202403,0.186564,TDecSbac::parseQtCbf,[93]
,,0.155469,0.0,  TDecBinCABAC::decodeBin,[27]
,,0.031095,0.0,  memset,[54]
,,,,,
,,0.031110,0.0,  TDecCu::xIntraRecQT <cycle 7>,[23]
,,0.046635,0.0,  TDecCu::xReconIntraQT,[20]
,,0.077772,0.0,  TDecEntropy::xDecodeTransform <cycle 3>,[14]
,,0.093266,0.0,  TComLoopFilter::xSetEdgefilterTU <cycle 2>,[43]
,,0.124295,0.0,  TComTrQuant::invRecurTransformNxN <cycle 6>,[35]
[94],1.21,0.373079,0.0,TComTU::TComTU,[94]
,,,,,
,,0.0,0.357685,  TComPrediction::xPredInterBlk,[48]
[95],1.16,0.0,0.357685,TComInterpolationFilter::filterVer,[95]
,,0.155470,0.0,"  TComInterpolationFilter::filter<8,1,1,1>",[115]
,,0.124447,0.0,"  TComInterpolationFilter::filter<4,1,1,1>",[124]
,,0.046662,0.0,"  TComInterpolationFilter::filter<8,1,1,0>",[152]
,,0.031106,0.0,"  TComInterpolationFilter::filter<4,1,1,0>",[174]
,,,,,
,,0.0,0.327448,  TDecGop::filterPicture,[18]
[96],1.06,0.0,0.327448,TComPicYuv::copyToPic,[96]
,,0.327448,0.0,  memcpy,[67]
,,,,,
,,0.0,0.300723,  fgetc,[98]
[97],0.97,0.0,0.300723,common_refill_and_read_nolock<char>,[97]
,,0.0,0.300723,  read,[99]
,,,,,
,,0.0,0.300723,"  std::basic_istream<char,struct std::char_traits<char> >::get",[31]
[98],0.97,0.0,0.300723,fgetc,[98]
,,0.0,0.300723,  common_refill_and_read_nolock<char>,[97]
,,,,,
,,0.0,0.300723,  common_refill_and_read_nolock<char>,[97]
[99],0.97,0.0,0.300723,read,[99]
,,0.015572,0.285152,  read_nolock,[100]
,,,,,
,,0.015572,0.285152,  read,[99]
[100],0.97,0.015572,0.285152,read_nolock,[100]
,,0.285152,0.0,  ReadFile,[101]
,,,,,
,,0.285152,0.0,  read_nolock,[100]
[101],0.92,0.285152,0.0,ReadFile,[101]
,,,,,
,,0.155329,0.108693,  TDecSbac::parseCoeffNxN,[17]
[102],0.86,0.155329,0.108693,TDecSbac::parseTransformSkipFlags,[102]
,,0.077689,0.0,  TDecBinCABAC::decodeBin,[27]
,,0.031004,0.0,  memset,[54]
,,,,,
,,0.030850,0.0,  TDecCu::xDecodeInterTexture,[33]
,,0.045037,0.0,  TDecEntropy::decodeCoeff,[12]
,,0.046542,0.0,  TDecCu::xReconIntraQT,[20]
,,0.140054,0.0,  TComLoopFilter::xDeblockCU <cycle 1>,[22]
[103],0.85,0.262484,0.0,TComTU::TComTU,[103]
,,,,,
,,0.015539,0.0,  TComYuv::addAvg,[107]
,,0.031098,0.0,  TComPrediction::xPredInterBlk,[48]
,,0.077490,0.0,  TComYuv::copyPartToPartComponent,[117]
,,0.124368,0.0,  TDecCu::xIntraRecBlk,[26]
[104],0.81,0.248495,0.0,TComYuv::getAddr,[104]
,,,,,
,,0.093298,0.0,  TComTrQuant::invRecurTransformNxN <cycle 6>,[35]
,,0.139793,0.0,  TDecCu::xIntraRecBlk,[26]
[105],0.76,0.233091,0.0,QpParam::QpParam,[105]
,,,,,
,,0.192905,0.030662,  byteStreamNALUnit,[28]
[106],0.72,0.192905,0.030662,"std::vector<unsigned char,class std::allocator<unsigned char> >::emplace_back<unsigned char>",[106]
,,0.030662,0.0,  memcpy,[67]
,,,,,
,,0.170960,0.046668,  TComPrediction::xPredInterBi,[37]
[107],0.71,0.170960,0.046668,TComYuv::addAvg,[107]
,,0.031129,0.0,  TComYuv::getAddr,[172]
,,0.015539,0.0,  TComYuv::getAddr,[104]
,,,,,
,,0.170909,0.046686,  TDecSbac::parseCoeffNxN,[17]
[108],0.71,0.170909,0.046686,getTUEntropyCodingParameters,[108]
,,0.046686,0.0,  TComDataCU::getCoefScanIdx,[149]
,,,,,
,,0.062202,0.155392,  TDecEntropy::decodePredInfo,[45]
[109],0.71,0.062202,0.155392,TDecSbac::parseIntraDirLumaAng,[109]
,,0.062217,0.0,  TDecBinCABAC::decodeBinEP,[74]
,,0.062127,0.0,  TDecBinCABAC::decodeBin,[27]
,,0.031047,0.0,  TComDataCU::getIntraDirPredictor,[180]
,,,,,
,,0.215830,0.0,  TComLoopFilter::xEdgeFilterLuma,[50]
[110],0.7,0.215830,0.0,TComLoopFilter::xPelFilterLuma,[110]
,,,,,
,,0.046604,0.155345,  TDecEntropy::decodePUWise,[53]
[111],0.65,0.046604,0.155345,TComDataCU::getInterMergeCandidates,[111]
,,0.046672,0.0,  TComDataCU::getPartPosition,[150]
,,0.046621,0.0,  TComDataCU::xGetColMVP,[144]
,,0.031051,0.0,  TComDataCU::deriveLeftBottomIdxGeneral,[179]
,,0.031002,0.0,  TComDataCU::hasEqualMotion,[182]
,,,,,
,,0.0,0.108693,  TComCUMvField::create,[127]
,,0.0,0.077501,  TComDataCU::create,[64]
[112],0.6,0.0,0.186194,operator new,[112]
,,0.0,0.186194,  malloc_base,[71]
,,,,,
,,0.0,0.169884,  TAppDecTop::decode,[3]
[113],0.55,0.0,0.169884,TAppDecTop::xFlushOutput,[113]
,,0.0,0.169884,  TComPic::destroy,[68]
,,,,,
,,0.0,0.097017,  TComPic::destroy,[68]
,,0.0,0.065263,  TComSampleAdaptiveOffset::create,[136]
[114],0.53,0.0,0.162280,TComPicYuv::destroy,[114]
,,0.0,0.162280,  aligned_free,[84]
,,,,,
,,0.155470,0.0,  TComInterpolationFilter::filterVer,[95]
[115],0.5,0.155470,0.0,"TComInterpolationFilter::filter<8,1,1,1>",[115]
,,,,,
,,0.0,0.155434,  TDecEntropy::decodePUWise,[53]
[116],0.5,0.0,0.155434,TDecEntropy::decodeMVPIdxPU,[116]
,,0.031122,0.093200,  TComDataCU::fillMvpCand,[125]
,,0.015560,0.0,  TComCUMvField::setAll<class TComMv>,[130]
,,0.0,0.015552,  TDecSbac::parseMVPIdx,[196]
,,,,,
,,0.046609,0.108648,  TComYuv::copyPartToPartYuv,[118]
[117],0.5,0.046609,0.108648,TComYuv::copyPartToPartComponent,[117]
,,0.077490,0.0,  TComYuv::getAddr,[104]
,,0.031158,0.0,  memcpy,[67]
,,,,,
,,0.0,0.155257,  TComPrediction::xPredInterBi,[37]
[118],0.5,0.0,0.155257,TComYuv::copyPartToPartYuv,[118]
,,0.046609,0.108648,  TComYuv::copyPartToPartComponent,[117]
,,,,,
,,0.046667,0.093427,  TDecCu::xDecodeCU <cycle 4>,[11]
[119],0.45,0.046667,0.093427,TDecSbac::parsePartSize,[119]
,,0.077878,0.0,  TDecBinCABAC::decodeBin,[27]
,,0.015549,0.0,  memset,[54]
,,,,,
,,0.139952,0.0,  TComPrediction::initIntraPatternChType,[46]
[120],0.45,0.139952,0.0,TComDataCU::getPUAboveRight,[120]
,,,,,
,,0.139873,0.0,  TComPic::compressMotion,[122]
[121],0.45,0.139873,0.0,TComCUMvField::compress,[121]
,,,,,
,,0.0,0.139873,  TDecGop::filterPicture,[18]
[122],0.45,0.0,0.139873,TComPic::compressMotion,[122]
,,0.139873,0.0,  TComCUMvField::compress,[121]
,,,,,
,,0.139765,0.0,  TDecCu::xDecompressCU <cycle 5>,[15]
[123],0.45,0.139765,0.0,TComDataCU::copySubCU,[123]
,,,,,
,,0.124447,0.0,  TComInterpolationFilter::filterVer,[95]
[124],0.4,0.124447,0.0,"TComInterpolationFilter::filter<4,1,1,1>",[124]
,,,,,
,,0.031122,0.093200,  TDecEntropy::decodeMVPIdxPU,[116]
[125],0.4,0.031122,0.093200,TComDataCU::fillMvpCand,[125]
,,0.031057,0.0,"  std::deque<class TComSlice *,class std::allocator<class TComSlice *> >::begin",[177]
,,0.015563,0.0,  TComDataCU::xAddMVPCandUnscaled,[192]
,,0.015555,0.0,  TComDataCU::deriveLeftBottomIdx,[195]
,,0.015525,0.0,  TComDataCU::xGetColMVP,[144]
,,0.015499,0.0,  TComDataCU::getPUAboveLeft,[154]
,,,,,
,,0.062147,0.062171,  TComLoopFilter::xDeblockCU <cycle 1>,[22]
[126],0.4,0.062147,0.062171,TComLoopFilter::xSetLoopfilterParam,[126]
,,0.031169,0.0,  TComDataCU::getPULeft,[129]
,,0.031002,0.0,  TComDataCU::getPUAbove,[140]
,,,,,
,,0.015622,0.108693,  TComDataCU::create,[64]
[127],0.4,0.015622,0.108693,TComCUMvField::create,[127]
,,0.0,0.108693,  operator new,[112]
,,,,,
,,0.031128,0.062308,  TDecEntropy::decodePredInfo,[45]
[128],0.3,0.031128,0.062308,TDecSbac::parseIntraDirChroma,[128]
,,0.031150,0.0,  TDecBinCABAC::decodeBin,[27]
,,0.015586,0.0,  TDecBinCABAC::decodeAlignedBinsEP,[167]
,,0.015572,0.0,  memset,[54]
,,,,,
,,0.015513,0.0,  TComLoopFilter::xEdgeFilterLuma,[50]
,,0.031169,0.0,  TComLoopFilter::xSetLoopfilterParam,[126]
,,0.046706,0.0,  TComLoopFilter::xGetBoundaryStrengthSingle,[91]
[129],0.3,0.093388,0.0,TComDataCU::getPULeft,[129]
,,,,,
,,0.015560,0.0,  TDecEntropy::decodeMVPIdxPU,[116]
,,0.077802,0.0,  TDecEntropy::decodePUWise,[53]
[130],0.3,0.093361,0.0,TComCUMvField::setAll<class TComMv>,[130]
,,,,,
,,0.015557,0.0,  TComTrQuant::invRecurTransformNxN <cycle 6>,[35]
,,0.015562,0.0,  TDecCu::xIntraRecBlk,[26]
,,0.015577,0.0,  TComLoopFilter::xSetEdgefilterTU <cycle 2>,[43]
,,0.015604,0.0,  TDecCu::xDecodeInterTexture,[33]
,,0.015612,0.0,  TComPrediction::initIntraPatternChType,[46]
[131],0.25,0.077912,0.0,_security_check_cookie,[131]
,,,,,
,,0.077837,0.0,  TComLoopFilter::xDeblockCU <cycle 1>,[22]
[132],0.25,0.077837,0.0,TComLoopFilter::xSetEdgefilterPU,[132]
,,,,,
,,0.077724,0.0,  TComTrQuant::invTransformNxN,[32]
[133],0.25,0.077724,0.0,TComTrQuant::invRdpcmNxN,[133]
,,,,,
,,0.015452,0.062265,  TDecCu::xDecompressCU <cycle 5>,[15]
[134],0.25,0.015452,0.062265,TComYuv::clear,[134]
,,0.062265,0.0,  memset,[54]
,,,,,
,,0.015538,0.062163,  TComTrQuant::invTransformNxN,[32]
[135],0.25,0.015538,0.062163,TComTrQuant::xIT,[135]
,,0.0,0.062163,  xITrMxN,[143]
,,,,,
,,0.0,0.065263,  TDecTop::xActivateParameterSets,[38]
[136],0.21,0.0,0.065263,TComSampleAdaptiveOffset::create,[136]
,,0.0,0.065263,  TComPicYuv::destroy,[114]
,,,,,
,,0.015585,0.046751,  TDecEntropy::decodePUWise,[53]
[137],0.2,0.015585,0.046751,TDecSbac::parseMergeFlag,[137]
,,0.015577,0.015624,  TComDataCU::setSubPart<bool>,[164]
,,0.015550,0.0,  TDecBinCABAC::decodeBin,[27]
,,,,,
,,0.062256,0.0,  TComPrediction::initIntraPatternChType,[46]
[138],0.2,0.062256,0.0,TComDataCU::getPUBelowLeft,[138]
,,,,,
,,0.062245,0.0,  TDecEntropy::decodePUWise,[53]
[139],0.2,0.062245,0.0,TComCUMvField::setAll<signed char>,[139]
,,,,,
,,0.031002,0.0,  TComLoopFilter::xSetLoopfilterParam,[126]
,,0.031219,0.0,  TComLoopFilter::xGetBoundaryStrengthSingle,[91]
[140],0.2,0.062222,0.0,TComDataCU::getPUAbove,[140]
,,,,,
,,0.062218,0.0,  TComPrediction::initIntraPatternChType,[46]
[141],0.2,0.062218,0.0,isAboveAvailable,[141]
,,,,,
,,0.031084,0.031085,  TDecCu::xDecodeCU <cycle 4>,[11]
[142],0.2,0.031084,0.031085,TDecCu::xFinishDecodeCU,[142]
,,0.031085,0.0,  TComDataCU::isLastSubCUOfCtu,[176]
,,,,,
,,0.0,0.062163,  TComTrQuant::xIT,[135]
[143],0.2,0.0,0.062163,xITrMxN,[143]
,,0.031037,0.0,  partialButterflyInverse32,[181]
,,0.015616,0.0,  partialButterflyInverse16,[184]
,,0.015510,0.0,  partialButterflyInverse4,[201]
,,,,,
,,0.015525,0.0,  TComDataCU::fillMvpCand,[125]
,,0.046621,0.0,  TComDataCU::getInterMergeCandidates,[111]
[144],0.2,0.062146,0.0,TComDataCU::xGetColMVP,[144]
,,,,,
,,0.015488,0.046639,  TDecEntropy::decodePUWise,[53]
[145],0.2,0.015488,0.046639,TDecSbac::parseMergeIndex,[145]
,,0.031140,0.0,  TDecBinCABAC::decodeBin,[27]
,,0.015499,0.0,  TDecBinCABAC::decodeBinEP,[74]
,,,,,
,,0.015532,0.046559,  TDecEntropy::decodePUWise,[53]
[146],0.2,0.015532,0.046559,TDecSbac::parseMvd,[146]
,,0.031006,0.0,  TDecBinCABAC::decodeBinsEP,[87]
,,0.015554,0.0,  TDecBinCABAC::decodeBin,[27]
,,,,,
,,0.015555,0.031143,  TComPrediction::xCheckIdenticalMotion,[148]
[147],0.15,0.015555,0.031143,TComPic::getPOC,[147]
,,0.031143,0.0,  std::_Deque_const_iterator<class std::_Deque_val<struct std::_Deque_simple_types<class TComSlice *> > >::operator+,[169]
,,,,,
,,0.0,0.046698,  TComPrediction::motionCompensation,[36]
[148],0.15,0.0,0.046698,TComPrediction::xCheckIdenticalMotion,[148]
,,0.015555,0.031143,  TComPic::getPOC,[147]
,,,,,
,,0.046686,0.0,  getTUEntropyCodingParameters,[108]
[149],0.15,0.046686,0.0,TComDataCU::getCoefScanIdx,[149]
,,,,,
,,0.046672,0.0,  TComDataCU::getInterMergeCandidates,[111]
[150],0.15,0.046672,0.0,TComDataCU::getPartPosition,[150]
,,,,,
,,0.046668,0.0,  TAppDecTop::decode,[3]
[151],0.15,0.046668,0.0,convertPayloadToRBSP,[151]
,,,,,
,,0.046662,0.0,  TComInterpolationFilter::filterVer,[95]
[152],0.15,0.046662,0.0,"TComInterpolationFilter::filter<8,1,1,0>",[152]
,,,,,
,,0.046652,0.0,  TDecCu::xIntraRecBlk,[26]
[153],0.15,0.046652,0.0,TComPrediction::filteringIntraReferenceSamples,[153]
,,,,,
,,0.015499,0.0,  TComDataCU::fillMvpCand,[125]
,,0.031139,0.0,  TComPrediction::initIntraPatternChType,[46]
[154],0.15,0.046639,0.0,TComDataCU::getPUAboveLeft,[154]
,,,,,
,,0.0,0.045947,"  __crt_seh_guarded_call<int>::operator()<class <lambda_a62c933ada0517137acf5807a1eeac1f>,class <lambda_a31071773b9a94e445cbd5d04ef99106> &,class <lambda_56065050dbf3ada7e59a83db45153de3> >",[156]
[155],0.15,0.0,0.045947,<lambda_a31071773b9a94e445cbd5d04ef99106>::operator(),[155]
,,0.0,0.045947,  _acrt_stdio_end_temporary_buffering_nolock,[157]
,,,,,
,,0.0,0.045947,  _stdio_common_vfprintf,[159]
[156],0.15,0.0,0.045947,"__crt_seh_guarded_call<int>::operator()<class <lambda_a62c933ada0517137acf5807a1eeac1f>,class <lambda_a31071773b9a94e445cbd5d04ef99106> &,class <lambda_56065050dbf3ada7e59a83db45153de3> >",[156]
,,0.0,0.045947,  <lambda_a31071773b9a94e445cbd5d04ef99106>::operator(),[155]
,,,,,
,,0.0,0.045947,  <lambda_a31071773b9a94e445cbd5d04ef99106>::operator(),[155]
[157],0.15,0.0,0.045947,_acrt_stdio_end_temporary_buffering_nolock,[157]
,,0.0,0.045947,  _acrt_stdio_flush_nolock,[158]
,,,,,
,,0.0,0.045947,  _acrt_stdio_end_temporary_buffering_nolock,[157]
[158],0.15,0.0,0.045947,_acrt_stdio_flush_nolock,[158]
,,0.0,0.045947,  write,[56]
,,,,,
,,0.0,0.045947,  printf,[160]
[159],0.15,0.0,0.045947,_stdio_common_vfprintf,[159]
,,0.0,0.045947,"  __crt_seh_guarded_call<int>::operator()<class <lambda_a62c933ada0517137acf5807a1eeac1f>,class <lambda_a31071773b9a94e445cbd5d04ef99106> &,class <lambda_56065050dbf3ada7e59a83db45153de3> >",[156]
,,,,,
,,0.0,0.045947,  TDecGop::filterPicture,[18]
[160],0.15,0.0,0.045947,printf,[160]
,,0.0,0.045947,  _stdio_common_vfprintf,[159]
,,,,,
,,0.0,0.045947,  write_nolock,[57]
[161],0.15,0.0,0.045947,write_text_ansi_nolock,[161]
,,0.045947,0.0,  WriteFile,[58]
,,,,,
,,0.031035,0.014455,  TComSlice::setRefPicList,[163]
[162],0.15,0.031035,0.014455,TComPicYuv::extendPicBorder,[162]
,,0.014455,0.0,  memcpy,[67]
,,,,,
,,0.0,0.045489,  TDecTop::xDecodeSlice,[7]
[163],0.15,0.0,0.045489,TComSlice::setRefPicList,[163]
,,0.031035,0.014455,  TComPicYuv::extendPicBorder,[162]
,,,,,
,,0.015577,0.015624,  TDecSbac::parseMergeFlag,[137]
[164],0.1,0.015577,0.015624,TComDataCU::setSubPart<bool>,[164]
,,0.015624,0.0,  memset,[54]
,,,,,
,,0.031192,0.0,  TComLoopFilter::xEdgeFilterLuma,[50]
[165],0.1,0.031192,0.0,TComLoopFilter::xUseStrongFiltering,[165]
,,,,,
,,0.031168,0.0,"  std::basic_istream<char,struct std::char_traits<char> >::get",[31]
[166],0.1,0.031168,0.0,unlock_file,[166]
,,,,,
,,0.015568,0.0,  TDecSbac::parseCoeffNxN,[17]
,,0.015586,0.0,  TDecSbac::parseIntraDirChroma,[128]
[167],0.1,0.031155,0.0,TDecBinCABAC::decodeAlignedBinsEP,[167]
,,,,,
,,0.031153,0.0,  TComPrediction::initIntraPatternChType,[46]
[168],0.1,0.031153,0.0,isLeftAvailable,[168]
,,,,,
,,0.031143,0.0,  TComPic::getPOC,[147]
[169],0.1,0.031143,0.0,std::_Deque_const_iterator<class std::_Deque_val<struct std::_Deque_simple_types<class TComSlice *> > >::operator+,[169]
,,,,,
,,0.031137,0.0,  TDecEntropy::decodePUWise,[53]
[170],0.1,0.031137,0.0,TComDataCU::setSubPart<unsigned char>,[170]
,,,,,
,,0.031135,0.0,  TDecEntropy::decodePUWise,[53]
[171],0.1,0.031135,0.0,TComDataCU::copyInterPredInfoFrom,[171]
,,,,,
,,0.031129,0.0,  TComYuv::addAvg,[107]
[172],0.1,0.031129,0.0,TComYuv::getAddr,[172]
,,,,,
,,0.031119,0.0,  TDecEntropy::decodePUWise,[53]
[173],0.1,0.031119,0.0,TComDataCU::setSubPart<signed char>,[173]
,,,,,
,,0.031106,0.0,  TComInterpolationFilter::filterVer,[95]
[174],0.1,0.031106,0.0,"TComInterpolationFilter::filter<4,1,1,0>",[174]
,,,,,
,,0.031085,0.0,  TComInterpolationFilter::filterHor,[76]
[175],0.1,0.031085,0.0,"TComInterpolationFilter::filter<4,0,1,0>",[175]
,,,,,
,,0.031085,0.0,  TDecCu::xFinishDecodeCU,[142]
[176],0.1,0.031085,0.0,TComDataCU::isLastSubCUOfCtu,[176]
,,,,,
,,0.031057,0.0,  TComDataCU::fillMvpCand,[125]
[177],0.1,0.031057,0.0,"std::deque<class TComSlice *,class std::allocator<class TComSlice *> >::begin",[177]
,,,,,
,,0.031051,0.0,  TComPrediction::predIntraAng,[80]
[178],0.1,0.031051,0.0,TComPrediction::xPredIntraPlanar,[178]
,,,,,
,,0.031051,0.0,  TComDataCU::getInterMergeCandidates,[111]
[179],0.1,0.031051,0.0,TComDataCU::deriveLeftBottomIdxGeneral,[179]
,,,,,
,,0.031047,0.0,  TDecSbac::parseIntraDirLumaAng,[109]
[180],0.1,0.031047,0.0,TComDataCU::getIntraDirPredictor,[180]
,,,,,
,,0.031037,0.0,  xITrMxN,[143]
[181],0.1,0.031037,0.0,partialButterflyInverse32,[181]
,,,,,
,,0.031002,0.0,  TComDataCU::getInterMergeCandidates,[111]
[182],0.1,0.031002,0.0,TComDataCU::hasEqualMotion,[182]
,,,,,
,,0.015413,0.015505,  TDecCu::xDecodeCU <cycle 4>,[11]
[183],0.1,0.015413,0.015505,TDecSbac::parseSplitFlag,[183]
,,0.015505,0.0,  TComDataCU::getCtxSplitFlag,[203]
,,,,,
,,0.015616,0.0,  xITrMxN,[143]
[184],0.05,0.015616,0.0,partialButterflyInverse16,[184]
,,,,,
,,0.0,0.015582,  TDecGop::decompressSlice,[8]
[185],0.05,0.0,0.015582,TComInputBitstream::`scalar deleting destructor',[185]
,,0.0,0.015582,"  std::vector<unsigned char,class std::allocator<unsigned char> >::_Tidy",[186]
,,,,,
,,0.0,0.015582,  TComInputBitstream::`scalar deleting destructor',[185]
[186],0.05,0.0,0.015582,"std::vector<unsigned char,class std::allocator<unsigned char> >::_Tidy",[186]
,,0.0,0.015582,  free_base,[82]
,,,,,
,,0.015575,0.0,  TDecEntropy::decodeCoeff,[12]
[187],0.05,0.015575,0.0,TComDataCU::getQuadtreeTULog2MinSizeInCU,[187]
,,,,,
,,0.015571,0.0,  TComPrediction::xPredIntraAng,[92]
[188],0.05,0.015571,0.0,_chkstk,[188]
,,,,,
,,0.015566,0.0,"  std::basic_ostream<char,struct std::char_traits<char> >::write",[55]
[189],0.05,0.015566,0.0,_uncaught_exception,[189]
,,,,,
,,0.015566,0.0,  TComSampleAdaptiveOffset::reconstructBlkSAOParams,[191]
[190],0.05,0.015566,0.0,TComSampleAdaptiveOffset::reconstructBlkSAOParam,[190]
,,,,,
,,0.0,0.015566,  TDecGop::filterPicture,[18]
[191],0.05,0.0,0.015566,TComSampleAdaptiveOffset::reconstructBlkSAOParams,[191]
,,0.015566,0.0,  TComSampleAdaptiveOffset::reconstructBlkSAOParam,[190]
,,,,,
,,0.015563,0.0,  TComDataCU::fillMvpCand,[125]
[192],0.05,0.015563,0.0,TComDataCU::xAddMVPCandUnscaled,[192]
,,,,,
,,0.015559,0.0,  TComPrediction::motionCompensation,[36]
[193],0.05,0.015559,0.0,TComDataCU::getNumPartitions,[193]
,,,,,
,,0.0,0.015557,  TDecEntropy::decodePUWise,[53]
[194],0.05,0.0,0.015557,TDecSbac::parseInterDir,[194]
,,0.015557,0.0,  TDecBinCABAC::decodeBin,[27]
,,,,,
,,0.015555,0.0,  TComDataCU::fillMvpCand,[125]
[195],0.05,0.015555,0.0,TComDataCU::deriveLeftBottomIdx,[195]
,,,,,
,,0.0,0.015552,  TDecEntropy::decodeMVPIdxPU,[116]
[196],0.05,0.0,0.015552,TDecSbac::parseMVPIdx,[196]
,,0.015552,0.0,  TDecBinCABAC::decodeBin,[27]
,,,,,
,,0.015539,0.0,  TDecSbac::parseSkipFlag,[198]
[197],0.05,0.015539,0.0,TComDataCU::getCtxSkipFlag,[197]
,,,,,
,,0.0,0.015539,  TDecCu::xDecodeCU <cycle 4>,[11]
[198],0.05,0.0,0.015539,TDecSbac::parseSkipFlag,[198]
,,0.015539,0.0,  TComDataCU::getCtxSkipFlag,[197]
,,,,,
,,0.0,0.015536,  byteStreamNALUnit,[28]
[199],0.05,0.0,0.015536,"std::vector<unsigned char,class std::allocator<unsigned char> >::_Change_array",[199]
,,0.0,0.015536,  free_base,[82]
,,,,,
,,0.015526,0.0,  TDecTop::xActivateParameterSets,[38]
[200],0.05,0.015526,0.0,TComPrediction::initTempBuff,[200]
,,,,,
,,0.015510,0.0,  xITrMxN,[143]
[201],0.05,0.015510,0.0,partialButterflyInverse4,[201]
,,,,,
,,0.015505,0.0,  TDecEntropy::xDecodeTransform <cycle 3>,[14]
[202],0.05,0.015505,0.0,TDecSbac::parseCrossComponentPrediction,[202]
,,,,,
,,0.015505,0.0,  TDecSbac::parseSplitFlag,[183]
[203],0.05,0.015505,0.0,TComDataCU::getCtxSplitFlag,[203]
,,,,,
,,0.015502,0.0,  TDecSbac::parseCoeffNxN,[17]
[204],0.05,0.015502,0.0,TComTU::getGolombRiceStatisticsIndex,[204]
,,,,,
,,0.0,0.015485,  TDecGop::decompressSlice,[8]
[205],0.05,0.0,0.015485,TComInputBitstream::extractSubstream,[205]
,,0.0,0.015485,"  std::vector<unsigned char,std::allocator<unsigned char> >::_Resize<<lambda_2b51424039c320f102fd798e073c89b2> >",[206]
,,,,,
,,0.0,0.015485,  TComInputBitstream::extractSubstream,[205]
[206],0.05,0.0,0.015485,"std::vector<unsigned char,std::allocator<unsigned char> >::_Resize<<lambda_2b51424039c320f102fd798e073c89b2> >",[206]
,,0.015485,0.0,  memset,[54]
,,,,,
,,0.015469,0.0,  TDecBinCABAC::decodeBin,[27]
[207],0.05,0.015469,0.0,TComInputBitstream::readByte,[207]
,,,,,


Index by function name

Index,Function
[155],<lambda_a31071773b9a94e445cbd5d04ef99106>::operator()
[1],BaseThreadInitThunk
[30],InputByteStream::eofBeforeNBytes
[105],QpParam::QpParam
[101],ReadFile
[70],RtlAllocateHeap
[81],RtlFreeHeap
[2],RtlUserThreadStart
[3],TAppDecTop::decode
[113],TAppDecTop::xFlushOutput
[39],TAppDecTop::xWriteOutput
[121],TComCUMvField::compress
[127],TComCUMvField::create
[130],TComCUMvField::setAll<class TComMv>
[139],TComCUMvField::setAll<signed char>
[171],TComDataCU::copyInterPredInfoFrom
[123],TComDataCU::copySubCU
[64],TComDataCU::create
[195],TComDataCU::deriveLeftBottomIdx
[179],TComDataCU::deriveLeftBottomIdxGeneral
[77],TComDataCU::destroy
[125],TComDataCU::fillMvpCand
[149],TComDataCU::getCoefScanIdx
[197],TComDataCU::getCtxSkipFlag
[203],TComDataCU::getCtxSplitFlag
[111],TComDataCU::getInterMergeCandidates
[180],TComDataCU::getIntraDirPredictor
[193],TComDataCU::getNumPartitions
[140],TComDataCU::getPUAbove
[154],TComDataCU::getPUAboveLeft
[120],TComDataCU::getPUAboveRight
[138],TComDataCU::getPUBelowLeft
[129],TComDataCU::getPULeft
[150],TComDataCU::getPartPosition
[187],TComDataCU::getQuadtreeTULog2MinSizeInCU
[182],TComDataCU::hasEqualMotion
[88],TComDataCU::initCtu
[176],TComDataCU::isLastSubCUOfCtu
[164],TComDataCU::setSubPart<bool>
[173],TComDataCU::setSubPart<signed char>
[170],TComDataCU::setSubPart<unsigned char>
[192],TComDataCU::xAddMVPCandUnscaled
[144],TComDataCU::xGetColMVP
[185],TComInputBitstream::`scalar deleting destructor'
[205],TComInputBitstream::extractSubstream
[207],TComInputBitstream::readByte
[175],"TComInterpolationFilter::filter<4,0,1,0>"
[174],"TComInterpolationFilter::filter<4,1,1,0>"
[124],"TComInterpolationFilter::filter<4,1,1,1>"
[152],"TComInterpolationFilter::filter<8,1,1,0>"
[115],"TComInterpolationFilter::filter<8,1,1,1>"
[83],TComInterpolationFilter::filterCopy
[76],TComInterpolationFilter::filterHor
[95],TComInterpolationFilter::filterVer
[19],TComLoopFilter::loopFilterPic
[22],TComLoopFilter::xDeblockCU
[72],TComLoopFilter::xEdgeFilterChroma
[50],TComLoopFilter::xEdgeFilterLuma
[91],TComLoopFilter::xGetBoundaryStrengthSingle
[110],TComLoopFilter::xPelFilterLuma
[132],TComLoopFilter::xSetEdgefilterPU
[43],TComLoopFilter::xSetEdgefilterTU
[126],TComLoopFilter::xSetLoopfilterParam
[165],TComLoopFilter::xUseStrongFiltering
[122],TComPic::compressMotion
[65],TComPic::create
[68],TComPic::destroy
[147],TComPic::getPOC
[66],TComPicSym::create
[78],TComPicSym::destroy
[96],TComPicYuv::copyToPic
[114],TComPicYuv::destroy
[162],TComPicYuv::extendPicBorder
[153],TComPrediction::filteringIntraReferenceSamples
[46],TComPrediction::initIntraPatternChType
[200],TComPrediction::initTempBuff
[36],TComPrediction::motionCompensation
[80],TComPrediction::predIntraAng
[148],TComPrediction::xCheckIdenticalMotion
[37],TComPrediction::xPredInterBi
[48],TComPrediction::xPredInterBlk
[47],TComPrediction::xPredInterUni
[92],TComPrediction::xPredIntraAng
[178],TComPrediction::xPredIntraPlanar
[136],TComSampleAdaptiveOffset::create
[85],TComSampleAdaptiveOffset::offsetBlock
[86],TComSampleAdaptiveOffset::offsetCTU
[190],TComSampleAdaptiveOffset::reconstructBlkSAOParam
[191],TComSampleAdaptiveOffset::reconstructBlkSAOParams
[163],TComSlice::setRefPicList
[103],TComTU::TComTU
[94],TComTU::TComTU
[204],TComTU::getGolombRiceStatisticsIndex
[59],TComTURecurse::nextSection
[60],TComTrQuant::getSigCtxInc
[133],TComTrQuant::invRdpcmNxN
[35],TComTrQuant::invRecurTransformNxN
[32],TComTrQuant::invTransformNxN
[52],TComTrQuant::xDeQuant
[135],TComTrQuant::xIT
[75],TComTrQuant::xITransformSkip
[107],TComYuv::addAvg
[90],TComYuv::addClip
[134],TComYuv::clear
[117],TComYuv::copyPartToPartComponent
[118],TComYuv::copyPartToPartYuv
[73],TComYuv::copyToPicComponent
[104],TComYuv::getAddr
[172],TComYuv::getAddr
[167],TDecBinCABAC::decodeAlignedBinsEP
[27],TDecBinCABAC::decodeBin
[74],TDecBinCABAC::decodeBinEP
[87],TDecBinCABAC::decodeBinsEP
[69],TDecCu::xCopyToPic
[11],TDecCu::xDecodeCU
[33],TDecCu::xDecodeInterTexture
[15],TDecCu::xDecompressCU
[142],TDecCu::xFinishDecodeCU
[26],TDecCu::xIntraRecBlk
[23],TDecCu::xIntraRecQT
[25],TDecCu::xReconInter
[20],TDecCu::xReconIntraQT
[12],TDecEntropy::decodeCoeff
[116],TDecEntropy::decodeMVPIdxPU
[53],TDecEntropy::decodePUWise
[45],TDecEntropy::decodePredInfo
[14],TDecEntropy::xDecodeTransform
[8],TDecGop::decompressSlice
[18],TDecGop::filterPicture
[17],TDecSbac::parseCoeffNxN
[202],TDecSbac::parseCrossComponentPrediction
[194],TDecSbac::parseInterDir
[128],TDecSbac::parseIntraDirChroma
[109],TDecSbac::parseIntraDirLumaAng
[49],TDecSbac::parseLastSignificantXY
[196],TDecSbac::parseMVPIdx
[137],TDecSbac::parseMergeFlag
[145],TDecSbac::parseMergeIndex
[146],TDecSbac::parseMvd
[119],TDecSbac::parsePartSize
[93],TDecSbac::parseQtCbf
[198],TDecSbac::parseSkipFlag
[183],TDecSbac::parseSplitFlag
[102],TDecSbac::parseTransformSkipFlags
[51],TDecSbac::xReadCoefRemainExGolomb
[9],TDecSlice::decompressSlice
[6],TDecTop::decode
[38],TDecTop::xActivateParameterSets
[7],TDecTop::xDecodeSlice
[42],TDecTop::xGetNewPicBuffer
[40],TVideoIOYuv::write
[58],WriteFile
[156],"__crt_seh_guarded_call<int>::operator()<class <lambda_a62c933ada0517137acf5807a1eeac1f>,class <lambda_a31071773b9a94e445cbd5d04ef99106> &,class <lambda_56065050dbf3ada7e59a83db45153de3> >"
[157],_acrt_stdio_end_temporary_buffering_nolock
[62],_acrt_stdio_flush_and_write_narrow_nolock
[158],_acrt_stdio_flush_nolock
[188],_chkstk
[4],_scrt_common_main_seh
[131],_security_check_cookie
[159],_stdio_common_vfprintf
[189],_uncaught_exception
[84],aligned_free
[89],aligned_offset_malloc_base
[28],byteStreamNALUnit
[29],byteStreamNALUnit
[97],common_refill_and_read_nolock<char>
[151],convertPayloadToRBSP
[98],fgetc
[79],fillReferenceSamples
[61],fputc
[82],free_base
[108],getTUEntropyCodingParameters
[141],isAboveAvailable
[168],isLeftAvailable
[5],main
[71],malloc_base
[67],memcpy
[54],memset
[112],operator new
[184],partialButterflyInverse16
[181],partialButterflyInverse32
[201],partialButterflyInverse4
[160],printf
[99],read
[100],read_nolock
[169],std::_Deque_const_iterator<class std::_Deque_val<struct std::_Deque_simple_types<class TComSlice *> > >::operator+
[31],"std::basic_istream<char,struct std::char_traits<char> >::get"
[55],"std::basic_ostream<char,struct std::char_traits<char> >::write"
[177],"std::deque<class TComSlice *,class std::allocator<class TComSlice *> >::begin"
[199],"std::vector<unsigned char,class std::allocator<unsigned char> >::_Change_array"
[186],"std::vector<unsigned char,class std::allocator<unsigned char> >::_Tidy"
[106],"std::vector<unsigned char,class std::allocator<unsigned char> >::emplace_back<unsigned char>"
[206],"std::vector<unsigned char,std::allocator<unsigned char> >::_Resize<<lambda_2b51424039c320f102fd798e073c89b2> >"
[166],unlock_file
[56],write
[41],writePlane
[63],write_buffer_nolock<char>
[57],write_nolock
[161],write_text_ansi_nolock
[143],xITrMxN
[21],<cycle 1>
[44],<cycle 2>
[13],<cycle 3>
[10],<cycle 4>
[16],<cycle 5>
[34],<cycle 6>
[24],<cycle 7>
