Index,% CPU Time:Total,CPU Time:Self,CPU Time:Children,Name,Index
,,0.0,35.119304,  RtlUserThreadStart,[2]
[1],100.0,0.0,35.119304,BaseThreadInitThunk,[1]
,,0.0,35.119304,  _scrt_common_main_seh,[3]
,,,,,
,,,,  <spontaneous>,
[2],100.0,0.0,35.119304,RtlUserThreadStart,[2]
,,0.0,35.119304,  BaseThreadInitThunk,[1]
,,,,,
,,0.0,35.119304,  BaseThreadInitThunk,[1]
[3],100.0,0.0,35.119304,_scrt_common_main_seh,[3]
,,0.0,0.008429,  common_exit,[217]
,,0.0,35.110875,  main,[5]
,,,,,
,,0.0,35.110875,  main,[5]
[4],99.98,0.0,35.110875,TAppDecTop::decode,[4]
,,0.155648,0.0,  convertPayloadToRBSP,[120]
,,0.0,0.171038,  TAppDecTop::xFlushOutput,[116]
,,0.0,1.313145,  TAppDecTop::xWriteOutput,[44]
,,0.0,5.273427,  TDecGop::filterPicture,[18]
,,0.0,24.620814,  TDecTop::decode,[6]
,,0.0,3.561236,  byteStreamNALUnit,[29]
,,0.0,0.015568,"  std::vector<unsigned char,class std::allocator<unsigned char> >::_Tidy",[168]
,,,,,
,,0.0,35.110875,  _scrt_common_main_seh,[3]
[5],99.98,0.0,35.110875,main,[5]
,,0.0,35.110875,  TAppDecTop::decode,[4]
,,,,,
,,0.0,24.620814,  TAppDecTop::decode,[4]
[6],70.11,0.0,24.620814,TDecTop::decode,[6]
,,0.0,24.620814,  TDecTop::xDecodeSlice,[7]
,,,,,
,,0.0,24.620814,  TDecTop::decode,[6]
[7],70.11,0.0,24.620814,TDecTop::xDecodeSlice,[7]
,,0.015444,0.0,  TComTrQuant::setErrScaleCoeff,[212]
,,0.0,0.031175,  TComSlice::setRefPicList,[177]
,,0.0,23.263562,  TDecGop::decompressSlice,[8]
,,0.0,1.310633,  TDecTop::xActivateParameterSets,[47]
,,,,,
,,0.0,23.263562,  TDecTop::xDecodeSlice,[7]
[8],66.24,0.0,23.263562,TDecGop::decompressSlice,[8]
,,0.031130,23.155284,  TDecSlice::decompressSlice,[9]
,,0.0,0.015713,  TComInputBitstream::`scalar deleting destructor',[189]
,,0.0,0.061435,  TComInputBitstream::extractSubstream,[163]
,,,,,
,,0.031130,23.155284,  TDecGop::decompressSlice,[8]
[9],66.02,0.031130,23.155284,TDecSlice::decompressSlice,[9]
,,0.155661,12.973456,  TDecCu::xDecodeCU <cycle 6>,[11]
,,0.155560,9.450814,  TDecCu::xDecompressCU <cycle 3>,[15]
,,0.124389,0.279939,  TComDataCU::initCtu,[93]
,,0.0,0.015466,  TDecSbac::parseSAOBlkParam,[211]
,,,,,
,,0.155661,12.973456,  TDecSlice::decompressSlice,[9]
[10],37.38,0.155661,12.973456,<cycle 6 as a whole>,[10]
,,0.155661,12.973456,  TDecCu::xDecodeCU <cycle 6>,[11]
,,,,,
,,,,  TDecCu::xDecodeCU <cycle 6>,[11]
,,0.155661,12.973456,  TDecSlice::decompressSlice,[9]
[11],37.38,0.155661,12.973456,TDecCu::xDecodeCU <cycle 6>,[11]
,,0.077844,0.031140,  TDecSbac::parsePartSize,[131]
,,0.062138,0.062263,  TDecSbac::parseSkipFlag,[129]
,,0.031092,0.046684,  TDecCu::xFinishDecodeCU,[148]
,,0.015612,0.0,  TDecSbac::parsePredMode,[192]
,,0.015581,1.453652,  TDecEntropy::decodePredInfo,[39]
,,0.015569,11.146353,  TDecEntropy::decodeCoeff,[12]
,,0.015526,0.0,  TDecSbac::parseSplitFlag,[205]
,,,,  TDecCu::xDecodeCU <cycle 6>,[11]
,,,,,
,,0.015569,11.146353,  TDecCu::xDecodeCU <cycle 6>,[11]
[12],31.78,0.015569,11.146353,TDecEntropy::decodeCoeff,[12]
,,0.901404,10.213856,  TDecEntropy::xDecodeTransform <cycle 7>,[14]
,,0.015574,0.0,  TComTU::TComTU,[105]
,,0.015519,0.0,  TDecSbac::parseQtRootCbf,[206]
,,,,,
,,0.901404,10.213856,  TDecEntropy::decodeCoeff,[12]
[13],31.65,0.901404,10.213856,<cycle 7 as a whole>,[13]
,,0.901404,10.213856,  TDecEntropy::xDecodeTransform <cycle 7>,[14]
,,,,,
,,,,  TDecEntropy::xDecodeTransform <cycle 7>,[14]
,,0.901404,10.213856,  TDecEntropy::decodeCoeff,[12]
[14],31.65,0.901404,10.213856,TDecEntropy::xDecodeTransform <cycle 7>,[14]
,,2.514411,6.563503,  TDecSbac::parseCoeffNxN,[17]
,,0.264340,0.0,  TComTURecurse::nextSection,[63]
,,0.233340,0.295615,  TDecSbac::parseQtCbf,[82]
,,0.171363,0.0,  memset,[53]
,,0.062338,0.0,  TDecSbac::parseCrossComponentPrediction,[158]
,,0.062195,0.0,  TComTU::TComTU,[87]
,,0.031153,0.0,  _security_check_cookie,[114]
,,0.015597,0.0,  TDecBinCABAC::decodeBin,[27]
,,,,  TDecEntropy::xDecodeTransform <cycle 7>,[14]
,,,,,
,,,,  TDecCu::xDecompressCU <cycle 3>,[15]
,,0.155560,9.450814,  TDecSlice::decompressSlice,[9]
[15],27.35,0.155560,9.450814,TDecCu::xDecompressCU <cycle 3>,[15]
,,0.118897,0.0,  TComDataCU::copySubCU,[130]
,,0.046719,4.138219,  TDecCu::xReconIntraQT,[20]
,,0.031047,0.062132,  TComYuv::clear,[141]
,,0.031030,4.650438,  TDecCu::xReconInter,[19]
,,0.015599,0.356732,  TDecCu::xCopyToPic,[95]
,,,,  TDecCu::xDecompressCU <cycle 3>,[15]
,,,,,
,,0.155560,9.450814,  TDecSlice::decompressSlice,[9]
[16],27.35,0.155560,9.450814,<cycle 3 as a whole>,[16]
,,0.155560,9.450814,  TDecCu::xDecompressCU <cycle 3>,[15]
,,,,,
,,2.514411,6.563503,  TDecEntropy::xDecodeTransform <cycle 7>,[14]
[17],25.85,2.514411,6.563503,TDecSbac::parseCoeffNxN,[17]
,,2.207463,0.031206,  TDecBinCABAC::decodeBin,[27]
,,0.700214,0.0,  TComTrQuant::getSigCtxInc,[69]
,,0.404759,1.166347,  TDecSbac::xReadCoefRemainExGolomb,[38]
,,0.295401,0.886604,  TDecSbac::parseLastSignificantXY,[50]
,,0.186950,0.093252,  getTUEntropyCodingParameters,[99]
,,0.171247,0.0,  memset,[53]
,,0.171021,0.077784,  TDecSbac::parseTransformSkipFlags,[104]
,,0.155690,0.0,  TDecBinCABAC::decodeBinsEP,[71]
,,0.015564,0.0,  TComTU::getGolombRiceStatisticsIndex,[196]
,,,,,
,,0.0,5.273427,  TAppDecTop::decode,[4]
[18],15.02,0.0,5.273427,TDecGop::filterPicture,[18]
,,0.015620,0.653467,  TComSampleAdaptiveOffset::offsetCTU,[72]
,,0.0,3.967372,  TComLoopFilter::loopFilterPic,[22]
,,0.0,0.124547,  TComPic::compressMotion,[127]
,,0.0,0.420952,  TComPicYuv::copyToPic,[90]
,,0.0,0.015592,  TComSampleAdaptiveOffset::reconstructBlkSAOParams,[194]
,,0.0,0.075878,  printf,[156]
,,,,,
,,0.031030,4.650438,  TDecCu::xDecompressCU <cycle 3>,[15]
[19],13.33,0.031030,4.650438,TDecCu::xReconInter,[19]
,,0.465546,0.0,  TComYuv::addClip,[88]
,,0.062245,2.006877,  TDecCu::xDecodeInterTexture,[33]
,,0.031190,2.084580,  TComPrediction::motionCompensation,[32]
,,,,,
,,0.046719,4.138219,  TDecCu::xDecompressCU <cycle 3>,[15]
[20],11.92,0.046719,4.138219,TDecCu::xReconIntraQT,[20]
,,0.108947,0.0,  TComTURecurse::nextSection,[63]
,,0.093353,3.842854,  TDecCu::xIntraRecQT <cycle 5>,[25]
,,0.046690,0.0,  TComTU::TComTU,[105]
,,0.046376,0.0,  TComTU::TComTU,[87]
,,,,,
,,0.342222,3.625150,  TComLoopFilter::loopFilterPic,[22]
[21],11.3,0.342222,3.625150,<cycle 1 as a whole>,[21]
,,0.342222,3.625150,  TComLoopFilter::xDeblockCU <cycle 1>,[23]
,,,,,
,,0.0,3.967372,  TDecGop::filterPicture,[18]
[22],11.3,0.0,3.967372,TComLoopFilter::loopFilterPic,[22]
,,0.342222,3.625150,  TComLoopFilter::xDeblockCU <cycle 1>,[23]
,,,,,
,,,,  TComLoopFilter::xDeblockCU <cycle 1>,[23]
,,0.342222,3.625150,  TComLoopFilter::loopFilterPic,[22]
[23],11.3,0.342222,3.625150,TComLoopFilter::xDeblockCU <cycle 1>,[23]
,,0.963323,0.389086,  TComLoopFilter::xSetEdgefilterTU <cycle 2>,[41]
,,0.576057,0.280412,  TComLoopFilter::xEdgeFilterLuma,[62]
,,0.482503,0.0,  TComLoopFilter::xEdgeFilterChroma,[86]
,,0.404680,0.046735,  TComLoopFilter::xGetBoundaryStrengthSingle,[89]
,,0.248852,0.0,  TComLoopFilter::xSetEdgefilterPU,[103]
,,0.139998,0.0,  TComTU::TComTU,[105]
,,0.046708,0.0,  _security_check_cookie,[114]
,,0.015627,0.031169,  TComLoopFilter::xSetLoopfilterParam,[164]
,,,,  TComLoopFilter::xDeblockCU <cycle 1>,[23]
,,,,,
,,0.093353,3.842854,  TDecCu::xReconIntraQT,[20]
[24],11.21,0.093353,3.842854,<cycle 5 as a whole>,[24]
,,0.093353,3.842854,  TDecCu::xIntraRecQT <cycle 5>,[25]
,,,,,
,,,,  TDecCu::xIntraRecQT <cycle 5>,[25]
,,0.093353,3.842854,  TDecCu::xReconIntraQT,[20]
[25],11.21,0.093353,3.842854,TDecCu::xIntraRecQT <cycle 5>,[25]
,,0.777792,2.940426,  TDecCu::xIntraRecBlk,[26]
,,0.046740,0.0,  TComTU::TComTU,[87]
,,0.046715,0.0,  TComTURecurse::nextSection,[63]
,,0.031182,0.0,  _security_check_cookie,[114]
,,,,  TDecCu::xIntraRecQT <cycle 5>,[25]
,,,,,
,,0.777792,2.940426,  TDecCu::xIntraRecQT <cycle 5>,[25]
[26],10.59,0.777792,2.940426,TDecCu::xIntraRecBlk,[26]
,,0.342200,0.871440,  TComPrediction::initIntraPatternChType,[49]
,,0.171074,0.0,  TComYuv::getAddr,[101]
,,0.155638,0.0,  QpParam::QpParam,[97]
,,0.108823,0.591217,  TComPrediction::predIntraAng,[70]
,,0.046675,0.622251,  TComTrQuant::invTransformNxN,[36]
,,0.015629,0.0,  _security_check_cookie,[114]
,,0.015478,0.0,  TComPrediction::filteringIntraReferenceSamples,[210]
,,,,,
,,0.015512,0.0,  TDecSbac::parseRefFrmIdx,[181]
,,0.015597,0.0,  TDecEntropy::xDecodeTransform <cycle 7>,[14]
,,0.030991,0.0,  TDecSbac::parseMVPIdx,[187]
,,0.031107,0.0,  TDecSbac::parseSkipFlag,[129]
,,0.031129,0.0,  TDecSbac::parseTransformSkipFlags,[104]
,,0.046587,0.0,  TDecSbac::parseMergeIndex,[142]
,,0.062306,0.0,  TDecSbac::parseIntraDirLumaAng,[102]
,,0.264517,0.0,  TDecSbac::parseQtCbf,[82]
,,0.871067,0.015537,  TDecSbac::parseLastSignificantXY,[50]
,,2.207463,0.031206,  TDecSbac::parseCoeffNxN,[17]
[27],10.32,3.576277,0.046743,TDecBinCABAC::decodeBin,[27]
,,0.046743,0.0,  TComInputBitstream::readByte,[167]
,,,,,
,,0.283720,3.277515,  byteStreamNALUnit,[29]
[28],10.14,0.283720,3.277515,byteStreamNALUnit,[28]
,,0.398967,2.699823,  InputByteStream::eofBeforeNBytes,[30]
,,0.101210,0.077515,"  std::vector<unsigned char,class std::allocator<unsigned char> >::emplace_back<unsigned char>",[113]
,,,,,
,,0.0,3.561236,  TAppDecTop::decode,[4]
[29],10.14,0.0,3.561236,byteStreamNALUnit,[29]
,,0.283720,3.277515,  byteStreamNALUnit,[28]
,,,,,
,,0.398967,2.699823,  byteStreamNALUnit,[28]
[30],8.82,0.398967,2.699823,InputByteStream::eofBeforeNBytes,[30]
,,2.461853,0.237969,"  std::basic_istream<char,struct std::char_traits<char> >::get",[31]
,,,,,
,,2.461853,0.237969,  InputByteStream::eofBeforeNBytes,[30]
[31],7.69,2.461853,0.237969,"std::basic_istream<char,struct std::char_traits<char> >::get",[31]
,,0.031062,0.0,  unlock_file,[183]
,,0.015497,0.0,  lock_file,[185]
,,0.0,0.191411,  fgetc,[109]
,,,,,
,,0.031190,2.084580,  TDecCu::xReconInter,[19]
[32],6.02,0.031190,2.084580,TComPrediction::motionCompensation,[32]
,,0.046697,0.0,  TComDataCU::getNumPartitions,[170]
,,0.046630,0.0,  TComDataCU::getPartIndexAndSize,[160]
,,0.031099,0.046494,  TComPrediction::xCheckIdenticalMotion,[150]
,,0.031066,1.789636,  TComPrediction::xPredInterBi,[37]
,,0.0,0.092959,  TComPrediction::xPredInterUni,[40]
,,,,,
,,0.062245,2.006877,  TDecCu::xReconInter,[19]
[33],5.89,0.062245,2.006877,TDecCu::xDecodeInterTexture,[33]
,,0.295691,1.680023,  TComTrQuant::invRecurTransformNxN <cycle 4>,[35]
,,0.031163,0.0,  TComTU::TComTU,[105]
,,,,,
,,0.295691,1.680023,  TDecCu::xDecodeInterTexture,[33]
[34],5.63,0.295691,1.680023,<cycle 4 as a whole>,[34]
,,0.295691,1.680023,  TComTrQuant::invRecurTransformNxN <cycle 4>,[35]
,,,,,
,,,,  TComTrQuant::invRecurTransformNxN <cycle 4>,[35]
,,0.295691,1.680023,  TDecCu::xDecodeInterTexture,[33]
[35],5.63,0.295691,1.680023,TComTrQuant::invRecurTransformNxN <cycle 4>,[35]
,,0.202128,0.0,  TComTURecurse::nextSection,[63]
,,0.186863,0.0,  QpParam::QpParam,[97]
,,0.093365,0.0,  TComTU::TComTU,[87]
,,0.077750,1.104338,  TComTrQuant::invTransformNxN,[36]
,,0.015580,0.0,  _security_check_cookie,[114]
,,,,  TComTrQuant::invRecurTransformNxN <cycle 4>,[35]
,,,,,
,,0.046675,0.622251,  TDecCu::xIntraRecBlk,[26]
,,0.077750,1.104338,  TComTrQuant::invRecurTransformNxN <cycle 4>,[35]
[36],5.27,0.124425,1.726590,TComTrQuant::invTransformNxN,[36]
,,0.995383,0.0,  TComTrQuant::xDeQuant,[52]
,,0.513527,0.0,  TComTrQuant::xITransformSkip,[83]
,,0.093338,0.0,  TComTrQuant::invRdpcmNxN,[137]
,,0.031067,0.077680,  TComTrQuant::xIT,[133]
,,0.015595,0.0,  _security_check_cookie,[114]
,,,,,
,,0.031066,1.789636,  TComPrediction::motionCompensation,[32]
[37],5.18,0.031066,1.789636,TComPrediction::xPredInterBi,[37]
,,0.264820,0.062238,  TComYuv::addAvg,[98]
,,0.062203,1.244712,  TComPrediction::xPredInterUni,[40]
,,0.031119,0.124544,  TComYuv::copyPartToPartYuv,[119]
,,,,,
,,0.404759,1.166347,  TDecSbac::parseCoeffNxN,[17]
[38],4.47,0.404759,1.166347,TDecSbac::xReadCoefRemainExGolomb,[38]
,,0.622037,0.0,  TDecBinCABAC::decodeBinEP,[67]
,,0.513279,0.0,  TDecBinCABAC::decodeBinsEP,[71]
,,0.031032,0.0,  TDecBinCABAC::decodeAlignedBinsEP,[186]
,,,,,
,,0.015581,1.453652,  TDecCu::xDecodeCU <cycle 6>,[11]
[39],4.18,0.015581,1.453652,TDecEntropy::decodePredInfo,[39]
,,0.124308,1.033517,  TDecEntropy::decodePUWise,[51]
,,0.077789,0.171330,  TDecSbac::parseIntraDirLumaAng,[102]
,,0.031189,0.015519,  TDecSbac::parseIntraDirChroma,[169]
,,,,,
,,0.0,0.092959,  TComPrediction::motionCompensation,[32]
,,0.062203,1.244712,  TComPrediction::xPredInterBi,[37]
[40],3.99,0.062203,1.337671,TComPrediction::xPredInterUni,[40]
,,0.186581,1.151089,  TComPrediction::xPredInterBlk,[43]
,,,,,
,,,,  TComLoopFilter::xSetEdgefilterTU <cycle 2>,[41]
,,0.963323,0.389086,  TComLoopFilter::xDeblockCU <cycle 1>,[23]
[41],3.85,0.963323,0.389086,TComLoopFilter::xSetEdgefilterTU <cycle 2>,[41]
,,0.217739,0.0,  TComTU::TComTU,[87]
,,0.171346,0.0,  TComTURecurse::nextSection,[63]
,,,,  TComLoopFilter::xSetEdgefilterTU <cycle 2>,[41]
,,,,,
,,0.963323,0.389086,  TComLoopFilter::xDeblockCU <cycle 1>,[23]
[42],3.85,0.963323,0.389086,<cycle 2 as a whole>,[42]
,,0.963323,0.389086,  TComLoopFilter::xSetEdgefilterTU <cycle 2>,[41]
,,,,,
,,0.186581,1.151089,  TComPrediction::xPredInterUni,[40]
[43],3.81,0.186581,1.151089,TComPrediction::xPredInterBlk,[43]
,,0.031147,0.0,  TComYuv::getAddr,[101]
,,0.015585,0.388974,  TComInterpolationFilter::filterVer,[92]
,,0.0,0.715383,  TComInterpolationFilter::filterHor,[68]
,,,,,
,,0.0,1.313145,  TAppDecTop::decode,[4]
[44],3.74,0.0,1.313145,TAppDecTop::xWriteOutput,[44]
,,0.0,1.313145,  TVideoIOYuv::write,[45]
,,,,,
,,0.0,1.313145,  TAppDecTop::xWriteOutput,[44]
[45],3.74,0.0,1.313145,TVideoIOYuv::write,[45]
,,0.410150,0.902995,  writePlane,[46]
,,,,,
,,0.410150,0.902995,  TVideoIOYuv::write,[45]
[46],3.74,0.410150,0.902995,writePlane,[46]
,,0.0,0.887534,"  std::basic_ostream<char,struct std::char_traits<char> >::write",[57]
,,0.0,0.015461,"  std::vector<unsigned char,class std::allocator<unsigned char> >::_Tidy",[168]
,,,,,
,,0.0,1.310633,  TDecTop::xDecodeSlice,[7]
[47],3.73,0.0,1.310633,TDecTop::xActivateParameterSets,[47]
,,0.0,0.081259,  TComSampleAdaptiveOffset::create,[143]
,,0.0,1.229374,  TDecTop::xGetNewPicBuffer,[48]
,,,,,
,,0.0,1.229374,  TDecTop::xActivateParameterSets,[47]
[48],3.5,0.0,1.229374,TDecTop::xGetNewPicBuffer,[48]
,,0.0,0.761189,  TComPic::create,[64]
,,0.0,0.468186,  TComPic::destroy,[75]
,,,,,
,,0.342200,0.871440,  TDecCu::xIntraRecBlk,[26]
[49],3.46,0.342200,0.871440,TComPrediction::initIntraPatternChType,[49]
,,0.420202,0.0,  fillReferenceSamples,[91]
,,0.124389,0.0,  TComDataCU::getPUAboveRight,[124]
,,0.108925,0.0,  TComDataCU::getPUBelowLeft,[121]
,,0.077892,0.0,  isAboveAvailable,[144]
,,0.077883,0.0,  isLeftAvailable,[145]
,,0.062148,0.0,  TComDataCU::getPUAboveLeft,[161]
,,,,,
,,0.295401,0.886604,  TDecSbac::parseCoeffNxN,[17]
[50],3.37,0.295401,0.886604,TDecSbac::parseLastSignificantXY,[50]
,,0.871067,0.015537,  TDecBinCABAC::decodeBin,[27]
,,,,,
,,0.124308,1.033517,  TDecEntropy::decodePredInfo,[39]
[51],3.3,0.124308,1.033517,TDecEntropy::decodePUWise,[51]
,,0.139910,0.0,  TComCUMvField::setAll<class TComMv>,[117]
,,0.077785,0.093317,  TComDataCU::getInterMergeCandidates,[115]
,,0.046788,0.031109,  TComDataCU::setSubPart<signed char>,[134]
,,0.046601,0.0,  TComDataCU::copyInterPredInfoFrom,[172]
,,0.031206,0.0,  TComDataCU::setSubPart<unsigned char>,[175]
,,0.031161,0.0,  TComCUMvField::setAll<signed char>,[178]
,,0.031104,0.062144,  TDecSbac::parseMvd,[140]
,,0.015605,0.015512,  TDecSbac::parseRefFrmIdx,[181]
,,0.015589,0.0,  TComDataCU::getPartIndexAndSize,[160]
,,0.015582,0.015491,  TDecSbac::parseMergeFlag,[182]
,,0.015540,0.264248,  TDecEntropy::decodeMVPIdxPU,[100]
,,0.015490,0.069335,  TDecSbac::parseMergeIndex,[142]
,,,,,
,,0.995383,0.0,  TComTrQuant::invTransformNxN,[36]
[52],2.83,0.995383,0.0,TComTrQuant::xDeQuant,[52]
,,,,,
,,0.015491,0.0,  TComDataCU::setSubPart<bool>,[208]
,,0.015519,0.0,  TDecSbac::parseIntraDirChroma,[169]
,,0.030611,0.0,"  std::vector<unsigned char,std::allocator<unsigned char> >::_Resize<<lambda_2b51424039c320f102fd798e073c89b2> >",[188]
,,0.031099,0.0,  TDecSbac::parseQtCbf,[82]
,,0.031109,0.0,  TComDataCU::setSubPart<signed char>,[134]
,,0.031140,0.0,  TDecSbac::parsePartSize,[131]
,,0.046654,0.0,  TDecSbac::parseTransformSkipFlags,[104]
,,0.062132,0.0,  TComYuv::clear,[141]
,,0.093636,0.0,  TComDataCU::create,[66]
,,0.171247,0.0,  TDecSbac::parseCoeffNxN,[17]
,,0.171363,0.0,  TDecEntropy::xDecodeTransform <cycle 7>,[14]
,,0.279939,0.0,  TComDataCU::initCtu,[93]
[53],2.79,0.979939,0.0,memset,[53]
,,,,,
,,0.0,0.075878,  _acrt_stdio_flush_nolock,[154]
,,0.0,0.857052,  write_buffer_nolock<char>,[61]
[54],2.66,0.0,0.932930,write,[54]
,,0.015580,0.917351,  write_nolock,[55]
,,,,,
,,0.015580,0.917351,  write,[54]
[55],2.66,0.015580,0.917351,write_nolock,[55]
,,0.841473,0.0,  WriteFile,[56]
,,0.0,0.075878,  write_text_ansi_nolock,[157]
,,,,,
,,0.075878,0.0,  write_text_ansi_nolock,[157]
,,0.841473,0.0,  write_nolock,[55]
[56],2.61,0.917351,0.0,WriteFile,[56]
,,,,,
,,0.0,0.887534,  writePlane,[46]
[57],2.53,0.0,0.887534,"std::basic_ostream<char,struct std::char_traits<char> >::write",[57]
,,0.015540,0.0,  lock_file,[185]
,,0.014942,0.0,  memcpy,[58]
,,0.0,0.857052,  fputc,[60]
,,,,,
,,0.014942,0.0,"  std::basic_ostream<char,struct std::char_traits<char> >::write",[57]
,,0.015574,0.0,  TComTrQuant::xIT,[133]
,,0.030825,0.0,  TComInputBitstream::extractSubstream,[163]
,,0.031177,0.0,  TComYuv::copyPartToPartComponent,[128]
,,0.077515,0.0,"  std::vector<unsigned char,class std::allocator<unsigned char> >::emplace_back<unsigned char>",[113]
,,0.294507,0.0,  TComYuv::copyToPicComponent,[96]
,,0.420952,0.0,  TComPicYuv::copyToPic,[90]
[58],2.52,0.885492,0.0,memcpy,[58]
,,,,,
,,0.0,0.857052,  fputc,[60]
[59],2.44,0.0,0.857052,_acrt_stdio_flush_and_write_narrow_nolock,[59]
,,0.0,0.857052,  write_buffer_nolock<char>,[61]
,,,,,
,,0.0,0.857052,"  std::basic_ostream<char,struct std::char_traits<char> >::write",[57]
[60],2.44,0.0,0.857052,fputc,[60]
,,0.0,0.857052,  _acrt_stdio_flush_and_write_narrow_nolock,[59]
,,,,,
,,0.0,0.857052,  _acrt_stdio_flush_and_write_narrow_nolock,[59]
[61],2.44,0.0,0.857052,write_buffer_nolock<char>,[61]
,,0.0,0.857052,  write,[54]
,,,,,
,,0.576057,0.280412,  TComLoopFilter::xDeblockCU <cycle 1>,[23]
[62],2.44,0.576057,0.280412,TComLoopFilter::xEdgeFilterLuma,[62]
,,0.140197,0.0,  TComLoopFilter::xUseStrongFiltering,[123]
,,0.124657,0.0,  TComLoopFilter::xPelFilterLuma,[125]
,,0.015558,0.0,  TComDataCU::getPULeft,[159]
,,,,,
,,0.046715,0.0,  TDecCu::xIntraRecQT <cycle 5>,[25]
,,0.108947,0.0,  TDecCu::xReconIntraQT,[20]
,,0.171346,0.0,  TComLoopFilter::xSetEdgefilterTU <cycle 2>,[41]
,,0.202128,0.0,  TComTrQuant::invRecurTransformNxN <cycle 4>,[35]
,,0.264340,0.0,  TDecEntropy::xDecodeTransform <cycle 7>,[14]
[63],2.26,0.793476,0.0,TComTURecurse::nextSection,[63]
,,,,,
,,0.0,0.761189,  TDecTop::xGetNewPicBuffer,[48]
[64],2.17,0.0,0.761189,TComPic::create,[64]
,,0.0,0.761189,  TComPicSym::create,[65]
,,,,,
,,0.0,0.761189,  TComPic::create,[64]
[65],2.17,0.0,0.761189,TComPicSym::create,[65]
,,0.015510,0.714531,  TComDataCU::create,[66]
,,0.0,0.015545,  `eh vector constructor iterator',[201]
,,0.0,0.015603,  operator new,[106]
,,,,,
,,0.015510,0.714531,  TComPicSym::create,[65]
[66],2.08,0.015510,0.714531,TComDataCU::create,[66]
,,0.093636,0.0,  memset,[53]
,,0.046935,0.109002,  TComCUMvField::create,[118]
,,0.015533,0.355899,  aligned_offset_malloc_base,[94]
,,0.0,0.093525,  operator new,[106]
,,,,,
,,0.015466,0.0,  TDecSbac::parseSAOBlkParam,[211]
,,0.022748,0.0,  TDecSbac::parseMergeIndex,[142]
,,0.031167,0.0,  TDecSbac::parseIntraDirLumaAng,[102]
,,0.031182,0.0,  TDecSbac::parseMvd,[140]
,,0.622037,0.0,  TDecSbac::xReadCoefRemainExGolomb,[38]
[67],2.06,0.722599,0.0,TDecBinCABAC::decodeBinEP,[67]
,,,,,
,,0.0,0.715383,  TComPrediction::xPredInterBlk,[43]
[68],2.04,0.0,0.715383,TComInterpolationFilter::filterHor,[68]
,,0.653053,0.0,  TComInterpolationFilter::filterCopy,[74]
,,0.046774,0.0,"  TComInterpolationFilter::filter<8,0,1,0>",[165]
,,0.015556,0.0,"  TComInterpolationFilter::filter<8,0,1,1>",[198]
,,,,,
,,0.700214,0.0,  TDecSbac::parseCoeffNxN,[17]
[69],1.99,0.700214,0.0,TComTrQuant::getSigCtxInc,[69]
,,,,,
,,0.108823,0.591217,  TDecCu::xIntraRecBlk,[26]
[70],1.99,0.108823,0.591217,TComPrediction::predIntraAng,[70]
,,0.513429,0.0,  TComPrediction::xPredIntraAng,[84]
,,0.031156,0.015589,  TComPrediction::xPredIntraPlanar,[166]
,,0.031043,0.0,  TComPrediction::xDCPredFiltering,[184]
,,,,,
,,0.015556,0.0,  TDecSbac::parseMvd,[140]
,,0.155690,0.0,  TDecSbac::parseCoeffNxN,[17]
,,0.513279,0.0,  TDecSbac::xReadCoefRemainExGolomb,[38]
[71],1.95,0.684525,0.0,TDecBinCABAC::decodeBinsEP,[71]
,,,,,
,,0.015620,0.653467,  TDecGop::filterPicture,[18]
[72],1.91,0.015620,0.653467,TComSampleAdaptiveOffset::offsetCTU,[72]
,,0.653467,0.0,  TComSampleAdaptiveOffset::offsetBlock,[73]
,,,,,
,,0.653467,0.0,  TComSampleAdaptiveOffset::offsetCTU,[72]
[73],1.86,0.653467,0.0,TComSampleAdaptiveOffset::offsetBlock,[73]
,,,,,
,,0.653053,0.0,  TComInterpolationFilter::filterHor,[68]
[74],1.86,0.653053,0.0,TComInterpolationFilter::filterCopy,[74]
,,,,,
,,0.0,0.171038,  TAppDecTop::xFlushOutput,[116]
,,0.0,0.468186,  TDecTop::xGetNewPicBuffer,[48]
[75],1.82,0.0,0.639224,TComPic::destroy,[75]
,,0.0,0.560345,  TComPicSym::destroy,[81]
,,0.0,0.078879,  TComPicYuv::destroy,[122]
,,,,,
,,0.0,0.371608,  aligned_offset_malloc_base,[94]
,,0.0,0.218130,  operator new,[106]
[76],1.68,0.0,0.589738,malloc_base,[76]
,,0.574247,0.0,  func@0x18003b880,[78]
,,0.015491,0.0,  RtlAllocateHeap,[209]
,,,,,
,,0.0,0.171155,  TComDataCU::destroy,[80]
,,0.0,0.046742,"  std::vector<unsigned char,class std::allocator<unsigned char> >::_Tidy",[168]
,,0.015576,0.346986,  aligned_free,[85]
[77],1.65,0.015576,0.564884,free_base,[77]
,,0.564884,0.0,  RtlFreeHeap,[79]
,,,,,
,,0.574247,0.0,  malloc_base,[76]
[78],1.64,0.574247,0.0,func@0x18003b880,[78]
,,,,,
,,0.564884,0.0,  free_base,[77]
[79],1.61,0.564884,0.0,RtlFreeHeap,[79]
,,,,,
,,0.031221,0.529124,  TComPicSym::destroy,[81]
[80],1.6,0.031221,0.529124,TComDataCU::destroy,[80]
,,0.139835,0.218134,  aligned_free,[85]
,,0.0,0.171155,  free_base,[77]
,,,,,
,,0.0,0.560345,  TComPic::destroy,[75]
[81],1.6,0.0,0.560345,TComPicSym::destroy,[81]
,,0.031221,0.529124,  TComDataCU::destroy,[80]
,,,,,
,,0.233340,0.295615,  TDecEntropy::xDecodeTransform <cycle 7>,[14]
[82],1.51,0.233340,0.295615,TDecSbac::parseQtCbf,[82]
,,0.264517,0.0,  TDecBinCABAC::decodeBin,[27]
,,0.031099,0.0,  memset,[53]
,,,,,
,,0.513527,0.0,  TComTrQuant::invTransformNxN,[36]
[83],1.46,0.513527,0.0,TComTrQuant::xITransformSkip,[83]
,,,,,
,,0.513429,0.0,  TComPrediction::predIntraAng,[70]
[84],1.46,0.513429,0.0,TComPrediction::xPredIntraAng,[84]
,,,,,
,,0.0,0.144428,  TComPicYuv::destroy,[122]
,,0.139835,0.218134,  TComDataCU::destroy,[80]
[85],1.43,0.139835,0.362562,aligned_free,[85]
,,0.015576,0.346986,  free_base,[77]
,,,,,
,,0.482503,0.0,  TComLoopFilter::xDeblockCU <cycle 1>,[23]
[86],1.37,0.482503,0.0,TComLoopFilter::xEdgeFilterChroma,[86]
,,,,,
,,0.046376,0.0,  TDecCu::xReconIntraQT,[20]
,,0.046740,0.0,  TDecCu::xIntraRecQT <cycle 5>,[25]
,,0.062195,0.0,  TDecEntropy::xDecodeTransform <cycle 7>,[14]
,,0.093365,0.0,  TComTrQuant::invRecurTransformNxN <cycle 4>,[35]
,,0.217739,0.0,  TComLoopFilter::xSetEdgefilterTU <cycle 2>,[41]
[87],1.33,0.466415,0.0,TComTU::TComTU,[87]
,,,,,
,,0.465546,0.0,  TDecCu::xReconInter,[19]
[88],1.33,0.465546,0.0,TComYuv::addClip,[88]
,,,,,
,,0.404680,0.046735,  TComLoopFilter::xDeblockCU <cycle 1>,[23]
[89],1.29,0.404680,0.046735,TComLoopFilter::xGetBoundaryStrengthSingle,[89]
,,0.031144,0.0,  TComDataCU::getPUAbove,[180]
,,0.015590,0.0,  TComDataCU::getPULeft,[159]
,,,,,
,,0.0,0.420952,  TDecGop::filterPicture,[18]
[90],1.2,0.0,0.420952,TComPicYuv::copyToPic,[90]
,,0.420952,0.0,  memcpy,[58]
,,,,,
,,0.420202,0.0,  TComPrediction::initIntraPatternChType,[49]
[91],1.2,0.420202,0.0,fillReferenceSamples,[91]
,,,,,
,,0.015585,0.388974,  TComPrediction::xPredInterBlk,[43]
[92],1.15,0.015585,0.388974,TComInterpolationFilter::filterVer,[92]
,,0.108925,0.0,"  TComInterpolationFilter::filter<4,1,1,1>",[132]
,,0.093373,0.0,"  TComInterpolationFilter::filter<8,1,1,0>",[135]
,,0.093358,0.0,"  TComInterpolationFilter::filter<8,1,1,1>",[136]
,,0.093317,0.0,"  TComInterpolationFilter::filter<4,1,1,0>",[138]
,,,,,
,,0.124389,0.279939,  TDecSlice::decompressSlice,[9]
[93],1.15,0.124389,0.279939,TComDataCU::initCtu,[93]
,,0.279939,0.0,  memset,[53]
,,,,,
,,0.0,0.015709,  TComPicYuv::createWithoutCUInfo,[191]
,,0.015533,0.355899,  TComDataCU::create,[66]
[94],1.1,0.015533,0.371608,aligned_offset_malloc_base,[94]
,,0.0,0.371608,  malloc_base,[76]
,,,,,
,,0.015599,0.356732,  TDecCu::xDecompressCU <cycle 3>,[15]
[95],1.06,0.015599,0.356732,TDecCu::xCopyToPic,[95]
,,0.062225,0.294507,  TComYuv::copyToPicComponent,[96]
,,,,,
,,0.062225,0.294507,  TDecCu::xCopyToPic,[95]
[96],1.02,0.062225,0.294507,TComYuv::copyToPicComponent,[96]
,,0.294507,0.0,  memcpy,[58]
,,,,,
,,0.155638,0.0,  TDecCu::xIntraRecBlk,[26]
,,0.186863,0.0,  TComTrQuant::invRecurTransformNxN <cycle 4>,[35]
[97],0.98,0.342501,0.0,QpParam::QpParam,[97]
,,,,,
,,0.264820,0.062238,  TComPrediction::xPredInterBi,[37]
[98],0.93,0.264820,0.062238,TComYuv::addAvg,[98]
,,0.046655,0.0,  TComYuv::getAddr,[147]
,,0.015582,0.0,  TComYuv::getAddr,[101]
,,,,,
,,0.186950,0.093252,  TDecSbac::parseCoeffNxN,[17]
[99],0.8,0.186950,0.093252,getTUEntropyCodingParameters,[99]
,,0.093252,0.0,  TComDataCU::getCoefScanIdx,[139]
,,,,,
,,0.015540,0.264248,  TDecEntropy::decodePUWise,[51]
[100],0.8,0.015540,0.264248,TDecEntropy::decodeMVPIdxPU,[100]
,,0.062313,0.139869,  TComDataCU::fillMvpCand,[107]
,,0.015558,0.0,  TComCUMvField::setAll<class TComMv>,[117]
,,0.015516,0.0,  TComDataCU::setSubPart<signed char>,[134]
,,0.0,0.030991,  TDecSbac::parseMVPIdx,[187]
,,,,,
,,0.015582,0.0,  TComYuv::addAvg,[98]
,,0.031147,0.0,  TComPrediction::xPredInterBlk,[43]
,,0.046727,0.0,  TComYuv::copyPartToPartComponent,[128]
,,0.171074,0.0,  TDecCu::xIntraRecBlk,[26]
[101],0.75,0.264531,0.0,TComYuv::getAddr,[101]
,,,,,
,,0.077789,0.171330,  TDecEntropy::decodePredInfo,[39]
[102],0.71,0.077789,0.171330,TDecSbac::parseIntraDirLumaAng,[102]
,,0.077858,0.0,  TComDataCU::getIntraDirPredictor,[146]
,,0.062306,0.0,  TDecBinCABAC::decodeBin,[27]
,,0.031167,0.0,  TDecBinCABAC::decodeBinEP,[67]
,,,,,
,,0.248852,0.0,  TComLoopFilter::xDeblockCU <cycle 1>,[23]
[103],0.71,0.248852,0.0,TComLoopFilter::xSetEdgefilterPU,[103]
,,,,,
,,0.171021,0.077784,  TDecSbac::parseCoeffNxN,[17]
[104],0.71,0.171021,0.077784,TDecSbac::parseTransformSkipFlags,[104]
,,0.046654,0.0,  memset,[53]
,,0.031129,0.0,  TDecBinCABAC::decodeBin,[27]
,,,,,
,,0.015574,0.0,  TDecEntropy::decodeCoeff,[12]
,,0.031163,0.0,  TDecCu::xDecodeInterTexture,[33]
,,0.046690,0.0,  TDecCu::xReconIntraQT,[20]
,,0.139998,0.0,  TComLoopFilter::xDeblockCU <cycle 1>,[23]
[105],0.66,0.233424,0.0,TComTU::TComTU,[105]
,,,,,
,,0.0,0.109002,  TComCUMvField::create,[118]
,,0.0,0.093525,  TComDataCU::create,[66]
,,0.0,0.015603,  TComPicSym::create,[65]
[106],0.62,0.0,0.218130,operator new,[106]
,,0.0,0.218130,  malloc_base,[76]
,,,,,
,,0.062313,0.139869,  TDecEntropy::decodeMVPIdxPU,[100]
[107],0.58,0.062313,0.139869,TComDataCU::fillMvpCand,[107]
,,0.062075,0.0,  TComDataCU::xAddMVPCandUnscaled,[162]
,,0.031153,0.0,  TComDataCU::getPUBelowLeft,[121]
,,0.031080,0.0,  TComDataCU::xGetColMVP,[149]
,,0.015561,0.0,  TComDataCU::deriveLeftRightTopIdx,[197]
,,,,,
,,0.0,0.191411,  fgetc,[109]
[108],0.55,0.0,0.191411,common_refill_and_read_nolock<char>,[108]
,,0.004743,0.186668,  read,[110]
,,,,,
,,0.0,0.191411,"  std::basic_istream<char,struct std::char_traits<char> >::get",[31]
[109],0.55,0.0,0.191411,fgetc,[109]
,,0.0,0.191411,  common_refill_and_read_nolock<char>,[108]
,,,,,
,,0.004743,0.186668,  common_refill_and_read_nolock<char>,[108]
[110],0.55,0.004743,0.186668,read,[110]
,,0.000006,0.186662,  read_nolock,[111]
,,,,,
,,0.000006,0.186662,  read,[110]
[111],0.53,0.000006,0.186662,read_nolock,[111]
,,0.186662,0.0,  ReadFile,[112]
,,,,,
,,0.186662,0.0,  read_nolock,[111]
[112],0.53,0.186662,0.0,ReadFile,[112]
,,,,,
,,0.101210,0.077515,  byteStreamNALUnit,[28]
[113],0.51,0.101210,0.077515,"std::vector<unsigned char,class std::allocator<unsigned char> >::emplace_back<unsigned char>",[113]
,,0.077515,0.0,  memcpy,[58]
,,,,,
,,0.015580,0.0,  TComTrQuant::invRecurTransformNxN <cycle 4>,[35]
,,0.015589,0.0,  TComPrediction::xPredIntraPlanar,[166]
,,0.015595,0.0,  TComTrQuant::invTransformNxN,[36]
,,0.015629,0.0,  TDecCu::xIntraRecBlk,[26]
,,0.031153,0.0,  TDecEntropy::xDecodeTransform <cycle 7>,[14]
,,0.031182,0.0,  TDecCu::xIntraRecQT <cycle 5>,[25]
,,0.046708,0.0,  TComLoopFilter::xDeblockCU <cycle 1>,[23]
[114],0.49,0.171436,0.0,_security_check_cookie,[114]
,,,,,
,,0.077785,0.093317,  TDecEntropy::decodePUWise,[51]
[115],0.49,0.077785,0.093317,TComDataCU::getInterMergeCandidates,[115]
,,0.046624,0.0,  TComDataCU::xGetColMVP,[149]
,,0.015584,0.0,  TComDataCU::deriveRightBottomIdx,[195]
,,0.015567,0.0,  TComDataCU::getPUAboveRight,[124]
,,0.015542,0.0,  TComDataCU::getPUBelowLeft,[121]
,,,,,
,,0.0,0.171038,  TAppDecTop::decode,[4]
[116],0.49,0.0,0.171038,TAppDecTop::xFlushOutput,[116]
,,0.0,0.171038,  TComPic::destroy,[75]
,,,,,
,,0.015406,0.0,  TDecSbac::parseMvd,[140]
,,0.015558,0.0,  TDecEntropy::decodeMVPIdxPU,[100]
,,0.139910,0.0,  TDecEntropy::decodePUWise,[51]
[117],0.49,0.170875,0.0,TComCUMvField::setAll<class TComMv>,[117]
,,,,,
,,0.046935,0.109002,  TComDataCU::create,[66]
[118],0.44,0.046935,0.109002,TComCUMvField::create,[118]
,,0.0,0.109002,  operator new,[106]
,,,,,
,,0.031119,0.124544,  TComPrediction::xPredInterBi,[37]
[119],0.44,0.031119,0.124544,TComYuv::copyPartToPartYuv,[119]
,,0.015503,0.109042,  TComYuv::copyPartToPartComponent,[128]
,,,,,
,,0.155648,0.0,  TAppDecTop::decode,[4]
[120],0.44,0.155648,0.0,convertPayloadToRBSP,[120]
,,,,,
,,0.015542,0.0,  TComDataCU::getInterMergeCandidates,[115]
,,0.031153,0.0,  TComDataCU::fillMvpCand,[107]
,,0.108925,0.0,  TComPrediction::initIntraPatternChType,[49]
[121],0.44,0.155621,0.0,TComDataCU::getPUBelowLeft,[121]
,,,,,
,,0.0,0.078879,  TComPic::destroy,[75]
,,0.0,0.065550,  TComSampleAdaptiveOffset::create,[143]
[122],0.41,0.0,0.144428,TComPicYuv::destroy,[122]
,,0.0,0.144428,  aligned_free,[85]
,,,,,
,,0.140197,0.0,  TComLoopFilter::xEdgeFilterLuma,[62]
[123],0.4,0.140197,0.0,TComLoopFilter::xUseStrongFiltering,[123]
,,,,,
,,0.015567,0.0,  TComDataCU::getInterMergeCandidates,[115]
,,0.124389,0.0,  TComPrediction::initIntraPatternChType,[49]
[124],0.4,0.139956,0.0,TComDataCU::getPUAboveRight,[124]
,,,,,
,,0.124657,0.0,  TComLoopFilter::xEdgeFilterLuma,[62]
[125],0.35,0.124657,0.0,TComLoopFilter::xPelFilterLuma,[125]
,,,,,
,,0.124547,0.0,  TComPic::compressMotion,[127]
[126],0.35,0.124547,0.0,TComCUMvField::compress,[126]
,,,,,
,,0.0,0.124547,  TDecGop::filterPicture,[18]
[127],0.35,0.0,0.124547,TComPic::compressMotion,[127]
,,0.124547,0.0,  TComCUMvField::compress,[126]
,,,,,
,,0.015503,0.109042,  TComYuv::copyPartToPartYuv,[119]
[128],0.35,0.015503,0.109042,TComYuv::copyPartToPartComponent,[128]
,,0.046727,0.0,  TComYuv::getAddr,[101]
,,0.031177,0.0,  memcpy,[58]
,,0.031137,0.0,  TComYuv::getAddr,[147]
,,,,,
,,0.062138,0.062263,  TDecCu::xDecodeCU <cycle 6>,[11]
[129],0.35,0.062138,0.062263,TDecSbac::parseSkipFlag,[129]
,,0.031156,0.0,  TComDataCU::getCtxSkipFlag,[179]
,,0.031107,0.0,  TDecBinCABAC::decodeBin,[27]
,,,,,
,,0.118897,0.0,  TDecCu::xDecompressCU <cycle 3>,[15]
[130],0.34,0.118897,0.0,TComDataCU::copySubCU,[130]
,,,,,
,,0.077844,0.031140,  TDecCu::xDecodeCU <cycle 6>,[11]
[131],0.31,0.077844,0.031140,TDecSbac::parsePartSize,[131]
,,0.031140,0.0,  memset,[53]
,,,,,
,,0.108925,0.0,  TComInterpolationFilter::filterVer,[92]
[132],0.31,0.108925,0.0,"TComInterpolationFilter::filter<4,1,1,1>",[132]
,,,,,
,,0.031067,0.077680,  TComTrQuant::invTransformNxN,[36]
[133],0.31,0.031067,0.077680,TComTrQuant::xIT,[133]
,,0.015574,0.0,  memcpy,[58]
,,0.015536,0.0,  _chkstk,[202]
,,0.0,0.046571,  xITrMxN,[173]
,,,,,
,,0.015516,0.0,  TDecEntropy::decodeMVPIdxPU,[100]
,,0.046788,0.031109,  TDecEntropy::decodePUWise,[51]
[134],0.27,0.062304,0.031109,TComDataCU::setSubPart<signed char>,[134]
,,0.031109,0.0,  memset,[53]
,,,,,
,,0.093373,0.0,  TComInterpolationFilter::filterVer,[92]
[135],0.27,0.093373,0.0,"TComInterpolationFilter::filter<8,1,1,0>",[135]
,,,,,
,,0.093358,0.0,  TComInterpolationFilter::filterVer,[92]
[136],0.27,0.093358,0.0,"TComInterpolationFilter::filter<8,1,1,1>",[136]
,,,,,
,,0.093338,0.0,  TComTrQuant::invTransformNxN,[36]
[137],0.27,0.093338,0.0,TComTrQuant::invRdpcmNxN,[137]
,,,,,
,,0.093317,0.0,  TComInterpolationFilter::filterVer,[92]
[138],0.27,0.093317,0.0,"TComInterpolationFilter::filter<4,1,1,0>",[138]
,,,,,
,,0.093252,0.0,  getTUEntropyCodingParameters,[99]
[139],0.27,0.093252,0.0,TComDataCU::getCoefScanIdx,[139]
,,,,,
,,0.031104,0.062144,  TDecEntropy::decodePUWise,[51]
[140],0.27,0.031104,0.062144,TDecSbac::parseMvd,[140]
,,0.031182,0.0,  TDecBinCABAC::decodeBinEP,[67]
,,0.015556,0.0,  TDecBinCABAC::decodeBinsEP,[71]
,,0.015406,0.0,  TComCUMvField::setAll<class TComMv>,[117]
,,,,,
,,0.031047,0.062132,  TDecCu::xDecompressCU <cycle 3>,[15]
[141],0.27,0.031047,0.062132,TComYuv::clear,[141]
,,0.062132,0.0,  memset,[53]
,,,,,
,,0.015490,0.069335,  TDecEntropy::decodePUWise,[51]
[142],0.24,0.015490,0.069335,TDecSbac::parseMergeIndex,[142]
,,0.046587,0.0,  TDecBinCABAC::decodeBin,[27]
,,0.022748,0.0,  TDecBinCABAC::decodeBinEP,[67]
,,,,,
,,0.0,0.081259,  TDecTop::xActivateParameterSets,[47]
[143],0.23,0.0,0.081259,TComSampleAdaptiveOffset::create,[143]
,,0.0,0.015709,  TComPicYuv::create,[190]
,,0.0,0.065550,  TComPicYuv::destroy,[122]
,,,,,
,,0.077892,0.0,  TComPrediction::initIntraPatternChType,[49]
[144],0.22,0.077892,0.0,isAboveAvailable,[144]
,,,,,
,,0.077883,0.0,  TComPrediction::initIntraPatternChType,[49]
[145],0.22,0.077883,0.0,isLeftAvailable,[145]
,,,,,
,,0.077858,0.0,  TDecSbac::parseIntraDirLumaAng,[102]
[146],0.22,0.077858,0.0,TComDataCU::getIntraDirPredictor,[146]
,,,,,
,,0.031137,0.0,  TComYuv::copyPartToPartComponent,[128]
,,0.046655,0.0,  TComYuv::addAvg,[98]
[147],0.22,0.077792,0.0,TComYuv::getAddr,[147]
,,,,,
,,0.031092,0.046684,  TDecCu::xDecodeCU <cycle 6>,[11]
[148],0.22,0.031092,0.046684,TDecCu::xFinishDecodeCU,[148]
,,0.046684,0.0,  TComDataCU::isLastSubCUOfCtu,[171]
,,,,,
,,0.031080,0.0,  TComDataCU::fillMvpCand,[107]
,,0.046624,0.0,  TComDataCU::getInterMergeCandidates,[115]
[149],0.22,0.077703,0.0,TComDataCU::xGetColMVP,[149]
,,,,,
,,0.031099,0.046494,  TComPrediction::motionCompensation,[32]
[150],0.22,0.031099,0.046494,TComPrediction::xCheckIdenticalMotion,[150]
,,0.030945,0.015548,  TComPic::getPOC,[174]
,,,,,
,,0.0,0.075878,"  __crt_seh_guarded_call<int>::operator()<class <lambda_a62c933ada0517137acf5807a1eeac1f>,class <lambda_a31071773b9a94e445cbd5d04ef99106> &,class <lambda_56065050dbf3ada7e59a83db45153de3> >",[152]
[151],0.22,0.0,0.075878,<lambda_a31071773b9a94e445cbd5d04ef99106>::operator(),[151]
,,0.0,0.075878,  _acrt_stdio_end_temporary_buffering_nolock,[153]
,,,,,
,,0.0,0.075878,  _stdio_common_vfprintf,[155]
[152],0.22,0.0,0.075878,"__crt_seh_guarded_call<int>::operator()<class <lambda_a62c933ada0517137acf5807a1eeac1f>,class <lambda_a31071773b9a94e445cbd5d04ef99106> &,class <lambda_56065050dbf3ada7e59a83db45153de3> >",[152]
,,0.0,0.075878,  <lambda_a31071773b9a94e445cbd5d04ef99106>::operator(),[151]
,,,,,
,,0.0,0.075878,  <lambda_a31071773b9a94e445cbd5d04ef99106>::operator(),[151]
[153],0.22,0.0,0.075878,_acrt_stdio_end_temporary_buffering_nolock,[153]
,,0.0,0.075878,  _acrt_stdio_flush_nolock,[154]
,,,,,
,,0.0,0.075878,  _acrt_stdio_end_temporary_buffering_nolock,[153]
[154],0.22,0.0,0.075878,_acrt_stdio_flush_nolock,[154]
,,0.0,0.075878,  write,[54]
,,,,,
,,0.0,0.075878,  printf,[156]
[155],0.22,0.0,0.075878,_stdio_common_vfprintf,[155]
,,0.0,0.075878,"  __crt_seh_guarded_call<int>::operator()<class <lambda_a62c933ada0517137acf5807a1eeac1f>,class <lambda_a31071773b9a94e445cbd5d04ef99106> &,class <lambda_56065050dbf3ada7e59a83db45153de3> >",[152]
,,,,,
,,0.0,0.075878,  TDecGop::filterPicture,[18]
[156],0.22,0.0,0.075878,printf,[156]
,,0.0,0.075878,  _stdio_common_vfprintf,[155]
,,,,,
,,0.0,0.075878,  write_nolock,[55]
[157],0.22,0.0,0.075878,write_text_ansi_nolock,[157]
,,0.075878,0.0,  WriteFile,[56]
,,,,,
,,0.062338,0.0,  TDecEntropy::xDecodeTransform <cycle 7>,[14]
[158],0.18,0.062338,0.0,TDecSbac::parseCrossComponentPrediction,[158]
,,,,,
,,0.015558,0.0,  TComLoopFilter::xEdgeFilterLuma,[62]
,,0.015590,0.0,  TComLoopFilter::xGetBoundaryStrengthSingle,[89]
,,0.031169,0.0,  TComLoopFilter::xSetLoopfilterParam,[164]
[159],0.18,0.062318,0.0,TComDataCU::getPULeft,[159]
,,,,,
,,0.015589,0.0,  TDecEntropy::decodePUWise,[51]
,,0.046630,0.0,  TComPrediction::motionCompensation,[32]
[160],0.18,0.062219,0.0,TComDataCU::getPartIndexAndSize,[160]
,,,,,
,,0.062148,0.0,  TComPrediction::initIntraPatternChType,[49]
[161],0.18,0.062148,0.0,TComDataCU::getPUAboveLeft,[161]
,,,,,
,,0.062075,0.0,  TComDataCU::fillMvpCand,[107]
[162],0.18,0.062075,0.0,TComDataCU::xAddMVPCandUnscaled,[162]
,,,,,
,,0.0,0.061435,  TDecGop::decompressSlice,[8]
[163],0.17,0.0,0.061435,TComInputBitstream::extractSubstream,[163]
,,0.030825,0.0,  memcpy,[58]
,,0.0,0.030611,"  std::vector<unsigned char,std::allocator<unsigned char> >::_Resize<<lambda_2b51424039c320f102fd798e073c89b2> >",[188]
,,,,,
,,0.015627,0.031169,  TComLoopFilter::xDeblockCU <cycle 1>,[23]
[164],0.13,0.015627,0.031169,TComLoopFilter::xSetLoopfilterParam,[164]
,,0.031169,0.0,  TComDataCU::getPULeft,[159]
,,,,,
,,0.046774,0.0,  TComInterpolationFilter::filterHor,[68]
[165],0.13,0.046774,0.0,"TComInterpolationFilter::filter<8,0,1,0>",[165]
,,,,,
,,0.031156,0.015589,  TComPrediction::predIntraAng,[70]
[166],0.13,0.031156,0.015589,TComPrediction::xPredIntraPlanar,[166]
,,0.015589,0.0,  _security_check_cookie,[114]
,,,,,
,,0.046743,0.0,  TDecBinCABAC::decodeBin,[27]
[167],0.13,0.046743,0.0,TComInputBitstream::readByte,[167]
,,,,,
,,0.0,0.015568,  TAppDecTop::decode,[4]
,,0.0,0.015713,  TComInputBitstream::`scalar deleting destructor',[189]
,,0.0,0.015461,  writePlane,[46]
[168],0.13,0.0,0.046742,"std::vector<unsigned char,class std::allocator<unsigned char> >::_Tidy",[168]
,,0.0,0.046742,  free_base,[77]
,,,,,
,,0.031189,0.015519,  TDecEntropy::decodePredInfo,[39]
[169],0.13,0.031189,0.015519,TDecSbac::parseIntraDirChroma,[169]
,,0.015519,0.0,  memset,[53]
,,,,,
,,0.046697,0.0,  TComPrediction::motionCompensation,[32]
[170],0.13,0.046697,0.0,TComDataCU::getNumPartitions,[170]
,,,,,
,,0.046684,0.0,  TDecCu::xFinishDecodeCU,[148]
[171],0.13,0.046684,0.0,TComDataCU::isLastSubCUOfCtu,[171]
,,,,,
,,0.046601,0.0,  TDecEntropy::decodePUWise,[51]
[172],0.13,0.046601,0.0,TComDataCU::copyInterPredInfoFrom,[172]
,,,,,
,,0.0,0.046571,  TComTrQuant::xIT,[133]
[173],0.13,0.0,0.046571,xITrMxN,[173]
,,0.015532,0.0,  fastInverseDst,[203]
,,0.015530,0.0,  partialButterflyInverse32,[204]
,,0.015509,0.0,  partialButterflyInverse8,[207]
,,,,,
,,0.030945,0.015548,  TComPrediction::xCheckIdenticalMotion,[150]
[174],0.13,0.030945,0.015548,TComPic::getPOC,[174]
,,0.015548,0.0,  std::_Deque_const_iterator<class std::_Deque_val<struct std::_Deque_simple_types<class TComSlice *> > >::operator+,[199]
,,,,,
,,0.031206,0.0,  TDecEntropy::decodePUWise,[51]
[175],0.09,0.031206,0.0,TComDataCU::setSubPart<unsigned char>,[175]
,,,,,
,,0.031175,0.0,  TComSlice::setRefPicList,[177]
[176],0.09,0.031175,0.0,TComPicYuv::extendPicBorder,[176]
,,,,,
,,0.0,0.031175,  TDecTop::xDecodeSlice,[7]
[177],0.09,0.0,0.031175,TComSlice::setRefPicList,[177]
,,0.031175,0.0,  TComPicYuv::extendPicBorder,[176]
,,,,,
,,0.031161,0.0,  TDecEntropy::decodePUWise,[51]
[178],0.09,0.031161,0.0,TComCUMvField::setAll<signed char>,[178]
,,,,,
,,0.031156,0.0,  TDecSbac::parseSkipFlag,[129]
[179],0.09,0.031156,0.0,TComDataCU::getCtxSkipFlag,[179]
,,,,,
,,0.031144,0.0,  TComLoopFilter::xGetBoundaryStrengthSingle,[89]
[180],0.09,0.031144,0.0,TComDataCU::getPUAbove,[180]
,,,,,
,,0.015605,0.015512,  TDecEntropy::decodePUWise,[51]
[181],0.09,0.015605,0.015512,TDecSbac::parseRefFrmIdx,[181]
,,0.015512,0.0,  TDecBinCABAC::decodeBin,[27]
,,,,,
,,0.015582,0.015491,  TDecEntropy::decodePUWise,[51]
[182],0.09,0.015582,0.015491,TDecSbac::parseMergeFlag,[182]
,,0.0,0.015491,  TComDataCU::setSubPart<bool>,[208]
,,,,,
,,0.031062,0.0,"  std::basic_istream<char,struct std::char_traits<char> >::get",[31]
[183],0.09,0.031062,0.0,unlock_file,[183]
,,,,,
,,0.031043,0.0,  TComPrediction::predIntraAng,[70]
[184],0.09,0.031043,0.0,TComPrediction::xDCPredFiltering,[184]
,,,,,
,,0.015497,0.0,"  std::basic_istream<char,struct std::char_traits<char> >::get",[31]
,,0.015540,0.0,"  std::basic_ostream<char,struct std::char_traits<char> >::write",[57]
[185],0.09,0.031037,0.0,lock_file,[185]
,,,,,
,,0.031032,0.0,  TDecSbac::xReadCoefRemainExGolomb,[38]
[186],0.09,0.031032,0.0,TDecBinCABAC::decodeAlignedBinsEP,[186]
,,,,,
,,0.0,0.030991,  TDecEntropy::decodeMVPIdxPU,[100]
[187],0.09,0.0,0.030991,TDecSbac::parseMVPIdx,[187]
,,0.030991,0.0,  TDecBinCABAC::decodeBin,[27]
,,,,,
,,0.0,0.030611,  TComInputBitstream::extractSubstream,[163]
[188],0.09,0.0,0.030611,"std::vector<unsigned char,std::allocator<unsigned char> >::_Resize<<lambda_2b51424039c320f102fd798e073c89b2> >",[188]
,,0.030611,0.0,  memset,[53]
,,,,,
,,0.0,0.015713,  TDecGop::decompressSlice,[8]
[189],0.04,0.0,0.015713,TComInputBitstream::`scalar deleting destructor',[189]
,,0.0,0.015713,"  std::vector<unsigned char,class std::allocator<unsigned char> >::_Tidy",[168]
,,,,,
,,0.0,0.015709,  TComSampleAdaptiveOffset::create,[143]
[190],0.04,0.0,0.015709,TComPicYuv::create,[190]
,,0.0,0.015709,  TComPicYuv::createWithoutCUInfo,[191]
,,,,,
,,0.0,0.015709,  TComPicYuv::create,[190]
[191],0.04,0.0,0.015709,TComPicYuv::createWithoutCUInfo,[191]
,,0.0,0.015709,  aligned_offset_malloc_base,[94]
,,,,,
,,0.015612,0.0,  TDecCu::xDecodeCU <cycle 6>,[11]
[192],0.04,0.015612,0.0,TDecSbac::parsePredMode,[192]
,,,,,
,,0.015592,0.0,  TComSampleAdaptiveOffset::reconstructBlkSAOParams,[194]
[193],0.04,0.015592,0.0,TComSampleAdaptiveOffset::getMergeList,[193]
,,,,,
,,0.0,0.015592,  TDecGop::filterPicture,[18]
[194],0.04,0.0,0.015592,TComSampleAdaptiveOffset::reconstructBlkSAOParams,[194]
,,0.015592,0.0,  TComSampleAdaptiveOffset::getMergeList,[193]
,,,,,
,,0.015584,0.0,  TComDataCU::getInterMergeCandidates,[115]
[195],0.04,0.015584,0.0,TComDataCU::deriveRightBottomIdx,[195]
,,,,,
,,0.015564,0.0,  TDecSbac::parseCoeffNxN,[17]
[196],0.04,0.015564,0.0,TComTU::getGolombRiceStatisticsIndex,[196]
,,,,,
,,0.015561,0.0,  TComDataCU::fillMvpCand,[107]
[197],0.04,0.015561,0.0,TComDataCU::deriveLeftRightTopIdx,[197]
,,,,,
,,0.015556,0.0,  TComInterpolationFilter::filterHor,[68]
[198],0.04,0.015556,0.0,"TComInterpolationFilter::filter<8,0,1,1>",[198]
,,,,,
,,0.015548,0.0,  TComPic::getPOC,[174]
[199],0.04,0.015548,0.0,std::_Deque_const_iterator<class std::_Deque_val<struct std::_Deque_simple_types<class TComSlice *> > >::operator+,[199]
,,,,,
,,0.015545,0.0,  `eh vector constructor iterator',[201]
[200],0.04,0.015545,0.0,SAOBlkParam::SAOBlkParam,[200]
,,,,,
,,0.0,0.015545,  TComPicSym::create,[65]
[201],0.04,0.0,0.015545,`eh vector constructor iterator',[201]
,,0.015545,0.0,  SAOBlkParam::SAOBlkParam,[200]
,,,,,
,,0.015536,0.0,  TComTrQuant::xIT,[133]
[202],0.04,0.015536,0.0,_chkstk,[202]
,,,,,
,,0.015532,0.0,  xITrMxN,[173]
[203],0.04,0.015532,0.0,fastInverseDst,[203]
,,,,,
,,0.015530,0.0,  xITrMxN,[173]
[204],0.04,0.015530,0.0,partialButterflyInverse32,[204]
,,,,,
,,0.015526,0.0,  TDecCu::xDecodeCU <cycle 6>,[11]
[205],0.04,0.015526,0.0,TDecSbac::parseSplitFlag,[205]
,,,,,
,,0.015519,0.0,  TDecEntropy::decodeCoeff,[12]
[206],0.04,0.015519,0.0,TDecSbac::parseQtRootCbf,[206]
,,,,,
,,0.015509,0.0,  xITrMxN,[173]
[207],0.04,0.015509,0.0,partialButterflyInverse8,[207]
,,,,,
,,0.0,0.015491,  TDecSbac::parseMergeFlag,[182]
[208],0.04,0.0,0.015491,TComDataCU::setSubPart<bool>,[208]
,,0.015491,0.0,  memset,[53]
,,,,,
,,0.015491,0.0,  malloc_base,[76]
[209],0.04,0.015491,0.0,RtlAllocateHeap,[209]
,,,,,
,,0.015478,0.0,  TDecCu::xIntraRecBlk,[26]
[210],0.04,0.015478,0.0,TComPrediction::filteringIntraReferenceSamples,[210]
,,,,,
,,0.0,0.015466,  TDecSlice::decompressSlice,[9]
[211],0.04,0.0,0.015466,TDecSbac::parseSAOBlkParam,[211]
,,0.015466,0.0,  TDecBinCABAC::decodeBinEP,[67]
,,,,,
,,0.015444,0.0,  TDecTop::xDecodeSlice,[7]
[212],0.04,0.015444,0.0,TComTrQuant::setErrScaleCoeff,[212]
,,,,,
,,0.0,0.008429,"  __crt_seh_guarded_call<void>::operator()<class <lambda_d80eeec6fff315bfe5c115232f3240e3>,class <lambda_6e4b09c48022b2350581041d5f6b0c4c> &,class <lambda_2358e3775559c9db80273638284d5e45> >",[215]
[213],0.02,0.0,0.008429,<lambda_6e4b09c48022b2350581041d5f6b0c4c>::operator(),[213]
,,0.0,0.008429,  initterm,[219]
,,,,,
,,0.008429,0.0,  common_flush_all,[218]
[214],0.02,0.008429,0.0,"__crt_seh_guarded_call<void>::operator()<class <lambda_886d6c58226a84441f68b9f2b8217b83>,class <lambda_ab61a845afdef5b7c387490eaf3616ee> &,class <lambda_f7f22ab5edc0698d5f6905b0d3f44752> >",[214]
,,,,,
,,0.0,0.008429,  common_exit,[217]
[215],0.02,0.0,0.008429,"__crt_seh_guarded_call<void>::operator()<class <lambda_d80eeec6fff315bfe5c115232f3240e3>,class <lambda_6e4b09c48022b2350581041d5f6b0c4c> &,class <lambda_2358e3775559c9db80273638284d5e45> >",[215]
,,0.0,0.008429,  <lambda_6e4b09c48022b2350581041d5f6b0c4c>::operator(),[213]
,,,,,
,,0.0,0.008429,  initterm,[219]
[216],0.02,0.0,0.008429,_acrt_uninitialize_stdio,[216]
,,0.0,0.008429,  common_flush_all,[218]
,,,,,
,,0.0,0.008429,  _scrt_common_main_seh,[3]
[217],0.02,0.0,0.008429,common_exit,[217]
,,0.0,0.008429,"  __crt_seh_guarded_call<void>::operator()<class <lambda_d80eeec6fff315bfe5c115232f3240e3>,class <lambda_6e4b09c48022b2350581041d5f6b0c4c> &,class <lambda_2358e3775559c9db80273638284d5e45> >",[215]
,,,,,
,,0.0,0.008429,  _acrt_uninitialize_stdio,[216]
[218],0.02,0.0,0.008429,common_flush_all,[218]
,,0.008429,0.0,"  __crt_seh_guarded_call<void>::operator()<class <lambda_886d6c58226a84441f68b9f2b8217b83>,class <lambda_ab61a845afdef5b7c387490eaf3616ee> &,class <lambda_f7f22ab5edc0698d5f6905b0d3f44752> >",[214]
,,,,,
,,0.0,0.008429,  <lambda_6e4b09c48022b2350581041d5f6b0c4c>::operator(),[213]
[219],0.02,0.0,0.008429,initterm,[219]
,,0.0,0.008429,  _acrt_uninitialize_stdio,[216]
,,,,,


Index by function name

Index,Function
[213],<lambda_6e4b09c48022b2350581041d5f6b0c4c>::operator()
[151],<lambda_a31071773b9a94e445cbd5d04ef99106>::operator()
[1],BaseThreadInitThunk
[30],InputByteStream::eofBeforeNBytes
[97],QpParam::QpParam
[112],ReadFile
[209],RtlAllocateHeap
[79],RtlFreeHeap
[2],RtlUserThreadStart
[200],SAOBlkParam::SAOBlkParam
[4],TAppDecTop::decode
[116],TAppDecTop::xFlushOutput
[44],TAppDecTop::xWriteOutput
[126],TComCUMvField::compress
[118],TComCUMvField::create
[117],TComCUMvField::setAll<class TComMv>
[178],TComCUMvField::setAll<signed char>
[172],TComDataCU::copyInterPredInfoFrom
[130],TComDataCU::copySubCU
[66],TComDataCU::create
[197],TComDataCU::deriveLeftRightTopIdx
[195],TComDataCU::deriveRightBottomIdx
[80],TComDataCU::destroy
[107],TComDataCU::fillMvpCand
[139],TComDataCU::getCoefScanIdx
[179],TComDataCU::getCtxSkipFlag
[115],TComDataCU::getInterMergeCandidates
[146],TComDataCU::getIntraDirPredictor
[170],TComDataCU::getNumPartitions
[180],TComDataCU::getPUAbove
[161],TComDataCU::getPUAboveLeft
[124],TComDataCU::getPUAboveRight
[121],TComDataCU::getPUBelowLeft
[159],TComDataCU::getPULeft
[160],TComDataCU::getPartIndexAndSize
[93],TComDataCU::initCtu
[171],TComDataCU::isLastSubCUOfCtu
[208],TComDataCU::setSubPart<bool>
[134],TComDataCU::setSubPart<signed char>
[175],TComDataCU::setSubPart<unsigned char>
[162],TComDataCU::xAddMVPCandUnscaled
[149],TComDataCU::xGetColMVP
[189],TComInputBitstream::`scalar deleting destructor'
[163],TComInputBitstream::extractSubstream
[167],TComInputBitstream::readByte
[138],"TComInterpolationFilter::filter<4,1,1,0>"
[132],"TComInterpolationFilter::filter<4,1,1,1>"
[165],"TComInterpolationFilter::filter<8,0,1,0>"
[198],"TComInterpolationFilter::filter<8,0,1,1>"
[135],"TComInterpolationFilter::filter<8,1,1,0>"
[136],"TComInterpolationFilter::filter<8,1,1,1>"
[74],TComInterpolationFilter::filterCopy
[68],TComInterpolationFilter::filterHor
[92],TComInterpolationFilter::filterVer
[22],TComLoopFilter::loopFilterPic
[23],TComLoopFilter::xDeblockCU
[86],TComLoopFilter::xEdgeFilterChroma
[62],TComLoopFilter::xEdgeFilterLuma
[89],TComLoopFilter::xGetBoundaryStrengthSingle
[125],TComLoopFilter::xPelFilterLuma
[103],TComLoopFilter::xSetEdgefilterPU
[41],TComLoopFilter::xSetEdgefilterTU
[164],TComLoopFilter::xSetLoopfilterParam
[123],TComLoopFilter::xUseStrongFiltering
[127],TComPic::compressMotion
[64],TComPic::create
[75],TComPic::destroy
[174],TComPic::getPOC
[65],TComPicSym::create
[81],TComPicSym::destroy
[90],TComPicYuv::copyToPic
[190],TComPicYuv::create
[191],TComPicYuv::createWithoutCUInfo
[122],TComPicYuv::destroy
[176],TComPicYuv::extendPicBorder
[210],TComPrediction::filteringIntraReferenceSamples
[49],TComPrediction::initIntraPatternChType
[32],TComPrediction::motionCompensation
[70],TComPrediction::predIntraAng
[150],TComPrediction::xCheckIdenticalMotion
[184],TComPrediction::xDCPredFiltering
[37],TComPrediction::xPredInterBi
[43],TComPrediction::xPredInterBlk
[40],TComPrediction::xPredInterUni
[84],TComPrediction::xPredIntraAng
[166],TComPrediction::xPredIntraPlanar
[143],TComSampleAdaptiveOffset::create
[193],TComSampleAdaptiveOffset::getMergeList
[73],TComSampleAdaptiveOffset::offsetBlock
[72],TComSampleAdaptiveOffset::offsetCTU
[194],TComSampleAdaptiveOffset::reconstructBlkSAOParams
[177],TComSlice::setRefPicList
[105],TComTU::TComTU
[87],TComTU::TComTU
[196],TComTU::getGolombRiceStatisticsIndex
[63],TComTURecurse::nextSection
[69],TComTrQuant::getSigCtxInc
[137],TComTrQuant::invRdpcmNxN
[35],TComTrQuant::invRecurTransformNxN
[36],TComTrQuant::invTransformNxN
[212],TComTrQuant::setErrScaleCoeff
[52],TComTrQuant::xDeQuant
[133],TComTrQuant::xIT
[83],TComTrQuant::xITransformSkip
[98],TComYuv::addAvg
[88],TComYuv::addClip
[141],TComYuv::clear
[128],TComYuv::copyPartToPartComponent
[119],TComYuv::copyPartToPartYuv
[96],TComYuv::copyToPicComponent
[101],TComYuv::getAddr
[147],TComYuv::getAddr
[186],TDecBinCABAC::decodeAlignedBinsEP
[27],TDecBinCABAC::decodeBin
[67],TDecBinCABAC::decodeBinEP
[71],TDecBinCABAC::decodeBinsEP
[95],TDecCu::xCopyToPic
[11],TDecCu::xDecodeCU
[33],TDecCu::xDecodeInterTexture
[15],TDecCu::xDecompressCU
[148],TDecCu::xFinishDecodeCU
[26],TDecCu::xIntraRecBlk
[25],TDecCu::xIntraRecQT
[19],TDecCu::xReconInter
[20],TDecCu::xReconIntraQT
[12],TDecEntropy::decodeCoeff
[100],TDecEntropy::decodeMVPIdxPU
[51],TDecEntropy::decodePUWise
[39],TDecEntropy::decodePredInfo
[14],TDecEntropy::xDecodeTransform
[8],TDecGop::decompressSlice
[18],TDecGop::filterPicture
[17],TDecSbac::parseCoeffNxN
[158],TDecSbac::parseCrossComponentPrediction
[169],TDecSbac::parseIntraDirChroma
[102],TDecSbac::parseIntraDirLumaAng
[50],TDecSbac::parseLastSignificantXY
[187],TDecSbac::parseMVPIdx
[182],TDecSbac::parseMergeFlag
[142],TDecSbac::parseMergeIndex
[140],TDecSbac::parseMvd
[131],TDecSbac::parsePartSize
[192],TDecSbac::parsePredMode
[82],TDecSbac::parseQtCbf
[206],TDecSbac::parseQtRootCbf
[181],TDecSbac::parseRefFrmIdx
[211],TDecSbac::parseSAOBlkParam
[129],TDecSbac::parseSkipFlag
[205],TDecSbac::parseSplitFlag
[104],TDecSbac::parseTransformSkipFlags
[38],TDecSbac::xReadCoefRemainExGolomb
[9],TDecSlice::decompressSlice
[6],TDecTop::decode
[47],TDecTop::xActivateParameterSets
[7],TDecTop::xDecodeSlice
[48],TDecTop::xGetNewPicBuffer
[45],TVideoIOYuv::write
[56],WriteFile
[152],"__crt_seh_guarded_call<int>::operator()<class <lambda_a62c933ada0517137acf5807a1eeac1f>,class <lambda_a31071773b9a94e445cbd5d04ef99106> &,class <lambda_56065050dbf3ada7e59a83db45153de3> >"
[214],"__crt_seh_guarded_call<void>::operator()<class <lambda_886d6c58226a84441f68b9f2b8217b83>,class <lambda_ab61a845afdef5b7c387490eaf3616ee> &,class <lambda_f7f22ab5edc0698d5f6905b0d3f44752> >"
[215],"__crt_seh_guarded_call<void>::operator()<class <lambda_d80eeec6fff315bfe5c115232f3240e3>,class <lambda_6e4b09c48022b2350581041d5f6b0c4c> &,class <lambda_2358e3775559c9db80273638284d5e45> >"
[153],_acrt_stdio_end_temporary_buffering_nolock
[59],_acrt_stdio_flush_and_write_narrow_nolock
[154],_acrt_stdio_flush_nolock
[216],_acrt_uninitialize_stdio
[202],_chkstk
[3],_scrt_common_main_seh
[114],_security_check_cookie
[155],_stdio_common_vfprintf
[201],`eh vector constructor iterator'
[85],aligned_free
[94],aligned_offset_malloc_base
[28],byteStreamNALUnit
[29],byteStreamNALUnit
[217],common_exit
[218],common_flush_all
[108],common_refill_and_read_nolock<char>
[120],convertPayloadToRBSP
[203],fastInverseDst
[109],fgetc
[91],fillReferenceSamples
[60],fputc
[77],free_base
[78],func@0x18003b880
[99],getTUEntropyCodingParameters
[219],initterm
[144],isAboveAvailable
[145],isLeftAvailable
[185],lock_file
[5],main
[76],malloc_base
[58],memcpy
[53],memset
[106],operator new
[204],partialButterflyInverse32
[207],partialButterflyInverse8
[156],printf
[110],read
[111],read_nolock
[199],std::_Deque_const_iterator<class std::_Deque_val<struct std::_Deque_simple_types<class TComSlice *> > >::operator+
[31],"std::basic_istream<char,struct std::char_traits<char> >::get"
[57],"std::basic_ostream<char,struct std::char_traits<char> >::write"
[168],"std::vector<unsigned char,class std::allocator<unsigned char> >::_Tidy"
[113],"std::vector<unsigned char,class std::allocator<unsigned char> >::emplace_back<unsigned char>"
[188],"std::vector<unsigned char,std::allocator<unsigned char> >::_Resize<<lambda_2b51424039c320f102fd798e073c89b2> >"
[183],unlock_file
[54],write
[46],writePlane
[61],write_buffer_nolock<char>
[55],write_nolock
[157],write_text_ansi_nolock
[173],xITrMxN
[21],<cycle 1>
[42],<cycle 2>
[16],<cycle 3>
[34],<cycle 4>
[24],<cycle 5>
[10],<cycle 6>
[13],<cycle 7>
