Index,% CPU Time:Total,CPU Time:Self,CPU Time:Children,Name,Index
,,0.0,6.057551,  RtlUserThreadStart,[2]
[1],100.0,0.0,6.057551,BaseThreadInitThunk,[1]
,,0.0,6.057551,  _scrt_common_main_seh,[3]
,,,,,
,,,,  <spontaneous>,
[2],100.0,0.0,6.057551,RtlUserThreadStart,[2]
,,0.0,6.057551,  BaseThreadInitThunk,[1]
,,,,,
,,0.0,6.057551,  BaseThreadInitThunk,[1]
[3],100.0,0.0,6.057551,_scrt_common_main_seh,[3]
,,0.0,0.014355,  common_exit,[139]
,,0.0,6.043195,  main,[5]
,,,,,
,,0.0,6.043195,  main,[5]
[4],99.76,0.0,6.043195,TAppDecTop::decode,[4]
,,0.0,0.046627,  TAppDecTop::xFlushOutput,[97]
,,0.0,0.481360,  TAppDecTop::xWriteOutput,[32]
,,0.0,0.822913,  TDecGop::filterPicture,[18]
,,0.0,4.592988,  TDecTop::decode,[6]
,,0.0,0.099307,  byteStreamNALUnit,[81]
,,,,,
,,0.0,6.043195,  _scrt_common_main_seh,[3]
[5],99.76,0.0,6.043195,main,[5]
,,0.0,6.043195,  TAppDecTop::decode,[4]
,,,,,
,,0.0,4.592988,  TAppDecTop::decode,[4]
[6],75.82,0.0,4.592988,TDecTop::decode,[6]
,,0.0,4.592988,  TDecTop::xDecodeSlice,[7]
,,,,,
,,0.0,4.592988,  TDecTop::decode,[6]
[7],75.82,0.0,4.592988,TDecTop::xDecodeSlice,[7]
,,0.015561,0.0,  TComTrQuant::setErrScaleCoeff,[122]
,,0.0,3.818320,  TDecGop::decompressSlice,[8]
,,0.0,0.759107,  TDecTop::xActivateParameterSets,[19]
,,,,,
,,0.0,3.818320,  TDecTop::xDecodeSlice,[7]
[8],63.03,0.0,3.818320,TDecGop::decompressSlice,[8]
,,0.015511,3.802809,  TDecSlice::decompressSlice,[9]
,,,,,
,,0.015511,3.802809,  TDecGop::decompressSlice,[8]
[9],63.03,0.015511,3.802809,TDecSlice::decompressSlice,[9]
,,0.046632,0.201435,  TComDataCU::initCtu,[59]
,,0.015527,3.259548,  TDecCu::xDecompressCU <cycle 6>,[10]
,,0.015466,0.264201,  TDecCu::xDecodeCU <cycle 3>,[58]
,,,,,
,,,,  TDecCu::xDecompressCU <cycle 6>,[10]
,,0.015527,3.259548,  TDecSlice::decompressSlice,[9]
[10],54.07,0.015527,3.259548,TDecCu::xDecompressCU <cycle 6>,[10]
,,0.015497,0.0,  TComDataCU::copySubCU,[133]
,,0.0,0.015564,  TComYuv::clear,[121]
,,0.0,0.232841,  TDecCu::xCopyToPic,[64]
,,,,  TDecCu::xDecompressCU <cycle 6>,[10]
,,0.0,2.483143,  TDecCu::xReconInter,[12]
,,0.0,0.512504,  TDecCu::xReconIntraQT,[27]
,,,,,
,,0.015527,3.259548,  TDecSlice::decompressSlice,[9]
[11],54.07,0.015527,3.259548,<cycle 6 as a whole>,[11]
,,0.015527,3.259548,  TDecCu::xDecompressCU <cycle 6>,[10]
,,,,,
,,0.0,2.483143,  TDecCu::xDecompressCU <cycle 6>,[10]
[12],40.99,0.0,2.483143,TDecCu::xReconInter,[12]
,,0.0,2.312414,  TComPrediction::motionCompensation,[13]
,,0.0,0.015499,  TComYuv::copyPartToPartYuv,[131]
,,0.0,0.155229,  TDecCu::xDecodeInterTexture,[70]
,,,,,
,,0.0,2.312414,  TDecCu::xReconInter,[12]
[13],38.17,0.0,2.312414,TComPrediction::motionCompensation,[13]
,,0.031065,2.265772,  TComPrediction::xPredInterBi,[14]
,,0.0,0.015578,  TComPrediction::xCheckIdenticalMotion,[119]
,,,,,
,,0.031065,2.265772,  TComPrediction::motionCompensation,[13]
[14],37.92,0.031065,2.265772,TComPrediction::xPredInterBi,[14]
,,0.294813,0.0,  TComYuv::addAvg,[55]
,,0.031097,1.939863,  TComPrediction::xPredInterUni,[15]
,,,,,
,,0.031097,1.939863,  TComPrediction::xPredInterBi,[14]
[15],32.54,0.031097,1.939863,TComPrediction::xPredInterUni,[15]
,,0.0,1.939863,  TComPrediction::xPredInterBlk,[16]
,,,,,
,,0.0,1.939863,  TComPrediction::xPredInterUni,[15]
[16],32.02,0.0,1.939863,TComPrediction::xPredInterBlk,[16]
,,0.015530,0.729865,  TComInterpolationFilter::filterVer,[20]
,,0.0,1.194467,  TComInterpolationFilter::filterHor,[17]
,,,,,
,,0.0,1.194467,  TComPrediction::xPredInterBlk,[16]
[17],19.72,0.0,1.194467,TComInterpolationFilter::filterHor,[17]
,,0.697905,0.0,"  TComInterpolationFilter::filter<8,0,1,0>",[22]
,,0.372389,0.0,"  TComInterpolationFilter::filter<4,0,1,0>",[38]
,,0.062122,0.0,  TComInterpolationFilter::filterCopy,[92]
,,0.046525,0.0,"  TComInterpolationFilter::filter<4,0,1,1>",[101]
,,0.015526,0.0,"  TComInterpolationFilter::filter<8,0,1,1>",[128]
,,,,,
,,0.0,0.822913,  TAppDecTop::decode,[4]
[18],13.58,0.0,0.822913,TDecGop::filterPicture,[18]
,,0.0,0.574349,  TComLoopFilter::loopFilterPic,[24]
,,0.0,0.077588,  TComPic::compressMotion,[87]
,,0.0,0.108874,  TComPicYuv::copyToPic,[74]
,,0.0,0.062102,  TComSampleAdaptiveOffset::offsetCTU,[95]
,,,,,
,,0.0,0.759107,  TDecTop::xDecodeSlice,[7]
[19],12.53,0.0,0.759107,TDecTop::xActivateParameterSets,[19]
,,0.0,0.015919,  TComSampleAdaptiveOffset::create,[116]
,,0.0,0.743188,  TDecTop::xGetNewPicBuffer,[21]
,,,,,
,,0.015530,0.729865,  TComPrediction::xPredInterBlk,[16]
[20],12.31,0.015530,0.729865,TComInterpolationFilter::filterVer,[20]
,,0.372777,0.0,"  TComInterpolationFilter::filter<8,1,0,0>",[37]
,,0.170983,0.0,"  TComInterpolationFilter::filter<8,1,1,0>",[66]
,,0.124101,0.0,"  TComInterpolationFilter::filter<4,1,0,0>",[73]
,,0.046516,0.0,"  TComInterpolationFilter::filter<8,1,0,1>",[102]
,,0.015488,0.0,"  TComInterpolationFilter::filter<8,1,1,1>",[134]
,,,,,
,,0.0,0.743188,  TDecTop::xActivateParameterSets,[19]
[21],12.27,0.0,0.743188,TDecTop::xGetNewPicBuffer,[21]
,,0.0,0.416736,  TComPic::create,[34]
,,0.0,0.326451,  TComPic::destroy,[40]
,,,,,
,,0.697905,0.0,  TComInterpolationFilter::filterHor,[17]
[22],11.52,0.697905,0.0,"TComInterpolationFilter::filter<8,0,1,0>",[22]
,,,,,
,,0.031097,0.543253,  TComLoopFilter::loopFilterPic,[24]
[23],9.48,0.031097,0.543253,<cycle 1 as a whole>,[23]
,,0.031097,0.543253,  TComLoopFilter::xDeblockCU <cycle 1>,[25]
,,,,,
,,0.0,0.574349,  TDecGop::filterPicture,[18]
[24],9.48,0.0,0.574349,TComLoopFilter::loopFilterPic,[24]
,,0.031097,0.543253,  TComLoopFilter::xDeblockCU <cycle 1>,[25]
,,,,,
,,,,  TComLoopFilter::xDeblockCU <cycle 1>,[25]
,,0.031097,0.543253,  TComLoopFilter::loopFilterPic,[24]
[25],9.48,0.031097,0.543253,TComLoopFilter::xDeblockCU <cycle 1>,[25]
,,0.093238,0.015493,  TComLoopFilter::xEdgeFilterChroma,[78]
,,0.093212,0.0,  TComLoopFilter::xGetBoundaryStrengthSingle,[83]
,,0.077743,0.155273,  TComLoopFilter::xEdgeFilterLuma,[62]
,,0.061745,0.0,  TComLoopFilter::xSetEdgefilterTU,[96]
,,0.046548,0.0,  TComLoopFilter::xSetEdgefilterPU,[100]
,,,,  TComLoopFilter::xDeblockCU <cycle 1>,[25]
,,,,,
,,0.0,0.512504,  TDecCu::xReconIntraQT,[27]
[26],8.46,0.0,0.512504,<cycle 5 as a whole>,[26]
,,0.0,0.512504,  TDecCu::xIntraRecQT <cycle 5>,[28]
,,,,,
,,0.0,0.512504,  TDecCu::xDecompressCU <cycle 6>,[10]
[27],8.46,0.0,0.512504,TDecCu::xReconIntraQT,[27]
,,0.0,0.512504,  TDecCu::xIntraRecQT <cycle 5>,[28]
,,,,,
,,,,  TDecCu::xIntraRecQT <cycle 5>,[28]
,,0.0,0.512504,  TDecCu::xReconIntraQT,[27]
[28],8.46,0.0,0.512504,TDecCu::xIntraRecQT <cycle 5>,[28]
,,0.108554,0.372892,  TDecCu::xIntraRecBlk,[31]
,,0.031058,0.0,  TComTURecurse::nextSection,[108]
,,,,  TDecCu::xIntraRecQT <cycle 5>,[28]
,,,,,
,,0.0,0.031059,  TAppDecTop::xFlushOutput,[97]
,,0.0,0.481360,  TAppDecTop::xWriteOutput,[32]
[29],8.46,0.0,0.512419,TVideoIOYuv::write,[29]
,,0.217194,0.295225,  writePlane,[30]
,,,,,
,,0.217194,0.295225,  TVideoIOYuv::write,[29]
[30],8.46,0.217194,0.295225,writePlane,[30]
,,0.0,0.295225,"  std::basic_ostream<char,struct std::char_traits<char> >::write",[48]
,,,,,
,,0.108554,0.372892,  TDecCu::xIntraRecQT <cycle 5>,[28]
[31],7.95,0.108554,0.372892,TDecCu::xIntraRecBlk,[31]
,,0.031049,0.062138,  TComPrediction::initIntraPatternChType,[84]
,,0.0,0.062136,  TComPrediction::predIntraAng,[90]
,,0.0,0.217570,  TComTrQuant::invTransformNxN,[36]
,,,,,
,,0.0,0.481360,  TAppDecTop::decode,[4]
[32],7.95,0.0,0.481360,TAppDecTop::xWriteOutput,[32]
,,0.0,0.481360,  TVideoIOYuv::write,[29]
,,,,,
,,0.0,0.416736,  TComPicSym::create,[35]
[33],6.88,0.0,0.416736,TComDataCU::create,[33]
,,0.108505,0.0,  memset,[39]
,,0.013150,0.077640,  TComCUMvField::create,[85]
,,0.0,0.170818,  aligned_offset_malloc_base,[67]
,,0.0,0.046623,  operator new,[71]
,,,,,
,,0.0,0.416736,  TDecTop::xGetNewPicBuffer,[21]
[34],6.88,0.0,0.416736,TComPic::create,[34]
,,0.0,0.416736,  TComPicSym::create,[35]
,,,,,
,,0.0,0.416736,  TComPic::create,[34]
[35],6.88,0.0,0.416736,TComPicSym::create,[35]
,,0.0,0.416736,  TComDataCU::create,[33]
,,,,,
,,0.0,0.155229,  TComTrQuant::invRecurTransformNxN <cycle 4>,[69]
,,0.0,0.217570,  TDecCu::xIntraRecBlk,[31]
[36],6.15,0.0,0.372799,TComTrQuant::invTransformNxN,[36]
,,0.077575,0.0,  TComTrQuant::xDeQuant,[88]
,,0.015536,0.279687,  TComTrQuant::xIT,[52]
,,,,,
,,0.372777,0.0,  TComInterpolationFilter::filterVer,[20]
[37],6.15,0.372777,0.0,"TComInterpolationFilter::filter<8,1,0,0>",[37]
,,,,,
,,0.372389,0.0,  TComInterpolationFilter::filterHor,[17]
[38],6.15,0.372389,0.0,"TComInterpolationFilter::filter<4,0,1,0>",[38]
,,,,,
,,0.015537,0.0,  TComDataCU::setSubPart<unsigned char>,[125]
,,0.015559,0.0,  TDecSbac::parseSplitFlag,[110]
,,0.015564,0.0,  TComYuv::clear,[121]
,,0.108505,0.0,  TComDataCU::create,[33]
,,0.201435,0.0,  TComDataCU::initCtu,[59]
[39],5.89,0.356600,0.0,memset,[39]
,,,,,
,,0.0,0.015568,  TAppDecTop::xFlushOutput,[97]
,,0.0,0.326451,  TDecTop::xGetNewPicBuffer,[21]
[40],5.65,0.0,0.342020,TComPic::destroy,[40]
,,0.0,0.326394,  TComPicSym::destroy,[43]
,,0.0,0.015625,  TComPicYuv::destroy,[103]
,,,,,
,,0.108874,0.0,  TComPicYuv::copyToPic,[74]
,,0.232841,0.0,  TComYuv::copyToPicComponent,[63]
[41],5.64,0.341715,0.0,memcpy,[41]
,,,,,
,,0.0,0.326394,  TComPicSym::destroy,[43]
[42],5.39,0.0,0.326394,TComDataCU::destroy,[42]
,,0.124204,0.155611,  aligned_free,[44]
,,0.0,0.046579,  free_base,[61]
,,,,,
,,0.0,0.326394,  TComPic::destroy,[40]
[43],5.39,0.0,0.326394,TComPicSym::destroy,[43]
,,0.0,0.326394,  TComDataCU::destroy,[42]
,,,,,
,,0.0,0.031545,  TComPicYuv::destroy,[103]
,,0.124204,0.155611,  TComDataCU::destroy,[42]
[44],5.14,0.124204,0.187155,aligned_free,[44]
,,0.0,0.187155,  free_base,[61]
,,,,,
,,0.295225,0.0,  write_nolock,[51]
[45],4.87,0.295225,0.0,WriteFile,[45]
,,,,,
,,0.0,0.295225,  fputc,[47]
[46],4.87,0.0,0.295225,_acrt_stdio_flush_and_write_narrow_nolock,[46]
,,0.0,0.295225,  write_buffer_nolock<char>,[50]
,,,,,
,,0.0,0.295225,"  std::basic_ostream<char,struct std::char_traits<char> >::write",[48]
[47],4.87,0.0,0.295225,fputc,[47]
,,0.0,0.295225,  _acrt_stdio_flush_and_write_narrow_nolock,[46]
,,,,,
,,0.0,0.295225,  writePlane,[30]
[48],4.87,0.0,0.295225,"std::basic_ostream<char,struct std::char_traits<char> >::write",[48]
,,0.0,0.295225,  fputc,[47]
,,,,,
,,0.0,0.295225,  write_buffer_nolock<char>,[50]
[49],4.87,0.0,0.295225,write,[49]
,,0.0,0.295225,  write_nolock,[51]
,,,,,
,,0.0,0.295225,  _acrt_stdio_flush_and_write_narrow_nolock,[46]
[50],4.87,0.0,0.295225,write_buffer_nolock<char>,[50]
,,0.0,0.295225,  write,[49]
,,,,,
,,0.0,0.295225,  write,[49]
[51],4.87,0.0,0.295225,write_nolock,[51]
,,0.295225,0.0,  WriteFile,[45]
,,,,,
,,0.015536,0.279687,  TComTrQuant::invTransformNxN,[36]
[52],4.87,0.015536,0.279687,TComTrQuant::xIT,[52]
,,0.0,0.279687,  xITrMxN,[56]
,,,,,
,,0.295081,0.0,  malloc_base,[54]
[53],4.87,0.295081,0.0,RtlAllocateHeap,[53]
,,,,,
,,0.0,0.170818,  aligned_offset_malloc_base,[67]
,,0.0,0.124263,  operator new,[71]
[54],4.87,0.0,0.295081,malloc_base,[54]
,,0.295081,0.0,  RtlAllocateHeap,[53]
,,,,,
,,0.294813,0.0,  TComPrediction::xPredInterBi,[14]
[55],4.87,0.294813,0.0,TComYuv::addAvg,[55]
,,,,,
,,0.0,0.279687,  TComTrQuant::xIT,[52]
[56],4.62,0.0,0.279687,xITrMxN,[56]
,,0.202034,0.0,  partialButterflyInverse32,[65]
,,0.062118,0.0,  partialButterflyInverse16,[93]
,,0.015535,0.0,  _chkstk,[126]
,,,,,
,,0.015466,0.264201,  TDecSlice::decompressSlice,[9]
[57],4.62,0.015466,0.264201,<cycle 3 as a whole>,[57]
,,0.015466,0.264201,  TDecCu::xDecodeCU <cycle 3>,[58]
,,,,,
,,,,  TDecCu::xDecodeCU <cycle 3>,[58]
,,0.015466,0.264201,  TDecSlice::decompressSlice,[9]
[58],4.62,0.015466,0.264201,TDecCu::xDecodeCU <cycle 3>,[58]
,,0.015572,0.015468,  TDecSbac::parseSkipFlag,[109]
,,0.015542,0.0,  TComDataCU::setSubPart<signed char>,[124]
,,0.015528,0.0,  TComCUMvField::setAll<signed char>,[127]
,,0.0,0.015537,  TComDataCU::setSubPart<unsigned char>,[125]
,,,,  TDecCu::xDecodeCU <cycle 3>,[58]
,,0.0,0.108840,  TDecEntropy::decodeCoeff,[77]
,,0.0,0.031120,  TDecEntropy::decodePredInfo,[104]
,,0.0,0.015558,  TDecSbac::parseMergeIndex,[123]
,,0.0,0.031038,  TDecSbac::parseSplitFlag,[110]
,,,,,
,,0.046632,0.201435,  TDecSlice::decompressSlice,[9]
[59],4.1,0.046632,0.201435,TComDataCU::initCtu,[59]
,,0.201435,0.0,  memset,[39]
,,,,,
,,0.233734,0.0,  free_base,[61]
[60],3.86,0.233734,0.0,RtlFreeHeap,[60]
,,,,,
,,0.0,0.046579,  TComDataCU::destroy,[42]
,,0.0,0.187155,  aligned_free,[44]
[61],3.86,0.0,0.233734,free_base,[61]
,,0.233734,0.0,  RtlFreeHeap,[60]
,,,,,
,,0.077743,0.155273,  TComLoopFilter::xDeblockCU <cycle 1>,[25]
[62],3.85,0.077743,0.155273,TComLoopFilter::xEdgeFilterLuma,[62]
,,0.124199,0.0,  TComLoopFilter::xPelFilterLuma,[72]
,,0.031074,0.0,  TComDataCU::getPUAbove,[99]
,,,,,
,,0.0,0.232841,  TDecCu::xCopyToPic,[64]
[63],3.84,0.0,0.232841,TComYuv::copyToPicComponent,[63]
,,0.232841,0.0,  memcpy,[41]
,,,,,
,,0.0,0.232841,  TDecCu::xDecompressCU <cycle 6>,[10]
[64],3.84,0.0,0.232841,TDecCu::xCopyToPic,[64]
,,0.0,0.232841,  TComYuv::copyToPicComponent,[63]
,,,,,
,,0.202034,0.0,  xITrMxN,[56]
[65],3.34,0.202034,0.0,partialButterflyInverse32,[65]
,,,,,
,,0.170983,0.0,  TComInterpolationFilter::filterVer,[20]
[66],2.82,0.170983,0.0,"TComInterpolationFilter::filter<8,1,1,0>",[66]
,,,,,
,,0.0,0.170818,  TComDataCU::create,[33]
[67],2.82,0.0,0.170818,aligned_offset_malloc_base,[67]
,,0.0,0.170818,  malloc_base,[54]
,,,,,
,,0.0,0.155229,  TDecCu::xDecodeInterTexture,[70]
[68],2.56,0.0,0.155229,<cycle 4 as a whole>,[68]
,,0.0,0.155229,  TComTrQuant::invRecurTransformNxN <cycle 4>,[69]
,,,,,
,,,,  TComTrQuant::invRecurTransformNxN <cycle 4>,[69]
,,0.0,0.155229,  TDecCu::xDecodeInterTexture,[70]
[69],2.56,0.0,0.155229,TComTrQuant::invRecurTransformNxN <cycle 4>,[69]
,,,,  TComTrQuant::invRecurTransformNxN <cycle 4>,[69]
,,0.0,0.155229,  TComTrQuant::invTransformNxN,[36]
,,,,,
,,0.0,0.155229,  TDecCu::xReconInter,[12]
[70],2.56,0.0,0.155229,TDecCu::xDecodeInterTexture,[70]
,,0.0,0.155229,  TComTrQuant::invRecurTransformNxN <cycle 4>,[69]
,,,,,
,,0.0,0.077640,  TComCUMvField::create,[85]
,,0.0,0.046623,  TComDataCU::create,[33]
[71],2.05,0.0,0.124263,operator new,[71]
,,0.0,0.124263,  malloc_base,[54]
,,,,,
,,0.124199,0.0,  TComLoopFilter::xEdgeFilterLuma,[62]
[72],2.05,0.124199,0.0,TComLoopFilter::xPelFilterLuma,[72]
,,,,,
,,0.124101,0.0,  TComInterpolationFilter::filterVer,[20]
[73],2.05,0.124101,0.0,"TComInterpolationFilter::filter<4,1,0,0>",[73]
,,,,,
,,0.0,0.108874,  TDecGop::filterPicture,[18]
[74],1.8,0.0,0.108874,TComPicYuv::copyToPic,[74]
,,0.108874,0.0,  memcpy,[41]
,,,,,
,,,,  TDecEntropy::xDecodeTransform <cycle 2>,[75]
,,0.046667,0.062173,  TDecEntropy::decodeCoeff,[77]
[75],1.8,0.046667,0.062173,TDecEntropy::xDecodeTransform <cycle 2>,[75]
,,0.015475,0.046699,  TDecSbac::parseCoeffNxN,[89]
,,,,  TDecEntropy::xDecodeTransform <cycle 2>,[75]
,,,,,
,,0.046667,0.062173,  TDecEntropy::decodeCoeff,[77]
[76],1.8,0.046667,0.062173,<cycle 2 as a whole>,[76]
,,0.046667,0.062173,  TDecEntropy::xDecodeTransform <cycle 2>,[75]
,,,,,
,,0.0,0.108840,  TDecCu::xDecodeCU <cycle 3>,[58]
[77],1.8,0.0,0.108840,TDecEntropy::decodeCoeff,[77]
,,0.046667,0.062173,  TDecEntropy::xDecodeTransform <cycle 2>,[75]
,,,,,
,,0.093238,0.015493,  TComLoopFilter::xDeblockCU <cycle 1>,[25]
[78],1.79,0.093238,0.015493,TComLoopFilter::xEdgeFilterChroma,[78]
,,0.015493,0.0,  TComDataCU::getPUAbove,[99]
,,,,,
,,0.0,0.099307,  byteStreamNALUnit,[80]
[79],1.64,0.0,0.099307,InputByteStream::eofBeforeNBytes,[79]
,,0.077601,0.021706,"  std::basic_istream<char,struct std::char_traits<char> >::get",[82]
,,,,,
,,0.0,0.099307,  byteStreamNALUnit,[81]
[80],1.64,0.0,0.099307,byteStreamNALUnit,[80]
,,0.0,0.099307,  InputByteStream::eofBeforeNBytes,[79]
,,,,,
,,0.0,0.099307,  TAppDecTop::decode,[4]
[81],1.64,0.0,0.099307,byteStreamNALUnit,[81]
,,0.0,0.099307,  byteStreamNALUnit,[80]
,,,,,
,,0.077601,0.021706,  InputByteStream::eofBeforeNBytes,[79]
[82],1.64,0.077601,0.021706,"std::basic_istream<char,struct std::char_traits<char> >::get",[82]
,,0.0,0.021706,  fgetc,[113]
,,,,,
,,0.093212,0.0,  TComLoopFilter::xDeblockCU <cycle 1>,[25]
[83],1.54,0.093212,0.0,TComLoopFilter::xGetBoundaryStrengthSingle,[83]
,,,,,
,,0.031049,0.062138,  TDecCu::xIntraRecBlk,[31]
[84],1.54,0.031049,0.062138,TComPrediction::initIntraPatternChType,[84]
,,0.031078,0.0,  TComDataCU::getPUAboveRight,[106]
,,0.031060,0.0,  fillReferenceSamples,[107]
,,,,,
,,0.013150,0.077640,  TComDataCU::create,[33]
[85],1.5,0.013150,0.077640,TComCUMvField::create,[85]
,,0.0,0.077640,  operator new,[71]
,,,,,
,,0.077588,0.0,  TComPic::compressMotion,[87]
[86],1.28,0.077588,0.0,TComCUMvField::compress,[86]
,,,,,
,,0.0,0.077588,  TDecGop::filterPicture,[18]
[87],1.28,0.0,0.077588,TComPic::compressMotion,[87]
,,0.077588,0.0,  TComCUMvField::compress,[86]
,,,,,
,,0.077575,0.0,  TComTrQuant::invTransformNxN,[36]
[88],1.28,0.077575,0.0,TComTrQuant::xDeQuant,[88]
,,,,,
,,0.015475,0.046699,  TDecEntropy::xDecodeTransform <cycle 2>,[75]
[89],1.03,0.015475,0.046699,TDecSbac::parseCoeffNxN,[89]
,,0.031109,0.0,  TDecBinCABAC::decodeBin,[91]
,,0.015590,0.0,  TDecSbac::parseLastSignificantXY,[117]
,,,,,
,,0.0,0.062136,  TDecCu::xIntraRecBlk,[31]
[90],1.03,0.0,0.062136,TComPrediction::predIntraAng,[90]
,,0.046614,0.0,  TComPrediction::xPredIntraPlanar,[98]
,,0.015522,0.0,  TComPrediction::xPredIntraAng,[129]
,,,,,
,,0.015468,0.0,  TDecSbac::parseSkipFlag,[109]
,,0.015558,0.0,  TDecSbac::parseMergeIndex,[123]
,,0.031109,0.0,  TDecSbac::parseCoeffNxN,[89]
[91],1.03,0.062134,0.0,TDecBinCABAC::decodeBin,[91]
,,,,,
,,0.062122,0.0,  TComInterpolationFilter::filterHor,[17]
[92],1.03,0.062122,0.0,TComInterpolationFilter::filterCopy,[92]
,,,,,
,,0.062118,0.0,  xITrMxN,[56]
[93],1.03,0.062118,0.0,partialButterflyInverse16,[93]
,,,,,
,,0.062102,0.0,  TComSampleAdaptiveOffset::offsetCTU,[95]
[94],1.03,0.062102,0.0,TComSampleAdaptiveOffset::offsetBlock,[94]
,,,,,
,,0.0,0.062102,  TDecGop::filterPicture,[18]
[95],1.03,0.0,0.062102,TComSampleAdaptiveOffset::offsetCTU,[95]
,,0.062102,0.0,  TComSampleAdaptiveOffset::offsetBlock,[94]
,,,,,
,,0.061745,0.0,  TComLoopFilter::xDeblockCU <cycle 1>,[25]
[96],1.02,0.061745,0.0,TComLoopFilter::xSetEdgefilterTU,[96]
,,,,,
,,0.0,0.046627,  TAppDecTop::decode,[4]
[97],0.77,0.0,0.046627,TAppDecTop::xFlushOutput,[97]
,,0.0,0.015568,  TComPic::destroy,[40]
,,0.0,0.031059,  TVideoIOYuv::write,[29]
,,,,,
,,0.046614,0.0,  TComPrediction::predIntraAng,[90]
[98],0.77,0.046614,0.0,TComPrediction::xPredIntraPlanar,[98]
,,,,,
,,0.015493,0.0,  TComLoopFilter::xEdgeFilterChroma,[78]
,,0.031074,0.0,  TComLoopFilter::xEdgeFilterLuma,[62]
[99],0.77,0.046567,0.0,TComDataCU::getPUAbove,[99]
,,,,,
,,0.046548,0.0,  TComLoopFilter::xDeblockCU <cycle 1>,[25]
[100],0.77,0.046548,0.0,TComLoopFilter::xSetEdgefilterPU,[100]
,,,,,
,,0.046525,0.0,  TComInterpolationFilter::filterHor,[17]
[101],0.77,0.046525,0.0,"TComInterpolationFilter::filter<4,0,1,1>",[101]
,,,,,
,,0.046516,0.0,  TComInterpolationFilter::filterVer,[20]
[102],0.77,0.046516,0.0,"TComInterpolationFilter::filter<8,1,0,1>",[102]
,,,,,
,,0.0,0.015625,  TComPic::destroy,[40]
,,0.0,0.015919,  TComSampleAdaptiveOffset::create,[116]
[103],0.52,0.0,0.031545,TComPicYuv::destroy,[103]
,,0.0,0.031545,  aligned_free,[44]
,,,,,
,,0.0,0.031120,  TDecCu::xDecodeCU <cycle 3>,[58]
[104],0.51,0.0,0.031120,TDecEntropy::decodePredInfo,[104]
,,0.031120,0.0,  TDecSbac::parseIntraDirLumaAng,[105]
,,,,,
,,0.031120,0.0,  TDecEntropy::decodePredInfo,[104]
[105],0.51,0.031120,0.0,TDecSbac::parseIntraDirLumaAng,[105]
,,,,,
,,0.031078,0.0,  TComPrediction::initIntraPatternChType,[84]
[106],0.51,0.031078,0.0,TComDataCU::getPUAboveRight,[106]
,,,,,
,,0.031060,0.0,  TComPrediction::initIntraPatternChType,[84]
[107],0.51,0.031060,0.0,fillReferenceSamples,[107]
,,,,,
,,0.031058,0.0,  TDecCu::xIntraRecQT <cycle 5>,[28]
[108],0.51,0.031058,0.0,TComTURecurse::nextSection,[108]
,,,,,
,,0.015572,0.015468,  TDecCu::xDecodeCU <cycle 3>,[58]
[109],0.51,0.015572,0.015468,TDecSbac::parseSkipFlag,[109]
,,0.015468,0.0,  TDecBinCABAC::decodeBin,[91]
,,,,,
,,0.0,0.031038,  TDecCu::xDecodeCU <cycle 3>,[58]
[110],0.51,0.0,0.031038,TDecSbac::parseSplitFlag,[110]
,,0.015559,0.0,  memset,[39]
,,0.015479,0.0,  TComDataCU::getCtxSplitFlag,[135]
,,,,,
,,0.021706,0.0,  read_nolock,[115]
[111],0.36,0.021706,0.0,ReadFile,[111]
,,,,,
,,0.0,0.021706,  fgetc,[113]
[112],0.36,0.0,0.021706,common_refill_and_read_nolock<char>,[112]
,,0.0,0.021706,  read,[114]
,,,,,
,,0.0,0.021706,"  std::basic_istream<char,struct std::char_traits<char> >::get",[82]
[113],0.36,0.0,0.021706,fgetc,[113]
,,0.0,0.021706,  common_refill_and_read_nolock<char>,[112]
,,,,,
,,0.0,0.021706,  common_refill_and_read_nolock<char>,[112]
[114],0.36,0.0,0.021706,read,[114]
,,0.0,0.021706,  read_nolock,[115]
,,,,,
,,0.0,0.021706,  read,[114]
[115],0.36,0.0,0.021706,read_nolock,[115]
,,0.021706,0.0,  ReadFile,[111]
,,,,,
,,0.0,0.015919,  TDecTop::xActivateParameterSets,[19]
[116],0.26,0.0,0.015919,TComSampleAdaptiveOffset::create,[116]
,,0.0,0.015919,  TComPicYuv::destroy,[103]
,,,,,
,,0.015590,0.0,  TDecSbac::parseCoeffNxN,[89]
[117],0.26,0.015590,0.0,TDecSbac::parseLastSignificantXY,[117]
,,,,,
,,0.0,0.015578,  TComPrediction::xCheckIdenticalMotion,[119]
[118],0.26,0.0,0.015578,TComPic::getPOC,[118]
,,0.015578,0.0,  std::_Deque_const_iterator<class std::_Deque_val<struct std::_Deque_simple_types<class TComSlice *> > >::operator+,[120]
,,,,,
,,0.0,0.015578,  TComPrediction::motionCompensation,[13]
[119],0.26,0.0,0.015578,TComPrediction::xCheckIdenticalMotion,[119]
,,0.0,0.015578,  TComPic::getPOC,[118]
,,,,,
,,0.015578,0.0,  TComPic::getPOC,[118]
[120],0.26,0.015578,0.0,std::_Deque_const_iterator<class std::_Deque_val<struct std::_Deque_simple_types<class TComSlice *> > >::operator+,[120]
,,,,,
,,0.0,0.015564,  TDecCu::xDecompressCU <cycle 6>,[10]
[121],0.26,0.0,0.015564,TComYuv::clear,[121]
,,0.015564,0.0,  memset,[39]
,,,,,
,,0.015561,0.0,  TDecTop::xDecodeSlice,[7]
[122],0.26,0.015561,0.0,TComTrQuant::setErrScaleCoeff,[122]
,,,,,
,,0.0,0.015558,  TDecCu::xDecodeCU <cycle 3>,[58]
[123],0.26,0.0,0.015558,TDecSbac::parseMergeIndex,[123]
,,0.015558,0.0,  TDecBinCABAC::decodeBin,[91]
,,,,,
,,0.015542,0.0,  TDecCu::xDecodeCU <cycle 3>,[58]
[124],0.26,0.015542,0.0,TComDataCU::setSubPart<signed char>,[124]
,,,,,
,,0.0,0.015537,  TDecCu::xDecodeCU <cycle 3>,[58]
[125],0.26,0.0,0.015537,TComDataCU::setSubPart<unsigned char>,[125]
,,0.015537,0.0,  memset,[39]
,,,,,
,,0.015535,0.0,  xITrMxN,[56]
[126],0.26,0.015535,0.0,_chkstk,[126]
,,,,,
,,0.015528,0.0,  TDecCu::xDecodeCU <cycle 3>,[58]
[127],0.26,0.015528,0.0,TComCUMvField::setAll<signed char>,[127]
,,,,,
,,0.015526,0.0,  TComInterpolationFilter::filterHor,[17]
[128],0.26,0.015526,0.0,"TComInterpolationFilter::filter<8,0,1,1>",[128]
,,,,,
,,0.015522,0.0,  TComPrediction::predIntraAng,[90]
[129],0.26,0.015522,0.0,TComPrediction::xPredIntraAng,[129]
,,,,,
,,0.0,0.015499,  TComYuv::copyPartToPartYuv,[131]
[130],0.26,0.0,0.015499,TComYuv::copyPartToPartComponent,[130]
,,0.015499,0.0,  TComYuv::getAddr,[132]
,,,,,
,,0.0,0.015499,  TDecCu::xReconInter,[12]
[131],0.26,0.0,0.015499,TComYuv::copyPartToPartYuv,[131]
,,0.0,0.015499,  TComYuv::copyPartToPartComponent,[130]
,,,,,
,,0.015499,0.0,  TComYuv::copyPartToPartComponent,[130]
[132],0.26,0.015499,0.0,TComYuv::getAddr,[132]
,,,,,
,,0.015497,0.0,  TDecCu::xDecompressCU <cycle 6>,[10]
[133],0.26,0.015497,0.0,TComDataCU::copySubCU,[133]
,,,,,
,,0.015488,0.0,  TComInterpolationFilter::filterVer,[20]
[134],0.26,0.015488,0.0,"TComInterpolationFilter::filter<8,1,1,1>",[134]
,,,,,
,,0.015479,0.0,  TDecSbac::parseSplitFlag,[110]
[135],0.26,0.015479,0.0,TComDataCU::getCtxSplitFlag,[135]
,,,,,
,,0.014355,0.0,  try_get_function,[141]
[136],0.24,0.014355,0.0,LoadLibraryExW,[136]
,,,,,
,,0.0,0.014355,  _acrt_get_process_end_policy,[138]
[137],0.24,0.0,0.014355,_acrt_AppPolicyGetProcessTerminationMethodInternal,[137]
,,0.0,0.014355,  try_get_function,[141]
,,,,,
,,0.0,0.014355,  exit_or_terminate_process,[140]
[138],0.24,0.0,0.014355,_acrt_get_process_end_policy,[138]
,,0.0,0.014355,  _acrt_AppPolicyGetProcessTerminationMethodInternal,[137]
,,,,,
,,0.0,0.014355,  _scrt_common_main_seh,[3]
[139],0.24,0.0,0.014355,common_exit,[139]
,,0.0,0.014355,  exit_or_terminate_process,[140]
,,,,,
,,0.0,0.014355,  common_exit,[139]
[140],0.24,0.0,0.014355,exit_or_terminate_process,[140]
,,0.0,0.014355,  _acrt_get_process_end_policy,[138]
,,,,,
,,0.0,0.014355,  _acrt_AppPolicyGetProcessTerminationMethodInternal,[137]
[141],0.24,0.0,0.014355,try_get_function,[141]
,,0.014355,0.0,  LoadLibraryExW,[136]
,,,,,


Index by function name

Index,Function
[1],BaseThreadInitThunk
[79],InputByteStream::eofBeforeNBytes
[136],LoadLibraryExW
[111],ReadFile
[53],RtlAllocateHeap
[60],RtlFreeHeap
[2],RtlUserThreadStart
[4],TAppDecTop::decode
[97],TAppDecTop::xFlushOutput
[32],TAppDecTop::xWriteOutput
[86],TComCUMvField::compress
[85],TComCUMvField::create
[127],TComCUMvField::setAll<signed char>
[133],TComDataCU::copySubCU
[33],TComDataCU::create
[42],TComDataCU::destroy
[135],TComDataCU::getCtxSplitFlag
[99],TComDataCU::getPUAbove
[106],TComDataCU::getPUAboveRight
[59],TComDataCU::initCtu
[124],TComDataCU::setSubPart<signed char>
[125],TComDataCU::setSubPart<unsigned char>
[38],"TComInterpolationFilter::filter<4,0,1,0>"
[101],"TComInterpolationFilter::filter<4,0,1,1>"
[73],"TComInterpolationFilter::filter<4,1,0,0>"
[22],"TComInterpolationFilter::filter<8,0,1,0>"
[128],"TComInterpolationFilter::filter<8,0,1,1>"
[37],"TComInterpolationFilter::filter<8,1,0,0>"
[102],"TComInterpolationFilter::filter<8,1,0,1>"
[66],"TComInterpolationFilter::filter<8,1,1,0>"
[134],"TComInterpolationFilter::filter<8,1,1,1>"
[92],TComInterpolationFilter::filterCopy
[17],TComInterpolationFilter::filterHor
[20],TComInterpolationFilter::filterVer
[24],TComLoopFilter::loopFilterPic
[25],TComLoopFilter::xDeblockCU
[78],TComLoopFilter::xEdgeFilterChroma
[62],TComLoopFilter::xEdgeFilterLuma
[83],TComLoopFilter::xGetBoundaryStrengthSingle
[72],TComLoopFilter::xPelFilterLuma
[100],TComLoopFilter::xSetEdgefilterPU
[96],TComLoopFilter::xSetEdgefilterTU
[87],TComPic::compressMotion
[34],TComPic::create
[40],TComPic::destroy
[118],TComPic::getPOC
[35],TComPicSym::create
[43],TComPicSym::destroy
[74],TComPicYuv::copyToPic
[103],TComPicYuv::destroy
[84],TComPrediction::initIntraPatternChType
[13],TComPrediction::motionCompensation
[90],TComPrediction::predIntraAng
[119],TComPrediction::xCheckIdenticalMotion
[14],TComPrediction::xPredInterBi
[16],TComPrediction::xPredInterBlk
[15],TComPrediction::xPredInterUni
[129],TComPrediction::xPredIntraAng
[98],TComPrediction::xPredIntraPlanar
[116],TComSampleAdaptiveOffset::create
[94],TComSampleAdaptiveOffset::offsetBlock
[95],TComSampleAdaptiveOffset::offsetCTU
[108],TComTURecurse::nextSection
[69],TComTrQuant::invRecurTransformNxN
[36],TComTrQuant::invTransformNxN
[122],TComTrQuant::setErrScaleCoeff
[88],TComTrQuant::xDeQuant
[52],TComTrQuant::xIT
[55],TComYuv::addAvg
[121],TComYuv::clear
[130],TComYuv::copyPartToPartComponent
[131],TComYuv::copyPartToPartYuv
[63],TComYuv::copyToPicComponent
[132],TComYuv::getAddr
[91],TDecBinCABAC::decodeBin
[64],TDecCu::xCopyToPic
[58],TDecCu::xDecodeCU
[70],TDecCu::xDecodeInterTexture
[10],TDecCu::xDecompressCU
[31],TDecCu::xIntraRecBlk
[28],TDecCu::xIntraRecQT
[12],TDecCu::xReconInter
[27],TDecCu::xReconIntraQT
[77],TDecEntropy::decodeCoeff
[104],TDecEntropy::decodePredInfo
[75],TDecEntropy::xDecodeTransform
[8],TDecGop::decompressSlice
[18],TDecGop::filterPicture
[89],TDecSbac::parseCoeffNxN
[105],TDecSbac::parseIntraDirLumaAng
[117],TDecSbac::parseLastSignificantXY
[123],TDecSbac::parseMergeIndex
[109],TDecSbac::parseSkipFlag
[110],TDecSbac::parseSplitFlag
[9],TDecSlice::decompressSlice
[6],TDecTop::decode
[19],TDecTop::xActivateParameterSets
[7],TDecTop::xDecodeSlice
[21],TDecTop::xGetNewPicBuffer
[29],TVideoIOYuv::write
[45],WriteFile
[137],_acrt_AppPolicyGetProcessTerminationMethodInternal
[138],_acrt_get_process_end_policy
[46],_acrt_stdio_flush_and_write_narrow_nolock
[126],_chkstk
[3],_scrt_common_main_seh
[44],aligned_free
[67],aligned_offset_malloc_base
[80],byteStreamNALUnit
[81],byteStreamNALUnit
[139],common_exit
[112],common_refill_and_read_nolock<char>
[140],exit_or_terminate_process
[113],fgetc
[107],fillReferenceSamples
[47],fputc
[61],free_base
[5],main
[54],malloc_base
[41],memcpy
[39],memset
[71],operator new
[93],partialButterflyInverse16
[65],partialButterflyInverse32
[114],read
[115],read_nolock
[120],std::_Deque_const_iterator<class std::_Deque_val<struct std::_Deque_simple_types<class TComSlice *> > >::operator+
[82],"std::basic_istream<char,struct std::char_traits<char> >::get"
[48],"std::basic_ostream<char,struct std::char_traits<char> >::write"
[141],try_get_function
[49],write
[30],writePlane
[50],write_buffer_nolock<char>
[51],write_nolock
[56],xITrMxN
[23],<cycle 1>
[76],<cycle 2>
[57],<cycle 3>
[68],<cycle 4>
[26],<cycle 5>
[11],<cycle 6>
