Index,% CPU Time:Total,CPU Time:Self,CPU Time:Children,Name,Index
,,0.0,6.972227,  RtlUserThreadStart,[2]
[1],100.0,0.0,6.972227,BaseThreadInitThunk,[1]
,,0.0,6.972227,  _scrt_common_main_seh,[3]
,,,,,
,,,,  <spontaneous>,
[2],100.0,0.0,6.972227,RtlUserThreadStart,[2]
,,0.0,6.972227,  BaseThreadInitThunk,[1]
,,,,,
,,0.0,6.972227,  BaseThreadInitThunk,[1]
[3],100.0,0.0,6.972227,_scrt_common_main_seh,[3]
,,0.0,0.011152,  exit,[236]
,,0.0,0.009455,  initterm,[238]
,,0.0,6.951621,  main,[5]
,,,,,
,,0.0,6.951621,  main,[5]
[4],99.7,0.0,6.951621,DecApp::decode,[4]
,,0.0,0.031080,  DecApp::xFlushOutput,[144]
,,0.0,0.512702,  DecApp::xWriteOutput,[28]
,,0.0,4.231695,  DecLib::decode,[6]
,,0.0,2.098436,  DecLib::executeLoopFilters,[15]
,,0.0,0.046713,  DecLib::finishPicture,[111]
,,0.0,0.030995,  byteStreamNALUnit,[159]
,,,,,
,,0.0,6.951621,  _scrt_common_main_seh,[3]
[5],99.7,0.0,6.951621,main,[5]
,,0.0,6.951621,  DecApp::decode,[4]
,,,,,
,,0.0,4.231695,  DecApp::decode,[4]
[6],60.69,0.0,4.231695,DecLib::decode,[6]
,,0.0,4.231695,  DecLib::xDecodeSlice,[7]
,,,,,
,,0.0,4.231695,  DecLib::decode,[6]
[7],60.69,0.0,4.231695,DecLib::xDecodeSlice,[7]
,,0.0,0.349696,  DecLib::xActivateParameterSets,[39]
,,0.0,3.819804,  DecSlice::decompressSlice,[8]
,,0.0,0.062194,  Slice::constructRefPicList,[99]
,,,,,
,,0.0,3.819804,  DecLib::xDecodeSlice,[7]
[8],54.79,0.0,3.819804,DecSlice::decompressSlice,[8]
,,0.0,0.512779,  CABACReader::coding_tree_unit,[27]
,,0.0,3.307025,  DecCu::decompressCtu,[9]
,,,,,
,,0.0,3.307025,  DecSlice::decompressSlice,[8]
[9],47.43,0.0,3.307025,DecCu::decompressCtu,[9]
,,0.0,0.093336,  DecCu::xDeriveCUMV,[85]
,,0.0,2.872418,  DecCu::xReconInter,[10]
,,0.0,0.279079,  DecCu::xReconIntraQT,[45]
,,0.0,0.015565,  InterPrediction::resetVPDUforIBC,[178]
,,0.0,0.046627,  InterPrediction::xFillIBCBuffer,[120]
,,,,,
,,0.0,2.872418,  DecCu::decompressCtu,[9]
[10],41.2,0.0,2.872418,DecCu::xReconInter,[10]
,,0.015554,0.0,  CU::isIBC,[187]
,,0.0,0.015543,  CodingStructure::getPredBuf,[206]
,,0.0,2.406392,  InterPrediction::motionCompensation,[14]
,,0.0,0.046688,  InterPrediction::motionCompensation4Triangle,[112]
,,0.0,0.388242,  UnitBuf<short>::copyClip,[35]
,,,,,
,,0.0,0.031143,  InterPrediction::motionCompensation4Triangle,[112]
,,0.015516,0.186287,  InterPrediction::motionCompensation <cycle 1>,[12]
,,0.015522,2.189067,  InterPrediction::motionCompensation,[14]
[11],34.96,0.031038,2.406497,<cycle 1 as a whole>,[11]
,,0.015522,0.0,  InterPrediction::xSubPuMC <cycle 1>,[220]
,,0.015516,2.406497,  InterPrediction::motionCompensation <cycle 1>,[12]
,,0.0,0.0,  InterPrediction::xSubPuBio <cycle 1>,[243]
,,,,,
,,0.0,0.031143,  InterPrediction::motionCompensation4Triangle,[112]
,,,,  InterPrediction::xSubPuBio <cycle 1>,[243]
,,,,  InterPrediction::xSubPuMC <cycle 1>,[220]
,,0.015522,2.189067,  InterPrediction::motionCompensation,[14]
[12],34.74,0.015516,2.406497,InterPrediction::motionCompensation <cycle 1>,[12]
,,0.015563,2.390934,  InterPrediction::xPredInterBi,[13]
,,,,  InterPrediction::xSubPuBio <cycle 1>,[243]
,,,,  InterPrediction::xSubPuMC <cycle 1>,[220]
,,,,,
,,0.015563,2.390934,  InterPrediction::motionCompensation <cycle 1>,[12]
[13],34.52,0.015563,2.390934,InterPrediction::xPredInterBi,[13]
,,0.015511,1.412499,  InterPrediction::xProcessDMVR,[16]
,,0.0,0.760809,  InterPrediction::xPredInterUni,[22]
,,0.0,0.202115,  InterPrediction::xWeightedAverage,[31]
,,,,,
,,0.0,2.406392,  DecCu::xReconInter,[10]
[14],34.51,0.0,2.406392,InterPrediction::motionCompensation,[14]
,,0.015522,2.189067,  InterPrediction::motionCompensation <cycle 1>,[12]
,,,,,
,,0.0,2.098436,  DecApp::decode,[4]
[15],30.1,0.0,2.098436,DecLib::executeLoopFilters,[15]
,,0.015536,0.015572,  CS::setRefinedMotionField,[132]
,,0.015535,0.776609,  LoopFilter::loopFilterPic,[20]
,,0.0,1.197642,  AdaptiveLoopFilter::ALFProcess,[18]
,,0.0,0.077540,  SampleAdaptiveOffset::SAOProcess,[94]
,,,,,
,,0.015511,1.412499,  InterPrediction::xPredInterBi,[13]
[16],20.48,0.015511,1.412499,InterPrediction::xProcessDMVR,[16]
,,0.031017,0.186124,  InterPrediction::xPrefetch,[52]
,,0.015576,0.124203,  InterPrediction::xBIPMVRefine,[71]
,,0.015551,0.046501,  InterPrediction::xPad,[108]
,,0.015529,0.574293,  InterPrediction::xFinalPaddedMCForDMVR,[24]
,,0.015526,0.139696,  InterPrediction::xinitMC,[68]
,,0.0,0.248483,  InterPrediction::xWeightedAverage,[31]
,,,,,
,,0.030991,0.543436,  InterPrediction::xPredInterUni,[22]
,,0.031014,0.108682,  InterPrediction::xinitMC,[68]
,,0.139946,0.434348,  InterPrediction::xFinalPaddedMCForDMVR,[24]
[17],18.48,0.201950,1.086466,InterPrediction::xPredInterBlk,[17]
,,0.031027,0.651786,  InterpolationFilter::filterHor,[21]
,,0.015558,0.372554,  InterpolationFilter::filterVer,[36]
,,0.015541,0.0,  Picture::getRecoBuf,[208]
,,,,,
,,0.0,1.197642,  DecLib::executeLoopFilters,[15]
[18],17.18,0.0,1.197642,AdaptiveLoopFilter::ALFProcess,[18]
,,0.824048,0.0,  simdFilter7x7Blk<4>,[19]
,,0.0,0.233218,  AdaptiveLoopFilter::deriveClassification,[49]
,,0.0,0.140376,  UnitBuf<short>::copyFrom,[60]
,,,,,
,,0.824048,0.0,  AdaptiveLoopFilter::ALFProcess,[18]
[19],11.82,0.824048,0.0,simdFilter7x7Blk<4>,[19]
,,,,,
,,0.015535,0.776609,  DecLib::executeLoopFilters,[15]
[20],11.36,0.015535,0.776609,LoopFilter::loopFilterPic,[20]
,,0.077743,0.0,  memset,[46]
,,0.031112,0.667754,  LoopFilter::xDeblockCU,[23]
,,,,,
,,0.0,0.093175,  InterPrediction::xPredAffineBlk,[55]
,,0.031027,0.651786,  InterPrediction::xPredInterBlk,[17]
[21],11.13,0.031027,0.744961,InterpolationFilter::filterHor,[21]
,,0.046231,0.0,"  InterpolationFilter::filterCopy<1,0>",[130]
,,0.015540,0.186216,  InterpolationFilter::filterHor<4>,[53]
,,0.0,0.062111,  InterpolationFilter::filterHor<2>,[104]
,,0.0,0.434863,  InterpolationFilter::filterHor<8>,[32]
,,,,,
,,0.0,0.760809,  InterPrediction::xPredInterBi,[13]
[22],10.91,0.0,0.760809,InterPrediction::xPredInterUni,[22]
,,0.046574,0.139809,  InterPrediction::xPredAffineBlk,[55]
,,0.030991,0.543436,  InterPrediction::xPredInterBlk,[17]
,,,,,
,,0.031112,0.667754,  LoopFilter::loopFilterPic,[20]
[23],10.02,0.031112,0.667754,LoopFilter::xDeblockCU,[23]
,,0.170942,0.108738,  LoopFilter::xGetBoundaryStrengthSingle,[42]
,,0.046553,0.108438,  LoopFilter::xEdgeFilterLuma,[70]
,,0.031097,0.093221,  LoopFilter::xSetMaxFilterLengthPQFromTransformSizes,[75]
,,0.015565,0.0,  CU::traverseTUs,[181]
,,0.015546,0.0,  CU::traversePUs,[196]
,,0.015537,0.031111,  LoopFilter::xEdgeFilterChroma,[116]
,,0.015521,0.0,"  std::_Sort_unchecked1<int *,__int64,struct std::less<void> >",[221]
,,0.0,0.015485,  LoopFilter::xSetLoopfilterParam,[228]
,,,,,
,,0.015529,0.574293,  InterPrediction::xProcessDMVR,[16]
[24],8.46,0.015529,0.574293,InterPrediction::xFinalPaddedMCForDMVR,[24]
,,0.139946,0.434348,  InterPrediction::xPredInterBlk,[17]
,,,,,
,,0.0,0.031080,  DecApp::xFlushOutput,[144]
,,0.0,0.512702,  DecApp::xWriteOutput,[28]
[25],7.8,0.0,0.543782,VideoIOYuv::write,[25]
,,0.232668,0.311114,  writePlane,[26]
,,,,,
,,0.232668,0.311114,  VideoIOYuv::write,[25]
[26],7.8,0.232668,0.311114,writePlane,[26]
,,0.311114,0.0,"  std::basic_ostream<char,struct std::char_traits<char> >::write",[40]
,,,,,
,,0.0,0.512779,  DecSlice::decompressSlice,[8]
[27],7.35,0.0,0.512779,CABACReader::coding_tree_unit,[27]
,,0.015588,0.015463,  TBinDecoder<class BinProbModel_Std>::decodeBin,[92]
,,0.0,0.450715,  CABACReader::coding_tree <cycle 2>,[30]
,,0.0,0.031013,  PartitionerFactory::get,[158]
,,,,,
,,0.0,0.512702,  DecApp::decode,[4]
[28],7.35,0.0,0.512702,DecApp::xWriteOutput,[28]
,,0.0,0.512702,  VideoIOYuv::write,[25]
,,,,,
,,0.0,0.450715,  CABACReader::coding_tree_unit,[27]
[29],6.46,0.0,0.450715,<cycle 2 as a whole>,[29]
,,0.0,0.450715,  CABACReader::coding_tree <cycle 2>,[30]
,,,,,
,,,,  CABACReader::coding_tree <cycle 2>,[30]
,,0.0,0.450715,  CABACReader::coding_tree_unit,[27]
[30],6.46,0.0,0.450715,CABACReader::coding_tree <cycle 2>,[30]
,,,,  CABACReader::coding_tree <cycle 2>,[30]
,,0.0,0.357532,  CABACReader::coding_unit,[37]
,,0.0,0.046584,  CABACReader::split_cu_mode,[124]
,,0.0,0.031046,  CodingStructure::addCU,[154]
,,0.0,0.015554,  QTBTPartitioner::splitCurrArea,[189]
,,,,,
,,0.0,0.202115,  InterPrediction::xPredInterBi,[13]
,,0.0,0.248483,  InterPrediction::xProcessDMVR,[16]
[31],6.46,0.0,0.450598,InterPrediction::xWeightedAverage,[31]
,,0.046668,0.264075,  InterPrediction::applyBiOptFlow,[41]
,,0.0,0.062130,  UnitBuf<short>::addAvg,[103]
,,0.0,0.046644,  UnitBuf<short>::addWeightedAvg,[118]
,,0.0,0.031081,  UnitBuf<short>::copyClip,[35]
,,,,,
,,0.0,0.434863,  InterpolationFilter::filterHor,[21]
[32],6.24,0.0,0.434863,InterpolationFilter::filterHor<8>,[32]
,,0.046550,0.372782,"  simdFilter<4,8,0,1,0>",[33]
,,0.0,0.015531,"  simdFilter<4,8,0,1,1>",[215]
,,,,,
,,0.046550,0.372782,  InterpolationFilter::filterHor<8>,[32]
[33],6.01,0.046550,0.372782,"simdFilter<4,8,0,1,0>",[33]
,,0.357237,0.0,"  simdInterpolateHorM8_AVX2<4,8,0>",[38]
,,0.015545,0.0,"  simdInterpolateHorM4<4,8,0>",[202]
,,,,,
,,0.419323,0.0,  UnitBuf<short>::copyClip,[35]
[34],6.01,0.419323,0.0,AreaBuf<short>::copyClip,[34]
,,,,,
,,0.0,0.388242,  DecCu::xReconInter,[10]
,,0.0,0.031081,  InterPrediction::xWeightedAverage,[31]
[35],6.01,0.0,0.419323,UnitBuf<short>::copyClip,[35]
,,0.419323,0.0,  AreaBuf<short>::copyClip,[34]
,,,,,
,,0.0,0.031079,  InterPrediction::xPredAffineBlk,[55]
,,0.015558,0.372554,  InterPrediction::xPredInterBlk,[17]
[36],6.01,0.015558,0.403633,InterpolationFilter::filterVer,[36]
,,0.0,0.046572,  InterpolationFilter::filterVer<2>,[125]
,,0.0,0.186343,  InterpolationFilter::filterVer<4>,[56]
,,0.0,0.170717,  InterpolationFilter::filterVer<8>,[62]
,,,,,
,,0.0,0.357532,  CABACReader::coding_tree <cycle 2>,[30]
[37],5.13,0.0,0.357532,CABACReader::coding_unit,[37]
,,0.015549,0.031009,  CodingStructure::addTU,[126]
,,0.015492,0.062228,  CABACReader::prediction_unit,[91]
,,0.0,0.031060,  CABACReader::cu_pred_data,[150]
,,0.0,0.186636,  CABACReader::cu_residual,[54]
,,0.0,0.015556,  CodingStructure::addPU,[183]
,,,,,
,,0.357237,0.0,"  simdFilter<4,8,0,1,0>",[33]
[38],5.12,0.357237,0.0,"simdInterpolateHorM8_AVX2<4,8,0>",[38]
,,,,,
,,0.0,0.349696,  DecLib::xDecodeSlice,[7]
[39],5.02,0.0,0.349696,DecLib::xActivateParameterSets,[39]
,,0.0,0.015535,  AdaptiveLoopFilter::create,[210]
,,0.0,0.007906,  DecLib::xGetNewPicBuffer,[239]
,,0.0,0.046678,  Picture::finalInit,[114]
,,0.0,0.015519,  SampleAdaptiveOffset::create,[223]
,,0.0,0.264058,  TrQuant::init,[47]
,,,,,
,,0.311114,0.0,  writePlane,[26]
[40],4.46,0.311114,0.0,"std::basic_ostream<char,struct std::char_traits<char> >::write",[40]
,,,,,
,,0.046668,0.264075,  InterPrediction::xWeightedAverage,[31]
[41],4.46,0.046668,0.264075,InterPrediction::applyBiOptFlow,[41]
,,0.062132,0.0,  calcBIOSums_SSE<4>,[101]
,,0.015525,0.0,  InterPrediction::rightShiftMSB,[219]
,,0.015519,0.093164,  InterPrediction::xAddBIOAvg4,[81]
,,0.015486,0.0,  memcpy,[48]
,,0.0,0.062248,  InterPrediction::xBioGradFilter,[95]
,,,,,
,,0.170942,0.108738,  LoopFilter::xDeblockCU,[23]
[42],4.01,0.170942,0.108738,LoopFilter::xGetBoundaryStrengthSingle,[42]
,,0.062154,0.0,  CodingStructure::getCU,[86]
,,0.031087,0.0,  CodingStructure::getTU,[76]
,,0.015497,0.0,  CodingStructure::getMotionInfo,[156]
,,,,,
,,0.0,0.279079,  DecCu::xIntraRecQT,[44]
[43],4.0,0.0,0.279079,DecCu::xIntraRecBlk,[43]
,,0.031046,0.0,  QpParam::QpParam,[153]
,,0.030890,0.030889,  IntraPrediction::predIntraAng,[110]
,,0.015557,0.015573,  IntraPrediction::xGetLumaRecPixels,[131]
,,0.015404,0.0,  PU::getFinalIntraMode,[233]
,,0.0,0.015504,  IntraPrediction::initIntraMip,[225]
,,0.0,0.015544,  IntraPrediction::initIntraPatternChType,[203]
,,0.0,0.015594,  IntraPrediction::predIntraMip,[165]
,,0.0,0.093079,  TrQuant::invTransformNxN,[89]
,,,,,
,,0.0,0.279079,  DecCu::xReconIntraQT,[45]
[44],4.0,0.0,0.279079,DecCu::xIntraRecQT,[44]
,,0.0,0.279079,  DecCu::xIntraRecBlk,[43]
,,,,,
,,0.0,0.279079,  DecCu::decompressCtu,[9]
[45],4.0,0.0,0.279079,DecCu::xReconIntraQT,[45]
,,0.0,0.279079,  DecCu::xIntraRecQT,[44]
,,,,,
,,0.015530,0.0,  AreaBuf<short>::fill,[137]
,,0.015555,0.0,  CodingStructure::clearTUs,[185]
,,0.015582,0.0,  CodingStructure::clearCUs,[168]
,,0.015617,0.0,  CodingStructure::initStructData,[162]
,,0.077743,0.0,  LoopFilter::loopFilterPic,[20]
,,0.124483,0.0,  AreaBuf<int>::fill,[74]
[46],3.79,0.264511,0.0,memset,[46]
,,,,,
,,0.0,0.264058,  DecLib::xActivateParameterSets,[39]
[47],3.79,0.0,0.264058,TrQuant::init,[47]
,,0.0,0.155406,  DepQuant::DepQuant,[66]
,,0.0,0.108652,  DepQuant::`scalar deleting destructor',[82]
,,,,,
,,0.015486,0.0,  InterPrediction::applyBiOptFlow,[41]
,,0.015568,0.0,  Picture::extendPicBorder,[98]
,,0.218145,0.0,  AreaBuf<short>::copyFrom,[51]
[48],3.57,0.249199,0.0,memcpy,[48]
,,,,,
,,0.0,0.233218,  AdaptiveLoopFilter::ALFProcess,[18]
[49],3.34,0.0,0.233218,AdaptiveLoopFilter::deriveClassification,[49]
,,0.233218,0.0,  simdDeriveClassificationBlk<4>,[50]
,,,,,
,,0.233218,0.0,  AdaptiveLoopFilter::deriveClassification,[49]
[50],3.34,0.233218,0.0,simdDeriveClassificationBlk<4>,[50]
,,,,,
,,0.0,0.046627,  InterPrediction::xFillIBCBuffer,[120]
,,0.0,0.171517,  UnitBuf<short>::copyFrom,[60]
[51],3.13,0.0,0.218145,AreaBuf<short>::copyFrom,[51]
,,0.218145,0.0,  memcpy,[48]
,,,,,
,,0.031017,0.186124,  InterPrediction::xProcessDMVR,[16]
[52],3.11,0.031017,0.186124,InterPrediction::xPrefetch,[52]
,,0.170638,0.0,  copyBufferSimd<4>,[63]
,,0.015486,0.0,  clipMv,[227]
,,,,,
,,0.015540,0.186216,  InterpolationFilter::filterHor,[21]
[53],2.89,0.015540,0.186216,InterpolationFilter::filterHor<4>,[53]
,,0.015552,0.170664,"  simdFilter<4,4,0,1,0>",[59]
,,,,,
,,0.0,0.186636,  CABACReader::coding_unit,[37]
[54],2.68,0.0,0.186636,CABACReader::cu_residual,[54]
,,0.0,0.015572,  AreaBuf<int>::fill,[74]
,,0.0,0.155514,  CABACReader::transform_tree <cycle 3>,[65]
,,0.0,0.015550,  TUIntraSubPartitioner::TUIntraSubPartitioner,[191]
,,,,,
,,0.046574,0.139809,  InterPrediction::xPredInterUni,[22]
[55],2.67,0.046574,0.139809,InterPrediction::xPredAffineBlk,[55]
,,0.015555,0.0,"  gradFilter_SSE<4,0>",[184]
,,0.0,0.093175,  InterpolationFilter::filterHor,[21]
,,0.0,0.031079,  InterpolationFilter::filterVer,[36]
,,,,,
,,0.0,0.186343,  InterpolationFilter::filterVer,[36]
[56],2.67,0.0,0.186343,InterpolationFilter::filterVer<4>,[56]
,,0.015548,0.155228,"  simdFilter<4,4,1,0,0>",[61]
,,0.0,0.015567,"  simdFilter<4,4,1,0,1>",[176]
,,,,,
,,0.186317,0.0,  operator new,[58]
[57],2.67,0.186317,0.0,malloc_base,[57]
,,,,,
,,0.0,0.015463,  PartitionerFactory::get,[158]
,,0.0,0.108722,  Quant::xInitScalingList,[80]
,,0.0,0.046684,  QuantRDOQ::xInitScalingList,[113]
,,0.0,0.015448,"  std::vector<unsigned char,class std::allocator<unsigned char> >::emplace_back<unsigned char>",[232]
[58],2.67,0.0,0.186317,operator new,[58]
,,0.186317,0.0,  malloc_base,[57]
,,,,,
,,0.015552,0.170664,  InterpolationFilter::filterHor<4>,[53]
[59],2.67,0.015552,0.170664,"simdFilter<4,4,0,1,0>",[59]
,,0.139628,0.0,"  simdInterpolateHorM8_AVX2<4,4,0>",[73]
,,0.031036,0.0,"  simdInterpolateHorM4<4,4,0>",[155]
,,,,,
,,0.0,0.140376,  AdaptiveLoopFilter::ALFProcess,[18]
,,0.0,0.031141,  SampleAdaptiveOffset::SAOProcess,[94]
[60],2.46,0.0,0.171517,UnitBuf<short>::copyFrom,[60]
,,0.0,0.171517,  AreaBuf<short>::copyFrom,[51]
,,,,,
,,0.015548,0.155228,  InterpolationFilter::filterVer<4>,[56]
[61],2.45,0.015548,0.155228,"simdFilter<4,4,1,0,0>",[61]
,,0.139649,0.0,"  simdInterpolateVerM4<4,4,0>",[72]
,,0.015579,0.0,  _security_check_cookie,[139]
,,,,,
,,0.0,0.170717,  InterpolationFilter::filterVer,[36]
[62],2.45,0.0,0.170717,InterpolationFilter::filterVer<8>,[62]
,,0.031100,0.124067,"  simdFilter<4,8,1,0,0>",[69]
,,0.0,0.015551,"  simdFilter<4,8,1,1,0>",[190]
,,,,,
,,0.170638,0.0,  InterPrediction::xPrefetch,[52]
[63],2.45,0.170638,0.0,copyBufferSimd<4>,[63]
,,,,,
,,0.0,0.155514,  CABACReader::cu_residual,[54]
[64],2.23,0.0,0.155514,<cycle 3 as a whole>,[64]
,,0.0,0.155514,  CABACReader::transform_tree <cycle 3>,[65]
,,,,,
,,0.0,0.155514,  CABACReader::cu_residual,[54]
,,,,  CABACReader::transform_tree <cycle 3>,[65]
[65],2.23,0.0,0.155514,CABACReader::transform_tree <cycle 3>,[65]
,,0.0,0.108911,  AreaBuf<int>::fill,[74]
,,0.0,0.015530,  AreaBuf<short>::fill,[137]
,,,,  CABACReader::transform_tree <cycle 3>,[65]
,,0.0,0.031073,  CABACReader::transform_unit,[147]
,,,,,
,,0.0,0.155406,  TrQuant::init,[47]
[66],2.23,0.0,0.155406,DepQuant::DepQuant,[66]
,,0.0,0.155406,  QuantRDOQ::QuantRDOQ,[67]
,,,,,
,,0.0,0.155406,  DepQuant::DepQuant,[66]
[67],2.23,0.0,0.155406,QuantRDOQ::QuantRDOQ,[67]
,,0.0,0.108722,  Quant::Quant,[79]
,,0.0,0.046684,  QuantRDOQ::xInitScalingList,[113]
,,,,,
,,0.015526,0.139696,  InterPrediction::xProcessDMVR,[16]
[68],2.23,0.015526,0.139696,InterPrediction::xinitMC,[68]
,,0.031014,0.108682,  InterPrediction::xPredInterBlk,[17]
,,,,,
,,0.031100,0.124067,  InterpolationFilter::filterVer<8>,[62]
[69],2.23,0.031100,0.124067,"simdFilter<4,8,1,0,0>",[69]
,,0.092989,0.0,"  simdInterpolateVerM8_AVX2<4,8,0>",[83]
,,0.031079,0.0,"  simdInterpolateVerM4<4,8,0>",[145]
,,,,,
,,0.046553,0.108438,  LoopFilter::xDeblockCU,[23]
[70],2.22,0.046553,0.108438,LoopFilter::xEdgeFilterLuma,[70]
,,0.061849,0.046590,  LoopFilter::xPelFilterLuma,[84]
,,,,,
,,0.015576,0.124203,  InterPrediction::xProcessDMVR,[16]
[71],2.0,0.015576,0.124203,InterPrediction::xBIPMVRefine,[71]
,,0.015485,0.108717,  InterPrediction::xDMVRCost,[77]
,,,,,
,,0.139649,0.0,"  simdFilter<4,4,1,0,0>",[61]
[72],2.0,0.139649,0.0,"simdInterpolateVerM4<4,4,0>",[72]
,,,,,
,,0.139628,0.0,"  simdFilter<4,4,0,1,0>",[59]
[73],2.0,0.139628,0.0,"simdInterpolateHorM8_AVX2<4,4,0>",[73]
,,,,,
,,0.0,0.015572,  CABACReader::cu_residual,[54]
,,0.0,0.108911,  CABACReader::transform_tree <cycle 3>,[65]
[74],1.79,0.0,0.124483,AreaBuf<int>::fill,[74]
,,0.124483,0.0,  memset,[46]
,,,,,
,,0.031097,0.093221,  LoopFilter::xDeblockCU,[23]
[75],1.78,0.031097,0.093221,LoopFilter::xSetMaxFilterLengthPQFromTransformSizes,[75]
,,0.093221,0.0,  CodingStructure::getTU,[76]
,,,,,
,,0.031087,0.0,  LoopFilter::xGetBoundaryStrengthSingle,[42]
,,0.093221,0.0,  LoopFilter::xSetMaxFilterLengthPQFromTransformSizes,[75]
[76],1.78,0.124308,0.0,CodingStructure::getTU,[76]
,,,,,
,,0.015485,0.108717,  InterPrediction::xBIPMVRefine,[71]
[77],1.78,0.015485,0.108717,InterPrediction::xDMVRCost,[77]
,,0.062069,0.0,"  RdCost::xGetSAD_NxN_SIMD<16,4>",[106]
,,0.046649,0.0,  RdCost::setDistParam,[115]
,,,,,
,,0.011152,0.0,  dynamic_cache<struct TransformUnit>::deleteEntries,[235]
,,0.031104,0.0,  QuantRDOQ::xDestroyScalingList,[133]
,,0.077548,0.0,  Quant::xDestroyScalingList,[93]
[78],1.72,0.119804,0.0,free_base,[78]
,,,,,
,,0.0,0.108722,  QuantRDOQ::QuantRDOQ,[67]
[79],1.56,0.0,0.108722,Quant::Quant,[79]
,,0.0,0.108722,  Quant::xInitScalingList,[80]
,,,,,
,,0.0,0.108722,  Quant::Quant,[79]
[80],1.56,0.0,0.108722,Quant::xInitScalingList,[80]
,,0.0,0.108722,  operator new,[58]
,,,,,
,,0.015519,0.093164,  InterPrediction::applyBiOptFlow,[41]
[81],1.56,0.015519,0.093164,InterPrediction::xAddBIOAvg4,[81]
,,0.093164,0.0,  addBIOAvg4_SSE<4>,[87]
,,,,,
,,0.0,0.108652,  TrQuant::init,[47]
[82],1.56,0.0,0.108652,DepQuant::`scalar deleting destructor',[82]
,,0.0,0.077548,  Quant::xDestroyScalingList,[93]
,,0.0,0.031104,  QuantRDOQ::~QuantRDOQ,[134]
,,,,,
,,0.015551,0.0,"  simdFilter<4,8,1,1,0>",[190]
,,0.092989,0.0,"  simdFilter<4,8,1,0,0>",[69]
[83],1.56,0.108539,0.0,"simdInterpolateVerM8_AVX2<4,8,0>",[83]
,,,,,
,,0.061849,0.046590,  LoopFilter::xEdgeFilterLuma,[70]
[84],1.56,0.061849,0.046590,LoopFilter::xPelFilterLuma,[84]
,,0.0,0.046590,  LoopFilter::xFilteringPandQ,[123]
,,,,,
,,0.0,0.093336,  DecCu::decompressCtu,[9]
[85],1.34,0.0,0.093336,DecCu::xDeriveCUMV,[85]
,,0.015605,0.0,  PU::setAllAffineMv,[163]
,,0.0,0.077731,  PU::getAffineMergeCand,[90]
,,,,,
,,0.015485,0.0,  LoopFilter::xSetLoopfilterParam,[228]
,,0.015545,0.0,  CodingStructure::addTU,[126]
,,0.062154,0.0,  LoopFilter::xGetBoundaryStrengthSingle,[42]
[86],1.34,0.093184,0.0,CodingStructure::getCU,[86]
,,,,,
,,0.093164,0.0,  InterPrediction::xAddBIOAvg4,[81]
[87],1.34,0.093164,0.0,addBIOAvg4_SSE<4>,[87]
,,,,,
,,0.031014,0.0,"  simdFilter<4,2,1,0,0>",[157]
,,0.046596,0.015514,"  simdFilter<4,2,0,1,0>",[105]
[88],1.34,0.077611,0.015514,"simdInterpolateN2_10BIT_M4<4,0>",[88]
,,0.015514,0.0,  _security_check_cookie,[139]
,,,,,
,,0.0,0.093079,  DecCu::xIntraRecBlk,[43]
[89],1.33,0.0,0.093079,TrQuant::invTransformNxN,[89]
,,0.0,0.031053,  DepQuant::dequant,[152]
,,0.0,0.062026,  TrQuant::xIT,[109]
,,,,,
,,0.0,0.077731,  DecCu::xDeriveCUMV,[85]
[90],1.11,0.0,0.077731,PU::getAffineMergeCand,[90]
,,0.015573,0.0,  CodingStructure::getPURestricted,[173]
,,0.0,0.062158,  PU::getInterMergeSubPuMvpCand,[100]
,,,,,
,,0.015492,0.062228,  CABACReader::coding_unit,[37]
[91],1.11,0.015492,0.062228,CABACReader::prediction_unit,[91]
,,0.031145,0.031083,  PU::spanMotionInfo,[97]
,,,,,
,,0.0,0.015525,  CABACReader::split_cu_mode,[124]
,,0.015532,0.0,  CABACReader::cu_gbi_flag,[214]
,,0.015539,0.0,  CABACReader::residual_coding_subblock,[209]
,,0.015588,0.015463,  CABACReader::coding_tree_unit,[27]
[92],1.11,0.046658,0.030987,TBinDecoder<class BinProbModel_Std>::decodeBin,[92]
,,0.015525,0.0,  InputBitstream::readByte,[218]
,,0.015463,0.0,  BinProbModel_Std::update,[231]
,,,,,
,,0.0,0.077548,  DepQuant::`scalar deleting destructor',[82]
[93],1.11,0.0,0.077548,Quant::xDestroyScalingList,[93]
,,0.077548,0.0,  free_base,[78]
,,,,,
,,0.0,0.077540,  DecLib::executeLoopFilters,[15]
[94],1.11,0.0,0.077540,SampleAdaptiveOffset::SAOProcess,[94]
,,0.0,0.046399,  SampleAdaptiveOffset::offsetCTU,[129]
,,0.0,0.031141,  UnitBuf<short>::copyFrom,[60]
,,,,,
,,0.0,0.062248,  InterPrediction::applyBiOptFlow,[41]
[95],0.89,0.0,0.062248,InterPrediction::xBioGradFilter,[95]
,,0.062248,0.0,"  gradFilter_SSE<4,1>",[96]
,,,,,
,,0.062248,0.0,  InterPrediction::xBioGradFilter,[95]
[96],0.89,0.062248,0.0,"gradFilter_SSE<4,1>",[96]
,,,,,
,,0.031145,0.031083,  CABACReader::prediction_unit,[91]
[97],0.89,0.031145,0.031083,PU::spanMotionInfo,[97]
,,0.031083,0.0,  AreaBuf<struct MotionInfo>::fill,[143]
,,,,,
,,0.046627,0.015568,  Slice::constructRefPicList,[99]
[98],0.89,0.046627,0.015568,Picture::extendPicBorder,[98]
,,0.015568,0.0,  memcpy,[48]
,,,,,
,,0.0,0.062194,  DecLib::xDecodeSlice,[7]
[99],0.89,0.0,0.062194,Slice::constructRefPicList,[99]
,,0.046627,0.015568,  Picture::extendPicBorder,[98]
,,,,,
,,0.0,0.062158,  PU::getAffineMergeCand,[90]
[100],0.89,0.0,0.062158,PU::getInterMergeSubPuMvpCand,[100]
,,0.031090,0.015548,  deriveScaledMotionTemporal,[119]
,,0.015520,0.0,  CodingStructure::getMotionInfo,[156]
,,,,,
,,0.062132,0.0,  InterPrediction::applyBiOptFlow,[41]
[101],0.89,0.062132,0.0,calcBIOSums_SSE<4>,[101]
,,,,,
,,0.015524,0.046606,  UnitBuf<short>::addAvg,[103]
[102],0.89,0.015524,0.046606,AreaBuf<short>::addAvg,[102]
,,0.046606,0.0,"  addAvg_SSE<4,8>",[121]
,,,,,
,,0.0,0.062130,  InterPrediction::xWeightedAverage,[31]
[103],0.89,0.0,0.062130,UnitBuf<short>::addAvg,[103]
,,0.015524,0.046606,  AreaBuf<short>::addAvg,[102]
,,,,,
,,0.0,0.062111,  InterpolationFilter::filterHor,[21]
[104],0.89,0.0,0.062111,InterpolationFilter::filterHor<2>,[104]
,,0.0,0.062111,"  simdFilter<4,2,0,1,0>",[105]
,,,,,
,,0.0,0.062111,  InterpolationFilter::filterHor<2>,[104]
[105],0.89,0.0,0.062111,"simdFilter<4,2,0,1,0>",[105]
,,0.046596,0.015514,"  simdInterpolateN2_10BIT_M4<4,0>",[88]
,,,,,
,,0.062069,0.0,  InterPrediction::xDMVRCost,[77]
[106],0.89,0.062069,0.0,"RdCost::xGetSAD_NxN_SIMD<16,4>",[106]
,,,,,
,,0.015465,0.0,  CodingStructure::addTU,[126]
,,0.015556,0.0,  CodingStructure::addPU,[183]
,,0.031046,0.0,  CodingStructure::addCU,[154]
[107],0.89,0.062066,0.0,AreaBuf<unsigned int>::fill,[107]
,,,,,
,,0.015551,0.046501,  InterPrediction::xProcessDMVR,[16]
[108],0.89,0.015551,0.046501,InterPrediction::xPad,[108]
,,0.046501,0.0,  paddingSimd<4>,[127]
,,,,,
,,0.0,0.062026,  TrQuant::invTransformNxN,[89]
[109],0.89,0.0,0.062026,TrQuant::xIT,[109]
,,0.015468,0.0,  fastInverseDCT2_B64,[229]
,,0.015466,0.0,  fastInverseDCT2_B4,[230]
,,0.0,0.031093,  fastInverseDST7_B8,[141]
,,,,,
,,0.030890,0.030889,  DecCu::xIntraRecBlk,[43]
[110],0.89,0.030890,0.030889,IntraPrediction::predIntraAng,[110]
,,0.030889,0.0,  IntraPrediction::xPredIntraAng,[161]
,,,,,
,,0.0,0.046713,  DecApp::decode,[4]
[111],0.67,0.0,0.046713,DecLib::finishPicture,[111]
,,0.0,0.015582,  CodingStructure::clearCUs,[168]
,,0.0,0.015576,  CodingStructure::destroyCoeffs,[169]
,,0.0,0.015555,  CodingStructure::releaseIntermediateData,[186]
,,,,,
,,0.0,0.046688,  DecCu::xReconInter,[10]
[112],0.67,0.0,0.046688,InterPrediction::motionCompensation4Triangle,[112]
,,0.0,0.031143,  InterPrediction::motionCompensation <cycle 1>,[12]
,,0.0,0.015545,  InterPrediction::weightedTriangleBlk,[199]
,,,,,
,,0.0,0.046684,  QuantRDOQ::QuantRDOQ,[67]
[113],0.67,0.0,0.046684,QuantRDOQ::xInitScalingList,[113]
,,0.0,0.046684,  operator new,[58]
,,,,,
,,0.0,0.046678,  DecLib::xActivateParameterSets,[39]
[114],0.67,0.0,0.046678,Picture::finalInit,[114]
,,0.0,0.031061,  CodingStructure::create,[148]
,,0.0,0.015617,  CodingStructure::initStructData,[162]
,,,,,
,,0.046649,0.0,  InterPrediction::xDMVRCost,[77]
[115],0.67,0.046649,0.0,RdCost::setDistParam,[115]
,,,,,
,,0.015537,0.031111,  LoopFilter::xDeblockCU,[23]
[116],0.67,0.015537,0.031111,LoopFilter::xEdgeFilterChroma,[116]
,,0.015570,0.0,  LoopFilter::xPelFilterChroma,[175]
,,0.0,0.015541,  CodingStructure::getRecoBuf,[207]
,,,,,
,,0.046644,0.0,  UnitBuf<short>::addWeightedAvg,[118]
[117],0.67,0.046644,0.0,AreaBuf<short>::addWeightedAvg,[117]
,,,,,
,,0.0,0.046644,  InterPrediction::xWeightedAverage,[31]
[118],0.67,0.0,0.046644,UnitBuf<short>::addWeightedAvg,[118]
,,0.046644,0.0,  AreaBuf<short>::addWeightedAvg,[117]
,,,,,
,,0.031090,0.015548,  PU::getInterMergeSubPuMvpCand,[100]
[119],0.67,0.031090,0.015548,deriveScaledMotionTemporal,[119]
,,0.0,0.015548,  roundMvComp,[194]
,,,,,
,,0.0,0.046627,  DecCu::decompressCtu,[9]
[120],0.67,0.0,0.046627,InterPrediction::xFillIBCBuffer,[120]
,,0.0,0.046627,  AreaBuf<short>::copyFrom,[51]
,,,,,
,,0.046606,0.0,  AreaBuf<short>::addAvg,[102]
[121],0.67,0.046606,0.0,"addAvg_SSE<4,8>",[121]
,,,,,
,,0.046590,0.0,  LoopFilter::xFilteringPandQ,[123]
[122],0.67,0.046590,0.0,LoopFilter::xBilinearFilter,[122]
,,,,,
,,0.0,0.046590,  LoopFilter::xPelFilterLuma,[84]
[123],0.67,0.0,0.046590,LoopFilter::xFilteringPandQ,[123]
,,0.046590,0.0,  LoopFilter::xBilinearFilter,[122]
,,,,,
,,0.0,0.046584,  CABACReader::coding_tree <cycle 2>,[30]
[124],0.67,0.0,0.046584,CABACReader::split_cu_mode,[124]
,,0.015514,0.0,  DeriveCtx::CtxSplit,[224]
,,0.0,0.015546,  QTBTPartitioner::canSplit,[197]
,,0.0,0.015525,  TBinDecoder<class BinProbModel_Std>::decodeBin,[92]
,,,,,
,,0.0,0.046572,  InterpolationFilter::filterVer,[36]
[125],0.67,0.0,0.046572,InterpolationFilter::filterVer<2>,[125]
,,0.015558,0.0,"  simdFilter<4,2,1,1,0>",[182]
,,0.0,0.031014,"  simdFilter<4,2,1,0,0>",[157]
,,,,,
,,0.015549,0.031009,  CABACReader::coding_unit,[37]
[126],0.67,0.015549,0.031009,CodingStructure::addTU,[126]
,,0.015545,0.0,  CodingStructure::getCU,[86]
,,0.015465,0.0,  AreaBuf<unsigned int>::fill,[107]
,,,,,
,,0.046501,0.0,  InterPrediction::xPad,[108]
[127],0.67,0.046501,0.0,paddingSimd<4>,[127]
,,,,,
,,0.030834,0.015565,  SampleAdaptiveOffset::offsetCTU,[129]
[128],0.67,0.030834,0.015565,SampleAdaptiveOffset::offsetBlock,[128]
,,0.015565,0.0,  sgn<int>,[180]
,,,,,
,,0.0,0.046399,  SampleAdaptiveOffset::SAOProcess,[94]
[129],0.67,0.0,0.046399,SampleAdaptiveOffset::offsetCTU,[129]
,,0.030834,0.015565,  SampleAdaptiveOffset::offsetBlock,[128]
,,,,,
,,0.046231,0.0,  InterpolationFilter::filterHor,[21]
[130],0.66,0.046231,0.0,"InterpolationFilter::filterCopy<1,0>",[130]
,,,,,
,,0.015557,0.015573,  DecCu::xIntraRecBlk,[43]
[131],0.45,0.015557,0.015573,IntraPrediction::xGetLumaRecPixels,[131]
,,0.0,0.015573,  isLeftAvailable,[172]
,,,,,
,,0.015536,0.015572,  DecLib::executeLoopFilters,[15]
[132],0.45,0.015536,0.015572,CS::setRefinedMotionField,[132]
,,0.015572,0.0,  PU::checkDMVRCondition,[174]
,,,,,
,,0.0,0.031104,  QuantRDOQ::~QuantRDOQ,[134]
[133],0.45,0.0,0.031104,QuantRDOQ::xDestroyScalingList,[133]
,,0.031104,0.0,  free_base,[78]
,,,,,
,,0.0,0.031104,  DepQuant::`scalar deleting destructor',[82]
[134],0.45,0.0,0.031104,QuantRDOQ::~QuantRDOQ,[134]
,,0.0,0.031104,  QuantRDOQ::xDestroyScalingList,[133]
,,,,,
,,0.0,0.015550,  PartitionerFactory::get,[158]
,,0.0,0.015550,  TUIntraSubPartitioner::TUIntraSubPartitioner,[191]
[135],0.45,0.0,0.031100,Partitioner::Partitioner,[135]
,,0.015550,0.015550,  `eh vector constructor iterator',[136]
,,,,,
,,0.015550,0.015550,  Partitioner::Partitioner,[135]
[136],0.45,0.015550,0.015550,`eh vector constructor iterator',[136]
,,0.015550,0.0,  guard_check_icall_nop,[192]
,,,,,
,,0.0,0.015530,  CABACReader::transform_tree <cycle 3>,[65]
,,0.015565,0.0,  UnitBuf<short>::fill,[179]
[137],0.45,0.015565,0.015530,AreaBuf<short>::fill,[137]
,,0.015530,0.0,  memset,[46]
,,,,,
,,0.015519,0.0,  PelStorage::destroy,[222]
,,0.015576,0.0,  CodingStructure::destroyCoeffs,[169]
[138],0.45,0.031094,0.0,aligned_free,[138]
,,,,,
,,0.015514,0.0,"  simdInterpolateN2_10BIT_M4<4,0>",[88]
,,0.015579,0.0,"  simdFilter<4,4,1,0,0>",[61]
[139],0.45,0.031093,0.0,_security_check_cookie,[139]
,,,,,
,,0.031093,0.0,  fastInverseDST7_B8,[141]
[140],0.45,0.031093,0.0,_fastInverseMM<8>,[140]
,,,,,
,,0.0,0.031093,  TrQuant::xIT,[109]
[141],0.45,0.0,0.031093,fastInverseDST7_B8,[141]
,,0.031093,0.0,  _fastInverseMM<8>,[140]
,,,,,
,,0.015541,0.0,  CodingStructure::getRecoBuf,[207]
,,0.015543,0.0,  CodingStructure::getBuf,[205]
[142],0.45,0.031084,0.0,CodingStructure::getBuf,[142]
,,,,,
,,0.031083,0.0,  PU::spanMotionInfo,[97]
[143],0.45,0.031083,0.0,AreaBuf<struct MotionInfo>::fill,[143]
,,,,,
,,0.0,0.031080,  DecApp::decode,[4]
[144],0.45,0.0,0.031080,DecApp::xFlushOutput,[144]
,,0.0,0.031080,  VideoIOYuv::write,[25]
,,,,,
,,0.031079,0.0,"  simdFilter<4,8,1,0,0>",[69]
[145],0.45,0.031079,0.0,"simdInterpolateVerM4<4,8,0>",[145]
,,,,,
,,0.0,0.031073,  CABACReader::transform_unit,[147]
[146],0.45,0.0,0.031073,CABACReader::residual_coding,[146]
,,0.0,0.015534,  CABACReader::residual_codingTS,[212]
,,0.0,0.015539,  CABACReader::residual_coding_subblock,[209]
,,,,,
,,0.0,0.031073,  CABACReader::transform_tree <cycle 3>,[65]
[147],0.45,0.0,0.031073,CABACReader::transform_unit,[147]
,,0.0,0.031073,  CABACReader::residual_coding,[146]
,,,,,
,,0.0,0.031061,  Picture::finalInit,[114]
[148],0.45,0.0,0.031061,CodingStructure::create,[148]
,,0.031061,0.0,  CodingStructure::createInternals,[149]
,,,,,
,,0.031061,0.0,  CodingStructure::create,[148]
[149],0.45,0.031061,0.0,CodingStructure::createInternals,[149]
,,,,,
,,0.0,0.031060,  CABACReader::coding_unit,[37]
[150],0.45,0.0,0.031060,CABACReader::cu_pred_data,[150]
,,0.015528,0.0,  CABACReader::intra_luma_pred_modes,[217]
,,0.0,0.015532,  CABACReader::cu_gbi_flag,[214]
,,,,,
,,0.015452,0.015601,  DepQuant::dequant,[152]
[151],0.45,0.015452,0.015601,DQIntern::Quantizer::dequantBlock,[151]
,,0.015601,0.0,  TransformUnit::getCoeffs,[164]
,,,,,
,,0.0,0.031053,  TrQuant::invTransformNxN,[89]
[152],0.45,0.0,0.031053,DepQuant::dequant,[152]
,,0.015452,0.015601,  DQIntern::Quantizer::dequantBlock,[151]
,,,,,
,,0.031046,0.0,  DecCu::xIntraRecBlk,[43]
[153],0.45,0.031046,0.0,QpParam::QpParam,[153]
,,,,,
,,0.0,0.031046,  CABACReader::coding_tree <cycle 2>,[30]
[154],0.45,0.0,0.031046,CodingStructure::addCU,[154]
,,0.031046,0.0,  AreaBuf<unsigned int>::fill,[107]
,,,,,
,,0.031036,0.0,"  simdFilter<4,4,0,1,0>",[59]
[155],0.45,0.031036,0.0,"simdInterpolateHorM4<4,4,0>",[155]
,,,,,
,,0.015497,0.0,  LoopFilter::xGetBoundaryStrengthSingle,[42]
,,0.015520,0.0,  PU::getInterMergeSubPuMvpCand,[100]
[156],0.44,0.031017,0.0,CodingStructure::getMotionInfo,[156]
,,,,,
,,0.0,0.031014,  InterpolationFilter::filterVer<2>,[125]
[157],0.44,0.0,0.031014,"simdFilter<4,2,1,0,0>",[157]
,,0.031014,0.0,"  simdInterpolateN2_10BIT_M4<4,0>",[88]
,,,,,
,,0.0,0.031013,  CABACReader::coding_tree_unit,[27]
[158],0.44,0.0,0.031013,PartitionerFactory::get,[158]
,,0.0,0.015550,  Partitioner::Partitioner,[135]
,,0.0,0.015463,  operator new,[58]
,,,,,
,,0.0,0.030995,  DecApp::decode,[4]
[159],0.44,0.0,0.030995,byteStreamNALUnit,[159]
,,0.0,0.030995,  byteStreamNALUnit,[160]
,,,,,
,,0.0,0.030995,  byteStreamNALUnit,[159]
[160],0.44,0.0,0.030995,byteStreamNALUnit,[160]
,,0.015547,0.0,  InputByteStream::eofBeforeNBytes,[195]
,,0.0,0.015448,"  std::vector<unsigned char,class std::allocator<unsigned char> >::emplace_back<unsigned char>",[232]
,,,,,
,,0.030889,0.0,  IntraPrediction::predIntraAng,[110]
[161],0.44,0.030889,0.0,IntraPrediction::xPredIntraAng,[161]
,,,,,
,,0.0,0.015617,  Picture::finalInit,[114]
[162],0.22,0.0,0.015617,CodingStructure::initStructData,[162]
,,0.015617,0.0,  memset,[46]
,,,,,
,,0.015605,0.0,  DecCu::xDeriveCUMV,[85]
[163],0.22,0.015605,0.0,PU::setAllAffineMv,[163]
,,,,,
,,0.015601,0.0,  DQIntern::Quantizer::dequantBlock,[151]
[164],0.22,0.015601,0.0,TransformUnit::getCoeffs,[164]
,,,,,
,,0.0,0.015594,  DecCu::xIntraRecBlk,[43]
[165],0.22,0.0,0.015594,IntraPrediction::predIntraMip,[165]
,,0.0,0.015594,  MatrixIntraPrediction::predBlock,[167]
,,,,,
,,0.015594,0.0,  MatrixIntraPrediction::predBlock,[167]
[166],0.22,0.015594,0.0,MatrixIntraPrediction::computeReducedPred,[166]
,,,,,
,,0.0,0.015594,  IntraPrediction::predIntraMip,[165]
[167],0.22,0.0,0.015594,MatrixIntraPrediction::predBlock,[167]
,,0.015594,0.0,  MatrixIntraPrediction::computeReducedPred,[166]
,,,,,
,,0.0,0.015582,  DecLib::finishPicture,[111]
[168],0.22,0.0,0.015582,CodingStructure::clearCUs,[168]
,,0.015582,0.0,  memset,[46]
,,,,,
,,0.0,0.015576,  DecLib::finishPicture,[111]
[169],0.22,0.0,0.015576,CodingStructure::destroyCoeffs,[169]
,,0.015576,0.0,  aligned_free,[138]
,,,,,
,,0.015573,0.0,  CodingStructure::getCURestricted,[171]
[170],0.22,0.015573,0.0,CodingStructure::getCU,[170]
,,,,,
,,0.0,0.015573,  isLeftAvailable,[172]
[171],0.22,0.0,0.015573,CodingStructure::getCURestricted,[171]
,,0.015573,0.0,  CodingStructure::getCU,[170]
,,,,,
,,0.0,0.015573,  IntraPrediction::xGetLumaRecPixels,[131]
[172],0.22,0.0,0.015573,isLeftAvailable,[172]
,,0.0,0.015573,  CodingStructure::getCURestricted,[171]
,,,,,
,,0.015573,0.0,  PU::getAffineMergeCand,[90]
[173],0.22,0.015573,0.0,CodingStructure::getPURestricted,[173]
,,,,,
,,0.015572,0.0,  CS::setRefinedMotionField,[132]
[174],0.22,0.015572,0.0,PU::checkDMVRCondition,[174]
,,,,,
,,0.015570,0.0,  LoopFilter::xEdgeFilterChroma,[116]
[175],0.22,0.015570,0.0,LoopFilter::xPelFilterChroma,[175]
,,,,,
,,0.0,0.015567,  InterpolationFilter::filterVer<4>,[56]
[176],0.22,0.0,0.015567,"simdFilter<4,4,1,0,1>",[176]
,,0.015567,0.0,"  simdInterpolateVerM4<4,4,1>",[177]
,,,,,
,,0.015567,0.0,"  simdFilter<4,4,1,0,1>",[176]
[177],0.22,0.015567,0.0,"simdInterpolateVerM4<4,4,1>",[177]
,,,,,
,,0.0,0.015565,  DecCu::decompressCtu,[9]
[178],0.22,0.0,0.015565,InterPrediction::resetVPDUforIBC,[178]
,,0.0,0.015565,  UnitBuf<short>::fill,[179]
,,,,,
,,0.0,0.015565,  InterPrediction::resetVPDUforIBC,[178]
[179],0.22,0.0,0.015565,UnitBuf<short>::fill,[179]
,,0.015565,0.0,  AreaBuf<short>::fill,[137]
,,,,,
,,0.015565,0.0,  SampleAdaptiveOffset::offsetBlock,[128]
[180],0.22,0.015565,0.0,sgn<int>,[180]
,,,,,
,,0.015565,0.0,  LoopFilter::xDeblockCU,[23]
[181],0.22,0.015565,0.0,CU::traverseTUs,[181]
,,,,,
,,0.015558,0.0,  InterpolationFilter::filterVer<2>,[125]
[182],0.22,0.015558,0.0,"simdFilter<4,2,1,1,0>",[182]
,,,,,
,,0.0,0.015556,  CABACReader::coding_unit,[37]
[183],0.22,0.0,0.015556,CodingStructure::addPU,[183]
,,0.015556,0.0,  AreaBuf<unsigned int>::fill,[107]
,,,,,
,,0.015555,0.0,  InterPrediction::xPredAffineBlk,[55]
[184],0.22,0.015555,0.0,"gradFilter_SSE<4,0>",[184]
,,,,,
,,0.0,0.015555,  CodingStructure::releaseIntermediateData,[186]
[185],0.22,0.0,0.015555,CodingStructure::clearTUs,[185]
,,0.015555,0.0,  memset,[46]
,,,,,
,,0.0,0.015555,  DecLib::finishPicture,[111]
[186],0.22,0.0,0.015555,CodingStructure::releaseIntermediateData,[186]
,,0.0,0.015555,  CodingStructure::clearTUs,[185]
,,,,,
,,0.015554,0.0,  DecCu::xReconInter,[10]
[187],0.22,0.015554,0.0,CU::isIBC,[187]
,,,,,
,,0.015554,0.0,  QTBTPartitioner::splitCurrArea,[189]
[188],0.22,0.015554,0.0,QTBTPartitioner::isSplitImplicit,[188]
,,,,,
,,0.0,0.015554,  CABACReader::coding_tree <cycle 2>,[30]
[189],0.22,0.0,0.015554,QTBTPartitioner::splitCurrArea,[189]
,,0.015554,0.0,  QTBTPartitioner::isSplitImplicit,[188]
,,,,,
,,0.0,0.015551,  InterpolationFilter::filterVer<8>,[62]
[190],0.22,0.0,0.015551,"simdFilter<4,8,1,1,0>",[190]
,,0.015551,0.0,"  simdInterpolateVerM8_AVX2<4,8,0>",[83]
,,,,,
,,0.0,0.015550,  CABACReader::cu_residual,[54]
[191],0.22,0.0,0.015550,TUIntraSubPartitioner::TUIntraSubPartitioner,[191]
,,0.0,0.015550,  Partitioner::Partitioner,[135]
,,,,,
,,0.015550,0.0,  `eh vector constructor iterator',[136]
[192],0.22,0.015550,0.0,guard_check_icall_nop,[192]
,,,,,
,,0.015548,0.0,  roundMvComp,[194]
[193],0.22,0.015548,0.0,convertMvFixedToFloat,[193]
,,,,,
,,0.0,0.015548,  deriveScaledMotionTemporal,[119]
[194],0.22,0.0,0.015548,roundMvComp,[194]
,,0.015548,0.0,  convertMvFixedToFloat,[193]
,,,,,
,,0.015547,0.0,  byteStreamNALUnit,[160]
[195],0.22,0.015547,0.0,InputByteStream::eofBeforeNBytes,[195]
,,,,,
,,0.015546,0.0,  LoopFilter::xDeblockCU,[23]
[196],0.22,0.015546,0.0,CU::traversePUs,[196]
,,,,,
,,0.0,0.015546,  CABACReader::split_cu_mode,[124]
[197],0.22,0.0,0.015546,QTBTPartitioner::canSplit,[197]
,,0.015546,0.0,  QTBTPartitioner::getImplicitSplit,[198]
,,,,,
,,0.015546,0.0,  QTBTPartitioner::canSplit,[197]
[198],0.22,0.015546,0.0,QTBTPartitioner::getImplicitSplit,[198]
,,,,,
,,0.0,0.015545,  InterPrediction::motionCompensation4Triangle,[112]
[199],0.22,0.0,0.015545,InterPrediction::weightedTriangleBlk,[199]
,,0.0,0.015545,  InterpolationFilter::weightedTriangleBlk,[200]
,,,,,
,,0.0,0.015545,  InterPrediction::weightedTriangleBlk,[199]
[200],0.22,0.0,0.015545,InterpolationFilter::weightedTriangleBlk,[200]
,,0.015545,0.0,  xWeightedTriangleBlk_SSE<4>,[201]
,,,,,
,,0.015545,0.0,  InterpolationFilter::weightedTriangleBlk,[200]
[201],0.22,0.015545,0.0,xWeightedTriangleBlk_SSE<4>,[201]
,,,,,
,,0.015545,0.0,"  simdFilter<4,8,0,1,0>",[33]
[202],0.22,0.015545,0.0,"simdInterpolateHorM4<4,8,0>",[202]
,,,,,
,,0.0,0.015544,  DecCu::xIntraRecBlk,[43]
[203],0.22,0.0,0.015544,IntraPrediction::initIntraPatternChType,[203]
,,0.015544,0.0,  IntraPrediction::xFilterReferenceSamples,[204]
,,,,,
,,0.015544,0.0,  IntraPrediction::initIntraPatternChType,[203]
[204],0.22,0.015544,0.0,IntraPrediction::xFilterReferenceSamples,[204]
,,,,,
,,0.0,0.015543,  CodingStructure::getPredBuf,[206]
[205],0.22,0.0,0.015543,CodingStructure::getBuf,[205]
,,0.015543,0.0,  CodingStructure::getBuf,[142]
,,,,,
,,0.0,0.015543,  DecCu::xReconInter,[10]
[206],0.22,0.0,0.015543,CodingStructure::getPredBuf,[206]
,,0.0,0.015543,  CodingStructure::getBuf,[205]
,,,,,
,,0.0,0.015541,  LoopFilter::xEdgeFilterChroma,[116]
[207],0.22,0.0,0.015541,CodingStructure::getRecoBuf,[207]
,,0.015541,0.0,  CodingStructure::getBuf,[142]
,,,,,
,,0.015541,0.0,  InterPrediction::xPredInterBlk,[17]
[208],0.22,0.015541,0.0,Picture::getRecoBuf,[208]
,,,,,
,,0.0,0.015539,  CABACReader::residual_coding,[146]
[209],0.22,0.0,0.015539,CABACReader::residual_coding_subblock,[209]
,,0.015539,0.0,  TBinDecoder<class BinProbModel_Std>::decodeBin,[92]
,,,,,
,,0.0,0.015535,  DecLib::xActivateParameterSets,[39]
[210],0.22,0.0,0.015535,AdaptiveLoopFilter::create,[210]
,,0.015535,0.0,"  std::vector<struct AlfFilterShape,class std::allocator<struct AlfFilterShape> >::emplace_back<struct AlfFilterShape>",[211]
,,,,,
,,0.015535,0.0,  AdaptiveLoopFilter::create,[210]
[211],0.22,0.015535,0.0,"std::vector<struct AlfFilterShape,class std::allocator<struct AlfFilterShape> >::emplace_back<struct AlfFilterShape>",[211]
,,,,,
,,0.0,0.015534,  CABACReader::residual_coding,[146]
[212],0.22,0.0,0.015534,CABACReader::residual_codingTS,[212]
,,0.015534,0.0,  CoeffCodingContext::initSubblock,[213]
,,,,,
,,0.015534,0.0,  CABACReader::residual_codingTS,[212]
[213],0.22,0.015534,0.0,CoeffCodingContext::initSubblock,[213]
,,,,,
,,0.0,0.015532,  CABACReader::cu_pred_data,[150]
[214],0.22,0.0,0.015532,CABACReader::cu_gbi_flag,[214]
,,0.015532,0.0,  TBinDecoder<class BinProbModel_Std>::decodeBin,[92]
,,,,,
,,0.0,0.015531,  InterpolationFilter::filterHor<8>,[32]
[215],0.22,0.0,0.015531,"simdFilter<4,8,0,1,1>",[215]
,,0.015531,0.0,"  simdInterpolateHorM8_AVX2<4,8,1>",[216]
,,,,,
,,0.015531,0.0,"  simdFilter<4,8,0,1,1>",[215]
[216],0.22,0.015531,0.0,"simdInterpolateHorM8_AVX2<4,8,1>",[216]
,,,,,
,,0.015528,0.0,  CABACReader::cu_pred_data,[150]
[217],0.22,0.015528,0.0,CABACReader::intra_luma_pred_modes,[217]
,,,,,
,,0.015525,0.0,  TBinDecoder<class BinProbModel_Std>::decodeBin,[92]
[218],0.22,0.015525,0.0,InputBitstream::readByte,[218]
,,,,,
,,0.015525,0.0,  InterPrediction::applyBiOptFlow,[41]
[219],0.22,0.015525,0.0,InterPrediction::rightShiftMSB,[219]
,,,,,
,,,,  InterPrediction::motionCompensation <cycle 1>,[12]
[220],0.22,0.015522,0.0,InterPrediction::xSubPuMC <cycle 1>,[220]
,,,,  InterPrediction::motionCompensation <cycle 1>,[12]
,,,,,
,,0.015521,0.0,  LoopFilter::xDeblockCU,[23]
[221],0.22,0.015521,0.0,"std::_Sort_unchecked1<int *,__int64,struct std::less<void> >",[221]
,,,,,
,,0.0,0.015519,  SampleAdaptiveOffset::create,[223]
[222],0.22,0.0,0.015519,PelStorage::destroy,[222]
,,0.015519,0.0,  aligned_free,[138]
,,,,,
,,0.0,0.015519,  DecLib::xActivateParameterSets,[39]
[223],0.22,0.0,0.015519,SampleAdaptiveOffset::create,[223]
,,0.0,0.015519,  PelStorage::destroy,[222]
,,,,,
,,0.015514,0.0,  CABACReader::split_cu_mode,[124]
[224],0.22,0.015514,0.0,DeriveCtx::CtxSplit,[224]
,,,,,
,,0.0,0.015504,  DecCu::xIntraRecBlk,[43]
[225],0.22,0.0,0.015504,IntraPrediction::initIntraMip,[225]
,,0.015504,0.0,  MatrixIntraPrediction::prepareInputForPred,[226]
,,,,,
,,0.015504,0.0,  IntraPrediction::initIntraMip,[225]
[226],0.22,0.015504,0.0,MatrixIntraPrediction::prepareInputForPred,[226]
,,,,,
,,0.015486,0.0,  InterPrediction::xPrefetch,[52]
[227],0.22,0.015486,0.0,clipMv,[227]
,,,,,
,,0.0,0.015485,  LoopFilter::xDeblockCU,[23]
[228],0.22,0.0,0.015485,LoopFilter::xSetLoopfilterParam,[228]
,,0.015485,0.0,  CodingStructure::getCU,[86]
,,,,,
,,0.015468,0.0,  TrQuant::xIT,[109]
[229],0.22,0.015468,0.0,fastInverseDCT2_B64,[229]
,,,,,
,,0.015466,0.0,  TrQuant::xIT,[109]
[230],0.22,0.015466,0.0,fastInverseDCT2_B4,[230]
,,,,,
,,0.015463,0.0,  TBinDecoder<class BinProbModel_Std>::decodeBin,[92]
[231],0.22,0.015463,0.0,BinProbModel_Std::update,[231]
,,,,,
,,0.0,0.015448,  byteStreamNALUnit,[160]
[232],0.22,0.0,0.015448,"std::vector<unsigned char,class std::allocator<unsigned char> >::emplace_back<unsigned char>",[232]
,,0.0,0.015448,  operator new,[58]
,,,,,
,,0.015404,0.0,  DecCu::xIntraRecBlk,[43]
[233],0.22,0.015404,0.0,PU::getFinalIntraMode,[233]
,,,,,
,,0.0,0.011152,  exit,[236]
[234],0.16,0.0,0.011152,XUCache::~XUCache,[234]
,,0.0,0.011152,  dynamic_cache<struct TransformUnit>::deleteEntries,[235]
,,,,,
,,0.0,0.011152,  XUCache::~XUCache,[234]
[235],0.16,0.0,0.011152,dynamic_cache<struct TransformUnit>::deleteEntries,[235]
,,0.011152,0.0,  free_base,[78]
,,,,,
,,0.0,0.011152,  _scrt_common_main_seh,[3]
[236],0.16,0.0,0.011152,exit,[236]
,,0.0,0.011152,  XUCache::~XUCache,[234]
,,,,,
,,0.009455,0.0,  initterm,[238]
[237],0.14,0.009455,0.0,`dynamic initializer for 'g_reusedUniMVs'',[237]
,,,,,
,,0.0,0.009455,  _scrt_common_main_seh,[3]
[238],0.14,0.0,0.009455,initterm,[238]
,,0.009455,0.0,  `dynamic initializer for 'g_reusedUniMVs'',[237]
,,,,,
,,0.0,0.007906,  DecLib::xActivateParameterSets,[39]
[239],0.11,0.0,0.007906,DecLib::xGetNewPicBuffer,[239]
,,0.0,0.007906,  Picture::create,[241]
,,,,,
,,0.0,0.007906,  Picture::create,[241]
[240],0.11,0.0,0.007906,PelStorage::create,[240]
,,0.007906,0.0,  func@0x1800524df,[242]
,,,,,
,,0.0,0.007906,  DecLib::xGetNewPicBuffer,[239]
[241],0.11,0.0,0.007906,Picture::create,[241]
,,0.0,0.007906,  PelStorage::create,[240]
,,,,,
,,0.007906,0.0,  PelStorage::create,[240]
[242],0.11,0.007906,0.0,func@0x1800524df,[242]
,,,,,
,,,,  InterPrediction::motionCompensation <cycle 1>,[12]
[243],0.0,0.0,0.0,InterPrediction::xSubPuBio <cycle 1>,[243]
,,,,  InterPrediction::motionCompensation <cycle 1>,[12]
,,,,,


Index by function name

Index,Function
[18],AdaptiveLoopFilter::ALFProcess
[210],AdaptiveLoopFilter::create
[49],AdaptiveLoopFilter::deriveClassification
[74],AreaBuf<int>::fill
[102],AreaBuf<short>::addAvg
[117],AreaBuf<short>::addWeightedAvg
[34],AreaBuf<short>::copyClip
[51],AreaBuf<short>::copyFrom
[137],AreaBuf<short>::fill
[143],AreaBuf<struct MotionInfo>::fill
[107],AreaBuf<unsigned int>::fill
[1],BaseThreadInitThunk
[231],BinProbModel_Std::update
[30],CABACReader::coding_tree
[27],CABACReader::coding_tree_unit
[37],CABACReader::coding_unit
[214],CABACReader::cu_gbi_flag
[150],CABACReader::cu_pred_data
[54],CABACReader::cu_residual
[217],CABACReader::intra_luma_pred_modes
[91],CABACReader::prediction_unit
[146],CABACReader::residual_coding
[212],CABACReader::residual_codingTS
[209],CABACReader::residual_coding_subblock
[124],CABACReader::split_cu_mode
[65],CABACReader::transform_tree
[147],CABACReader::transform_unit
[132],CS::setRefinedMotionField
[187],CU::isIBC
[196],CU::traversePUs
[181],CU::traverseTUs
[154],CodingStructure::addCU
[183],CodingStructure::addPU
[126],CodingStructure::addTU
[168],CodingStructure::clearCUs
[185],CodingStructure::clearTUs
[148],CodingStructure::create
[149],CodingStructure::createInternals
[169],CodingStructure::destroyCoeffs
[142],CodingStructure::getBuf
[205],CodingStructure::getBuf
[170],CodingStructure::getCU
[86],CodingStructure::getCU
[171],CodingStructure::getCURestricted
[156],CodingStructure::getMotionInfo
[173],CodingStructure::getPURestricted
[206],CodingStructure::getPredBuf
[207],CodingStructure::getRecoBuf
[76],CodingStructure::getTU
[162],CodingStructure::initStructData
[186],CodingStructure::releaseIntermediateData
[213],CoeffCodingContext::initSubblock
[151],DQIntern::Quantizer::dequantBlock
[4],DecApp::decode
[144],DecApp::xFlushOutput
[28],DecApp::xWriteOutput
[9],DecCu::decompressCtu
[85],DecCu::xDeriveCUMV
[43],DecCu::xIntraRecBlk
[44],DecCu::xIntraRecQT
[10],DecCu::xReconInter
[45],DecCu::xReconIntraQT
[6],DecLib::decode
[15],DecLib::executeLoopFilters
[111],DecLib::finishPicture
[39],DecLib::xActivateParameterSets
[7],DecLib::xDecodeSlice
[239],DecLib::xGetNewPicBuffer
[8],DecSlice::decompressSlice
[66],DepQuant::DepQuant
[82],DepQuant::`scalar deleting destructor'
[152],DepQuant::dequant
[224],DeriveCtx::CtxSplit
[218],InputBitstream::readByte
[195],InputByteStream::eofBeforeNBytes
[41],InterPrediction::applyBiOptFlow
[14],InterPrediction::motionCompensation
[12],InterPrediction::motionCompensation
[112],InterPrediction::motionCompensation4Triangle
[178],InterPrediction::resetVPDUforIBC
[219],InterPrediction::rightShiftMSB
[199],InterPrediction::weightedTriangleBlk
[81],InterPrediction::xAddBIOAvg4
[71],InterPrediction::xBIPMVRefine
[95],InterPrediction::xBioGradFilter
[77],InterPrediction::xDMVRCost
[120],InterPrediction::xFillIBCBuffer
[24],InterPrediction::xFinalPaddedMCForDMVR
[108],InterPrediction::xPad
[55],InterPrediction::xPredAffineBlk
[13],InterPrediction::xPredInterBi
[17],InterPrediction::xPredInterBlk
[22],InterPrediction::xPredInterUni
[52],InterPrediction::xPrefetch
[16],InterPrediction::xProcessDMVR
[243],InterPrediction::xSubPuBio
[220],InterPrediction::xSubPuMC
[31],InterPrediction::xWeightedAverage
[68],InterPrediction::xinitMC
[130],"InterpolationFilter::filterCopy<1,0>"
[21],InterpolationFilter::filterHor
[104],InterpolationFilter::filterHor<2>
[53],InterpolationFilter::filterHor<4>
[32],InterpolationFilter::filterHor<8>
[36],InterpolationFilter::filterVer
[125],InterpolationFilter::filterVer<2>
[56],InterpolationFilter::filterVer<4>
[62],InterpolationFilter::filterVer<8>
[200],InterpolationFilter::weightedTriangleBlk
[225],IntraPrediction::initIntraMip
[203],IntraPrediction::initIntraPatternChType
[110],IntraPrediction::predIntraAng
[165],IntraPrediction::predIntraMip
[204],IntraPrediction::xFilterReferenceSamples
[131],IntraPrediction::xGetLumaRecPixels
[161],IntraPrediction::xPredIntraAng
[20],LoopFilter::loopFilterPic
[122],LoopFilter::xBilinearFilter
[23],LoopFilter::xDeblockCU
[116],LoopFilter::xEdgeFilterChroma
[70],LoopFilter::xEdgeFilterLuma
[123],LoopFilter::xFilteringPandQ
[42],LoopFilter::xGetBoundaryStrengthSingle
[175],LoopFilter::xPelFilterChroma
[84],LoopFilter::xPelFilterLuma
[228],LoopFilter::xSetLoopfilterParam
[75],LoopFilter::xSetMaxFilterLengthPQFromTransformSizes
[166],MatrixIntraPrediction::computeReducedPred
[167],MatrixIntraPrediction::predBlock
[226],MatrixIntraPrediction::prepareInputForPred
[174],PU::checkDMVRCondition
[90],PU::getAffineMergeCand
[233],PU::getFinalIntraMode
[100],PU::getInterMergeSubPuMvpCand
[163],PU::setAllAffineMv
[97],PU::spanMotionInfo
[135],Partitioner::Partitioner
[158],PartitionerFactory::get
[240],PelStorage::create
[222],PelStorage::destroy
[241],Picture::create
[98],Picture::extendPicBorder
[114],Picture::finalInit
[208],Picture::getRecoBuf
[197],QTBTPartitioner::canSplit
[198],QTBTPartitioner::getImplicitSplit
[188],QTBTPartitioner::isSplitImplicit
[189],QTBTPartitioner::splitCurrArea
[153],QpParam::QpParam
[79],Quant::Quant
[93],Quant::xDestroyScalingList
[80],Quant::xInitScalingList
[67],QuantRDOQ::QuantRDOQ
[133],QuantRDOQ::xDestroyScalingList
[113],QuantRDOQ::xInitScalingList
[134],QuantRDOQ::~QuantRDOQ
[115],RdCost::setDistParam
[106],"RdCost::xGetSAD_NxN_SIMD<16,4>"
[2],RtlUserThreadStart
[94],SampleAdaptiveOffset::SAOProcess
[223],SampleAdaptiveOffset::create
[128],SampleAdaptiveOffset::offsetBlock
[129],SampleAdaptiveOffset::offsetCTU
[99],Slice::constructRefPicList
[92],TBinDecoder<class BinProbModel_Std>::decodeBin
[191],TUIntraSubPartitioner::TUIntraSubPartitioner
[47],TrQuant::init
[89],TrQuant::invTransformNxN
[109],TrQuant::xIT
[164],TransformUnit::getCoeffs
[103],UnitBuf<short>::addAvg
[118],UnitBuf<short>::addWeightedAvg
[35],UnitBuf<short>::copyClip
[60],UnitBuf<short>::copyFrom
[179],UnitBuf<short>::fill
[25],VideoIOYuv::write
[234],XUCache::~XUCache
[140],_fastInverseMM<8>
[3],_scrt_common_main_seh
[139],_security_check_cookie
[237],`dynamic initializer for 'g_reusedUniMVs''
[136],`eh vector constructor iterator'
[121],"addAvg_SSE<4,8>"
[87],addBIOAvg4_SSE<4>
[138],aligned_free
[159],byteStreamNALUnit
[160],byteStreamNALUnit
[101],calcBIOSums_SSE<4>
[227],clipMv
[193],convertMvFixedToFloat
[63],copyBufferSimd<4>
[119],deriveScaledMotionTemporal
[235],dynamic_cache<struct TransformUnit>::deleteEntries
[236],exit
[230],fastInverseDCT2_B4
[229],fastInverseDCT2_B64
[141],fastInverseDST7_B8
[78],free_base
[242],func@0x1800524df
[184],"gradFilter_SSE<4,0>"
[96],"gradFilter_SSE<4,1>"
[192],guard_check_icall_nop
[238],initterm
[172],isLeftAvailable
[5],main
[57],malloc_base
[48],memcpy
[46],memset
[58],operator new
[127],paddingSimd<4>
[194],roundMvComp
[180],sgn<int>
[50],simdDeriveClassificationBlk<4>
[19],simdFilter7x7Blk<4>
[105],"simdFilter<4,2,0,1,0>"
[157],"simdFilter<4,2,1,0,0>"
[182],"simdFilter<4,2,1,1,0>"
[59],"simdFilter<4,4,0,1,0>"
[61],"simdFilter<4,4,1,0,0>"
[176],"simdFilter<4,4,1,0,1>"
[33],"simdFilter<4,8,0,1,0>"
[215],"simdFilter<4,8,0,1,1>"
[69],"simdFilter<4,8,1,0,0>"
[190],"simdFilter<4,8,1,1,0>"
[155],"simdInterpolateHorM4<4,4,0>"
[202],"simdInterpolateHorM4<4,8,0>"
[73],"simdInterpolateHorM8_AVX2<4,4,0>"
[38],"simdInterpolateHorM8_AVX2<4,8,0>"
[216],"simdInterpolateHorM8_AVX2<4,8,1>"
[88],"simdInterpolateN2_10BIT_M4<4,0>"
[72],"simdInterpolateVerM4<4,4,0>"
[177],"simdInterpolateVerM4<4,4,1>"
[145],"simdInterpolateVerM4<4,8,0>"
[83],"simdInterpolateVerM8_AVX2<4,8,0>"
[221],"std::_Sort_unchecked1<int *,__int64,struct std::less<void> >"
[40],"std::basic_ostream<char,struct std::char_traits<char> >::write"
[211],"std::vector<struct AlfFilterShape,class std::allocator<struct AlfFilterShape> >::emplace_back<struct AlfFilterShape>"
[232],"std::vector<unsigned char,class std::allocator<unsigned char> >::emplace_back<unsigned char>"
[26],writePlane
[201],xWeightedTriangleBlk_SSE<4>
[11],<cycle 1>
[29],<cycle 2>
[64],<cycle 3>
