Index,% CPU Time:Total,CPU Time:Self,CPU Time:Children,Name,Index
,,0.0,10.424675,  RtlUserThreadStart,[2]
[1],100.0,0.0,10.424675,BaseThreadInitThunk,[1]
,,0.0,10.424675,  _scrt_common_main_seh,[3]
,,,,,
,,,,  <spontaneous>,
[2],100.0,0.0,10.424675,RtlUserThreadStart,[2]
,,0.0,10.424675,  BaseThreadInitThunk,[1]
,,,,,
,,0.0,10.424675,  BaseThreadInitThunk,[1]
[3],100.0,0.0,10.424675,_scrt_common_main_seh,[3]
,,0.0,10.424675,  main,[4]
,,,,,
,,0.0,10.424675,  _scrt_common_main_seh,[3]
[4],100.0,0.0,10.424675,main,[4]
,,0.0,10.412501,  TAppDecTop::decode,[5]
,,0.0,0.012174,  TDecTop::~TDecTop,[175]
,,,,,
,,0.0,10.412501,  main,[4]
[5],99.88,0.0,10.412501,TAppDecTop::decode,[5]
,,0.015541,0.0,  convertPayloadToRBSP,[159]
,,0.0,0.031141,  TAppDecTop::xFlushOutput,[132]
,,0.0,0.445829,  TAppDecTop::xWriteOutput,[51]
,,0.0,2.191228,  TDecGop::filterPicture,[15]
,,0.0,7.560098,  TDecTop::decode,[6]
,,0.0,0.168663,  byteStreamNALUnit,[85]
,,,,,
,,0.0,7.560098,  TAppDecTop::decode,[5]
[6],72.52,0.0,7.560098,TDecTop::decode,[6]
,,0.0,7.560098,  TDecTop::xDecodeSlice,[7]
,,,,,
,,0.0,7.560098,  TDecTop::decode,[6]
[7],72.52,0.0,7.560098,TDecTop::xDecodeSlice,[7]
,,0.045507,0.0,  TComTrQuant::setErrScaleCoeff,[131]
,,0.015481,0.0,  TComTrQuant::xsetFlatScalingList,[170]
,,0.0,0.046596,  TComSlice::setRefPicList,[127]
,,0.0,6.507352,  TDecGop::decompressSlice,[8]
,,0.0,0.945163,  TDecTop::xActivateParameterSets,[31]
,,,,,
,,0.0,6.507352,  TDecTop::xDecodeSlice,[7]
[8],62.42,0.0,6.507352,TDecGop::decompressSlice,[8]
,,0.0,6.507352,  TDecSlice::decompressSlice,[9]
,,,,,
,,0.0,6.507352,  TDecGop::decompressSlice,[8]
[9],62.42,0.0,6.507352,TDecSlice::decompressSlice,[9]
,,0.046727,1.475557,  TDecCu::xDecodeCU <cycle 4>,[19]
,,0.015549,0.232447,  TComDataCU::initCtu,[76]
,,0.0,4.737071,  TDecCu::xDecompressCU <cycle 6>,[10]
,,,,,
,,,,  TDecCu::xDecompressCU <cycle 6>,[10]
,,0.0,4.737071,  TDecSlice::decompressSlice,[9]
[10],45.44,0.0,4.737071,TDecCu::xDecompressCU <cycle 6>,[10]
,,0.046548,0.0,  TComDataCU::copySubCU,[130]
,,0.015547,0.031114,  TComYuv::clear,[123]
,,0.0,0.202101,  TDecCu::xCopyToPic,[83]
,,,,  TDecCu::xDecompressCU <cycle 6>,[10]
,,0.0,3.742486,  TDecCu::xReconInter,[12]
,,0.0,0.699275,  TDecCu::xReconIntraQT,[37]
,,,,,
,,0.0,4.737071,  TDecSlice::decompressSlice,[9]
[11],45.44,0.0,4.737071,<cycle 6 as a whole>,[11]
,,0.0,4.737071,  TDecCu::xDecompressCU <cycle 6>,[10]
,,,,,
,,0.0,3.742486,  TDecCu::xDecompressCU <cycle 6>,[10]
[12],35.9,0.0,3.742486,TDecCu::xReconInter,[12]
,,0.248574,0.0,  TComYuv::addClip,[74]
,,0.0,2.484717,  TComPrediction::motionCompensation,[13]
,,0.0,1.009194,  TDecCu::xDecodeInterTexture,[25]
,,,,,
,,0.0,2.484717,  TDecCu::xReconInter,[12]
[13],23.83,0.0,2.484717,TComPrediction::motionCompensation,[13]
,,0.031109,0.015566,  TComPrediction::xCheckIdenticalMotion,[121]
,,0.0,2.422504,  TComPrediction::xPredInterBi,[14]
,,0.0,0.015539,  TComPrediction::xPredInterUni,[17]
,,,,,
,,0.0,2.422504,  TComPrediction::motionCompensation,[13]
[14],23.24,0.0,2.422504,TComPrediction::xPredInterBi,[14]
,,0.387965,0.015592,  TComYuv::addAvg,[56]
,,0.0,2.018947,  TComPrediction::xPredInterUni,[17]
,,,,,
,,0.0,2.191228,  TAppDecTop::decode,[5]
[15],21.02,0.0,2.191228,TDecGop::filterPicture,[15]
,,0.0,1.150890,  TComLoopFilter::loopFilterPic,[23]
,,0.0,0.093481,  TComPic::compressMotion,[96]
,,0.0,0.249034,  TComPicYuv::copyToPic,[73]
,,0.0,0.606949,  TComSampleAdaptiveOffset::offsetCTU,[44]
,,0.0,0.090874,  printf,[103]
,,,,,
,,0.046641,1.987844,  TComPrediction::xPredInterUni,[17]
[16],19.52,0.046641,1.987844,TComPrediction::xPredInterBlk,[16]
,,0.031048,1.273649,  TComInterpolationFilter::filterHor,[20]
,,0.015562,0.652095,  TComInterpolationFilter::filterVer,[42]
,,0.015491,0.0,  TComYuv::getAddr,[124]
,,,,,
,,0.0,0.015539,  TComPrediction::motionCompensation,[13]
,,0.0,2.018947,  TComPrediction::xPredInterBi,[14]
[17],19.52,0.0,2.034485,TComPrediction::xPredInterUni,[17]
,,0.046641,1.987844,  TComPrediction::xPredInterBlk,[16]
,,,,,
,,0.046727,1.475557,  TDecSlice::decompressSlice,[9]
[18],14.6,0.046727,1.475557,<cycle 4 as a whole>,[18]
,,0.046727,1.475557,  TDecCu::xDecodeCU <cycle 4>,[19]
,,,,,
,,,,  TDecCu::xDecodeCU <cycle 4>,[19]
,,0.046727,1.475557,  TDecSlice::decompressSlice,[9]
[19],14.6,0.046727,1.475557,TDecCu::xDecodeCU <cycle 4>,[19]
,,0.015578,0.403746,  TDecEntropy::decodePredInfo,[54]
,,0.015566,0.015502,  TDecSbac::parseSkipFlag,[141]
,,0.015518,0.0,  TDecSbac::parsePartSize,[164]
,,0.015507,0.0,  memset,[50]
,,0.0,0.031097,  TComDataCU::getInterMergeCandidates,[91]
,,,,  TDecCu::xDecodeCU <cycle 4>,[19]
,,0.0,0.015578,  TDecCu::xFinishDecodeCU,[152]
,,0.0,0.947465,  TDecEntropy::decodeCoeff,[29]
,,,,,
,,0.031048,1.273649,  TComPrediction::xPredInterBlk,[16]
[20],12.52,0.031048,1.273649,TComInterpolationFilter::filterHor,[20]
,,0.730025,0.0,"  TComInterpolationFilter::filter<8,0,1,0>",[35]
,,0.465913,0.0,"  TComInterpolationFilter::filter<4,0,1,0>",[48]
,,0.046601,0.0,"  TComInterpolationFilter::filter<8,0,1,1>",[125]
,,0.031110,0.0,  TComInterpolationFilter::filterCopy,[134]
,,,,,
,,0.0,0.326455,  TDecCu::xIntraRecBlk,[40]
,,0.015605,0.962517,  TComTrQuant::invRecurTransformNxN <cycle 5>,[27]
[21],12.51,0.015605,1.288972,TComTrQuant::invTransformNxN,[21]
,,0.373104,0.0,  TComTrQuant::xDeQuant,[59]
,,0.077792,0.838076,  TComTrQuant::xIT,[32]
,,,,,
,,0.062236,1.088654,  TComLoopFilter::loopFilterPic,[23]
[22],11.04,0.062236,1.088654,<cycle 1 as a whole>,[22]
,,0.062236,1.088654,  TComLoopFilter::xDeblockCU <cycle 1>,[24]
,,,,,
,,0.0,1.150890,  TDecGop::filterPicture,[15]
[23],11.04,0.0,1.150890,TComLoopFilter::loopFilterPic,[23]
,,0.062236,1.088654,  TComLoopFilter::xDeblockCU <cycle 1>,[24]
,,,,,
,,,,  TComLoopFilter::xDeblockCU <cycle 1>,[24]
,,0.062236,1.088654,  TComLoopFilter::loopFilterPic,[23]
[24],11.04,0.062236,1.088654,TComLoopFilter::xDeblockCU <cycle 1>,[24]
,,0.311062,0.357473,  TComLoopFilter::xEdgeFilterLuma,[41]
,,0.171135,0.015564,  TComLoopFilter::xGetBoundaryStrengthSingle,[84]
,,0.108928,0.0,  TComLoopFilter::xEdgeFilterChroma,[94]
,,0.046776,0.0,  TComTU::TComTU,[106]
,,0.046615,0.031103,  TComLoopFilter::xSetEdgefilterTU <cycle 2>,[109]
,,,,  TComLoopFilter::xDeblockCU <cycle 1>,[24]
,,,,,
,,0.0,1.009194,  TDecCu::xReconInter,[12]
[25],9.68,0.0,1.009194,TDecCu::xDecodeInterTexture,[25]
,,0.031072,0.0,  TComTU::TComTU,[106]
,,0.0,0.978123,  TComTrQuant::invRecurTransformNxN <cycle 5>,[27]
,,,,,
,,0.0,0.978123,  TDecCu::xDecodeInterTexture,[25]
[26],9.38,0.0,0.978123,<cycle 5 as a whole>,[26]
,,0.0,0.978123,  TComTrQuant::invRecurTransformNxN <cycle 5>,[27]
,,,,,
,,,,  TComTrQuant::invRecurTransformNxN <cycle 5>,[27]
,,0.0,0.978123,  TDecCu::xDecodeInterTexture,[25]
[27],9.38,0.0,0.978123,TComTrQuant::invRecurTransformNxN <cycle 5>,[27]
,,0.015605,0.962517,  TComTrQuant::invTransformNxN,[21]
,,,,  TComTrQuant::invRecurTransformNxN <cycle 5>,[27]
,,,,,
,,0.124297,0.823168,  TDecEntropy::decodeCoeff,[29]
[28],9.09,0.124297,0.823168,<cycle 3 as a whole>,[28]
,,0.124297,0.823168,  TDecEntropy::xDecodeTransform <cycle 3>,[30]
,,,,,
,,0.0,0.947465,  TDecCu::xDecodeCU <cycle 4>,[19]
[29],9.09,0.0,0.947465,TDecEntropy::decodeCoeff,[29]
,,0.124297,0.823168,  TDecEntropy::xDecodeTransform <cycle 3>,[30]
,,,,,
,,,,  TDecEntropy::xDecodeTransform <cycle 3>,[30]
,,0.124297,0.823168,  TDecEntropy::decodeCoeff,[29]
[30],9.09,0.124297,0.823168,TDecEntropy::xDecodeTransform <cycle 3>,[30]
,,0.342172,0.372349,  TDecSbac::parseCoeffNxN,[36]
,,0.062078,0.015542,  TDecSbac::parseQtCbf,[111]
,,0.015520,0.0,  TDecSbac::parseCrossComponentPrediction,[163]
,,0.015507,0.0,  TComTURecurse::nextSection,[115]
,,,,  TDecEntropy::xDecodeTransform <cycle 3>,[30]
,,,,,
,,0.0,0.945163,  TDecTop::xDecodeSlice,[7]
[31],9.07,0.0,0.945163,TDecTop::xActivateParameterSets,[31]
,,0.0,0.090892,  TComSampleAdaptiveOffset::create,[97]
,,0.0,0.854271,  TDecTop::xGetNewPicBuffer,[33]
,,,,,
,,0.077792,0.838076,  TComTrQuant::invTransformNxN,[21]
[32],8.79,0.077792,0.838076,TComTrQuant::xIT,[32]
,,0.015501,0.0,  memcpy,[55]
,,0.0,0.822575,  xITrMxN,[34]
,,,,,
,,0.0,0.854271,  TDecTop::xActivateParameterSets,[31]
[33],8.19,0.0,0.854271,TDecTop::xGetNewPicBuffer,[33]
,,0.0,0.525775,  TComPic::create,[45]
,,0.0,0.328496,  TComPic::destroy,[61]
,,,,,
,,0.0,0.822575,  TComTrQuant::xIT,[32]
[34],7.89,0.0,0.822575,xITrMxN,[34]
,,0.480652,0.0,  partialButterflyInverse32,[47]
,,0.155538,0.0,  partialButterflyInverse8,[87]
,,0.155264,0.0,  partialButterflyInverse16,[88]
,,0.031122,0.0,  fastInverseDst,[133]
,,,,,
,,0.730025,0.0,  TComInterpolationFilter::filterHor,[20]
[35],7.0,0.730025,0.0,"TComInterpolationFilter::filter<8,0,1,0>",[35]
,,,,,
,,0.342172,0.372349,  TDecEntropy::xDecodeTransform <cycle 3>,[30]
[36],6.85,0.342172,0.372349,TDecSbac::parseCoeffNxN,[36]
,,0.170813,0.0,  TDecBinCABAC::decodeBin,[75]
,,0.077424,0.0,  TComTrQuant::getSigCtxInc,[113]
,,0.031026,0.0,  memset,[50]
,,0.015570,0.046592,  TDecSbac::parseLastSignificantXY,[114]
,,0.015410,0.0,  getTUEntropyCodingParameters,[171]
,,0.0,0.015514,  TDecSbac::parseTransformSkipFlags,[166]
,,,,,
,,0.0,0.699275,  TDecCu::xDecompressCU <cycle 6>,[10]
[37],6.71,0.0,0.699275,TDecCu::xReconIntraQT,[37]
,,0.015544,0.0,  TComTURecurse::nextSection,[115]
,,0.0,0.683731,  TDecCu::xIntraRecQT <cycle 7>,[39]
,,,,,
,,0.0,0.683731,  TDecCu::xReconIntraQT,[37]
[38],6.56,0.0,0.683731,<cycle 7 as a whole>,[38]
,,0.0,0.683731,  TDecCu::xIntraRecQT <cycle 7>,[39]
,,,,,
,,,,  TDecCu::xIntraRecQT <cycle 7>,[39]
,,0.0,0.683731,  TDecCu::xReconIntraQT,[37]
[39],6.56,0.0,0.683731,TDecCu::xIntraRecQT <cycle 7>,[39]
,,0.077784,0.605947,  TDecCu::xIntraRecBlk,[40]
,,,,  TDecCu::xIntraRecQT <cycle 7>,[39]
,,,,,
,,0.077784,0.605947,  TDecCu::xIntraRecQT <cycle 7>,[39]
[40],6.56,0.077784,0.605947,TDecCu::xIntraRecBlk,[40]
,,0.062038,0.155402,  TComPrediction::initIntraPatternChType,[81]
,,0.015574,0.0,  TComYuv::getAddr,[124]
,,0.015405,0.0,  QpParam::QpParam,[172]
,,0.0,0.031073,  TComPrediction::predIntraAng,[138]
,,0.0,0.326455,  TComTrQuant::invTransformNxN,[21]
,,,,,
,,0.311062,0.357473,  TComLoopFilter::xDeblockCU <cycle 1>,[24]
[41],6.41,0.311062,0.357473,TComLoopFilter::xEdgeFilterLuma,[41]
,,0.295336,0.0,  TComLoopFilter::xPelFilterLuma,[69]
,,0.062137,0.0,  TComLoopFilter::xUseStrongFiltering,[116]
,,,,,
,,0.015562,0.652095,  TComPrediction::xPredInterBlk,[16]
[42],6.4,0.015562,0.652095,TComInterpolationFilter::filterVer,[42]
,,0.341492,0.0,"  TComInterpolationFilter::filter<8,1,0,0>",[63]
,,0.077882,0.0,"  TComInterpolationFilter::filter<4,1,0,0>",[105]
,,0.077743,0.0,"  TComInterpolationFilter::filter<8,1,1,0>",[107]
,,0.061719,0.0,"  TComInterpolationFilter::filter<8,1,0,1>",[118]
,,0.046665,0.0,"  TComInterpolationFilter::filter<4,1,1,0>",[122]
,,0.031074,0.0,"  TComInterpolationFilter::filter<4,1,0,1>",[137]
,,0.015520,0.0,"  TComInterpolationFilter::filter<8,1,1,1>",[162]
,,,,,
,,0.606949,0.0,  TComSampleAdaptiveOffset::offsetCTU,[44]
[43],5.82,0.606949,0.0,TComSampleAdaptiveOffset::offsetBlock,[43]
,,,,,
,,0.0,0.606949,  TDecGop::filterPicture,[15]
[44],5.82,0.0,0.606949,TComSampleAdaptiveOffset::offsetCTU,[44]
,,0.606949,0.0,  TComSampleAdaptiveOffset::offsetBlock,[43]
,,,,,
,,0.0,0.525775,  TDecTop::xGetNewPicBuffer,[33]
[45],5.04,0.0,0.525775,TComPic::create,[45]
,,0.0,0.495263,  TComPicSym::create,[46]
,,0.0,0.030513,  TComPicYuv::create,[145]
,,,,,
,,0.0,0.495263,  TComPic::create,[45]
[46],4.75,0.0,0.495263,TComPicSym::create,[46]
,,0.015099,0.0,  TComDataCU::TComDataCU,[173]
,,0.0,0.465183,  TComDataCU::create,[49]
,,0.0,0.014980,  operator new,[93]
,,,,,
,,0.480652,0.0,  xITrMxN,[34]
[47],4.61,0.480652,0.0,partialButterflyInverse32,[47]
,,,,,
,,0.465913,0.0,  TComInterpolationFilter::filterHor,[20]
[48],4.47,0.465913,0.0,"TComInterpolationFilter::filter<4,0,1,0>",[48]
,,,,,
,,0.0,0.465183,  TComPicSym::create,[46]
[49],4.46,0.0,0.465183,TComDataCU::create,[49]
,,0.089752,0.0,  memset,[50]
,,0.029900,0.030494,  TComCUMvField::create,[119]
,,0.0,0.240217,  aligned_offset_malloc_base,[72]
,,0.0,0.074820,  operator new,[93]
,,,,,
,,0.015507,0.0,  TDecCu::xDecodeCU <cycle 4>,[19]
,,0.015514,0.0,  TDecSbac::parseTransformSkipFlags,[166]
,,0.031026,0.0,  TDecSbac::parseCoeffNxN,[36]
,,0.031073,0.0,  TComDataCU::setSubPart<signed char>,[140]
,,0.031114,0.0,  TComYuv::clear,[123]
,,0.089752,0.0,  TComDataCU::create,[49]
,,0.232447,0.0,  TComDataCU::initCtu,[76]
[50],4.28,0.446434,0.0,memset,[50]
,,,,,
,,0.0,0.445829,  TAppDecTop::decode,[5]
[51],4.28,0.0,0.445829,TAppDecTop::xWriteOutput,[51]
,,0.0,0.445829,  TVideoIOYuv::write,[52]
,,,,,
,,0.0,0.445829,  TAppDecTop::xWriteOutput,[51]
[52],4.28,0.0,0.445829,TVideoIOYuv::write,[52]
,,0.222659,0.223170,  writePlane,[53]
,,,,,
,,0.222659,0.223170,  TVideoIOYuv::write,[52]
[53],4.28,0.222659,0.223170,writePlane,[53]
,,0.0,0.223170,"  std::basic_ostream<char,struct std::char_traits<char> >::write",[79]
,,,,,
,,0.015578,0.403746,  TDecCu::xDecodeCU <cycle 4>,[19]
[54],4.02,0.015578,0.403746,TDecEntropy::decodePredInfo,[54]
,,0.030990,0.341734,  TDecEntropy::decodePUWise,[60]
,,0.0,0.031022,  TDecSbac::parseIntraDirLumaAng,[142]
,,,,,
,,0.015501,0.0,  TComTrQuant::xIT,[32]
,,0.015561,0.0,  TComPicYuv::extendPicBorder,[126]
,,0.124279,0.0,  TComYuv::copyToPicComponent,[82]
,,0.249034,0.0,  TComPicYuv::copyToPic,[73]
[55],3.88,0.404375,0.0,memcpy,[55]
,,,,,
,,0.387965,0.015592,  TComPrediction::xPredInterBi,[14]
[56],3.87,0.387965,0.015592,TComYuv::addAvg,[56]
,,0.015592,0.0,  TComYuv::getAddr,[124]
,,,,,
,,0.391024,0.0,  malloc_base,[58]
[57],3.75,0.391024,0.0,RtlAllocateHeap,[57]
,,,,,
,,0.0,0.270730,  aligned_offset_malloc_base,[72]
,,0.0,0.120294,  operator new,[93]
[58],3.75,0.0,0.391024,malloc_base,[58]
,,0.391024,0.0,  RtlAllocateHeap,[57]
,,,,,
,,0.373104,0.0,  TComTrQuant::invTransformNxN,[21]
[59],3.58,0.373104,0.0,TComTrQuant::xDeQuant,[59]
,,,,,
,,0.030990,0.341734,  TDecEntropy::decodePredInfo,[54]
[60],3.58,0.030990,0.341734,TDecEntropy::decodePUWise,[60]
,,0.030978,0.0,  TComDataCU::copyInterPredInfoFrom,[144]
,,0.030967,0.0,  TComCUMvField::setAll<class TComMv>,[117]
,,0.015567,0.0,  TDecSbac::parseRefFrmIdx,[155]
,,0.015546,0.062090,  TDecEntropy::decodeMVPIdxPU,[110]
,,0.015534,0.093182,  TComDataCU::getInterMergeCandidates,[91]
,,0.015515,0.0,  TComDataCU::setSubPart<unsigned char>,[165]
,,0.0,0.015596,  TDecSbac::parseMergeFlag,[150]
,,0.0,0.046760,  TDecSbac::parseMvd,[120]
,,,,,
,,0.0,0.031141,  TAppDecTop::xFlushOutput,[132]
,,0.0,0.328496,  TDecTop::xGetNewPicBuffer,[33]
[61],3.45,0.0,0.359637,TComPic::destroy,[61]
,,0.0,0.329795,  TComPicSym::destroy,[65]
,,0.0,0.029842,  TComPicYuv::destroy,[92]
,,,,,
,,0.0,0.120734,  TComPicYuv::destroy,[92]
,,0.149018,0.075605,  TComDataCU::destroy,[64]
[62],3.31,0.149018,0.196339,aligned_free,[62]
,,0.0,0.196339,  free_base,[71]
,,,,,
,,0.341492,0.0,  TComInterpolationFilter::filterVer,[42]
[63],3.28,0.341492,0.0,"TComInterpolationFilter::filter<8,1,0,0>",[63]
,,,,,
,,0.029826,0.299968,  TComPicSym::destroy,[65]
[64],3.16,0.029826,0.299968,TComDataCU::destroy,[64]
,,0.149018,0.075605,  aligned_free,[62]
,,0.0,0.075346,  free_base,[71]
,,,,,
,,0.0,0.329795,  TComPic::destroy,[61]
[65],3.16,0.0,0.329795,TComPicSym::destroy,[65]
,,0.029826,0.299968,  TComDataCU::destroy,[64]
,,,,,
,,0.090874,0.0,  write_text_ansi_nolock,[104]
,,0.223170,0.0,  write_nolock,[68]
[66],3.01,0.314044,0.0,WriteFile,[66]
,,,,,
,,0.0,0.090874,  _acrt_stdio_flush_nolock,[101]
,,0.0,0.223170,  write_buffer_nolock<char>,[80]
[67],3.01,0.0,0.314044,write,[67]
,,0.0,0.314044,  write_nolock,[68]
,,,,,
,,0.0,0.314044,  write,[67]
[68],3.01,0.0,0.314044,write_nolock,[68]
,,0.223170,0.0,  WriteFile,[66]
,,0.0,0.090874,  write_text_ansi_nolock,[104]
,,,,,
,,0.295336,0.0,  TComLoopFilter::xEdgeFilterLuma,[41]
[69],2.83,0.295336,0.0,TComLoopFilter::xPelFilterLuma,[69]
,,,,,
,,0.283859,0.0,  free_base,[71]
[70],2.72,0.283859,0.0,RtlFreeHeap,[70]
,,,,,
,,0.0,0.075346,  TComDataCU::destroy,[64]
,,0.0,0.012174,  TComTrQuant::destroyScalingList,[174]
,,0.0,0.196339,  aligned_free,[62]
[71],2.72,0.0,0.283859,free_base,[71]
,,0.283859,0.0,  RtlFreeHeap,[70]
,,,,,
,,0.0,0.240217,  TComDataCU::create,[49]
,,0.0,0.030513,  TComPicYuv::createWithoutCUInfo,[146]
[72],2.6,0.0,0.270730,aligned_offset_malloc_base,[72]
,,0.0,0.270730,  malloc_base,[58]
,,,,,
,,0.0,0.249034,  TDecGop::filterPicture,[15]
[73],2.39,0.0,0.249034,TComPicYuv::copyToPic,[73]
,,0.249034,0.0,  memcpy,[55]
,,,,,
,,0.248574,0.0,  TDecCu::xReconInter,[12]
[74],2.38,0.248574,0.0,TComYuv::addClip,[74]
,,,,,
,,0.0,0.015596,  TDecSbac::parseMergeFlag,[150]
,,0.015542,0.0,  TDecSbac::parseQtCbf,[111]
,,0.046592,0.0,  TDecSbac::parseLastSignificantXY,[114]
,,0.170813,0.0,  TDecSbac::parseCoeffNxN,[36]
[75],2.38,0.232947,0.015596,TDecBinCABAC::decodeBin,[75]
,,0.015596,0.0,  TComInputBitstream::readByte,[149]
,,,,,
,,0.015549,0.232447,  TDecSlice::decompressSlice,[9]
[76],2.38,0.015549,0.232447,TComDataCU::initCtu,[76]
,,0.232447,0.0,  memset,[50]
,,,,,
,,0.0,0.223170,  fputc,[78]
[77],2.14,0.0,0.223170,_acrt_stdio_flush_and_write_narrow_nolock,[77]
,,0.0,0.223170,  write_buffer_nolock<char>,[80]
,,,,,
,,0.0,0.223170,"  std::basic_ostream<char,struct std::char_traits<char> >::write",[79]
[78],2.14,0.0,0.223170,fputc,[78]
,,0.0,0.223170,  _acrt_stdio_flush_and_write_narrow_nolock,[77]
,,,,,
,,0.0,0.223170,  writePlane,[53]
[79],2.14,0.0,0.223170,"std::basic_ostream<char,struct std::char_traits<char> >::write",[79]
,,0.0,0.223170,  fputc,[78]
,,,,,
,,0.0,0.223170,  _acrt_stdio_flush_and_write_narrow_nolock,[77]
[80],2.14,0.0,0.223170,write_buffer_nolock<char>,[80]
,,0.0,0.223170,  write,[67]
,,,,,
,,0.062038,0.155402,  TDecCu::xIntraRecBlk,[40]
[81],2.09,0.062038,0.155402,TComPrediction::initIntraPatternChType,[81]
,,0.077614,0.0,  fillReferenceSamples,[112]
,,0.031095,0.0,  isAboveAvailable,[135]
,,0.015622,0.0,  TComDataCU::getPUAboveRight,[147]
,,0.015547,0.0,  TComDataCU::getPUBelowLeft,[136]
,,0.015526,0.0,  isLeftAvailable,[161]
,,,,,
,,0.077822,0.124279,  TDecCu::xCopyToPic,[83]
[82],1.94,0.077822,0.124279,TComYuv::copyToPicComponent,[82]
,,0.124279,0.0,  memcpy,[55]
,,,,,
,,0.0,0.202101,  TDecCu::xDecompressCU <cycle 6>,[10]
[83],1.94,0.0,0.202101,TDecCu::xCopyToPic,[83]
,,0.077822,0.124279,  TComYuv::copyToPicComponent,[82]
,,,,,
,,0.171135,0.015564,  TComLoopFilter::xDeblockCU <cycle 1>,[24]
[84],1.79,0.171135,0.015564,TComLoopFilter::xGetBoundaryStrengthSingle,[84]
,,0.015564,0.0,  TComDataCU::getPUAbove,[157]
,,,,,
,,0.0,0.168663,  TAppDecTop::decode,[5]
[85],1.62,0.0,0.168663,byteStreamNALUnit,[85]
,,0.0,0.168663,  byteStreamNALUnit,[86]
,,,,,
,,0.0,0.168663,  byteStreamNALUnit,[85]
[86],1.62,0.0,0.168663,byteStreamNALUnit,[86]
,,0.015550,0.0,"  std::vector<unsigned char,class std::allocator<unsigned char> >::emplace_back<unsigned char>",[158]
,,0.0,0.153113,  InputByteStream::eofBeforeNBytes,[89]
,,,,,
,,0.155538,0.0,  xITrMxN,[34]
[87],1.49,0.155538,0.0,partialButterflyInverse8,[87]
,,,,,
,,0.155264,0.0,  xITrMxN,[34]
[88],1.49,0.155264,0.0,partialButterflyInverse16,[88]
,,,,,
,,0.0,0.153113,  byteStreamNALUnit,[86]
[89],1.47,0.0,0.153113,InputByteStream::eofBeforeNBytes,[89]
,,0.153113,0.0,"  std::basic_istream<char,struct std::char_traits<char> >::get",[90]
,,,,,
,,0.153113,0.0,  InputByteStream::eofBeforeNBytes,[89]
[90],1.47,0.153113,0.0,"std::basic_istream<char,struct std::char_traits<char> >::get",[90]
,,,,,
,,0.0,0.031097,  TDecCu::xDecodeCU <cycle 4>,[19]
,,0.015534,0.093182,  TDecEntropy::decodePUWise,[60]
[91],1.34,0.015534,0.124279,TComDataCU::getInterMergeCandidates,[91]
,,0.046585,0.0,  TComDataCU::deriveLeftRightTopIdxGeneral,[128]
,,0.031021,0.0,  TComDataCU::xGetColMVP,[129]
,,0.015576,0.0,  TComDataCU::getPartPosition,[153]
,,0.015567,0.0,  TComDataCU::xDeriveCenterIdx,[154]
,,0.015529,0.0,  TComDataCU::getPUBelowLeft,[136]
,,,,,
,,0.0,0.029842,  TComPic::destroy,[61]
,,0.0,0.090892,  TComSampleAdaptiveOffset::create,[97]
[92],1.16,0.0,0.120734,TComPicYuv::destroy,[92]
,,0.0,0.120734,  aligned_free,[62]
,,,,,
,,0.0,0.030494,  TComCUMvField::create,[119]
,,0.0,0.074820,  TComDataCU::create,[49]
,,0.0,0.014980,  TComPicSym::create,[46]
[93],1.15,0.0,0.120294,operator new,[93]
,,0.0,0.120294,  malloc_base,[58]
,,,,,
,,0.108928,0.0,  TComLoopFilter::xDeblockCU <cycle 1>,[24]
[94],1.04,0.108928,0.0,TComLoopFilter::xEdgeFilterChroma,[94]
,,,,,
,,0.093481,0.0,  TComPic::compressMotion,[96]
[95],0.9,0.093481,0.0,TComCUMvField::compress,[95]
,,,,,
,,0.0,0.093481,  TDecGop::filterPicture,[15]
[96],0.9,0.0,0.093481,TComPic::compressMotion,[96]
,,0.093481,0.0,  TComCUMvField::compress,[95]
,,,,,
,,0.0,0.090892,  TDecTop::xActivateParameterSets,[31]
[97],0.87,0.0,0.090892,TComSampleAdaptiveOffset::create,[97]
,,0.0,0.090892,  TComPicYuv::destroy,[92]
,,,,,
,,0.0,0.090874,"  __crt_seh_guarded_call<int>::operator()<class <lambda_a62c933ada0517137acf5807a1eeac1f>,class <lambda_a31071773b9a94e445cbd5d04ef99106> &,class <lambda_56065050dbf3ada7e59a83db45153de3> >",[99]
[98],0.87,0.0,0.090874,<lambda_a31071773b9a94e445cbd5d04ef99106>::operator(),[98]
,,0.0,0.090874,  _acrt_stdio_end_temporary_buffering_nolock,[100]
,,,,,
,,0.0,0.090874,  _stdio_common_vfprintf,[102]
[99],0.87,0.0,0.090874,"__crt_seh_guarded_call<int>::operator()<class <lambda_a62c933ada0517137acf5807a1eeac1f>,class <lambda_a31071773b9a94e445cbd5d04ef99106> &,class <lambda_56065050dbf3ada7e59a83db45153de3> >",[99]
,,0.0,0.090874,  <lambda_a31071773b9a94e445cbd5d04ef99106>::operator(),[98]
,,,,,
,,0.0,0.090874,  <lambda_a31071773b9a94e445cbd5d04ef99106>::operator(),[98]
[100],0.87,0.0,0.090874,_acrt_stdio_end_temporary_buffering_nolock,[100]
,,0.0,0.090874,  _acrt_stdio_flush_nolock,[101]
,,,,,
,,0.0,0.090874,  _acrt_stdio_end_temporary_buffering_nolock,[100]
[101],0.87,0.0,0.090874,_acrt_stdio_flush_nolock,[101]
,,0.0,0.090874,  write,[67]
,,,,,
,,0.0,0.090874,  printf,[103]
[102],0.87,0.0,0.090874,_stdio_common_vfprintf,[102]
,,0.0,0.090874,"  __crt_seh_guarded_call<int>::operator()<class <lambda_a62c933ada0517137acf5807a1eeac1f>,class <lambda_a31071773b9a94e445cbd5d04ef99106> &,class <lambda_56065050dbf3ada7e59a83db45153de3> >",[99]
,,,,,
,,0.0,0.090874,  TDecGop::filterPicture,[15]
[103],0.87,0.0,0.090874,printf,[103]
,,0.0,0.090874,  _stdio_common_vfprintf,[102]
,,,,,
,,0.0,0.090874,  write_nolock,[68]
[104],0.87,0.0,0.090874,write_text_ansi_nolock,[104]
,,0.090874,0.0,  WriteFile,[66]
,,,,,
,,0.077882,0.0,  TComInterpolationFilter::filterVer,[42]
[105],0.75,0.077882,0.0,"TComInterpolationFilter::filter<4,1,0,0>",[105]
,,,,,
,,0.031072,0.0,  TDecCu::xDecodeInterTexture,[25]
,,0.046776,0.0,  TComLoopFilter::xDeblockCU <cycle 1>,[24]
[106],0.75,0.077847,0.0,TComTU::TComTU,[106]
,,,,,
,,0.077743,0.0,  TComInterpolationFilter::filterVer,[42]
[107],0.75,0.077743,0.0,"TComInterpolationFilter::filter<8,1,1,0>",[107]
,,,,,
,,0.046615,0.031103,  TComLoopFilter::xDeblockCU <cycle 1>,[24]
[108],0.75,0.046615,0.031103,<cycle 2 as a whole>,[108]
,,0.046615,0.031103,  TComLoopFilter::xSetEdgefilterTU <cycle 2>,[109]
,,,,,
,,,,  TComLoopFilter::xSetEdgefilterTU <cycle 2>,[109]
,,0.046615,0.031103,  TComLoopFilter::xDeblockCU <cycle 1>,[24]
[109],0.75,0.046615,0.031103,TComLoopFilter::xSetEdgefilterTU <cycle 2>,[109]
,,0.031103,0.0,  TComTURecurse::nextSection,[115]
,,,,  TComLoopFilter::xSetEdgefilterTU <cycle 2>,[109]
,,,,,
,,0.015546,0.062090,  TDecEntropy::decodePUWise,[60]
[110],0.74,0.015546,0.062090,TDecEntropy::decodeMVPIdxPU,[110]
,,0.0,0.031017,  TComDataCU::fillMvpCand,[143]
,,0.0,0.031073,  TComDataCU::setSubPart<signed char>,[140]
,,,,,
,,0.062078,0.015542,  TDecEntropy::xDecodeTransform <cycle 3>,[30]
[111],0.74,0.062078,0.015542,TDecSbac::parseQtCbf,[111]
,,0.015542,0.0,  TDecBinCABAC::decodeBin,[75]
,,,,,
,,0.077614,0.0,  TComPrediction::initIntraPatternChType,[81]
[112],0.74,0.077614,0.0,fillReferenceSamples,[112]
,,,,,
,,0.077424,0.0,  TDecSbac::parseCoeffNxN,[36]
[113],0.74,0.077424,0.0,TComTrQuant::getSigCtxInc,[113]
,,,,,
,,0.015570,0.046592,  TDecSbac::parseCoeffNxN,[36]
[114],0.6,0.015570,0.046592,TDecSbac::parseLastSignificantXY,[114]
,,0.046592,0.0,  TDecBinCABAC::decodeBin,[75]
,,,,,
,,0.015507,0.0,  TDecEntropy::xDecodeTransform <cycle 3>,[30]
,,0.015544,0.0,  TDecCu::xReconIntraQT,[37]
,,0.031103,0.0,  TComLoopFilter::xSetEdgefilterTU <cycle 2>,[109]
[115],0.6,0.062154,0.0,TComTURecurse::nextSection,[115]
,,,,,
,,0.062137,0.0,  TComLoopFilter::xEdgeFilterLuma,[41]
[116],0.6,0.062137,0.0,TComLoopFilter::xUseStrongFiltering,[116]
,,,,,
,,0.030967,0.0,  TDecEntropy::decodePUWise,[60]
,,0.031158,0.0,  TDecSbac::parseMvd,[120]
[117],0.6,0.062125,0.0,TComCUMvField::setAll<class TComMv>,[117]
,,,,,
,,0.061719,0.0,  TComInterpolationFilter::filterVer,[42]
[118],0.59,0.061719,0.0,"TComInterpolationFilter::filter<8,1,0,1>",[118]
,,,,,
,,0.029900,0.030494,  TComDataCU::create,[49]
[119],0.58,0.029900,0.030494,TComCUMvField::create,[119]
,,0.0,0.030494,  operator new,[93]
,,,,,
,,0.0,0.046760,  TDecEntropy::decodePUWise,[60]
[120],0.45,0.0,0.046760,TDecSbac::parseMvd,[120]
,,0.031158,0.0,  TComCUMvField::setAll<class TComMv>,[117]
,,0.015602,0.0,  TDecBinCABAC::decodeBinsEP,[148]
,,,,,
,,0.031109,0.015566,  TComPrediction::motionCompensation,[13]
[121],0.45,0.031109,0.015566,TComPrediction::xCheckIdenticalMotion,[121]
,,0.015566,0.0,  TComPic::getPOC,[156]
,,,,,
,,0.046665,0.0,  TComInterpolationFilter::filterVer,[42]
[122],0.45,0.046665,0.0,"TComInterpolationFilter::filter<4,1,1,0>",[122]
,,,,,
,,0.015547,0.031114,  TDecCu::xDecompressCU <cycle 6>,[10]
[123],0.45,0.015547,0.031114,TComYuv::clear,[123]
,,0.031114,0.0,  memset,[50]
,,,,,
,,0.015491,0.0,  TComPrediction::xPredInterBlk,[16]
,,0.015574,0.0,  TDecCu::xIntraRecBlk,[40]
,,0.015592,0.0,  TComYuv::addAvg,[56]
[124],0.45,0.046657,0.0,TComYuv::getAddr,[124]
,,,,,
,,0.046601,0.0,  TComInterpolationFilter::filterHor,[20]
[125],0.45,0.046601,0.0,"TComInterpolationFilter::filter<8,0,1,1>",[125]
,,,,,
,,0.031035,0.015561,  TComSlice::setRefPicList,[127]
[126],0.45,0.031035,0.015561,TComPicYuv::extendPicBorder,[126]
,,0.015561,0.0,  memcpy,[55]
,,,,,
,,0.0,0.046596,  TDecTop::xDecodeSlice,[7]
[127],0.45,0.0,0.046596,TComSlice::setRefPicList,[127]
,,0.031035,0.015561,  TComPicYuv::extendPicBorder,[126]
,,,,,
,,0.046585,0.0,  TComDataCU::getInterMergeCandidates,[91]
[128],0.45,0.046585,0.0,TComDataCU::deriveLeftRightTopIdxGeneral,[128]
,,,,,
,,0.015533,0.0,  TComDataCU::fillMvpCand,[143]
,,0.031021,0.0,  TComDataCU::getInterMergeCandidates,[91]
[129],0.45,0.046554,0.0,TComDataCU::xGetColMVP,[129]
,,,,,
,,0.046548,0.0,  TDecCu::xDecompressCU <cycle 6>,[10]
[130],0.45,0.046548,0.0,TComDataCU::copySubCU,[130]
,,,,,
,,0.045507,0.0,  TDecTop::xDecodeSlice,[7]
[131],0.44,0.045507,0.0,TComTrQuant::setErrScaleCoeff,[131]
,,,,,
,,0.0,0.031141,  TAppDecTop::decode,[5]
[132],0.3,0.0,0.031141,TAppDecTop::xFlushOutput,[132]
,,0.0,0.031141,  TComPic::destroy,[61]
,,,,,
,,0.031122,0.0,  xITrMxN,[34]
[133],0.3,0.031122,0.0,fastInverseDst,[133]
,,,,,
,,0.031110,0.0,  TComInterpolationFilter::filterHor,[20]
[134],0.3,0.031110,0.0,TComInterpolationFilter::filterCopy,[134]
,,,,,
,,0.031095,0.0,  TComPrediction::initIntraPatternChType,[81]
[135],0.3,0.031095,0.0,isAboveAvailable,[135]
,,,,,
,,0.015529,0.0,  TComDataCU::getInterMergeCandidates,[91]
,,0.015547,0.0,  TComPrediction::initIntraPatternChType,[81]
[136],0.3,0.031076,0.0,TComDataCU::getPUBelowLeft,[136]
,,,,,
,,0.031074,0.0,  TComInterpolationFilter::filterVer,[42]
[137],0.3,0.031074,0.0,"TComInterpolationFilter::filter<4,1,0,1>",[137]
,,,,,
,,0.0,0.031073,  TDecCu::xIntraRecBlk,[40]
[138],0.3,0.0,0.031073,TComPrediction::predIntraAng,[138]
,,0.031073,0.0,  TComPrediction::xPredIntraAng,[139]
,,,,,
,,0.031073,0.0,  TComPrediction::predIntraAng,[138]
[139],0.3,0.031073,0.0,TComPrediction::xPredIntraAng,[139]
,,,,,
,,0.0,0.031073,  TDecEntropy::decodeMVPIdxPU,[110]
[140],0.3,0.0,0.031073,TComDataCU::setSubPart<signed char>,[140]
,,0.031073,0.0,  memset,[50]
,,,,,
,,0.015566,0.015502,  TDecCu::xDecodeCU <cycle 4>,[19]
[141],0.3,0.015566,0.015502,TDecSbac::parseSkipFlag,[141]
,,0.015502,0.0,  TComDataCU::getCtxSkipFlag,[167]
,,,,,
,,0.0,0.031022,  TDecEntropy::decodePredInfo,[54]
[142],0.3,0.0,0.031022,TDecSbac::parseIntraDirLumaAng,[142]
,,0.015526,0.0,  TComDataCU::getIntraDirPredictor,[160]
,,0.015496,0.0,  TDecBinCABAC::decodeBinEP,[168]
,,,,,
,,0.0,0.031017,  TDecEntropy::decodeMVPIdxPU,[110]
[143],0.3,0.0,0.031017,TComDataCU::fillMvpCand,[143]
,,0.015533,0.0,  TComDataCU::xGetColMVP,[129]
,,0.015484,0.0,  TComDataCU::xAddMVPCandUnscaled,[169]
,,,,,
,,0.030978,0.0,  TDecEntropy::decodePUWise,[60]
[144],0.3,0.030978,0.0,TComDataCU::copyInterPredInfoFrom,[144]
,,,,,
,,0.0,0.030513,  TComPic::create,[45]
[145],0.29,0.0,0.030513,TComPicYuv::create,[145]
,,0.0,0.030513,  TComPicYuv::createWithoutCUInfo,[146]
,,,,,
,,0.0,0.030513,  TComPicYuv::create,[145]
[146],0.29,0.0,0.030513,TComPicYuv::createWithoutCUInfo,[146]
,,0.0,0.030513,  aligned_offset_malloc_base,[72]
,,,,,
,,0.015622,0.0,  TComPrediction::initIntraPatternChType,[81]
[147],0.15,0.015622,0.0,TComDataCU::getPUAboveRight,[147]
,,,,,
,,0.015602,0.0,  TDecSbac::parseMvd,[120]
[148],0.15,0.015602,0.0,TDecBinCABAC::decodeBinsEP,[148]
,,,,,
,,0.015596,0.0,  TDecBinCABAC::decodeBin,[75]
[149],0.15,0.015596,0.0,TComInputBitstream::readByte,[149]
,,,,,
,,0.0,0.015596,  TDecEntropy::decodePUWise,[60]
[150],0.15,0.0,0.015596,TDecSbac::parseMergeFlag,[150]
,,0.0,0.015596,  TDecBinCABAC::decodeBin,[75]
,,,,,
,,0.015578,0.0,  TDecCu::xFinishDecodeCU,[152]
[151],0.15,0.015578,0.0,TComDataCU::isLastSubCUOfCtu,[151]
,,,,,
,,0.0,0.015578,  TDecCu::xDecodeCU <cycle 4>,[19]
[152],0.15,0.0,0.015578,TDecCu::xFinishDecodeCU,[152]
,,0.015578,0.0,  TComDataCU::isLastSubCUOfCtu,[151]
,,,,,
,,0.015576,0.0,  TComDataCU::getInterMergeCandidates,[91]
[153],0.15,0.015576,0.0,TComDataCU::getPartPosition,[153]
,,,,,
,,0.015567,0.0,  TComDataCU::getInterMergeCandidates,[91]
[154],0.15,0.015567,0.0,TComDataCU::xDeriveCenterIdx,[154]
,,,,,
,,0.015567,0.0,  TDecEntropy::decodePUWise,[60]
[155],0.15,0.015567,0.0,TDecSbac::parseRefFrmIdx,[155]
,,,,,
,,0.015566,0.0,  TComPrediction::xCheckIdenticalMotion,[121]
[156],0.15,0.015566,0.0,TComPic::getPOC,[156]
,,,,,
,,0.015564,0.0,  TComLoopFilter::xGetBoundaryStrengthSingle,[84]
[157],0.15,0.015564,0.0,TComDataCU::getPUAbove,[157]
,,,,,
,,0.015550,0.0,  byteStreamNALUnit,[86]
[158],0.15,0.015550,0.0,"std::vector<unsigned char,class std::allocator<unsigned char> >::emplace_back<unsigned char>",[158]
,,,,,
,,0.015541,0.0,  TAppDecTop::decode,[5]
[159],0.15,0.015541,0.0,convertPayloadToRBSP,[159]
,,,,,
,,0.015526,0.0,  TDecSbac::parseIntraDirLumaAng,[142]
[160],0.15,0.015526,0.0,TComDataCU::getIntraDirPredictor,[160]
,,,,,
,,0.015526,0.0,  TComPrediction::initIntraPatternChType,[81]
[161],0.15,0.015526,0.0,isLeftAvailable,[161]
,,,,,
,,0.015520,0.0,  TComInterpolationFilter::filterVer,[42]
[162],0.15,0.015520,0.0,"TComInterpolationFilter::filter<8,1,1,1>",[162]
,,,,,
,,0.015520,0.0,  TDecEntropy::xDecodeTransform <cycle 3>,[30]
[163],0.15,0.015520,0.0,TDecSbac::parseCrossComponentPrediction,[163]
,,,,,
,,0.015518,0.0,  TDecCu::xDecodeCU <cycle 4>,[19]
[164],0.15,0.015518,0.0,TDecSbac::parsePartSize,[164]
,,,,,
,,0.015515,0.0,  TDecEntropy::decodePUWise,[60]
[165],0.15,0.015515,0.0,TComDataCU::setSubPart<unsigned char>,[165]
,,,,,
,,0.0,0.015514,  TDecSbac::parseCoeffNxN,[36]
[166],0.15,0.0,0.015514,TDecSbac::parseTransformSkipFlags,[166]
,,0.015514,0.0,  memset,[50]
,,,,,
,,0.015502,0.0,  TDecSbac::parseSkipFlag,[141]
[167],0.15,0.015502,0.0,TComDataCU::getCtxSkipFlag,[167]
,,,,,
,,0.015496,0.0,  TDecSbac::parseIntraDirLumaAng,[142]
[168],0.15,0.015496,0.0,TDecBinCABAC::decodeBinEP,[168]
,,,,,
,,0.015484,0.0,  TComDataCU::fillMvpCand,[143]
[169],0.15,0.015484,0.0,TComDataCU::xAddMVPCandUnscaled,[169]
,,,,,
,,0.015481,0.0,  TDecTop::xDecodeSlice,[7]
[170],0.15,0.015481,0.0,TComTrQuant::xsetFlatScalingList,[170]
,,,,,
,,0.015410,0.0,  TDecSbac::parseCoeffNxN,[36]
[171],0.15,0.015410,0.0,getTUEntropyCodingParameters,[171]
,,,,,
,,0.015405,0.0,  TDecCu::xIntraRecBlk,[40]
[172],0.15,0.015405,0.0,QpParam::QpParam,[172]
,,,,,
,,0.015099,0.0,  TComPicSym::create,[46]
[173],0.14,0.015099,0.0,TComDataCU::TComDataCU,[173]
,,,,,
,,0.0,0.012174,  TDecTop::~TDecTop,[175]
[174],0.12,0.0,0.012174,TComTrQuant::destroyScalingList,[174]
,,0.0,0.012174,  free_base,[71]
,,,,,
,,0.0,0.012174,  main,[4]
[175],0.12,0.0,0.012174,TDecTop::~TDecTop,[175]
,,0.0,0.012174,  TComTrQuant::destroyScalingList,[174]
,,,,,


Index by function name

Index,Function
[98],<lambda_a31071773b9a94e445cbd5d04ef99106>::operator()
[1],BaseThreadInitThunk
[89],InputByteStream::eofBeforeNBytes
[172],QpParam::QpParam
[57],RtlAllocateHeap
[70],RtlFreeHeap
[2],RtlUserThreadStart
[5],TAppDecTop::decode
[132],TAppDecTop::xFlushOutput
[51],TAppDecTop::xWriteOutput
[95],TComCUMvField::compress
[119],TComCUMvField::create
[117],TComCUMvField::setAll<class TComMv>
[173],TComDataCU::TComDataCU
[144],TComDataCU::copyInterPredInfoFrom
[130],TComDataCU::copySubCU
[49],TComDataCU::create
[128],TComDataCU::deriveLeftRightTopIdxGeneral
[64],TComDataCU::destroy
[143],TComDataCU::fillMvpCand
[167],TComDataCU::getCtxSkipFlag
[91],TComDataCU::getInterMergeCandidates
[160],TComDataCU::getIntraDirPredictor
[157],TComDataCU::getPUAbove
[147],TComDataCU::getPUAboveRight
[136],TComDataCU::getPUBelowLeft
[153],TComDataCU::getPartPosition
[76],TComDataCU::initCtu
[151],TComDataCU::isLastSubCUOfCtu
[140],TComDataCU::setSubPart<signed char>
[165],TComDataCU::setSubPart<unsigned char>
[169],TComDataCU::xAddMVPCandUnscaled
[154],TComDataCU::xDeriveCenterIdx
[129],TComDataCU::xGetColMVP
[149],TComInputBitstream::readByte
[48],"TComInterpolationFilter::filter<4,0,1,0>"
[105],"TComInterpolationFilter::filter<4,1,0,0>"
[137],"TComInterpolationFilter::filter<4,1,0,1>"
[122],"TComInterpolationFilter::filter<4,1,1,0>"
[35],"TComInterpolationFilter::filter<8,0,1,0>"
[125],"TComInterpolationFilter::filter<8,0,1,1>"
[63],"TComInterpolationFilter::filter<8,1,0,0>"
[118],"TComInterpolationFilter::filter<8,1,0,1>"
[107],"TComInterpolationFilter::filter<8,1,1,0>"
[162],"TComInterpolationFilter::filter<8,1,1,1>"
[134],TComInterpolationFilter::filterCopy
[20],TComInterpolationFilter::filterHor
[42],TComInterpolationFilter::filterVer
[23],TComLoopFilter::loopFilterPic
[24],TComLoopFilter::xDeblockCU
[94],TComLoopFilter::xEdgeFilterChroma
[41],TComLoopFilter::xEdgeFilterLuma
[84],TComLoopFilter::xGetBoundaryStrengthSingle
[69],TComLoopFilter::xPelFilterLuma
[109],TComLoopFilter::xSetEdgefilterTU
[116],TComLoopFilter::xUseStrongFiltering
[96],TComPic::compressMotion
[45],TComPic::create
[61],TComPic::destroy
[156],TComPic::getPOC
[46],TComPicSym::create
[65],TComPicSym::destroy
[73],TComPicYuv::copyToPic
[145],TComPicYuv::create
[146],TComPicYuv::createWithoutCUInfo
[92],TComPicYuv::destroy
[126],TComPicYuv::extendPicBorder
[81],TComPrediction::initIntraPatternChType
[13],TComPrediction::motionCompensation
[138],TComPrediction::predIntraAng
[121],TComPrediction::xCheckIdenticalMotion
[14],TComPrediction::xPredInterBi
[16],TComPrediction::xPredInterBlk
[17],TComPrediction::xPredInterUni
[139],TComPrediction::xPredIntraAng
[97],TComSampleAdaptiveOffset::create
[43],TComSampleAdaptiveOffset::offsetBlock
[44],TComSampleAdaptiveOffset::offsetCTU
[127],TComSlice::setRefPicList
[106],TComTU::TComTU
[115],TComTURecurse::nextSection
[174],TComTrQuant::destroyScalingList
[113],TComTrQuant::getSigCtxInc
[27],TComTrQuant::invRecurTransformNxN
[21],TComTrQuant::invTransformNxN
[131],TComTrQuant::setErrScaleCoeff
[59],TComTrQuant::xDeQuant
[32],TComTrQuant::xIT
[170],TComTrQuant::xsetFlatScalingList
[56],TComYuv::addAvg
[74],TComYuv::addClip
[123],TComYuv::clear
[82],TComYuv::copyToPicComponent
[124],TComYuv::getAddr
[75],TDecBinCABAC::decodeBin
[168],TDecBinCABAC::decodeBinEP
[148],TDecBinCABAC::decodeBinsEP
[83],TDecCu::xCopyToPic
[19],TDecCu::xDecodeCU
[25],TDecCu::xDecodeInterTexture
[10],TDecCu::xDecompressCU
[152],TDecCu::xFinishDecodeCU
[40],TDecCu::xIntraRecBlk
[39],TDecCu::xIntraRecQT
[12],TDecCu::xReconInter
[37],TDecCu::xReconIntraQT
[29],TDecEntropy::decodeCoeff
[110],TDecEntropy::decodeMVPIdxPU
[60],TDecEntropy::decodePUWise
[54],TDecEntropy::decodePredInfo
[30],TDecEntropy::xDecodeTransform
[8],TDecGop::decompressSlice
[15],TDecGop::filterPicture
[36],TDecSbac::parseCoeffNxN
[163],TDecSbac::parseCrossComponentPrediction
[142],TDecSbac::parseIntraDirLumaAng
[114],TDecSbac::parseLastSignificantXY
[150],TDecSbac::parseMergeFlag
[120],TDecSbac::parseMvd
[164],TDecSbac::parsePartSize
[111],TDecSbac::parseQtCbf
[155],TDecSbac::parseRefFrmIdx
[141],TDecSbac::parseSkipFlag
[166],TDecSbac::parseTransformSkipFlags
[9],TDecSlice::decompressSlice
[6],TDecTop::decode
[31],TDecTop::xActivateParameterSets
[7],TDecTop::xDecodeSlice
[33],TDecTop::xGetNewPicBuffer
[175],TDecTop::~TDecTop
[52],TVideoIOYuv::write
[66],WriteFile
[99],"__crt_seh_guarded_call<int>::operator()<class <lambda_a62c933ada0517137acf5807a1eeac1f>,class <lambda_a31071773b9a94e445cbd5d04ef99106> &,class <lambda_56065050dbf3ada7e59a83db45153de3> >"
[100],_acrt_stdio_end_temporary_buffering_nolock
[77],_acrt_stdio_flush_and_write_narrow_nolock
[101],_acrt_stdio_flush_nolock
[3],_scrt_common_main_seh
[102],_stdio_common_vfprintf
[62],aligned_free
[72],aligned_offset_malloc_base
[85],byteStreamNALUnit
[86],byteStreamNALUnit
[159],convertPayloadToRBSP
[133],fastInverseDst
[112],fillReferenceSamples
[78],fputc
[71],free_base
[171],getTUEntropyCodingParameters
[135],isAboveAvailable
[161],isLeftAvailable
[4],main
[58],malloc_base
[55],memcpy
[50],memset
[93],operator new
[88],partialButterflyInverse16
[47],partialButterflyInverse32
[87],partialButterflyInverse8
[103],printf
[90],"std::basic_istream<char,struct std::char_traits<char> >::get"
[79],"std::basic_ostream<char,struct std::char_traits<char> >::write"
[158],"std::vector<unsigned char,class std::allocator<unsigned char> >::emplace_back<unsigned char>"
[67],write
[53],writePlane
[80],write_buffer_nolock<char>
[68],write_nolock
[104],write_text_ansi_nolock
[34],xITrMxN
[22],<cycle 1>
[108],<cycle 2>
[28],<cycle 3>
[18],<cycle 4>
[26],<cycle 5>
[11],<cycle 6>
[38],<cycle 7>
