Index,% CPU Time:Total,CPU Time:Self,CPU Time:Children,Name,Index
,,0.0,8.072966,  RtlUserThreadStart,[2]
[1],100.0,0.0,8.072966,BaseThreadInitThunk,[1]
,,0.0,8.072966,  _scrt_common_main_seh,[3]
,,,,,
,,,,  <spontaneous>,
[2],100.0,0.0,8.072966,RtlUserThreadStart,[2]
,,0.0,8.072966,  BaseThreadInitThunk,[1]
,,,,,
,,0.0,8.072966,  BaseThreadInitThunk,[1]
[3],100.0,0.0,8.072966,_scrt_common_main_seh,[3]
,,0.0,8.072966,  main,[4]
,,,,,
,,0.0,8.072966,  _scrt_common_main_seh,[3]
[4],100.0,0.0,8.072966,main,[4]
,,0.0,0.000006,  TAppDecTop::TAppDecTop,[171]
,,0.0,8.072960,  TAppDecTop::decode,[5]
,,,,,
,,0.0,8.072960,  main,[4]
[5],100.0,0.0,8.072960,TAppDecTop::decode,[5]
,,0.0,0.046054,  TAppDecTop::xFlushOutput,[115]
,,0.0,0.613432,  TAppDecTop::xWriteOutput,[34]
,,0.0,1.645546,  TDecGop::filterPicture,[17]
,,0.0,5.721952,  TDecTop::decode,[6]
,,0.0,0.045975,  byteStreamNALUnit,[119]
,,,,,
,,0.0,5.721952,  TAppDecTop::decode,[5]
[6],70.88,0.0,5.721952,TDecTop::decode,[6]
,,0.0,5.721952,  TDecTop::xDecodeSlice,[7]
,,,,,
,,0.0,5.721952,  TDecTop::decode,[6]
[7],70.88,0.0,5.721952,TDecTop::xDecodeSlice,[7]
,,0.015558,0.029947,  TComTrQuant::setErrScaleCoeff,[122]
,,0.0,0.015034,  TComSlice::setRefPicList,[165]
,,0.0,4.965573,  TDecGop::decompressSlice,[8]
,,0.0,0.695839,  TDecTop::xActivateParameterSets,[27]
,,,,,
,,0.0,4.965573,  TDecTop::xDecodeSlice,[7]
[8],61.51,0.0,4.965573,TDecGop::decompressSlice,[8]
,,0.015485,4.950089,  TDecSlice::decompressSlice,[9]
,,,,,
,,0.015485,4.950089,  TDecGop::decompressSlice,[8]
[9],61.51,0.015485,4.950089,TDecSlice::decompressSlice,[9]
,,0.062028,0.170594,  TComDataCU::initCtu,[72]
,,0.046670,0.589498,  TDecCu::xDecodeCU <cycle 7>,[32]
,,0.030948,4.034826,  TDecCu::xDecompressCU <cycle 4>,[11]
,,0.015524,0.0,  TDecSbac::parseSAOBlkParam,[155]
,,,,,
,,0.030948,4.034826,  TDecSlice::decompressSlice,[9]
[10],50.36,0.030948,4.034826,<cycle 4 as a whole>,[10]
,,0.030948,4.034826,  TDecCu::xDecompressCU <cycle 4>,[11]
,,,,,
,,,,  TDecCu::xDecompressCU <cycle 4>,[11]
,,0.030948,4.034826,  TDecSlice::decompressSlice,[9]
[11],50.36,0.030948,4.034826,TDecCu::xDecompressCU <cycle 4>,[11]
,,0.015570,0.0,  TComDataCU::copySubCU,[137]
,,0.015559,3.274148,  TDecCu::xReconInter,[12]
,,0.015537,0.155413,  TDecCu::xCopyToPic,[76]
,,0.015487,0.0,  TComYuv::clear,[158]
,,,,  TDecCu::xDecompressCU <cycle 4>,[11]
,,0.0,0.543112,  TDecCu::xReconIntraQT,[38]
,,,,,
,,0.015559,3.274148,  TDecCu::xDecompressCU <cycle 4>,[11]
[12],40.75,0.015559,3.274148,TDecCu::xReconInter,[12]
,,0.279623,0.0,  TComYuv::addClip,[66]
,,0.0,2.171192,  TComPrediction::motionCompensation,[13]
,,0.0,0.823333,  TDecCu::xDecodeInterTexture,[25]
,,,,,
,,0.0,2.171192,  TDecCu::xReconInter,[12]
[13],26.89,0.0,2.171192,TComPrediction::motionCompensation,[13]
,,0.015647,0.0,  TComDataCU::getNumPartitions,[132]
,,0.015545,0.0,  TComPrediction::xCheckIdenticalMotion,[146]
,,0.0,2.015600,  TComPrediction::xPredInterBi,[14]
,,0.0,0.124400,  TComPrediction::xPredInterUni,[15]
,,,,,
,,0.0,2.015600,  TComPrediction::motionCompensation,[13]
[14],24.97,0.0,2.015600,TComPrediction::xPredInterBi,[14]
,,0.325465,0.0,  TComYuv::addAvg,[61]
,,0.030989,1.613119,  TComPrediction::xPredInterUni,[15]
,,0.0,0.046027,  TComYuv::copyPartToPartYuv,[117]
,,,,,
,,0.0,0.124400,  TComPrediction::motionCompensation,[13]
,,0.030989,1.613119,  TComPrediction::xPredInterBi,[14]
[15],21.91,0.030989,1.737519,TComPrediction::xPredInterUni,[15]
,,0.015584,1.721935,  TComPrediction::xPredInterBlk,[16]
,,,,,
,,0.015584,1.721935,  TComPrediction::xPredInterUni,[15]
[16],21.52,0.015584,1.721935,TComPrediction::xPredInterBlk,[16]
,,0.015589,1.101000,  TComInterpolationFilter::filterHor,[18]
,,0.015560,0.0,  TComYuv::getAddr,[140]
,,0.015484,0.574303,  TComInterpolationFilter::filterVer,[37]
,,,,,
,,0.0,1.645546,  TAppDecTop::decode,[5]
[17],20.38,0.0,1.645546,TDecGop::filterPicture,[17]
,,0.0,1.103054,  TComLoopFilter::loopFilterPic,[20]
,,0.0,0.093287,  TComPic::compressMotion,[89]
,,0.0,0.140121,  TComPicYuv::copyToPic,[79]
,,0.0,0.217609,  TComSampleAdaptiveOffset::offsetCTU,[75]
,,0.0,0.091476,  printf,[96]
,,,,,
,,0.015589,1.101000,  TComPrediction::xPredInterBlk,[16]
[18],13.83,0.015589,1.101000,TComInterpolationFilter::filterHor,[18]
,,0.667603,0.0,"  TComInterpolationFilter::filter<8,0,1,0>",[28]
,,0.340102,0.0,"  TComInterpolationFilter::filter<4,0,1,0>",[57]
,,0.062247,0.0,  TComInterpolationFilter::filterCopy,[104]
,,0.015541,0.0,"  TComInterpolationFilter::filter<4,0,1,1>",[149]
,,0.015507,0.0,"  TComInterpolationFilter::filter<8,0,1,1>",[157]
,,,,,
,,0.124378,0.978675,  TComLoopFilter::loopFilterPic,[20]
[19],13.66,0.124378,0.978675,<cycle 1 as a whole>,[19]
,,0.124378,0.978675,  TComLoopFilter::xDeblockCU <cycle 1>,[21]
,,,,,
,,0.0,1.103054,  TDecGop::filterPicture,[17]
[20],13.66,0.0,1.103054,TComLoopFilter::loopFilterPic,[20]
,,0.124378,0.978675,  TComLoopFilter::xDeblockCU <cycle 1>,[21]
,,,,,
,,,,  TComLoopFilter::xDeblockCU <cycle 1>,[21]
,,0.124378,0.978675,  TComLoopFilter::loopFilterPic,[20]
[21],13.66,0.124378,0.978675,TComLoopFilter::xDeblockCU <cycle 1>,[21]
,,0.185865,0.450608,  TComLoopFilter::xEdgeFilterLuma,[31]
,,0.124430,0.0,  TComLoopFilter::xGetBoundaryStrengthSingle,[83]
,,0.077801,0.0,  TComLoopFilter::xEdgeFilterChroma,[98]
,,0.062251,0.015528,  TComLoopFilter::xSetEdgefilterTU <cycle 2>,[100]
,,0.031101,0.0,  TComTU::TComTU,[112]
,,0.015547,0.0,  TComLoopFilter::xSetLoopfilterParam,[144]
,,0.015544,0.0,  TComLoopFilter::xSetEdgefilterPU,[147]
,,,,  TComLoopFilter::xDeblockCU <cycle 1>,[21]
,,,,,
,,0.0,0.792207,  TComTrQuant::invRecurTransformNxN <cycle 3>,[24]
,,0.0,0.233008,  TDecCu::xIntraRecBlk,[40]
[22],12.7,0.0,1.025215,TComTrQuant::invTransformNxN,[22]
,,0.311009,0.0,  TComTrQuant::xDeQuant,[62]
,,0.077676,0.636529,  TComTrQuant::xIT,[26]
,,,,,
,,0.015529,0.807804,  TDecCu::xDecodeInterTexture,[25]
[23],10.2,0.015529,0.807804,<cycle 3 as a whole>,[23]
,,0.015529,0.807804,  TComTrQuant::invRecurTransformNxN <cycle 3>,[24]
,,,,,
,,,,  TComTrQuant::invRecurTransformNxN <cycle 3>,[24]
,,0.015529,0.807804,  TDecCu::xDecodeInterTexture,[25]
[24],10.2,0.015529,0.807804,TComTrQuant::invRecurTransformNxN <cycle 3>,[24]
,,0.015596,0.0,  TComTURecurse::nextSection,[125]
,,,,  TComTrQuant::invRecurTransformNxN <cycle 3>,[24]
,,0.0,0.792207,  TComTrQuant::invTransformNxN,[22]
,,,,,
,,0.0,0.823333,  TDecCu::xReconInter,[12]
[25],10.2,0.0,0.823333,TDecCu::xDecodeInterTexture,[25]
,,0.015529,0.807804,  TComTrQuant::invRecurTransformNxN <cycle 3>,[24]
,,,,,
,,0.077676,0.636529,  TComTrQuant::invTransformNxN,[22]
[26],8.85,0.077676,0.636529,TComTrQuant::xIT,[26]
,,0.030662,0.605868,  xITrMxN,[30]
,,,,,
,,0.0,0.695839,  TDecTop::xDecodeSlice,[7]
[27],8.62,0.0,0.695839,TDecTop::xActivateParameterSets,[27]
,,0.0,0.047212,  TComSampleAdaptiveOffset::create,[109]
,,0.0,0.648627,  TDecTop::xGetNewPicBuffer,[29]
,,,,,
,,0.667603,0.0,  TComInterpolationFilter::filterHor,[18]
[28],8.27,0.667603,0.0,"TComInterpolationFilter::filter<8,0,1,0>",[28]
,,,,,
,,0.0,0.648627,  TDecTop::xActivateParameterSets,[27]
[29],8.03,0.0,0.648627,TDecTop::xGetNewPicBuffer,[29]
,,0.0,0.393583,  TComPic::create,[47]
,,0.0,0.255044,  TComPic::destroy,[63]
,,,,,
,,0.030662,0.605868,  TComTrQuant::xIT,[26]
[30],7.88,0.030662,0.605868,xITrMxN,[30]
,,0.388394,0.0,  partialButterflyInverse32,[49]
,,0.124323,0.0,  partialButterflyInverse16,[84]
,,0.046534,0.0,  partialButterflyInverse8,[113]
,,0.031081,0.0,  fastInverseDst,[127]
,,0.015536,0.0,  partialButterflyInverse4,[150]
,,,,,
,,0.185865,0.450608,  TComLoopFilter::xDeblockCU <cycle 1>,[21]
[31],7.88,0.185865,0.450608,TComLoopFilter::xEdgeFilterLuma,[31]
,,0.435101,0.0,  TComLoopFilter::xPelFilterLuma,[45]
,,0.015507,0.0,  TComDataCU::getPULeft,[156]
,,,,,
,,,,  TDecCu::xDecodeCU <cycle 7>,[32]
,,0.046670,0.589498,  TDecSlice::decompressSlice,[9]
[32],7.88,0.046670,0.589498,TDecCu::xDecodeCU <cycle 7>,[32]
,,0.015627,0.0,  TDecSbac::parseSkipFlag,[133]
,,0.015547,0.0,  TComDataCU::getInterMergeCandidates,[143]
,,0.015544,0.0,  TComDataCU::setSubPart<signed char>,[148]
,,0.0,0.015602,  TComDataCU::setSubPart<unsigned char>,[134]
,,,,  TDecCu::xDecodeCU <cycle 7>,[32]
,,0.0,0.357007,  TDecEntropy::decodeCoeff,[51]
,,0.0,0.139345,  TDecEntropy::decodePredInfo,[82]
,,0.0,0.015293,  TDecSbac::parseMergeIndex,[160]
,,0.0,0.015535,  TDecSbac::parseSplitFlag,[152]
,,,,,
,,0.046670,0.589498,  TDecSlice::decompressSlice,[9]
[33],7.88,0.046670,0.589498,<cycle 7 as a whole>,[33]
,,0.046670,0.589498,  TDecCu::xDecodeCU <cycle 7>,[32]
,,,,,
,,0.0,0.613432,  TAppDecTop::decode,[5]
[34],7.6,0.0,0.613432,TAppDecTop::xWriteOutput,[34]
,,0.0,0.613432,  TVideoIOYuv::write,[35]
,,,,,
,,0.0,0.613432,  TAppDecTop::xWriteOutput,[34]
[35],7.6,0.0,0.613432,TVideoIOYuv::write,[35]
,,0.239362,0.374070,  writePlane,[36]
,,,,,
,,0.239362,0.374070,  TVideoIOYuv::write,[35]
[36],7.6,0.239362,0.374070,writePlane,[36]
,,0.0,0.374070,"  std::basic_ostream<char,struct std::char_traits<char> >::write",[50]
,,,,,
,,0.015484,0.574303,  TComPrediction::xPredInterBlk,[16]
[37],7.31,0.015484,0.574303,TComInterpolationFilter::filterVer,[37]
,,0.155169,0.0,"  TComInterpolationFilter::filter<8,1,1,0>",[78]
,,0.139654,0.0,"  TComInterpolationFilter::filter<8,1,0,1>",[80]
,,0.093327,0.0,"  TComInterpolationFilter::filter<8,1,0,0>",[87]
,,0.077057,0.0,"  TComInterpolationFilter::filter<4,1,0,0>",[102]
,,0.046766,0.0,"  TComInterpolationFilter::filter<8,1,1,1>",[110]
,,0.031176,0.0,"  TComInterpolationFilter::filter<4,1,0,1>",[123]
,,0.015591,0.0,"  TComInterpolationFilter::filter<4,1,1,1>",[136]
,,0.015563,0.0,"  TComInterpolationFilter::filter<4,1,1,0>",[138]
,,,,,
,,0.0,0.543112,  TDecCu::xDecompressCU <cycle 4>,[11]
[38],6.73,0.0,0.543112,TDecCu::xReconIntraQT,[38]
,,0.015561,0.0,  TComTU::TComTU,[139]
,,0.015477,0.0,  TComTU::TComTU,[112]
,,0.0,0.512075,  TDecCu::xIntraRecQT <cycle 5>,[41]
,,,,,
,,0.0,0.512075,  TDecCu::xReconIntraQT,[38]
[39],6.34,0.0,0.512075,<cycle 5 as a whole>,[39]
,,0.0,0.512075,  TDecCu::xIntraRecQT <cycle 5>,[41]
,,,,,
,,0.077774,0.434300,  TDecCu::xIntraRecQT <cycle 5>,[41]
[40],6.34,0.077774,0.434300,TDecCu::xIntraRecBlk,[40]
,,0.062097,0.062058,  TComPrediction::initIntraPatternChType,[85]
,,0.015063,0.062075,  TComPrediction::predIntraAng,[101]
,,0.0,0.233008,  TComTrQuant::invTransformNxN,[22]
,,,,,
,,,,  TDecCu::xIntraRecQT <cycle 5>,[41]
,,0.0,0.512075,  TDecCu::xReconIntraQT,[38]
[41],6.34,0.0,0.512075,TDecCu::xIntraRecQT <cycle 5>,[41]
,,0.077774,0.434300,  TDecCu::xIntraRecBlk,[40]
,,,,  TDecCu::xIntraRecQT <cycle 5>,[41]
,,,,,
,,0.091476,0.0,  write_text_ansi_nolock,[97]
,,0.344064,0.0,  write_nolock,[44]
[42],5.4,0.435540,0.0,WriteFile,[42]
,,,,,
,,0.0,0.091476,  _acrt_stdio_flush_nolock,[94]
,,0.0,0.344064,  write_buffer_nolock<char>,[54]
[43],5.4,0.0,0.435540,write,[43]
,,0.0,0.435540,  write_nolock,[44]
,,,,,
,,0.0,0.435540,  write,[43]
[44],5.4,0.0,0.435540,write_nolock,[44]
,,0.344064,0.0,  WriteFile,[42]
,,0.0,0.091476,  write_text_ansi_nolock,[97]
,,,,,
,,0.435101,0.0,  TComLoopFilter::xEdgeFilterLuma,[31]
[45],5.39,0.435101,0.0,TComLoopFilter::xPelFilterLuma,[45]
,,,,,
,,0.0,0.393583,  TComPicSym::create,[48]
[46],4.88,0.0,0.393583,TComDataCU::create,[46]
,,0.044709,0.0,  memset,[73]
,,0.015004,0.240376,  aligned_offset_malloc_base,[68]
,,0.0,0.060457,  TComCUMvField::create,[108]
,,0.0,0.033037,  operator new,[86]
,,,,,
,,0.0,0.393583,  TDecTop::xGetNewPicBuffer,[29]
[47],4.88,0.0,0.393583,TComPic::create,[47]
,,0.0,0.393583,  TComPicSym::create,[48]
,,,,,
,,0.0,0.393583,  TComPic::create,[47]
[48],4.88,0.0,0.393583,TComPicSym::create,[48]
,,0.0,0.393583,  TComDataCU::create,[46]
,,,,,
,,0.388394,0.0,  xITrMxN,[30]
[49],4.81,0.388394,0.0,partialButterflyInverse32,[49]
,,,,,
,,0.0,0.374070,  writePlane,[36]
[50],4.63,0.0,0.374070,"std::basic_ostream<char,struct std::char_traits<char> >::write",[50]
,,0.015040,0.0,  memcpy,[60]
,,0.0,0.014966,  _uncaught_exception,[167]
,,0.0,0.344064,  fputc,[53]
,,,,,
,,0.0,0.357007,  TDecCu::xDecodeCU <cycle 7>,[32]
[51],4.42,0.0,0.357007,TDecEntropy::decodeCoeff,[51]
,,0.015532,0.326427,  TDecEntropy::xDecodeTransform <cycle 6>,[56]
,,0.015048,0.0,  TDecSbac::parseQtRootCbf,[163]
,,,,,
,,0.0,0.344064,  fputc,[53]
[52],4.26,0.0,0.344064,_acrt_stdio_flush_and_write_narrow_nolock,[52]
,,0.0,0.344064,  write_buffer_nolock<char>,[54]
,,,,,
,,0.0,0.344064,"  std::basic_ostream<char,struct std::char_traits<char> >::write",[50]
[53],4.26,0.0,0.344064,fputc,[53]
,,0.0,0.344064,  _acrt_stdio_flush_and_write_narrow_nolock,[52]
,,,,,
,,0.0,0.344064,  _acrt_stdio_flush_and_write_narrow_nolock,[52]
[54],4.26,0.0,0.344064,write_buffer_nolock<char>,[54]
,,0.0,0.344064,  write,[43]
,,,,,
,,0.015532,0.326427,  TDecEntropy::decodeCoeff,[51]
[55],4.24,0.015532,0.326427,<cycle 6 as a whole>,[55]
,,0.015532,0.326427,  TDecEntropy::xDecodeTransform <cycle 6>,[56]
,,,,,
,,,,  TDecEntropy::xDecodeTransform <cycle 6>,[56]
,,0.015532,0.326427,  TDecEntropy::decodeCoeff,[51]
[56],4.24,0.015532,0.326427,TDecEntropy::xDecodeTransform <cycle 6>,[56]
,,0.124196,0.171083,  TDecSbac::parseCoeffNxN,[64]
,,0.031148,0.0,  TDecSbac::parseQtCbf,[124]
,,,,  TDecEntropy::xDecodeTransform <cycle 6>,[56]
,,,,,
,,0.340102,0.0,  TComInterpolationFilter::filterHor,[18]
[57],4.21,0.340102,0.0,"TComInterpolationFilter::filter<4,0,1,0>",[57]
,,,,,
,,0.333870,0.0,  malloc_base,[59]
[58],4.14,0.333870,0.0,RtlAllocateHeap,[58]
,,,,,
,,0.0,0.240376,  aligned_offset_malloc_base,[68]
,,0.0,0.093495,  operator new,[86]
[59],4.14,0.0,0.333870,malloc_base,[59]
,,0.333870,0.0,  RtlAllocateHeap,[58]
,,,,,
,,0.015040,0.0,"  std::basic_ostream<char,struct std::char_traits<char> >::write",[50]
,,0.030555,0.0,  TComYuv::copyPartToPartComponent,[116]
,,0.139835,0.0,  TComYuv::copyToPicComponent,[77]
,,0.140121,0.0,  TComPicYuv::copyToPic,[79]
[60],4.03,0.325551,0.0,memcpy,[60]
,,,,,
,,0.325465,0.0,  TComPrediction::xPredInterBi,[14]
[61],4.03,0.325465,0.0,TComYuv::addAvg,[61]
,,,,,
,,0.311009,0.0,  TComTrQuant::invTransformNxN,[22]
[62],3.85,0.311009,0.0,TComTrQuant::xDeQuant,[62]
,,,,,
,,0.0,0.046054,  TAppDecTop::xFlushOutput,[115]
,,0.0,0.255044,  TDecTop::xGetNewPicBuffer,[29]
[63],3.73,0.0,0.301099,TComPic::destroy,[63]
,,0.0,0.285472,  TComPicSym::destroy,[65]
,,0.0,0.015627,  TComPicYuv::destroy,[103]
,,,,,
,,0.124196,0.171083,  TDecEntropy::xDecodeTransform <cycle 6>,[56]
[64],3.66,0.124196,0.171083,TDecSbac::parseCoeffNxN,[64]
,,0.062342,0.0,  TDecBinCABAC::decodeBin,[90]
,,0.015599,0.0,  TDecBinCABAC::decodeBinsEP,[135]
,,0.015559,0.0,  TComTrQuant::getSigCtxInc,[141]
,,0.015551,0.0,  getTUEntropyCodingParameters,[142]
,,0.015529,0.0,  TDecSbac::xReadCoefRemainExGolomb,[153]
,,0.0,0.046503,  TDecSbac::parseLastSignificantXY,[114]
,,,,,
,,0.0,0.285472,  TComPic::destroy,[63]
[65],3.54,0.0,0.285472,TComPicSym::destroy,[65]
,,0.015042,0.255483,  TComDataCU::destroy,[67]
,,0.0,0.014947,  TComDataCU::`scalar deleting destructor',[170]
,,,,,
,,0.279623,0.0,  TDecCu::xReconInter,[12]
[66],3.46,0.279623,0.0,TComYuv::addClip,[66]
,,,,,
,,0.015042,0.255483,  TComPicSym::destroy,[65]
[67],3.35,0.015042,0.255483,TComDataCU::destroy,[67]
,,0.074405,0.106195,  aligned_free,[71]
,,0.0,0.074883,  free_base,[70]
,,,,,
,,0.015004,0.240376,  TComDataCU::create,[46]
[68],3.16,0.015004,0.240376,aligned_offset_malloc_base,[68]
,,0.0,0.240376,  malloc_base,[59]
,,,,,
,,0.243674,0.0,  free_base,[70]
[69],3.02,0.243674,0.0,RtlFreeHeap,[69]
,,,,,
,,0.0,0.014947,  TComDataCU::`scalar deleting destructor',[170]
,,0.0,0.074883,  TComDataCU::destroy,[67]
,,0.0,0.153844,  aligned_free,[71]
[70],3.02,0.0,0.243674,free_base,[70]
,,0.243674,0.0,  RtlFreeHeap,[69]
,,,,,
,,0.0,0.062839,  TComPicYuv::destroy,[103]
,,0.074405,0.106195,  TComDataCU::destroy,[67]
[71],3.02,0.074405,0.169034,aligned_free,[71]
,,0.015189,0.0,  free,[161]
,,0.0,0.153844,  free_base,[70]
,,,,,
,,0.062028,0.170594,  TDecSlice::decompressSlice,[9]
[72],2.88,0.062028,0.170594,TComDataCU::initCtu,[72]
,,0.170594,0.0,  memset,[73]
,,,,,
,,0.015602,0.0,  TComDataCU::setSubPart<unsigned char>,[134]
,,0.044709,0.0,  TComDataCU::create,[46]
,,0.170594,0.0,  TComDataCU::initCtu,[72]
[73],2.86,0.230905,0.0,memset,[73]
,,,,,
,,0.217609,0.0,  TComSampleAdaptiveOffset::offsetCTU,[75]
[74],2.7,0.217609,0.0,TComSampleAdaptiveOffset::offsetBlock,[74]
,,,,,
,,0.0,0.217609,  TDecGop::filterPicture,[17]
[75],2.7,0.0,0.217609,TComSampleAdaptiveOffset::offsetCTU,[75]
,,0.217609,0.0,  TComSampleAdaptiveOffset::offsetBlock,[74]
,,,,,
,,0.015537,0.155413,  TDecCu::xDecompressCU <cycle 4>,[11]
[76],2.12,0.015537,0.155413,TDecCu::xCopyToPic,[76]
,,0.015577,0.139835,  TComYuv::copyToPicComponent,[77]
,,,,,
,,0.015577,0.139835,  TDecCu::xCopyToPic,[76]
[77],1.93,0.015577,0.139835,TComYuv::copyToPicComponent,[77]
,,0.139835,0.0,  memcpy,[60]
,,,,,
,,0.155169,0.0,  TComInterpolationFilter::filterVer,[37]
[78],1.92,0.155169,0.0,"TComInterpolationFilter::filter<8,1,1,0>",[78]
,,,,,
,,0.0,0.140121,  TDecGop::filterPicture,[17]
[79],1.74,0.0,0.140121,TComPicYuv::copyToPic,[79]
,,0.140121,0.0,  memcpy,[60]
,,,,,
,,0.139654,0.0,  TComInterpolationFilter::filterVer,[37]
[80],1.73,0.139654,0.0,"TComInterpolationFilter::filter<8,1,0,1>",[80]
,,,,,
,,0.015528,0.123816,  TDecEntropy::decodePredInfo,[82]
[81],1.73,0.015528,0.123816,TDecEntropy::decodePUWise,[81]
,,0.046675,0.0,  TComCUMvField::setAll<class TComMv>,[105]
,,0.0,0.061617,  TDecEntropy::decodeMVPIdxPU,[107]
,,0.0,0.015524,  TDecSbac::parseMvd,[154]
,,,,,
,,0.0,0.139345,  TDecCu::xDecodeCU <cycle 7>,[32]
[82],1.73,0.0,0.139345,TDecEntropy::decodePredInfo,[82]
,,0.015528,0.123816,  TDecEntropy::decodePUWise,[81]
,,,,,
,,0.124430,0.0,  TComLoopFilter::xDeblockCU <cycle 1>,[21]
[83],1.54,0.124430,0.0,TComLoopFilter::xGetBoundaryStrengthSingle,[83]
,,,,,
,,0.124323,0.0,  xITrMxN,[30]
[84],1.54,0.124323,0.0,partialButterflyInverse16,[84]
,,,,,
,,0.062097,0.062058,  TDecCu::xIntraRecBlk,[40]
[85],1.54,0.062097,0.062058,TComPrediction::initIntraPatternChType,[85]
,,0.046648,0.0,  fillReferenceSamples,[111]
,,0.015411,0.0,  isAboveAvailable,[159]
,,,,,
,,0.0,0.060457,  TComCUMvField::create,[108]
,,0.0,0.033037,  TComDataCU::create,[46]
[86],1.16,0.0,0.093495,operator new,[86]
,,0.0,0.093495,  malloc_base,[59]
,,,,,
,,0.093327,0.0,  TComInterpolationFilter::filterVer,[37]
[87],1.16,0.093327,0.0,"TComInterpolationFilter::filter<8,1,0,0>",[87]
,,,,,
,,0.093287,0.0,  TComPic::compressMotion,[89]
[88],1.16,0.093287,0.0,TComCUMvField::compress,[88]
,,,,,
,,0.0,0.093287,  TDecGop::filterPicture,[17]
[89],1.16,0.0,0.093287,TComPic::compressMotion,[89]
,,0.093287,0.0,  TComCUMvField::compress,[88]
,,,,,
,,0.030923,0.0,  TDecSbac::parseLastSignificantXY,[114]
,,0.062342,0.0,  TDecSbac::parseCoeffNxN,[64]
[90],1.16,0.093265,0.0,TDecBinCABAC::decodeBin,[90]
,,,,,
,,0.0,0.091476,"  __crt_seh_guarded_call<int>::operator()<class <lambda_a62c933ada0517137acf5807a1eeac1f>,class <lambda_a31071773b9a94e445cbd5d04ef99106> &,class <lambda_56065050dbf3ada7e59a83db45153de3> >",[92]
[91],1.13,0.0,0.091476,<lambda_a31071773b9a94e445cbd5d04ef99106>::operator(),[91]
,,0.0,0.091476,  _acrt_stdio_end_temporary_buffering_nolock,[93]
,,,,,
,,0.0,0.091476,  _stdio_common_vfprintf,[95]
[92],1.13,0.0,0.091476,"__crt_seh_guarded_call<int>::operator()<class <lambda_a62c933ada0517137acf5807a1eeac1f>,class <lambda_a31071773b9a94e445cbd5d04ef99106> &,class <lambda_56065050dbf3ada7e59a83db45153de3> >",[92]
,,0.0,0.091476,  <lambda_a31071773b9a94e445cbd5d04ef99106>::operator(),[91]
,,,,,
,,0.0,0.091476,  <lambda_a31071773b9a94e445cbd5d04ef99106>::operator(),[91]
[93],1.13,0.0,0.091476,_acrt_stdio_end_temporary_buffering_nolock,[93]
,,0.0,0.091476,  _acrt_stdio_flush_nolock,[94]
,,,,,
,,0.0,0.091476,  _acrt_stdio_end_temporary_buffering_nolock,[93]
[94],1.13,0.0,0.091476,_acrt_stdio_flush_nolock,[94]
,,0.0,0.091476,  write,[43]
,,,,,
,,0.0,0.091476,  printf,[96]
[95],1.13,0.0,0.091476,_stdio_common_vfprintf,[95]
,,0.0,0.091476,"  __crt_seh_guarded_call<int>::operator()<class <lambda_a62c933ada0517137acf5807a1eeac1f>,class <lambda_a31071773b9a94e445cbd5d04ef99106> &,class <lambda_56065050dbf3ada7e59a83db45153de3> >",[92]
,,,,,
,,0.0,0.091476,  TDecGop::filterPicture,[17]
[96],1.13,0.0,0.091476,printf,[96]
,,0.0,0.091476,  _stdio_common_vfprintf,[95]
,,,,,
,,0.0,0.091476,  write_nolock,[44]
[97],1.13,0.0,0.091476,write_text_ansi_nolock,[97]
,,0.091476,0.0,  WriteFile,[42]
,,,,,
,,0.077801,0.0,  TComLoopFilter::xDeblockCU <cycle 1>,[21]
[98],0.96,0.077801,0.0,TComLoopFilter::xEdgeFilterChroma,[98]
,,,,,
,,0.062251,0.015528,  TComLoopFilter::xDeblockCU <cycle 1>,[21]
[99],0.96,0.062251,0.015528,<cycle 2 as a whole>,[99]
,,0.062251,0.015528,  TComLoopFilter::xSetEdgefilterTU <cycle 2>,[100]
,,,,,
,,,,  TComLoopFilter::xSetEdgefilterTU <cycle 2>,[100]
,,0.062251,0.015528,  TComLoopFilter::xDeblockCU <cycle 1>,[21]
[100],0.96,0.062251,0.015528,TComLoopFilter::xSetEdgefilterTU <cycle 2>,[100]
,,0.015528,0.0,  TComTURecurse::nextSection,[125]
,,,,  TComLoopFilter::xSetEdgefilterTU <cycle 2>,[100]
,,,,,
,,0.015063,0.062075,  TDecCu::xIntraRecBlk,[40]
[101],0.96,0.015063,0.062075,TComPrediction::predIntraAng,[101]
,,0.031105,0.0,  TComPrediction::xPredIntraAng,[126]
,,0.030969,0.0,  TComPrediction::xPredIntraPlanar,[128]
,,,,,
,,0.077057,0.0,  TComInterpolationFilter::filterVer,[37]
[102],0.95,0.077057,0.0,"TComInterpolationFilter::filter<4,1,0,0>",[102]
,,,,,
,,0.0,0.015627,  TComPic::destroy,[63]
,,0.0,0.047212,  TComSampleAdaptiveOffset::create,[109]
[103],0.78,0.0,0.062839,TComPicYuv::destroy,[103]
,,0.0,0.062839,  aligned_free,[71]
,,,,,
,,0.062247,0.0,  TComInterpolationFilter::filterHor,[18]
[104],0.77,0.062247,0.0,TComInterpolationFilter::filterCopy,[104]
,,,,,
,,0.015524,0.0,  TDecSbac::parseMvd,[154]
,,0.046675,0.0,  TDecEntropy::decodePUWise,[81]
[105],0.77,0.062199,0.0,TComCUMvField::setAll<class TComMv>,[105]
,,,,,
,,0.0,0.061617,  TDecEntropy::decodeMVPIdxPU,[107]
[106],0.76,0.0,0.061617,TComDataCU::fillMvpCand,[106]
,,0.030950,0.0,  TComDataCU::deriveLeftRightTopIdx,[129]
,,0.015545,0.0,"  std::deque<class TComSlice *,class std::allocator<class TComSlice *> >::begin",[145]
,,0.015122,0.0,  TComDataCU::getPUAboveRight,[162]
,,,,,
,,0.0,0.061617,  TDecEntropy::decodePUWise,[81]
[107],0.76,0.0,0.061617,TDecEntropy::decodeMVPIdxPU,[107]
,,0.0,0.061617,  TComDataCU::fillMvpCand,[106]
,,,,,
,,0.0,0.060457,  TComDataCU::create,[46]
[108],0.75,0.0,0.060457,TComCUMvField::create,[108]
,,0.0,0.060457,  operator new,[86]
,,,,,
,,0.0,0.047212,  TDecTop::xActivateParameterSets,[27]
[109],0.58,0.0,0.047212,TComSampleAdaptiveOffset::create,[109]
,,0.0,0.047212,  TComPicYuv::destroy,[103]
,,,,,
,,0.046766,0.0,  TComInterpolationFilter::filterVer,[37]
[110],0.58,0.046766,0.0,"TComInterpolationFilter::filter<8,1,1,1>",[110]
,,,,,
,,0.046648,0.0,  TComPrediction::initIntraPatternChType,[85]
[111],0.58,0.046648,0.0,fillReferenceSamples,[111]
,,,,,
,,0.015477,0.0,  TDecCu::xReconIntraQT,[38]
,,0.031101,0.0,  TComLoopFilter::xDeblockCU <cycle 1>,[21]
[112],0.58,0.046577,0.0,TComTU::TComTU,[112]
,,,,,
,,0.046534,0.0,  xITrMxN,[30]
[113],0.58,0.046534,0.0,partialButterflyInverse8,[113]
,,,,,
,,0.0,0.046503,  TDecSbac::parseCoeffNxN,[64]
[114],0.58,0.0,0.046503,TDecSbac::parseLastSignificantXY,[114]
,,0.030923,0.0,  TDecBinCABAC::decodeBin,[90]
,,0.015580,0.0,  TDecBinCABAC::decodeBinEP,[130]
,,,,,
,,0.0,0.046054,  TAppDecTop::decode,[5]
[115],0.57,0.0,0.046054,TAppDecTop::xFlushOutput,[115]
,,0.0,0.046054,  TComPic::destroy,[63]
,,,,,
,,0.015473,0.030555,  TComYuv::copyPartToPartYuv,[117]
[116],0.57,0.015473,0.030555,TComYuv::copyPartToPartComponent,[116]
,,0.030555,0.0,  memcpy,[60]
,,,,,
,,0.0,0.046027,  TComPrediction::xPredInterBi,[14]
[117],0.57,0.0,0.046027,TComYuv::copyPartToPartYuv,[117]
,,0.015473,0.030555,  TComYuv::copyPartToPartComponent,[116]
,,,,,
,,0.0,0.045975,  byteStreamNALUnit,[120]
[118],0.57,0.0,0.045975,InputByteStream::eofBeforeNBytes,[118]
,,0.045975,0.0,"  std::basic_istream<char,struct std::char_traits<char> >::get",[121]
,,,,,
,,0.0,0.045975,  TAppDecTop::decode,[5]
[119],0.57,0.0,0.045975,byteStreamNALUnit,[119]
,,0.0,0.045975,  byteStreamNALUnit,[120]
,,,,,
,,0.0,0.045975,  byteStreamNALUnit,[119]
[120],0.57,0.0,0.045975,byteStreamNALUnit,[120]
,,0.0,0.045975,  InputByteStream::eofBeforeNBytes,[118]
,,,,,
,,0.045975,0.0,  InputByteStream::eofBeforeNBytes,[118]
[121],0.57,0.045975,0.0,"std::basic_istream<char,struct std::char_traits<char> >::get",[121]
,,,,,
,,0.015558,0.029947,  TDecTop::xDecodeSlice,[7]
[122],0.56,0.015558,0.029947,TComTrQuant::setErrScaleCoeff,[122]
,,0.029947,0.0,  pow,[131]
,,,,,
,,0.031176,0.0,  TComInterpolationFilter::filterVer,[37]
[123],0.39,0.031176,0.0,"TComInterpolationFilter::filter<4,1,0,1>",[123]
,,,,,
,,0.031148,0.0,  TDecEntropy::xDecodeTransform <cycle 6>,[56]
[124],0.39,0.031148,0.0,TDecSbac::parseQtCbf,[124]
,,,,,
,,0.015528,0.0,  TComLoopFilter::xSetEdgefilterTU <cycle 2>,[100]
,,0.015596,0.0,  TComTrQuant::invRecurTransformNxN <cycle 3>,[24]
[125],0.39,0.031125,0.0,TComTURecurse::nextSection,[125]
,,,,,
,,0.031105,0.0,  TComPrediction::predIntraAng,[101]
[126],0.39,0.031105,0.0,TComPrediction::xPredIntraAng,[126]
,,,,,
,,0.031081,0.0,  xITrMxN,[30]
[127],0.39,0.031081,0.0,fastInverseDst,[127]
,,,,,
,,0.030969,0.0,  TComPrediction::predIntraAng,[101]
[128],0.38,0.030969,0.0,TComPrediction::xPredIntraPlanar,[128]
,,,,,
,,0.030950,0.0,  TComDataCU::fillMvpCand,[106]
[129],0.38,0.030950,0.0,TComDataCU::deriveLeftRightTopIdx,[129]
,,,,,
,,0.015293,0.0,  TDecSbac::parseMergeIndex,[160]
,,0.015580,0.0,  TDecSbac::parseLastSignificantXY,[114]
[130],0.38,0.030872,0.0,TDecBinCABAC::decodeBinEP,[130]
,,,,,
,,0.029947,0.0,  TComTrQuant::setErrScaleCoeff,[122]
[131],0.37,0.029947,0.0,pow,[131]
,,,,,
,,0.015647,0.0,  TComPrediction::motionCompensation,[13]
[132],0.19,0.015647,0.0,TComDataCU::getNumPartitions,[132]
,,,,,
,,0.015627,0.0,  TDecCu::xDecodeCU <cycle 7>,[32]
[133],0.19,0.015627,0.0,TDecSbac::parseSkipFlag,[133]
,,,,,
,,0.0,0.015602,  TDecCu::xDecodeCU <cycle 7>,[32]
[134],0.19,0.0,0.015602,TComDataCU::setSubPart<unsigned char>,[134]
,,0.015602,0.0,  memset,[73]
,,,,,
,,0.015599,0.0,  TDecSbac::parseCoeffNxN,[64]
[135],0.19,0.015599,0.0,TDecBinCABAC::decodeBinsEP,[135]
,,,,,
,,0.015591,0.0,  TComInterpolationFilter::filterVer,[37]
[136],0.19,0.015591,0.0,"TComInterpolationFilter::filter<4,1,1,1>",[136]
,,,,,
,,0.015570,0.0,  TDecCu::xDecompressCU <cycle 4>,[11]
[137],0.19,0.015570,0.0,TComDataCU::copySubCU,[137]
,,,,,
,,0.015563,0.0,  TComInterpolationFilter::filterVer,[37]
[138],0.19,0.015563,0.0,"TComInterpolationFilter::filter<4,1,1,0>",[138]
,,,,,
,,0.015561,0.0,  TDecCu::xReconIntraQT,[38]
[139],0.19,0.015561,0.0,TComTU::TComTU,[139]
,,,,,
,,0.015560,0.0,  TComPrediction::xPredInterBlk,[16]
[140],0.19,0.015560,0.0,TComYuv::getAddr,[140]
,,,,,
,,0.015559,0.0,  TDecSbac::parseCoeffNxN,[64]
[141],0.19,0.015559,0.0,TComTrQuant::getSigCtxInc,[141]
,,,,,
,,0.015551,0.0,  TDecSbac::parseCoeffNxN,[64]
[142],0.19,0.015551,0.0,getTUEntropyCodingParameters,[142]
,,,,,
,,0.015547,0.0,  TDecCu::xDecodeCU <cycle 7>,[32]
[143],0.19,0.015547,0.0,TComDataCU::getInterMergeCandidates,[143]
,,,,,
,,0.015547,0.0,  TComLoopFilter::xDeblockCU <cycle 1>,[21]
[144],0.19,0.015547,0.0,TComLoopFilter::xSetLoopfilterParam,[144]
,,,,,
,,0.015545,0.0,  TComDataCU::fillMvpCand,[106]
[145],0.19,0.015545,0.0,"std::deque<class TComSlice *,class std::allocator<class TComSlice *> >::begin",[145]
,,,,,
,,0.015545,0.0,  TComPrediction::motionCompensation,[13]
[146],0.19,0.015545,0.0,TComPrediction::xCheckIdenticalMotion,[146]
,,,,,
,,0.015544,0.0,  TComLoopFilter::xDeblockCU <cycle 1>,[21]
[147],0.19,0.015544,0.0,TComLoopFilter::xSetEdgefilterPU,[147]
,,,,,
,,0.015544,0.0,  TDecCu::xDecodeCU <cycle 7>,[32]
[148],0.19,0.015544,0.0,TComDataCU::setSubPart<signed char>,[148]
,,,,,
,,0.015541,0.0,  TComInterpolationFilter::filterHor,[18]
[149],0.19,0.015541,0.0,"TComInterpolationFilter::filter<4,0,1,1>",[149]
,,,,,
,,0.015536,0.0,  xITrMxN,[30]
[150],0.19,0.015536,0.0,partialButterflyInverse4,[150]
,,,,,
,,0.015535,0.0,  TDecSbac::parseSplitFlag,[152]
[151],0.19,0.015535,0.0,TComDataCU::getCtxSplitFlag,[151]
,,,,,
,,0.0,0.015535,  TDecCu::xDecodeCU <cycle 7>,[32]
[152],0.19,0.0,0.015535,TDecSbac::parseSplitFlag,[152]
,,0.015535,0.0,  TComDataCU::getCtxSplitFlag,[151]
,,,,,
,,0.015529,0.0,  TDecSbac::parseCoeffNxN,[64]
[153],0.19,0.015529,0.0,TDecSbac::xReadCoefRemainExGolomb,[153]
,,,,,
,,0.0,0.015524,  TDecEntropy::decodePUWise,[81]
[154],0.19,0.0,0.015524,TDecSbac::parseMvd,[154]
,,0.015524,0.0,  TComCUMvField::setAll<class TComMv>,[105]
,,,,,
,,0.015524,0.0,  TDecSlice::decompressSlice,[9]
[155],0.19,0.015524,0.0,TDecSbac::parseSAOBlkParam,[155]
,,,,,
,,0.015507,0.0,  TComLoopFilter::xEdgeFilterLuma,[31]
[156],0.19,0.015507,0.0,TComDataCU::getPULeft,[156]
,,,,,
,,0.015507,0.0,  TComInterpolationFilter::filterHor,[18]
[157],0.19,0.015507,0.0,"TComInterpolationFilter::filter<8,0,1,1>",[157]
,,,,,
,,0.015487,0.0,  TDecCu::xDecompressCU <cycle 4>,[11]
[158],0.19,0.015487,0.0,TComYuv::clear,[158]
,,,,,
,,0.015411,0.0,  TComPrediction::initIntraPatternChType,[85]
[159],0.19,0.015411,0.0,isAboveAvailable,[159]
,,,,,
,,0.0,0.015293,  TDecCu::xDecodeCU <cycle 7>,[32]
[160],0.19,0.0,0.015293,TDecSbac::parseMergeIndex,[160]
,,0.015293,0.0,  TDecBinCABAC::decodeBinEP,[130]
,,,,,
,,0.015189,0.0,  aligned_free,[71]
[161],0.19,0.015189,0.0,free,[161]
,,,,,
,,0.015122,0.0,  TComDataCU::fillMvpCand,[106]
[162],0.19,0.015122,0.0,TComDataCU::getPUAboveRight,[162]
,,,,,
,,0.015048,0.0,  TDecEntropy::decodeCoeff,[51]
[163],0.19,0.015048,0.0,TDecSbac::parseQtRootCbf,[163]
,,,,,
,,0.015034,0.0,  TComSlice::setRefPicList,[165]
[164],0.19,0.015034,0.0,TComPicYuv::extendPicBorder,[164]
,,,,,
,,0.0,0.015034,  TDecTop::xDecodeSlice,[7]
[165],0.19,0.0,0.015034,TComSlice::setRefPicList,[165]
,,0.015034,0.0,  TComPicYuv::extendPicBorder,[164]
,,,,,
,,0.014966,0.0,  _vcrt_FlsGetValue,[168]
[166],0.19,0.014966,0.0,FlsGetValue,[166]
,,,,,
,,0.0,0.014966,"  std::basic_ostream<char,struct std::char_traits<char> >::write",[50]
[167],0.19,0.0,0.014966,_uncaught_exception,[167]
,,0.0,0.014966,  _vcrt_getptd_noinit,[169]
,,,,,
,,0.0,0.014966,  _vcrt_getptd_noinit,[169]
[168],0.19,0.0,0.014966,_vcrt_FlsGetValue,[168]
,,0.014966,0.0,  FlsGetValue,[166]
,,,,,
,,0.0,0.014966,  _uncaught_exception,[167]
[169],0.19,0.0,0.014966,_vcrt_getptd_noinit,[169]
,,0.0,0.014966,  _vcrt_FlsGetValue,[168]
,,,,,
,,0.0,0.014947,  TComPicSym::destroy,[65]
[170],0.19,0.0,0.014947,TComDataCU::`scalar deleting destructor',[170]
,,0.0,0.014947,  free_base,[70]
,,,,,
,,0.0,0.000006,  main,[4]
[171],0.0,0.0,0.000006,TAppDecTop::TAppDecTop,[171]
,,0.0,0.000006,  TDecTop::TDecTop,[173]
,,,,,
,,0.000006,0.0,  TDecTop::TDecTop,[173]
[172],0.0,0.000006,0.0,TDecSbac::TDecSbac,[172]
,,,,,
,,0.0,0.000006,  TAppDecTop::TAppDecTop,[171]
[173],0.0,0.0,0.000006,TDecTop::TDecTop,[173]
,,0.000006,0.0,  TDecSbac::TDecSbac,[172]
,,,,,


Index by function name

Index,Function
[91],<lambda_a31071773b9a94e445cbd5d04ef99106>::operator()
[1],BaseThreadInitThunk
[166],FlsGetValue
[118],InputByteStream::eofBeforeNBytes
[58],RtlAllocateHeap
[69],RtlFreeHeap
[2],RtlUserThreadStart
[171],TAppDecTop::TAppDecTop
[5],TAppDecTop::decode
[115],TAppDecTop::xFlushOutput
[34],TAppDecTop::xWriteOutput
[88],TComCUMvField::compress
[108],TComCUMvField::create
[105],TComCUMvField::setAll<class TComMv>
[170],TComDataCU::`scalar deleting destructor'
[137],TComDataCU::copySubCU
[46],TComDataCU::create
[129],TComDataCU::deriveLeftRightTopIdx
[67],TComDataCU::destroy
[106],TComDataCU::fillMvpCand
[151],TComDataCU::getCtxSplitFlag
[143],TComDataCU::getInterMergeCandidates
[132],TComDataCU::getNumPartitions
[162],TComDataCU::getPUAboveRight
[156],TComDataCU::getPULeft
[72],TComDataCU::initCtu
[148],TComDataCU::setSubPart<signed char>
[134],TComDataCU::setSubPart<unsigned char>
[57],"TComInterpolationFilter::filter<4,0,1,0>"
[149],"TComInterpolationFilter::filter<4,0,1,1>"
[102],"TComInterpolationFilter::filter<4,1,0,0>"
[123],"TComInterpolationFilter::filter<4,1,0,1>"
[138],"TComInterpolationFilter::filter<4,1,1,0>"
[136],"TComInterpolationFilter::filter<4,1,1,1>"
[28],"TComInterpolationFilter::filter<8,0,1,0>"
[157],"TComInterpolationFilter::filter<8,0,1,1>"
[87],"TComInterpolationFilter::filter<8,1,0,0>"
[80],"TComInterpolationFilter::filter<8,1,0,1>"
[78],"TComInterpolationFilter::filter<8,1,1,0>"
[110],"TComInterpolationFilter::filter<8,1,1,1>"
[104],TComInterpolationFilter::filterCopy
[18],TComInterpolationFilter::filterHor
[37],TComInterpolationFilter::filterVer
[20],TComLoopFilter::loopFilterPic
[21],TComLoopFilter::xDeblockCU
[98],TComLoopFilter::xEdgeFilterChroma
[31],TComLoopFilter::xEdgeFilterLuma
[83],TComLoopFilter::xGetBoundaryStrengthSingle
[45],TComLoopFilter::xPelFilterLuma
[147],TComLoopFilter::xSetEdgefilterPU
[100],TComLoopFilter::xSetEdgefilterTU
[144],TComLoopFilter::xSetLoopfilterParam
[89],TComPic::compressMotion
[47],TComPic::create
[63],TComPic::destroy
[48],TComPicSym::create
[65],TComPicSym::destroy
[79],TComPicYuv::copyToPic
[103],TComPicYuv::destroy
[164],TComPicYuv::extendPicBorder
[85],TComPrediction::initIntraPatternChType
[13],TComPrediction::motionCompensation
[101],TComPrediction::predIntraAng
[146],TComPrediction::xCheckIdenticalMotion
[14],TComPrediction::xPredInterBi
[16],TComPrediction::xPredInterBlk
[15],TComPrediction::xPredInterUni
[126],TComPrediction::xPredIntraAng
[128],TComPrediction::xPredIntraPlanar
[109],TComSampleAdaptiveOffset::create
[74],TComSampleAdaptiveOffset::offsetBlock
[75],TComSampleAdaptiveOffset::offsetCTU
[165],TComSlice::setRefPicList
[139],TComTU::TComTU
[112],TComTU::TComTU
[125],TComTURecurse::nextSection
[141],TComTrQuant::getSigCtxInc
[24],TComTrQuant::invRecurTransformNxN
[22],TComTrQuant::invTransformNxN
[122],TComTrQuant::setErrScaleCoeff
[62],TComTrQuant::xDeQuant
[26],TComTrQuant::xIT
[61],TComYuv::addAvg
[66],TComYuv::addClip
[158],TComYuv::clear
[116],TComYuv::copyPartToPartComponent
[117],TComYuv::copyPartToPartYuv
[77],TComYuv::copyToPicComponent
[140],TComYuv::getAddr
[90],TDecBinCABAC::decodeBin
[130],TDecBinCABAC::decodeBinEP
[135],TDecBinCABAC::decodeBinsEP
[76],TDecCu::xCopyToPic
[32],TDecCu::xDecodeCU
[25],TDecCu::xDecodeInterTexture
[11],TDecCu::xDecompressCU
[40],TDecCu::xIntraRecBlk
[41],TDecCu::xIntraRecQT
[12],TDecCu::xReconInter
[38],TDecCu::xReconIntraQT
[51],TDecEntropy::decodeCoeff
[107],TDecEntropy::decodeMVPIdxPU
[81],TDecEntropy::decodePUWise
[82],TDecEntropy::decodePredInfo
[56],TDecEntropy::xDecodeTransform
[8],TDecGop::decompressSlice
[17],TDecGop::filterPicture
[172],TDecSbac::TDecSbac
[64],TDecSbac::parseCoeffNxN
[114],TDecSbac::parseLastSignificantXY
[160],TDecSbac::parseMergeIndex
[154],TDecSbac::parseMvd
[124],TDecSbac::parseQtCbf
[163],TDecSbac::parseQtRootCbf
[155],TDecSbac::parseSAOBlkParam
[133],TDecSbac::parseSkipFlag
[152],TDecSbac::parseSplitFlag
[153],TDecSbac::xReadCoefRemainExGolomb
[9],TDecSlice::decompressSlice
[173],TDecTop::TDecTop
[6],TDecTop::decode
[27],TDecTop::xActivateParameterSets
[7],TDecTop::xDecodeSlice
[29],TDecTop::xGetNewPicBuffer
[35],TVideoIOYuv::write
[42],WriteFile
[92],"__crt_seh_guarded_call<int>::operator()<class <lambda_a62c933ada0517137acf5807a1eeac1f>,class <lambda_a31071773b9a94e445cbd5d04ef99106> &,class <lambda_56065050dbf3ada7e59a83db45153de3> >"
[93],_acrt_stdio_end_temporary_buffering_nolock
[52],_acrt_stdio_flush_and_write_narrow_nolock
[94],_acrt_stdio_flush_nolock
[3],_scrt_common_main_seh
[95],_stdio_common_vfprintf
[167],_uncaught_exception
[168],_vcrt_FlsGetValue
[169],_vcrt_getptd_noinit
[71],aligned_free
[68],aligned_offset_malloc_base
[119],byteStreamNALUnit
[120],byteStreamNALUnit
[127],fastInverseDst
[111],fillReferenceSamples
[53],fputc
[161],free
[70],free_base
[142],getTUEntropyCodingParameters
[159],isAboveAvailable
[4],main
[59],malloc_base
[60],memcpy
[73],memset
[86],operator new
[84],partialButterflyInverse16
[49],partialButterflyInverse32
[150],partialButterflyInverse4
[113],partialButterflyInverse8
[131],pow
[96],printf
[121],"std::basic_istream<char,struct std::char_traits<char> >::get"
[50],"std::basic_ostream<char,struct std::char_traits<char> >::write"
[145],"std::deque<class TComSlice *,class std::allocator<class TComSlice *> >::begin"
[43],write
[36],writePlane
[54],write_buffer_nolock<char>
[44],write_nolock
[97],write_text_ansi_nolock
[30],xITrMxN
[19],<cycle 1>
[99],<cycle 2>
[23],<cycle 3>
[10],<cycle 4>
[39],<cycle 5>
[55],<cycle 6>
[33],<cycle 7>
