Index,% CPU Time:Total,CPU Time:Self,CPU Time:Children,Name,Index
,,0.0,906.206298,  RtlUserThreadStart,[2]
[1],100.0,0.0,906.206298,BaseThreadInitThunk,[1]
,,0.0,906.206298,  _scrt_common_main_seh,[4]
,,,,,
,,,,  <spontaneous>,
[2],100.0,0.0,906.206298,RtlUserThreadStart,[2]
,,0.0,906.206298,  BaseThreadInitThunk,[1]
,,,,,
,,0.0,906.206298,  main,[5]
[3],100.0,0.0,906.206298,TAppEncTop::encode,[3]
,,0.0,0.015611,  TAppEncTop::xWriteOutput,[208]
,,0.0,0.031355,  TComPic::destroy,[188]
,,0.0,905.586492,  TEncTop::encode,[6]
,,0.0,0.560946,  TVideoIOYuv::read,[143]
,,0.0,0.011893,"  std::basic_fstream<char,struct std::char_traits<char> >::~basic_fstream<char,struct std::char_traits<char> >",[236]
,,,,,
,,0.0,906.206298,  BaseThreadInitThunk,[1]
[4],100.0,0.0,906.206298,_scrt_common_main_seh,[4]
,,0.0,906.206298,  main,[5]
,,,,,
,,0.0,906.206298,  _scrt_common_main_seh,[4]
[5],100.0,0.0,906.206298,main,[5]
,,0.0,906.206298,  TAppEncTop::encode,[3]
,,,,,
,,0.0,905.586492,  TAppEncTop::encode,[3]
[6],99.93,0.0,905.586492,TEncTop::encode,[6]
,,0.015529,905.336955,  TEncGOP::compressGOP,[7]
,,0.0,0.202838,  TComPicYuv::copyToPic,[152]
,,0.0,0.031171,  TEncTop::xGetNewPicBuffer,[198]
,,,,,
,,0.015529,905.336955,  TEncTop::encode,[6]
[7],99.91,0.015529,905.336955,TEncGOP::compressGOP,[7]
,,0.031104,0.015561,  TComOutputBitstream::write,[172]
,,0.015586,897.979861,  TEncSlice::compressSlice,[8]
,,0.015534,1.353059,  TEncSlice::encodeSlice,[120]
,,0.0,1.661448,  TComLoopFilter::loopFilterPic,[111]
,,0.0,0.031079,  TComOutputBitstream::addSubstream,[204]
,,0.0,0.108700,  TComPic::compressMotion,[174]
,,0.0,0.109002,  TComPicYuv::copyToPic,[152]
,,0.0,0.155828,  TEncGOP::xCalculateAddPSNRs,[167]
,,0.0,3.844622,  TEncSampleAdaptiveOffset::SAOProcess,[85]
,,0.0,0.015571,  fflush,[225]
,,,,,
,,0.015586,897.979861,  TEncGOP::compressGOP,[7]
[8],99.09,0.015586,897.979861,TEncSlice::compressSlice,[8]
,,0.077598,0.170910,  TComDataCU::initCtu,[149]
,,0.015529,1.163486,  TEncCu::xEncodeCU <cycle 2>,[97]
,,0.0,896.552338,  TEncCu::compressCtu,[9]
,,,,,
,,0.0,896.552338,  TEncSlice::compressSlice,[8]
[9],98.93,0.0,896.552338,TEncCu::compressCtu,[9]
,,1.030104,895.227330,  TEncCu::xCompressCU <cycle 11>,[10]
,,0.062192,0.155185,  TComDataCU::initCtu,[149]
,,0.0,0.077527,  [Unknown stack frame(s)],[175]
,,,,,
,,,,  TEncCu::xCompressCU <cycle 11>,[10]
,,1.030104,895.227330,  TEncCu::compressCtu,[9]
[10],98.9,1.030104,895.227330,TEncCu::xCompressCU <cycle 11>,[10]
,,2.932507,1.324133,  TComDataCU::initEstData,[78]
,,1.163633,1.240814,  TComDataCU::initSubCU,[100]
,,0.992958,879.676608,  TEncCu::xCheckRDCostIntra,[12]
,,0.558182,1.092771,  TComDataCU::copyPartFrom,[112]
,,0.527407,0.0,  memcpy,[32]
,,0.418928,1.478457,  TComDataCU::copyToPic,[107]
,,0.232760,0.480658,  TComYuv::copyFromPicComponent,[139]
,,0.155250,1.183873,  TEncCu::xCopyYuv2Tmp,[122]
,,0.124171,0.046589,  TEncSbac::codeSplitFlag,[162]
,,0.061832,0.666894,  TEncCu::xCopyYuv2Pic,[138]
,,0.046660,0.015565,  TEncBinCABAC::copyState,[74]
,,0.046619,0.0,"  std::deque<class TComSlice *,class std::allocator<class TComSlice *> >::begin",[183]
,,0.046561,0.605068,  TComYuv::copyToPicYuv,[123]
,,0.046417,0.0,  TEncCu::xComputeQP,[186]
,,0.030968,0.0,  TComBitCounter::resetBits,[130]
,,0.015546,0.0,  TEncSbac::getNumberOfWrittenBits,[129]
,,,,  TEncCu::xCompressCU <cycle 11>,[10]
,,0.0,0.015498,  [Unknown stack frame(s)],[175]
,,,,,
,,1.030104,895.227330,  TEncCu::compressCtu,[9]
[11],98.9,1.030104,895.227330,<cycle 11 as a whole>,[11]
,,1.030104,895.227330,  TEncCu::xCompressCU <cycle 11>,[10]
,,,,,
,,0.992958,879.676608,  TEncCu::xCompressCU <cycle 11>,[10]
[12],97.18,0.992958,879.676608,TEncCu::xCheckRDCostIntra,[12]
,,8.702852,732.723688,  TEncSearch::estIntraPredLumaQT,[13]
,,1.911003,128.637052,  TEncSearch::estIntraPredChromaQT,[20]
,,1.387782,4.436362,  TEncEntropy::xEncodeTransform <cycle 1>,[63]
,,0.729337,0.0,  memcpy,[32]
,,0.108561,0.0,  TComTU::TComTU,[147]
,,0.077761,0.0,  TEncCu::xCheckDQP,[177]
,,0.046582,0.0,  TEncSbac::resetBits,[95]
,,0.046493,0.0,  TEncSbac::getNumberOfWrittenBits,[129]
,,0.031047,0.775955,  TEncEntropy::encodePredInfo,[132]
,,0.015598,0.0,  TEncBinCABACCounter::getNumWrittenBits,[91]
,,0.015529,0.0,  TEncBinCABAC::copyState,[74]
,,0.015486,0.0,  TEncSbac::codePartSize,[140]
,,0.0,0.015520,  [Unknown stack frame(s)],[175]
,,,,,
,,8.702852,732.723688,  TEncCu::xCheckRDCostIntra,[12]
[13],81.82,8.702852,732.723688,TEncSearch::estIntraPredLumaQT,[13]
,,12.060685,539.906625,  TEncSearch::xRecurIntraCodingLumaQT <cycle 10>,[15]
,,6.230451,67.912498,  TComRdCost::xGetHADs,[24]
,,5.999370,0.0,  memcpy,[32]
,,4.705798,57.706796,  TComPrediction::predIntraAng,[23]
,,4.329314,0.0,  TEncSearch::xUpdateCandList,[76]
,,3.868161,19.607652,  TEncSearch::xModeBitsIntra,[41]
,,1.442632,1.901729,  TComPrediction::initIntraPatternChType,[36]
,,1.102074,1.027331,  TEncBinCABACCounter::getNumWrittenBits,[91]
,,0.713557,1.416223,  TEncSearch::xSetIntraResultLumaQT <cycle 9>,[103]
,,0.496582,0.372523,  TEncBinCABAC::copyState,[74]
,,0.496323,0.0,  TEncSbac::getNumberOfWrittenBits,[129]
,,0.357037,0.0,  memset,[38]
,,0.341659,0.0,  TComTURecurse::nextSection,[69]
,,0.263868,0.0,  TComTU::TComTU,[84]
,,0.232293,0.0,  TComDataCU::getIntraDirPredictor,[54]
,,0.139443,0.0,  TComTU::TComTU,[147]
,,0.062058,0.0,  _chkstk,[82]
,,0.031007,0.0,  TComYuv::getStride,[206]
,,,,,
,,12.060685,539.906625,  TEncSearch::estIntraPredLumaQT,[13]
[14],60.91,12.060685,539.906625,<cycle 10 as a whole>,[14]
,,12.060685,539.906625,  TEncSearch::xRecurIntraCodingLumaQT <cycle 10>,[15]
,,,,,
,,,,  TEncSearch::xRecurIntraCodingLumaQT <cycle 10>,[15]
,,12.060685,539.906625,  TEncSearch::estIntraPredLumaQT,[13]
[15],60.91,12.060685,539.906625,TEncSearch::xRecurIntraCodingLumaQT <cycle 10>,[15]
,,42.210569,405.847173,  TEncSearch::xIntraCodingTUBlock,[16]
,,14.921712,0.0,  memcpy,[32]
,,2.584727,4.173193,  TEncSearch::xLoadIntraResultQT,[65]
,,2.482992,3.955206,  TEncSearch::xEncSubdivCbfQT <cycle 7>,[53]
,,1.784613,41.848814,  TEncSearch::xEncCoeffQT <cycle 6>,[29]
,,1.446564,0.232741,  TEncBinCABAC::copyState,[74]
,,1.340820,7.010484,  TEncSearch::xEncIntraHeader,[59]
,,1.000493,0.0,  memset,[38]
,,0.915481,0.0,  TComDataCU::getQuadtreeTULog2MinSizeInCU,[109]
,,0.667519,0.0,  TComTURecurse::nextSection,[69]
,,0.636626,0.573886,  TEncSbac::resetBits,[95]
,,0.636154,3.433417,  TEncSearch::xStoreIntraResultQT,[81]
,,0.465558,0.0,  TEncSbac::getNumberOfWrittenBits,[129]
,,0.434513,0.434526,  TEncBinCABACCounter::getNumWrittenBits,[91]
,,0.356887,0.0,  TComBitCounter::resetBits,[130]
,,0.279234,0.0,  _chkstk,[82]
,,0.170730,0.0,  TComTU::TComTU,[84]
,,0.061995,0.0,  _security_check_cookie,[77]
,,,,  TEncSearch::xRecurIntraCodingLumaQT <cycle 10>,[15]
,,,,,
,,10.473261,84.419335,  TEncSearch::xRecurIntraChromaCodingQT <cycle 8>,[21]
,,42.210569,405.847173,  TEncSearch::xRecurIntraCodingLumaQT <cycle 10>,[15]
[16],59.91,52.683829,490.266508,TEncSearch::xIntraCodingTUBlock,[16]
,,10.616487,0.0,  TComYuv::getAddr,[46]
,,10.274494,26.722979,  TComPrediction::initIntraPatternChType,[36]
,,5.856636,298.033802,  TComTrQuant::transformNxN,[17]
,,5.263336,0.0,  QpParam::QpParam,[70]
,,4.219499,0.0,  memset,[38]
,,3.521977,20.677262,  TComPrediction::predIntraAng,[23]
,,2.644410,8.470683,  TComRdCost::getDistPart,[50]
,,1.804960,27.491438,  TEncSbac::estBit,[39]
,,1.683533,62.162987,  TComTrQuant::invTransformNxN,[26]
,,0.822024,0.0,  TComPrediction::filteringIntraReferenceSamples,[135]
,,,,,
,,5.856636,298.033802,  TEncSearch::xIntraCodingTUBlock,[16]
[17],33.53,5.856636,298.033802,TComTrQuant::transformNxN,[17]
,,6.065340,42.785254,  TComTrQuant::xT,[31]
,,3.067806,239.022449,  TComTrQuant::xQuant,[18]
,,3.036413,1.340953,  TComTrQuant::rdpcmNxN,[75]
,,2.715587,0.0,  TComTrQuant::xTransformSkip,[94]
,,,,,
,,3.067806,239.022449,  TComTrQuant::transformNxN,[17]
[18],26.71,3.067806,239.022449,TComTrQuant::xQuant,[18]
,,160.407894,77.947216,  TComTrQuant::xRateDistOptQuant,[19]
,,0.450202,0.0,  _chkstk,[82]
,,0.217137,0.0,  _security_check_cookie,[77]
,,,,,
,,160.407894,77.947216,  TComTrQuant::xQuant,[18]
[19],26.3,160.407894,77.947216,TComTrQuant::xRateDistOptQuant,[19]
,,23.492225,3.451265,  TComTrQuant::xGetCodedLevel,[40]
,,22.737506,0.0,  memset,[38]
,,13.977367,0.0,  TComTrQuant::getSigCtxInc,[43]
,,5.743385,0.0,  TComTrQuant::xGetICRate,[56]
,,3.544567,2.886728,  getTUEntropyCodingParameters,[60]
,,1.074322,0.0,  TComTU::getGolombRiceStatisticsIndex,[117]
,,0.651904,0.0,  _chkstk,[82]
,,0.387947,0.0,  _security_check_cookie,[77]
,,,,,
,,1.911003,128.637052,  TEncCu::xCheckRDCostIntra,[12]
[20],14.41,1.911003,128.637052,TEncSearch::estIntraPredChromaQT,[20]
,,3.884109,104.746707,  TEncSearch::xRecurIntraChromaCodingQT <cycle 8>,[21]
,,2.512029,0.0,  memcpy,[32]
,,1.757453,2.382844,  TEncSearch::xEncSubdivCbfQT <cycle 7>,[53]
,,1.690792,6.593812,  TEncSearch::xEncCoeffQT <cycle 6>,[29]
,,0.853743,2.311758,  TEncSearch::xSetIntraResultChromaQT <cycle 5>,[90]
,,0.252325,0.139588,  TEncBinCABAC::copyState,[74]
,,0.217152,0.0,  TComTU::TComTU,[84]
,,0.155153,0.0,  TComTU::TComTU,[147]
,,0.139766,0.596646,  TEncSearch::xEncIntraHeader,[59]
,,0.108672,0.0,  memset,[38]
,,0.077579,0.046377,  TEncSbac::resetBits,[95]
,,0.061988,0.0,  TEncSbac::getNumberOfWrittenBits,[129]
,,0.046536,0.030968,  TEncBinCABACCounter::getNumWrittenBits,[91]
,,0.031055,0.0,  TComBitCounter::resetBits,[130]
,,,,,
,,,,  TEncSearch::xRecurIntraChromaCodingQT <cycle 8>,[21]
,,3.884109,104.746707,  TEncSearch::estIntraPredChromaQT,[20]
[21],11.99,3.884109,104.746707,TEncSearch::xRecurIntraChromaCodingQT <cycle 8>,[21]
,,10.473261,84.419335,  TEncSearch::xIntraCodingTUBlock,[16]
,,6.301008,0.0,  memcpy,[32]
,,1.194265,0.0,  TComTU::TComTU,[84]
,,1.132846,0.0,  TComTURecurse::nextSection,[69]
,,0.713816,0.0,  memset,[38]
,,0.294881,0.015523,  TEncBinCABAC::copyState,[74]
,,0.077586,0.0,  _security_check_cookie,[77]
,,0.046616,0.031070,  TEncSearch::xLoadIntraResultQT,[65]
,,0.015542,0.0,  TEncBinCABACCounter::getNumWrittenBits,[91]
,,0.0,0.030957,  TEncSearch::xEncCoeffQT <cycle 6>,[29]
,,,,  TEncSearch::xRecurIntraChromaCodingQT <cycle 8>,[21]
,,,,,
,,3.884109,104.746707,  TEncSearch::estIntraPredChromaQT,[20]
[22],11.99,3.884109,104.746707,<cycle 8 as a whole>,[22]
,,3.884109,104.746707,  TEncSearch::xRecurIntraChromaCodingQT <cycle 8>,[21]
,,,,,
,,3.521977,20.677262,  TEncSearch::xIntraCodingTUBlock,[16]
,,4.705798,57.706796,  TEncSearch::estIntraPredLumaQT,[13]
[23],9.56,8.227775,78.384058,TComPrediction::predIntraAng,[23]
,,68.715319,4.129315,  TComPrediction::xPredIntraAng,[25]
,,5.120423,0.015527,  TComPrediction::xPredIntraPlanar,[72]
,,0.403475,0.0,  TComPrediction::xDCPredFiltering,[153]
,,,,,
,,6.230451,67.912498,  TEncSearch::estIntraPredLumaQT,[13]
[24],8.18,6.230451,67.912498,TComRdCost::xGetHADs,[24]
,,55.253156,0.170588,  TComRdCost::xCalcHADs8x8,[27]
,,12.395633,0.093121,  TComRdCost::xCalcHADs4x4,[47]
,,,,,
,,68.715319,4.129315,  TComPrediction::predIntraAng,[23]
[25],8.04,68.715319,4.129315,TComPrediction::xPredIntraAng,[25]
,,1.721937,0.0,  memcpy,[32]
,,0.933519,0.0,  _chkstk,[82]
,,0.775465,0.0,  TComPrediction::predIntraGetPredValDC,[136]
,,0.698394,0.0,  _security_check_cookie,[77]
,,,,,
,,1.683533,62.162987,  TEncSearch::xIntraCodingTUBlock,[16]
[26],7.05,1.683533,62.162987,TComTrQuant::invTransformNxN,[26]
,,18.330528,0.0,  TComTrQuant::xDeQuant,[44]
,,4.091561,38.417488,  TComTrQuant::xIT,[34]
,,0.764976,0.0,  TComTrQuant::invRdpcmNxN,[137]
,,0.558434,0.0,  TComTrQuant::xITransformSkip,[145]
,,,,,
,,55.253156,0.170588,  TComRdCost::xGetHADs,[24]
[27],6.12,55.253156,0.170588,TComRdCost::xCalcHADs8x8,[27]
,,0.170588,0.0,  _security_check_cookie,[77]
,,,,,
,,0.0,0.030957,  TEncSearch::xRecurIntraChromaCodingQT <cycle 8>,[21]
,,1.690792,6.593812,  TEncSearch::estIntraPredChromaQT,[20]
,,1.784613,41.848814,  TEncSearch::xRecurIntraCodingLumaQT <cycle 10>,[15]
[28],5.73,3.475405,48.473584,<cycle 6 as a whole>,[28]
,,3.475405,48.473584,  TEncSearch::xEncCoeffQT <cycle 6>,[29]
,,,,,
,,,,  TEncSearch::xEncCoeffQT <cycle 6>,[29]
,,0.0,0.030957,  TEncSearch::xRecurIntraChromaCodingQT <cycle 8>,[21]
,,1.690792,6.593812,  TEncSearch::estIntraPredChromaQT,[20]
,,1.784613,41.848814,  TEncSearch::xRecurIntraCodingLumaQT <cycle 10>,[15]
[29],5.73,3.475405,48.473584,TEncSearch::xEncCoeffQT <cycle 6>,[29]
,,2.000830,0.0,  TComTURecurse::nextSection,[69]
,,1.085677,44.285439,  TEncEntropy::encodeCoeffNxN,[33]
,,0.915452,0.0,  TComTU::TComTU,[84]
,,0.186185,0.0,  _security_check_cookie,[77]
,,,,  TEncSearch::xEncCoeffQT <cycle 6>,[29]
,,,,,
,,2.863602,2.490988,  TEncEntropy::xEncodeTransform <cycle 1>,[63]
,,23.639184,20.444544,  TEncEntropy::encodeCoeffNxN,[33]
[30],5.46,26.502786,22.935532,TEncSbac::codeCoeffNxN,[30]
,,5.570513,0.0,  TComTrQuant::getSigCtxInc,[43]
,,5.242102,0.0,  TEncBinCABACCounter::encodeBin,[51]
,,2.434074,1.689552,  TEncSbac::codeLastSignificantXY,[80]
,,1.633322,0.345620,  TEncSbac::xWriteCoefRemainExGolomb,[104]
,,1.473459,1.086217,  getTUEntropyCodingParameters,[60]
,,1.070212,0.0,  memset,[38]
,,0.744967,0.263711,  TEncSbac::codeTransformSkipFlags,[131]
,,0.496652,0.0,  TEncBinCABACCounter::encodeBinsEP,[119]
,,0.372511,0.0,  TComTU::getGolombRiceStatisticsIndex,[117]
,,0.264510,0.0,  TEncBinCABAC::encodeBin,[154]
,,0.232578,0.0,  _security_check_cookie,[77]
,,0.015533,0.0,  TEncBinCABAC::writeOut,[184]
,,,,,
,,6.065340,42.785254,  TComTrQuant::transformNxN,[17]
[31],5.39,6.065340,42.785254,TComTrQuant::xT,[31]
,,1.943816,38.587758,  xTrMxN,[35]
,,1.772746,0.0,  memcpy,[32]
,,0.341282,0.0,  _chkstk,[82]
,,0.139651,0.0,  _security_check_cookie,[77]
,,,,,
,,0.062582,0.0,  copyPlane,[179]
,,0.325714,0.0,  TComYuv::copyToPartComponent,[127]
,,0.421057,0.0,  TComPicYuv::copyToPic,[152]
,,0.480658,0.0,  TComYuv::copyFromPicComponent,[139]
,,0.527407,0.0,  TEncCu::xCompressCU <cycle 11>,[10]
,,0.651396,0.0,  TComYuv::copyToPicComponent,[125]
,,0.729337,0.0,  TEncCu::xCheckRDCostIntra,[12]
,,0.760503,0.0,  TEncSearch::xModeBitsIntra,[41]
,,0.837663,0.0,  TEncSearch::xStoreIntraResultQT,[81]
,,0.992970,0.0,  TComTrQuant::xIT,[34]
,,1.023900,0.0,  TEncSearch::xSetIntraResultLumaQT <cycle 9>,[103]
,,1.024204,0.0,  TEncSearch::xSetIntraResultChromaQT <cycle 5>,[90]
,,1.092771,0.0,  TComDataCU::copyPartFrom,[112]
,,1.163837,0.0,  TEncSearch::xLoadIntraResultQT,[65]
,,1.276341,0.0,  TComYuv::copyPartToPartComponent,[71]
,,1.478457,0.0,  TComDataCU::copyToPic,[107]
,,1.721937,0.0,  TComPrediction::xPredIntraAng,[25]
,,1.772746,0.0,  TComTrQuant::xT,[31]
,,2.512029,0.0,  TEncSearch::estIntraPredChromaQT,[20]
,,5.999370,0.0,  TEncSearch::estIntraPredLumaQT,[13]
,,6.301008,0.0,  TEncSearch::xRecurIntraChromaCodingQT <cycle 8>,[21]
,,14.921712,0.0,  TEncSearch::xRecurIntraCodingLumaQT <cycle 10>,[15]
[32],5.08,46.077600,0.0,memcpy,[32]
,,,,,
,,1.085677,44.285439,  TEncSearch::xEncCoeffQT <cycle 6>,[29]
[33],5.01,1.085677,44.285439,TEncEntropy::encodeCoeffNxN,[33]
,,23.639184,20.444544,  TEncSbac::codeCoeffNxN,[30]
,,0.201711,0.0,  _security_check_cookie,[77]
,,,,,
,,4.091561,38.417488,  TComTrQuant::invTransformNxN,[26]
[34],4.69,4.091561,38.417488,TComTrQuant::xIT,[34]
,,0.992970,0.0,  memcpy,[32]
,,0.935616,36.205741,  xITrMxN,[37]
,,0.159058,0.0,  _chkstk,[82]
,,0.124102,0.0,  _security_check_cookie,[77]
,,,,,
,,1.943816,38.587758,  TComTrQuant::xT,[31]
[35],4.47,1.943816,38.587758,xTrMxN,[35]
,,11.485930,0.015487,  partialButterfly32,[49]
,,9.823416,0.0,  fastForwardDst,[55]
,,7.511843,0.0,  partialButterfly16,[64]
,,6.663503,0.0,  partialButterfly8,[67]
,,2.606476,0.0,  partialButterfly4,[96]
,,0.388078,0.0,  _chkstk,[82]
,,0.093026,0.0,  _security_check_cookie,[77]
,,,,,
,,1.442632,1.901729,  TEncSearch::estIntraPredLumaQT,[13]
,,10.274494,26.722979,  TEncSearch::xIntraCodingTUBlock,[16]
[36],4.45,11.717125,28.624708,TComPrediction::initIntraPatternChType,[36]
,,16.912772,0.201692,  fillReferenceSamples,[45]
,,3.717428,0.093085,  TComDataCU::getPUAboveRight,[86]
,,2.420003,0.031028,  TComDataCU::getPUBelowLeft,[99]
,,1.897275,0.0,  isLeftAvailable,[108]
,,1.706551,0.0,  isAboveAvailable,[110]
,,1.132906,0.310255,  TComDataCU::getPUAboveLeft,[118]
,,0.201714,0.0,  _security_check_cookie,[77]
,,,,,
,,0.935616,36.205741,  TComTrQuant::xIT,[34]
[37],4.1,0.935616,36.205741,xITrMxN,[37]
,,11.906944,0.031053,  partialButterflyInverse32,[48]
,,9.083275,0.015513,  partialButterflyInverse16,[58]
,,9.054620,0.061975,  partialButterflyInverse8,[57]
,,5.028375,0.0,  fastInverseDst,[73]
,,0.822358,0.0,  partialButterflyInverse4,[134]
,,0.108633,0.0,  _chkstk,[82]
,,0.092993,0.0,  _security_check_cookie,[77]
,,,,,
,,0.015515,0.0,  TComLoopFilter::loopFilterPic,[111]
,,0.046709,0.0,  TEncSampleAdaptiveOffset::getBlkStats,[93]
,,0.108672,0.0,  TEncSearch::estIntraPredChromaQT,[20]
,,0.326095,0.0,  TComDataCU::initCtu,[149]
,,0.357037,0.0,  TEncSearch::estIntraPredLumaQT,[13]
,,0.487785,0.0,  TComTrQuant::rdpcmNxN,[75]
,,0.713816,0.0,  TEncSearch::xRecurIntraChromaCodingQT <cycle 8>,[21]
,,1.000493,0.0,  TEncSearch::xRecurIntraCodingLumaQT <cycle 10>,[15]
,,1.070212,0.0,  TEncSbac::codeCoeffNxN,[30]
,,1.240814,0.0,  TComDataCU::initSubCU,[100]
,,1.324133,0.0,  TComDataCU::initEstData,[78]
,,4.219499,0.0,  TEncSearch::xIntraCodingTUBlock,[16]
,,22.737506,0.0,  TComTrQuant::xRateDistOptQuant,[19]
[38],3.71,33.648287,0.0,memset,[38]
,,,,,
,,1.804960,27.491438,  TEncSearch::xIntraCodingTUBlock,[16]
[39],3.23,1.804960,27.491438,TEncSbac::estBit,[39]
,,8.778467,0.0,  TEncSbac::estSignificantMapBit,[61]
,,6.758323,0.0,  TEncSbac::estLastSignificantPositionBit,[66]
,,6.285735,0.0,  TEncSbac::estSignificantCoefficientsBit,[68]
,,3.733190,0.0,  TEncSbac::estCBFBit,[87]
,,1.935724,0.0,  TEncSbac::estSignificantCoeffGroupMapBit,[106]
,,,,,
,,23.492225,3.451265,  TComTrQuant::xRateDistOptQuant,[19]
[40],2.97,23.492225,3.451265,TComTrQuant::xGetCodedLevel,[40]
,,3.451265,0.0,  TComTrQuant::xGetICRate,[56]
,,,,,
,,0.077541,0.0,  [Unknown stack frame(s)],[175]
,,3.868161,19.607652,  TEncSearch::estIntraPredLumaQT,[13]
[41],2.6,3.945701,19.607652,TEncSearch::xModeBitsIntra,[41]
,,6.328912,9.051265,  TEncSbac::codeIntraDirLumaAng,[42]
,,1.085950,0.480862,  TEncBinCABAC::copyState,[74]
,,0.760503,0.0,  memcpy,[32]
,,0.596709,0.0,  TComBitCounter::resetBits,[130]
,,0.574136,0.729316,  TEncSbac::resetBits,[95]
,,,,,
,,0.325986,0.434465,  TEncEntropy::encodePredInfo,[132]
,,2.792848,3.545842,  TEncSearch::xEncIntraHeader,[59]
,,6.328912,9.051265,  TEncSearch::xModeBitsIntra,[41]
[42],2.48,9.447745,13.031572,TEncSbac::codeIntraDirLumaAng,[42]
,,9.927301,0.0,  TComDataCU::getIntraDirPredictor,[54]
,,1.971556,0.0,  TEncBinCABACCounter::encodeBin,[51]
,,0.589683,0.0,  TEncBinCABACCounter::encodeBinsEP,[119]
,,0.434306,0.0,  _security_check_cookie,[77]
,,0.093148,0.0,  TEncBinCABACCounter::encodeBinEP,[168]
,,0.015578,0.0,  TEncBinCABAC::encodeAlignedBinsEP,[220]
,,,,,
,,5.570513,0.0,  TEncSbac::codeCoeffNxN,[30]
,,13.977367,0.0,  TComTrQuant::xRateDistOptQuant,[19]
[43],2.16,19.547880,0.0,TComTrQuant::getSigCtxInc,[43]
,,,,,
,,18.330528,0.0,  TComTrQuant::invTransformNxN,[26]
[44],2.02,18.330528,0.0,TComTrQuant::xDeQuant,[44]
,,,,,
,,16.912772,0.201692,  TComPrediction::initIntraPatternChType,[36]
[45],1.89,16.912772,0.201692,fillReferenceSamples,[45]
,,0.201692,0.0,  _security_check_cookie,[77]
,,,,,
,,0.108653,0.0,  TEncSearch::xSetIntraResultLumaQT <cycle 9>,[103]
,,0.325859,0.0,  TComYuv::copyToPartComponent,[127]
,,0.372154,0.0,  TEncSearch::xSetIntraResultChromaQT <cycle 5>,[90]
,,0.496273,0.0,  TEncSearch::xLoadIntraResultQT,[65]
,,1.179411,0.0,  TComYuv::copyPartToPartComponent,[71]
,,10.616487,0.0,  TEncSearch::xIntraCodingTUBlock,[16]
[46],1.45,13.098836,0.0,TComYuv::getAddr,[46]
,,,,,
,,12.395633,0.093121,  TComRdCost::xGetHADs,[24]
[47],1.38,12.395633,0.093121,TComRdCost::xCalcHADs4x4,[47]
,,0.093121,0.0,  _security_check_cookie,[77]
,,,,,
,,11.906944,0.031053,  xITrMxN,[37]
[48],1.32,11.906944,0.031053,partialButterflyInverse32,[48]
,,0.031053,0.0,  _security_check_cookie,[77]
,,,,,
,,11.485930,0.015487,  xTrMxN,[35]
[49],1.27,11.485930,0.015487,partialButterfly32,[49]
,,0.015487,0.0,  _security_check_cookie,[77]
,,,,,
,,2.644410,8.470683,  TEncSearch::xIntraCodingTUBlock,[16]
[50],1.23,2.644410,8.470683,TComRdCost::getDistPart,[50]
,,4.157539,0.0,  TComRdCost::xGetSSE4,[79]
,,1.954980,0.0,  TComRdCost::xGetSSE8,[105]
,,1.210412,0.0,  TComRdCost::xGetSSE16,[126]
,,1.147752,0.0,  TComRdCost::xGetSSE32,[128]
,,,,,
,,0.224241,0.0,  TEncSbac::codeIntraDirChroma,[141]
,,0.248096,0.0,  TEncSearch::xEncSubdivCbfQT <cycle 7>,[53]
,,0.263711,0.0,  TEncSbac::codeTransformSkipFlags,[131]
,,0.263727,0.0,  TEncSbac::codePartSize,[140]
,,0.914499,0.0,  TEncSbac::codeQtCbf,[88]
,,1.580780,0.0,  TEncSbac::codeLastSignificantXY,[80]
,,1.971556,0.0,  TEncSbac::codeIntraDirLumaAng,[42]
,,5.242102,0.0,  TEncSbac::codeCoeffNxN,[30]
[51],1.18,10.708711,0.0,TEncBinCABACCounter::encodeBin,[51]
,,,,,
,,1.757453,2.382844,  TEncSearch::estIntraPredChromaQT,[20]
,,2.482992,3.955206,  TEncSearch::xRecurIntraCodingLumaQT <cycle 10>,[15]
[52],1.17,4.240445,6.338050,<cycle 7 as a whole>,[52]
,,4.240445,6.338050,  TEncSearch::xEncSubdivCbfQT <cycle 7>,[53]
,,,,,
,,,,  TEncSearch::xEncSubdivCbfQT <cycle 7>,[53]
,,1.757453,2.382844,  TEncSearch::estIntraPredChromaQT,[20]
,,2.482992,3.955206,  TEncSearch::xRecurIntraCodingLumaQT <cycle 10>,[15]
[53],1.17,4.240445,6.338050,TEncSearch::xEncSubdivCbfQT <cycle 7>,[53]
,,2.016962,0.805853,  TEncSbac::codeQtCbf,[88]
,,1.256805,0.0,  TComTURecurse::nextSection,[69]
,,0.884409,0.0,  TComTU::TComTU,[84]
,,0.784480,0.0,  TComDataCU::getQuadtreeTULog2MinSizeInCU,[109]
,,0.248096,0.0,  TEncBinCABACCounter::encodeBin,[51]
,,0.186285,0.0,  _security_check_cookie,[77]
,,0.155160,0.0,  TEncSbac::codeTransformSubdivFlag,[169]
,,,,  TEncSearch::xEncSubdivCbfQT <cycle 7>,[53]
,,,,,
,,0.232293,0.0,  TEncSearch::estIntraPredLumaQT,[13]
,,9.927301,0.0,  TEncSbac::codeIntraDirLumaAng,[42]
[54],1.12,10.159594,0.0,TComDataCU::getIntraDirPredictor,[54]
,,,,,
,,9.823416,0.0,  xTrMxN,[35]
[55],1.08,9.823416,0.0,fastForwardDst,[55]
,,,,,
,,3.451265,0.0,  TComTrQuant::xGetCodedLevel,[40]
,,5.743385,0.0,  TComTrQuant::xRateDistOptQuant,[19]
[56],1.01,9.194651,0.0,TComTrQuant::xGetICRate,[56]
,,,,,
,,9.054620,0.061975,  xITrMxN,[37]
[57],1.01,9.054620,0.061975,partialButterflyInverse8,[57]
,,0.061975,0.0,  _security_check_cookie,[77]
,,,,,
,,9.083275,0.015513,  xITrMxN,[37]
[58],1.0,9.083275,0.015513,partialButterflyInverse16,[58]
,,0.015513,0.0,  _security_check_cookie,[77]
,,,,,
,,0.139766,0.596646,  TEncSearch::estIntraPredChromaQT,[20]
,,1.340820,7.010484,  TEncSearch::xRecurIntraCodingLumaQT <cycle 10>,[15]
[59],1.0,1.480586,7.607130,TEncSearch::xEncIntraHeader,[59]
,,2.792848,3.545842,  TEncSbac::codeIntraDirLumaAng,[42]
,,0.408067,0.263727,  TEncSbac::codePartSize,[140]
,,0.372480,0.224166,  TEncSbac::codeIntraDirChroma,[141]
,,,,,
,,1.473459,1.086217,  TEncSbac::codeCoeffNxN,[30]
,,3.544567,2.886728,  TComTrQuant::xRateDistOptQuant,[19]
[60],0.99,5.018026,3.972944,getTUEntropyCodingParameters,[60]
,,3.972944,0.0,  TComDataCU::getCoefScanIdx,[83]
,,,,,
,,8.778467,0.0,  TEncSbac::estBit,[39]
[61],0.97,8.778467,0.0,TEncSbac::estSignificantMapBit,[61]
,,,,,
,,0.201983,2.065917,  TEncEntropy::encodeCoeff,[101]
,,1.387782,4.436362,  TEncCu::xCheckRDCostIntra,[12]
[62],0.89,1.589765,6.502279,<cycle 1 as a whole>,[62]
,,1.589765,6.502279,  TEncEntropy::xEncodeTransform <cycle 1>,[63]
,,,,,
,,,,  TEncEntropy::xEncodeTransform <cycle 1>,[63]
,,0.201983,2.065917,  TEncEntropy::encodeCoeff,[101]
,,1.387782,4.436362,  TEncCu::xCheckRDCostIntra,[12]
[63],0.89,1.589765,6.502279,TEncEntropy::xEncodeTransform <cycle 1>,[63]
,,2.863602,2.490988,  TEncSbac::codeCoeffNxN,[30]
,,0.418869,0.0,  TComTURecurse::nextSection,[69]
,,0.387336,0.139719,  TEncSbac::codeQtCbf,[88]
,,0.062084,0.0,  TComTU::TComTU,[84]
,,0.062071,0.0,  _security_check_cookie,[77]
,,0.046557,0.0,  TEncSbac::codeCrossComponentPrediction,[185]
,,0.031053,0.0,  TComDataCU::getQuadtreeTULog2MinSizeInCU,[109]
,,,,  TEncEntropy::xEncodeTransform <cycle 1>,[63]
,,,,,
,,7.511843,0.0,  xTrMxN,[35]
[64],0.83,7.511843,0.0,partialButterfly16,[64]
,,,,,
,,0.046616,0.031070,  TEncSearch::xRecurIntraChromaCodingQT <cycle 8>,[21]
,,2.584727,4.173193,  TEncSearch::xRecurIntraCodingLumaQT <cycle 10>,[15]
[65],0.75,2.631343,4.204263,TEncSearch::xLoadIntraResultQT,[65]
,,1.163837,0.0,  memcpy,[32]
,,0.713435,1.830718,  TComYuv::copyPartToPartComponent,[71]
,,0.496273,0.0,  TComYuv::getAddr,[46]
,,,,,
,,6.758323,0.0,  TEncSbac::estBit,[39]
[66],0.75,6.758323,0.0,TEncSbac::estLastSignificantPositionBit,[66]
,,,,,
,,6.663503,0.0,  xTrMxN,[35]
[67],0.74,6.663503,0.0,partialButterfly8,[67]
,,,,,
,,6.285735,0.0,  TEncSbac::estBit,[39]
[68],0.69,6.285735,0.0,TEncSbac::estSignificantCoefficientsBit,[68]
,,,,,
,,0.046534,0.0,  TComLoopFilter::xSetEdgefilterTU <cycle 4>,[165]
,,0.062092,0.0,  TEncSearch::xSetIntraResultLumaQT <cycle 9>,[103]
,,0.325920,0.0,  TEncSearch::xSetIntraResultChromaQT <cycle 5>,[90]
,,0.341659,0.0,  TEncSearch::estIntraPredLumaQT,[13]
,,0.418869,0.0,  TEncEntropy::xEncodeTransform <cycle 1>,[63]
,,0.667519,0.0,  TEncSearch::xRecurIntraCodingLumaQT <cycle 10>,[15]
,,1.132846,0.0,  TEncSearch::xRecurIntraChromaCodingQT <cycle 8>,[21]
,,1.256805,0.0,  TEncSearch::xEncSubdivCbfQT <cycle 7>,[53]
,,2.000830,0.0,  TEncSearch::xEncCoeffQT <cycle 6>,[29]
[69],0.69,6.253074,0.0,TComTURecurse::nextSection,[69]
,,,,,
,,5.263336,0.0,  TEncSearch::xIntraCodingTUBlock,[16]
[70],0.58,5.263336,0.0,QpParam::QpParam,[70]
,,,,,
,,0.713435,1.830718,  TEncSearch::xLoadIntraResultQT,[65]
,,0.791481,1.804272,  TEncSearch::xStoreIntraResultQT,[81]
[71],0.57,1.504917,3.634990,TComYuv::copyPartToPartComponent,[71]
,,1.276341,0.0,  memcpy,[32]
,,1.179411,0.0,  TComYuv::getAddr,[46]
,,1.179239,0.0,  TComYuv::getAddr,[115]
,,,,,
,,5.120423,0.015527,  TComPrediction::predIntraAng,[23]
[72],0.57,5.120423,0.015527,TComPrediction::xPredIntraPlanar,[72]
,,0.015527,0.0,  _security_check_cookie,[77]
,,,,,
,,5.028375,0.0,  xITrMxN,[37]
[73],0.55,5.028375,0.0,fastInverseDst,[73]
,,,,,
,,0.015529,0.0,  TEncCu::xCheckRDCostIntra,[12]
,,0.046660,0.015565,  TEncCu::xCompressCU <cycle 11>,[10]
,,0.252325,0.139588,  TEncSearch::estIntraPredChromaQT,[20]
,,0.294881,0.015523,  TEncSearch::xRecurIntraChromaCodingQT <cycle 8>,[21]
,,0.496582,0.372523,  TEncSearch::estIntraPredLumaQT,[13]
,,1.085950,0.480862,  TEncSearch::xModeBitsIntra,[41]
,,1.446564,0.232741,  TEncSearch::xRecurIntraCodingLumaQT <cycle 10>,[15]
[74],0.54,3.638490,1.256803,TEncBinCABAC::copyState,[74]
,,1.256803,0.0,  TEncBinCABAC::getTEncBinCABAC,[124]
,,,,,
,,3.036413,1.340953,  TComTrQuant::transformNxN,[17]
[75],0.48,3.036413,1.340953,TComTrQuant::rdpcmNxN,[75]
,,0.666957,0.0,  _chkstk,[82]
,,0.487785,0.0,  memset,[38]
,,0.186211,0.0,  _security_check_cookie,[77]
,,,,,
,,4.329314,0.0,  TEncSearch::estIntraPredLumaQT,[13]
[76],0.48,4.329314,0.0,TEncSearch::xUpdateCandList,[76]
,,,,,
,,0.015469,0.0,  TEncSbac::codeIntraDirChroma,[141]
,,0.015487,0.0,  partialButterfly32,[49]
,,0.015513,0.0,  partialButterflyInverse16,[58]
,,0.015527,0.0,  TComPrediction::xPredIntraPlanar,[72]
,,0.031053,0.0,  partialButterflyInverse32,[48]
,,0.050803,0.0,  TEncSearch::xSetIntraResultLumaQT <cycle 9>,[103]
,,0.061975,0.0,  partialButterflyInverse8,[57]
,,0.061995,0.0,  TEncSearch::xRecurIntraCodingLumaQT <cycle 10>,[15]
,,0.062071,0.0,  TEncEntropy::xEncodeTransform <cycle 1>,[63]
,,0.062103,0.0,  TEncSearch::xSetIntraResultChromaQT <cycle 5>,[90]
,,0.077586,0.0,  TEncSearch::xRecurIntraChromaCodingQT <cycle 8>,[21]
,,0.092993,0.0,  xITrMxN,[37]
,,0.093026,0.0,  xTrMxN,[35]
,,0.093121,0.0,  TComRdCost::xCalcHADs4x4,[47]
,,0.124102,0.0,  TComTrQuant::xIT,[34]
,,0.139651,0.0,  TComTrQuant::xT,[31]
,,0.170588,0.0,  TComRdCost::xCalcHADs8x8,[27]
,,0.186185,0.0,  TEncSearch::xEncCoeffQT <cycle 6>,[29]
,,0.186211,0.0,  TComTrQuant::rdpcmNxN,[75]
,,0.186285,0.0,  TEncSearch::xEncSubdivCbfQT <cycle 7>,[53]
,,0.201692,0.0,  fillReferenceSamples,[45]
,,0.201711,0.0,  TEncEntropy::encodeCoeffNxN,[33]
,,0.201714,0.0,  TComPrediction::initIntraPatternChType,[36]
,,0.217137,0.0,  TComTrQuant::xQuant,[18]
,,0.232578,0.0,  TEncSbac::codeCoeffNxN,[30]
,,0.387947,0.0,  TComTrQuant::xRateDistOptQuant,[19]
,,0.434306,0.0,  TEncSbac::codeIntraDirLumaAng,[42]
,,0.698394,0.0,  TComPrediction::xPredIntraAng,[25]
[77],0.48,4.317223,0.0,_security_check_cookie,[77]
,,,,,
,,2.932507,1.324133,  TEncCu::xCompressCU <cycle 11>,[10]
[78],0.47,2.932507,1.324133,TComDataCU::initEstData,[78]
,,1.324133,0.0,  memset,[38]
,,,,,
,,4.157539,0.0,  TComRdCost::getDistPart,[50]
[79],0.46,4.157539,0.0,TComRdCost::xGetSSE4,[79]
,,,,,
,,2.434074,1.689552,  TEncSbac::codeCoeffNxN,[30]
[80],0.46,2.434074,1.689552,TEncSbac::codeLastSignificantXY,[80]
,,1.580780,0.0,  TEncBinCABACCounter::encodeBin,[51]
,,0.062175,0.0,  TEncBinCABAC::encodeBin,[154]
,,0.046597,0.0,  TEncBinCABACCounter::encodeBinEP,[168]
,,,,,
,,0.636154,3.433417,  TEncSearch::xRecurIntraCodingLumaQT <cycle 10>,[15]
[81],0.45,0.636154,3.433417,TEncSearch::xStoreIntraResultQT,[81]
,,0.837663,0.0,  memcpy,[32]
,,0.791481,1.804272,  TComYuv::copyPartToPartComponent,[71]
,,,,,
,,0.062058,0.0,  TEncSearch::estIntraPredLumaQT,[13]
,,0.108633,0.0,  xITrMxN,[37]
,,0.159058,0.0,  TComTrQuant::xIT,[34]
,,0.279234,0.0,  TEncSearch::xRecurIntraCodingLumaQT <cycle 10>,[15]
,,0.341282,0.0,  TComTrQuant::xT,[31]
,,0.388078,0.0,  xTrMxN,[35]
,,0.450202,0.0,  TComTrQuant::xQuant,[18]
,,0.651904,0.0,  TComTrQuant::xRateDistOptQuant,[19]
,,0.666957,0.0,  TComTrQuant::rdpcmNxN,[75]
,,0.933519,0.0,  TComPrediction::xPredIntraAng,[25]
[82],0.45,4.040923,0.0,_chkstk,[82]
,,,,,
,,3.972944,0.0,  getTUEntropyCodingParameters,[60]
[83],0.44,3.972944,0.0,TComDataCU::getCoefScanIdx,[83]
,,,,,
,,0.015575,0.0,  TComLoopFilter::xSetEdgefilterTU <cycle 4>,[165]
,,0.046594,0.0,  TEncSearch::xSetIntraResultLumaQT <cycle 9>,[103]
,,0.062084,0.0,  TEncEntropy::xEncodeTransform <cycle 1>,[63]
,,0.170730,0.0,  TEncSearch::xRecurIntraCodingLumaQT <cycle 10>,[15]
,,0.186118,0.0,  TEncSearch::xSetIntraResultChromaQT <cycle 5>,[90]
,,0.217152,0.0,  TEncSearch::estIntraPredChromaQT,[20]
,,0.263868,0.0,  TEncSearch::estIntraPredLumaQT,[13]
,,0.884409,0.0,  TEncSearch::xEncSubdivCbfQT <cycle 7>,[53]
,,0.915452,0.0,  TEncSearch::xEncCoeffQT <cycle 6>,[29]
,,1.194265,0.0,  TEncSearch::xRecurIntraChromaCodingQT <cycle 8>,[21]
[84],0.44,3.956248,0.0,TComTU::TComTU,[84]
,,,,,
,,0.0,3.844622,  TEncGOP::compressGOP,[7]
[85],0.42,0.0,3.844622,TEncSampleAdaptiveOffset::SAOProcess,[85]
,,0.031016,2.879589,  TEncSampleAdaptiveOffset::getStatistics,[92]
,,0.015571,0.809230,  TEncSampleAdaptiveOffset::decideBlkParams,[133]
,,0.0,0.109217,  TComPicYuv::copyToPic,[152]
,,,,,
,,3.717428,0.093085,  TComPrediction::initIntraPatternChType,[36]
[86],0.42,3.717428,0.093085,TComDataCU::getPUAboveRight,[86]
,,0.093085,0.0,  TComDataCU::CUIsFromSameSliceAndTile,[151]
,,,,,
,,3.733190,0.0,  TEncSbac::estBit,[39]
[87],0.41,3.733190,0.0,TEncSbac::estCBFBit,[87]
,,,,,
,,0.387336,0.139719,  TEncEntropy::xEncodeTransform <cycle 1>,[63]
,,2.016962,0.805853,  TEncSearch::xEncSubdivCbfQT <cycle 7>,[53]
[88],0.37,2.404298,0.945572,TEncSbac::codeQtCbf,[88]
,,0.914499,0.0,  TEncBinCABACCounter::encodeBin,[51]
,,0.015576,0.0,  TEncBinCABAC::encodeBin,[154]
,,0.0,0.015498,  TEncBinCABAC::writeOut,[184]
,,,,,
,,0.853743,2.311758,  TEncSearch::estIntraPredChromaQT,[20]
[89],0.35,0.853743,2.311758,<cycle 5 as a whole>,[89]
,,0.853743,2.311758,  TEncSearch::xSetIntraResultChromaQT <cycle 5>,[90]
,,,,,
,,,,  TEncSearch::xSetIntraResultChromaQT <cycle 5>,[90]
,,0.853743,2.311758,  TEncSearch::estIntraPredChromaQT,[20]
[90],0.35,0.853743,2.311758,TEncSearch::xSetIntraResultChromaQT <cycle 5>,[90]
,,1.024204,0.0,  memcpy,[32]
,,0.372154,0.0,  TComYuv::getAddr,[46]
,,0.341258,0.0,  TComYuv::getAddr,[115]
,,0.325920,0.0,  TComTURecurse::nextSection,[69]
,,0.186118,0.0,  TComTU::TComTU,[84]
,,0.062103,0.0,  _security_check_cookie,[77]
,,,,  TEncSearch::xSetIntraResultChromaQT <cycle 5>,[90]
,,,,,
,,0.015542,0.0,  TEncSearch::xRecurIntraChromaCodingQT <cycle 8>,[21]
,,0.015598,0.0,  TEncCu::xCheckRDCostIntra,[12]
,,0.046536,0.030968,  TEncSearch::estIntraPredChromaQT,[20]
,,0.434513,0.434526,  TEncSearch::xRecurIntraCodingLumaQT <cycle 10>,[15]
,,1.102074,1.027331,  TEncSearch::estIntraPredLumaQT,[13]
[91],0.34,1.614263,1.492825,TEncBinCABACCounter::getNumWrittenBits,[91]
,,1.492825,0.0,  TComBitCounter::getNumberOfWrittenBits,[116]
,,,,,
,,0.031016,2.879589,  TEncSampleAdaptiveOffset::SAOProcess,[85]
[92],0.32,0.031016,2.879589,TEncSampleAdaptiveOffset::getStatistics,[92]
,,2.832879,0.046709,  TEncSampleAdaptiveOffset::getBlkStats,[93]
,,,,,
,,2.832879,0.046709,  TEncSampleAdaptiveOffset::getStatistics,[92]
[93],0.32,2.832879,0.046709,TEncSampleAdaptiveOffset::getBlkStats,[93]
,,0.046709,0.0,  memset,[38]
,,,,,
,,2.715587,0.0,  TComTrQuant::transformNxN,[17]
[94],0.3,2.715587,0.0,TComTrQuant::xTransformSkip,[94]
,,,,,
,,0.046582,0.0,  TEncCu::xCheckRDCostIntra,[12]
,,0.077579,0.046377,  TEncSearch::estIntraPredChromaQT,[20]
,,0.574136,0.729316,  TEncSearch::xModeBitsIntra,[41]
,,0.636626,0.573886,  TEncSearch::xRecurIntraCodingLumaQT <cycle 10>,[15]
[95],0.3,1.334923,1.349578,TEncSbac::resetBits,[95]
,,1.349578,0.0,  TEncBinCABAC::resetBits,[121]
,,,,,
,,2.606476,0.0,  xTrMxN,[35]
[96],0.29,2.606476,0.0,partialButterfly4,[96]
,,,,,
,,,,  TEncCu::xEncodeCU <cycle 2>,[97]
,,0.015529,1.163486,  TEncSlice::compressSlice,[8]
,,0.031159,1.321901,  TEncSlice::encodeSlice,[120]
[97],0.28,0.046688,2.485387,TEncCu::xEncodeCU <cycle 2>,[97]
,,0.031103,0.062083,  TEncEntropy::encodePredInfo,[132]
,,0.015574,0.046627,  TEncSbac::codeSplitFlag,[162]
,,0.015488,0.0,  TEncCu::finishCU,[229]
,,,,  TEncCu::xEncodeCU <cycle 2>,[97]
,,0.0,2.298956,  TEncEntropy::encodeCoeff,[101]
,,0.0,0.015556,  TEncSbac::codePartSize,[140]
,,,,,
,,0.015529,1.163486,  TEncSlice::compressSlice,[8]
,,0.031159,1.321901,  TEncSlice::encodeSlice,[120]
[98],0.28,0.046688,2.485387,<cycle 2 as a whole>,[98]
,,0.046688,2.485387,  TEncCu::xEncodeCU <cycle 2>,[97]
,,,,,
,,2.420003,0.031028,  TComPrediction::initIntraPatternChType,[36]
[99],0.27,2.420003,0.031028,TComDataCU::getPUBelowLeft,[99]
,,0.031028,0.0,  TComDataCU::CUIsFromSameSliceAndTile,[151]
,,,,,
,,1.163633,1.240814,  TEncCu::xCompressCU <cycle 11>,[10]
[100],0.27,1.163633,1.240814,TComDataCU::initSubCU,[100]
,,1.240814,0.0,  memset,[38]
,,,,,
,,0.0,2.298956,  TEncCu::xEncodeCU <cycle 2>,[97]
[101],0.25,0.0,2.298956,TEncEntropy::encodeCoeff,[101]
,,0.201983,2.065917,  TEncEntropy::xEncodeTransform <cycle 1>,[63]
,,0.031056,0.0,  TComTU::TComTU,[147]
,,,,,
,,0.713557,1.416223,  TEncSearch::estIntraPredLumaQT,[13]
[102],0.24,0.713557,1.416223,<cycle 9 as a whole>,[102]
,,0.713557,1.416223,  TEncSearch::xSetIntraResultLumaQT <cycle 9>,[103]
,,,,,
,,,,  TEncSearch::xSetIntraResultLumaQT <cycle 9>,[103]
,,0.713557,1.416223,  TEncSearch::estIntraPredLumaQT,[13]
[103],0.24,0.713557,1.416223,TEncSearch::xSetIntraResultLumaQT <cycle 9>,[103]
,,1.023900,0.0,  memcpy,[32]
,,0.124180,0.0,  TComYuv::getAddr,[115]
,,0.108653,0.0,  TComYuv::getAddr,[46]
,,0.062092,0.0,  TComTURecurse::nextSection,[69]
,,0.050803,0.0,  _security_check_cookie,[77]
,,0.046594,0.0,  TComTU::TComTU,[84]
,,,,  TEncSearch::xSetIntraResultLumaQT <cycle 9>,[103]
,,,,,
,,0.031004,0.0,  [Unknown stack frame(s)],[175]
,,1.633322,0.345620,  TEncSbac::codeCoeffNxN,[30]
[104],0.22,1.664326,0.345620,TEncSbac::xWriteCoefRemainExGolomb,[104]
,,0.330045,0.0,  TEncBinCABACCounter::encodeBinsEP,[119]
,,0.0,0.015575,  TEncBinCABAC::encodeBinsEP,[221]
,,,,,
,,1.954980,0.0,  TComRdCost::getDistPart,[50]
[105],0.22,1.954980,0.0,TComRdCost::xGetSSE8,[105]
,,,,,
,,1.935724,0.0,  TEncSbac::estBit,[39]
[106],0.21,1.935724,0.0,TEncSbac::estSignificantCoeffGroupMapBit,[106]
,,,,,
,,0.418928,1.478457,  TEncCu::xCompressCU <cycle 11>,[10]
[107],0.21,0.418928,1.478457,TComDataCU::copyToPic,[107]
,,1.478457,0.0,  memcpy,[32]
,,,,,
,,1.897275,0.0,  TComPrediction::initIntraPatternChType,[36]
[108],0.21,1.897275,0.0,isLeftAvailable,[108]
,,,,,
,,0.031053,0.0,  TEncEntropy::xEncodeTransform <cycle 1>,[63]
,,0.784480,0.0,  TEncSearch::xEncSubdivCbfQT <cycle 7>,[53]
,,0.915481,0.0,  TEncSearch::xRecurIntraCodingLumaQT <cycle 10>,[15]
[109],0.19,1.731015,0.0,TComDataCU::getQuadtreeTULog2MinSizeInCU,[109]
,,,,,
,,1.706551,0.0,  TComPrediction::initIntraPatternChType,[36]
[110],0.19,1.706551,0.0,isAboveAvailable,[110]
,,,,,
,,0.0,1.661448,  TEncGOP::compressGOP,[7]
[111],0.18,0.0,1.661448,TComLoopFilter::loopFilterPic,[111]
,,0.170942,1.474991,  TComLoopFilter::xDeblockCU <cycle 3>,[114]
,,0.015515,0.0,  memset,[38]
,,,,,
,,0.558182,1.092771,  TEncCu::xCompressCU <cycle 11>,[10]
[112],0.18,0.558182,1.092771,TComDataCU::copyPartFrom,[112]
,,1.092771,0.0,  memcpy,[32]
,,,,,
,,0.170942,1.474991,  TComLoopFilter::loopFilterPic,[111]
[113],0.18,0.170942,1.474991,<cycle 3 as a whole>,[113]
,,0.170942,1.474991,  TComLoopFilter::xDeblockCU <cycle 3>,[114]
,,,,,
,,,,  TComLoopFilter::xDeblockCU <cycle 3>,[114]
,,0.170942,1.474991,  TComLoopFilter::loopFilterPic,[111]
[114],0.18,0.170942,1.474991,TComLoopFilter::xDeblockCU <cycle 3>,[114]
,,0.434596,0.0,  TComLoopFilter::xEdgeFilterChroma,[150]
,,0.248356,0.388059,  TComLoopFilter::xEdgeFilterLuma,[142]
,,0.124254,0.0,  TComLoopFilter::xGetBoundaryStrengthSingle,[171]
,,0.108908,0.062109,  TComLoopFilter::xSetEdgefilterTU <cycle 4>,[165]
,,0.077656,0.0,  TComTU::TComTU,[147]
,,0.015529,0.015525,  TComLoopFilter::xSetLoopfilterParam,[205]
,,,,  TComLoopFilter::xDeblockCU <cycle 3>,[114]
,,,,,
,,0.124180,0.0,  TEncSearch::xSetIntraResultLumaQT <cycle 9>,[103]
,,0.341258,0.0,  TEncSearch::xSetIntraResultChromaQT <cycle 5>,[90]
,,1.179239,0.0,  TComYuv::copyPartToPartComponent,[71]
[115],0.18,1.644677,0.0,TComYuv::getAddr,[115]
,,,,,
,,1.492825,0.0,  TEncBinCABACCounter::getNumWrittenBits,[91]
[116],0.16,1.492825,0.0,TComBitCounter::getNumberOfWrittenBits,[116]
,,,,,
,,0.372511,0.0,  TEncSbac::codeCoeffNxN,[30]
,,1.074322,0.0,  TComTrQuant::xRateDistOptQuant,[19]
[117],0.16,1.446834,0.0,TComTU::getGolombRiceStatisticsIndex,[117]
,,,,,
,,1.132906,0.310255,  TComPrediction::initIntraPatternChType,[36]
[118],0.16,1.132906,0.310255,TComDataCU::getPUAboveLeft,[118]
,,0.310255,0.0,  TComDataCU::CUIsFromSameSliceAndTile,[151]
,,,,,
,,0.330045,0.0,  TEncSbac::xWriteCoefRemainExGolomb,[104]
,,0.496652,0.0,  TEncSbac::codeCoeffNxN,[30]
,,0.589683,0.0,  TEncSbac::codeIntraDirLumaAng,[42]
[119],0.16,1.416380,0.0,TEncBinCABACCounter::encodeBinsEP,[119]
,,,,,
,,0.015534,1.353059,  TEncGOP::compressGOP,[7]
[120],0.15,0.015534,1.353059,TEncSlice::encodeSlice,[120]
,,0.031159,1.321901,  TEncCu::xEncodeCU <cycle 2>,[97]
,,,,,
,,1.349578,0.0,  TEncSbac::resetBits,[95]
[121],0.15,1.349578,0.0,TEncBinCABAC::resetBits,[121]
,,,,,
,,0.155250,1.183873,  TEncCu::xCompressCU <cycle 11>,[10]
[122],0.15,0.155250,1.183873,TEncCu::xCopyYuv2Tmp,[122]
,,0.532300,0.651573,  TComYuv::copyToPartComponent,[127]
,,,,,
,,0.046560,0.620334,  TEncCu::xCopyYuv2Pic,[138]
,,0.046561,0.605068,  TEncCu::xCompressCU <cycle 11>,[10]
[123],0.15,0.093121,1.225402,TComYuv::copyToPicYuv,[123]
,,0.574005,0.651396,  TComYuv::copyToPicComponent,[125]
,,,,,
,,1.256803,0.0,  TEncBinCABAC::copyState,[74]
[124],0.14,1.256803,0.0,TEncBinCABAC::getTEncBinCABAC,[124]
,,,,,
,,0.574005,0.651396,  TComYuv::copyToPicYuv,[123]
[125],0.14,0.574005,0.651396,TComYuv::copyToPicComponent,[125]
,,0.651396,0.0,  memcpy,[32]
,,,,,
,,1.210412,0.0,  TComRdCost::getDistPart,[50]
[126],0.13,1.210412,0.0,TComRdCost::xGetSSE16,[126]
,,,,,
,,0.532300,0.651573,  TEncCu::xCopyYuv2Tmp,[122]
[127],0.13,0.532300,0.651573,TComYuv::copyToPartComponent,[127]
,,0.325859,0.0,  TComYuv::getAddr,[46]
,,0.325714,0.0,  memcpy,[32]
,,,,,
,,1.147752,0.0,  TComRdCost::getDistPart,[50]
[128],0.13,1.147752,0.0,TComRdCost::xGetSSE32,[128]
,,,,,
,,0.015546,0.0,  TEncCu::xCompressCU <cycle 11>,[10]
,,0.046493,0.0,  TEncCu::xCheckRDCostIntra,[12]
,,0.061988,0.0,  TEncSearch::estIntraPredChromaQT,[20]
,,0.465558,0.0,  TEncSearch::xRecurIntraCodingLumaQT <cycle 10>,[15]
,,0.496323,0.0,  TEncSearch::estIntraPredLumaQT,[13]
[129],0.12,1.085908,0.0,TEncSbac::getNumberOfWrittenBits,[129]
,,,,,
,,0.030968,0.0,  TEncCu::xCompressCU <cycle 11>,[10]
,,0.031055,0.0,  TEncSearch::estIntraPredChromaQT,[20]
,,0.356887,0.0,  TEncSearch::xRecurIntraCodingLumaQT <cycle 10>,[15]
,,0.596709,0.0,  TEncSearch::xModeBitsIntra,[41]
[130],0.11,1.015620,0.0,TComBitCounter::resetBits,[130]
,,,,,
,,0.744967,0.263711,  TEncSbac::codeCoeffNxN,[30]
[131],0.11,0.744967,0.263711,TEncSbac::codeTransformSkipFlags,[131]
,,0.263711,0.0,  TEncBinCABACCounter::encodeBin,[51]
,,,,,
,,0.031047,0.775955,  TEncCu::xCheckRDCostIntra,[12]
,,0.031103,0.062083,  TEncCu::xEncodeCU <cycle 2>,[97]
[132],0.1,0.062150,0.838038,TEncEntropy::encodePredInfo,[132]
,,0.325986,0.434465,  TEncSbac::codeIntraDirLumaAng,[42]
,,0.046566,0.031020,  TEncSbac::codeIntraDirChroma,[141]
,,,,,
,,0.015571,0.809230,  TEncSampleAdaptiveOffset::SAOProcess,[85]
[133],0.09,0.015571,0.809230,TEncSampleAdaptiveOffset::decideBlkParams,[133]
,,0.0,0.560245,  TComSampleAdaptiveOffset::offsetCTU,[144]
,,0.0,0.015596,  TComSampleAdaptiveOffset::reconstructBlkSAOParam,[219]
,,0.0,0.031166,  TEncSampleAdaptiveOffset::deriveModeMergeRDO,[201]
,,0.0,0.202223,  TEncSampleAdaptiveOffset::deriveModeNewRDO,[163]
,,,,,
,,0.822358,0.0,  xITrMxN,[37]
[134],0.09,0.822358,0.0,partialButterflyInverse4,[134]
,,,,,
,,0.822024,0.0,  TEncSearch::xIntraCodingTUBlock,[16]
[135],0.09,0.822024,0.0,TComPrediction::filteringIntraReferenceSamples,[135]
,,,,,
,,0.775465,0.0,  TComPrediction::xPredIntraAng,[25]
[136],0.09,0.775465,0.0,TComPrediction::predIntraGetPredValDC,[136]
,,,,,
,,0.764976,0.0,  TComTrQuant::invTransformNxN,[26]
[137],0.08,0.764976,0.0,TComTrQuant::invRdpcmNxN,[137]
,,,,,
,,0.061832,0.666894,  TEncCu::xCompressCU <cycle 11>,[10]
[138],0.08,0.061832,0.666894,TEncCu::xCopyYuv2Pic,[138]
,,0.046560,0.620334,  TComYuv::copyToPicYuv,[123]
,,,,,
,,0.232760,0.480658,  TEncCu::xCompressCU <cycle 11>,[10]
[139],0.08,0.232760,0.480658,TComYuv::copyFromPicComponent,[139]
,,0.480658,0.0,  memcpy,[32]
,,,,,
,,0.0,0.015556,  TEncCu::xEncodeCU <cycle 2>,[97]
,,0.015486,0.0,  TEncCu::xCheckRDCostIntra,[12]
,,0.408067,0.263727,  TEncSearch::xEncIntraHeader,[59]
[140],0.08,0.423554,0.279283,TEncSbac::codePartSize,[140]
,,0.263727,0.0,  TEncBinCABACCounter::encodeBin,[51]
,,0.015556,0.0,  TEncBinCABAC::encodeBin,[154]
,,,,,
,,0.046566,0.031020,  TEncEntropy::encodePredInfo,[132]
,,0.372480,0.224166,  TEncSearch::xEncIntraHeader,[59]
[141],0.07,0.419046,0.255186,TEncSbac::codeIntraDirChroma,[141]
,,0.224241,0.0,  TEncBinCABACCounter::encodeBin,[51]
,,0.015477,0.0,  TEncBinCABAC::encodeBin,[154]
,,0.015469,0.0,  _security_check_cookie,[77]
,,,,,
,,0.248356,0.388059,  TComLoopFilter::xDeblockCU <cycle 3>,[114]
[142],0.07,0.248356,0.388059,TComLoopFilter::xEdgeFilterLuma,[142]
,,0.325813,0.0,  TComLoopFilter::xPelFilterLuma,[161]
,,0.046686,0.0,  TComDataCU::getPULeft,[180]
,,0.015560,0.0,  TComDataCU::getPUAbove,[203]
,,,,,
,,0.0,0.560946,  TAppEncTop::encode,[3]
[143],0.06,0.0,0.560946,TVideoIOYuv::read,[143]
,,0.140070,0.358294,  readPlane,[148]
,,0.0,0.062582,  TVideoIOYuv::ColourSpaceConvert,[178]
,,,,,
,,0.0,0.560245,  TEncSampleAdaptiveOffset::decideBlkParams,[133]
[144],0.06,0.0,0.560245,TComSampleAdaptiveOffset::offsetCTU,[144]
,,0.544650,0.0,  TComSampleAdaptiveOffset::offsetBlock,[146]
,,0.015596,0.0,  TComPicSym::deriveLoopFilterBoundaryAvailibility,[218]
,,,,,
,,0.558434,0.0,  TComTrQuant::invTransformNxN,[26]
[145],0.06,0.558434,0.0,TComTrQuant::xITransformSkip,[145]
,,,,,
,,0.544650,0.0,  TComSampleAdaptiveOffset::offsetCTU,[144]
[146],0.06,0.544650,0.0,TComSampleAdaptiveOffset::offsetBlock,[146]
,,,,,
,,0.031056,0.0,  TEncEntropy::encodeCoeff,[101]
,,0.077656,0.0,  TComLoopFilter::xDeblockCU <cycle 3>,[114]
,,0.108561,0.0,  TEncCu::xCheckRDCostIntra,[12]
,,0.139443,0.0,  TEncSearch::estIntraPredLumaQT,[13]
,,0.155153,0.0,  TEncSearch::estIntraPredChromaQT,[20]
[147],0.06,0.511869,0.0,TComTU::TComTU,[147]
,,,,,
,,0.140070,0.358294,  TVideoIOYuv::read,[143]
[148],0.05,0.140070,0.358294,readPlane,[148]
,,0.0,0.358294,"  std::basic_istream<char,struct std::char_traits<char> >::read",[156]
,,,,,
,,0.062192,0.155185,  TEncCu::compressCtu,[9]
,,0.077598,0.170910,  TEncSlice::compressSlice,[8]
[149],0.05,0.139790,0.326095,TComDataCU::initCtu,[149]
,,0.326095,0.0,  memset,[38]
,,,,,
,,0.434596,0.0,  TComLoopFilter::xDeblockCU <cycle 3>,[114]
[150],0.05,0.434596,0.0,TComLoopFilter::xEdgeFilterChroma,[150]
,,,,,
,,0.031028,0.0,  TComDataCU::getPUBelowLeft,[99]
,,0.093085,0.0,  TComDataCU::getPUAboveRight,[86]
,,0.310255,0.0,  TComDataCU::getPUAboveLeft,[118]
[151],0.05,0.434367,0.0,TComDataCU::CUIsFromSameSliceAndTile,[151]
,,,,,
,,0.0,0.109002,  TEncGOP::compressGOP,[7]
,,0.0,0.109217,  TEncSampleAdaptiveOffset::SAOProcess,[85]
,,0.0,0.202838,  TEncTop::encode,[6]
[152],0.05,0.0,0.421057,TComPicYuv::copyToPic,[152]
,,0.421057,0.0,  memcpy,[32]
,,,,,
,,0.403475,0.0,  TComPrediction::predIntraAng,[23]
[153],0.04,0.403475,0.0,TComPrediction::xDCPredFiltering,[153]
,,,,,
,,0.015477,0.0,  TEncSbac::codeIntraDirChroma,[141]
,,0.015556,0.0,  TEncSbac::codePartSize,[140]
,,0.015576,0.0,  TEncSbac::codeQtCbf,[88]
,,0.062175,0.0,  TEncSbac::codeLastSignificantXY,[80]
,,0.264510,0.0,  TEncSbac::codeCoeffNxN,[30]
[154],0.04,0.373294,0.0,TEncBinCABAC::encodeBin,[154]
,,,,,
,,0.0,0.358294,"  std::basic_istream<char,struct std::char_traits<char> >::read",[156]
[155],0.04,0.0,0.358294,fgetc,[155]
,,0.015525,0.0,  RtlEnterCriticalSection,[228]
,,0.0,0.342769,  common_refill_and_read_nolock<char>,[158]
,,,,,
,,0.0,0.358294,  readPlane,[148]
[156],0.04,0.0,0.358294,"std::basic_istream<char,struct std::char_traits<char> >::read",[156]
,,0.0,0.358294,  fgetc,[155]
,,,,,
,,0.342769,0.0,  read_nolock,[160]
[157],0.04,0.342769,0.0,ReadFile,[157]
,,,,,
,,0.0,0.342769,  fgetc,[155]
[158],0.04,0.0,0.342769,common_refill_and_read_nolock<char>,[158]
,,0.0,0.342769,  read,[159]
,,,,,
,,0.0,0.342769,  common_refill_and_read_nolock<char>,[158]
[159],0.04,0.0,0.342769,read,[159]
,,0.0,0.342769,  read_nolock,[160]
,,,,,
,,0.0,0.342769,  read,[159]
[160],0.04,0.0,0.342769,read_nolock,[160]
,,0.342769,0.0,  ReadFile,[157]
,,,,,
,,0.325813,0.0,  TComLoopFilter::xEdgeFilterLuma,[142]
[161],0.04,0.325813,0.0,TComLoopFilter::xPelFilterLuma,[161]
,,,,,
,,0.015574,0.046627,  TEncCu::xEncodeCU <cycle 2>,[97]
,,0.124171,0.046589,  TEncCu::xCompressCU <cycle 11>,[10]
[162],0.03,0.139745,0.093216,TEncSbac::codeSplitFlag,[162]
,,0.093216,0.0,  TComDataCU::getCtxSplitFlag,[176]
,,,,,
,,0.0,0.202223,  TEncSampleAdaptiveOffset::decideBlkParams,[133]
[163],0.02,0.0,0.202223,TEncSampleAdaptiveOffset::deriveModeNewRDO,[163]
,,0.140042,0.0,  TEncSampleAdaptiveOffset::deriveOffsets,[170]
,,0.031141,0.015520,  TEncSbac::codeSAOOffsetParam,[181]
,,0.015519,0.0,  TComSampleAdaptiveOffset::invertQuantOffsets,[202]
,,,,,
,,0.108908,0.062109,  TComLoopFilter::xDeblockCU <cycle 3>,[114]
[164],0.02,0.108908,0.062109,<cycle 4 as a whole>,[164]
,,0.108908,0.062109,  TComLoopFilter::xSetEdgefilterTU <cycle 4>,[165]
,,,,,
,,,,  TComLoopFilter::xSetEdgefilterTU <cycle 4>,[165]
,,0.108908,0.062109,  TComLoopFilter::xDeblockCU <cycle 3>,[114]
[165],0.02,0.108908,0.062109,TComLoopFilter::xSetEdgefilterTU <cycle 4>,[165]
,,0.046534,0.0,  TComTURecurse::nextSection,[69]
,,0.015575,0.0,  TComTU::TComTU,[84]
,,,,  TComLoopFilter::xSetEdgefilterTU <cycle 4>,[165]
,,,,,
,,0.155828,0.0,  TEncGOP::xCalculateAddPSNRs,[167]
[166],0.02,0.155828,0.0,TEncGOP::xCalculateAddPSNR,[166]
,,,,,
,,0.0,0.155828,  TEncGOP::compressGOP,[7]
[167],0.02,0.0,0.155828,TEncGOP::xCalculateAddPSNRs,[167]
,,0.155828,0.0,  TEncGOP::xCalculateAddPSNR,[166]
,,,,,
,,0.015520,0.0,  TEncSbac::codeSAOOffsetParam,[181]
,,0.046597,0.0,  TEncSbac::codeLastSignificantXY,[80]
,,0.093148,0.0,  TEncSbac::codeIntraDirLumaAng,[42]
[168],0.02,0.155265,0.0,TEncBinCABACCounter::encodeBinEP,[168]
,,,,,
,,0.155160,0.0,  TEncSearch::xEncSubdivCbfQT <cycle 7>,[53]
[169],0.02,0.155160,0.0,TEncSbac::codeTransformSubdivFlag,[169]
,,,,,
,,0.140042,0.0,  TEncSampleAdaptiveOffset::deriveModeNewRDO,[163]
[170],0.02,0.140042,0.0,TEncSampleAdaptiveOffset::deriveOffsets,[170]
,,,,,
,,0.124254,0.0,  TComLoopFilter::xDeblockCU <cycle 3>,[114]
[171],0.01,0.124254,0.0,TComLoopFilter::xGetBoundaryStrengthSingle,[171]
,,,,,
,,0.0,0.031072,  TEncBinCABAC::writeOut,[184]
,,0.031079,0.0,  TComOutputBitstream::addSubstream,[204]
,,0.031104,0.015561,  TEncGOP::compressGOP,[7]
[172],0.01,0.062182,0.046633,TComOutputBitstream::write,[172]
,,0.046633,0.0,"  std::vector<unsigned char,class std::allocator<unsigned char> >::emplace_back<unsigned char const &>",[182]
,,,,,
,,0.108700,0.0,  TComPic::compressMotion,[174]
[173],0.01,0.108700,0.0,TComCUMvField::compress,[173]
,,,,,
,,0.0,0.108700,  TEncGOP::compressGOP,[7]
[174],0.01,0.0,0.108700,TComPic::compressMotion,[174]
,,0.108700,0.0,  TComCUMvField::compress,[173]
,,,,,
,,0.0,0.077527,  TEncCu::compressCtu,[9]
,,0.0,0.015520,  TEncCu::xCheckRDCostIntra,[12]
,,0.0,0.015498,  TEncCu::xCompressCU <cycle 11>,[10]
[175],0.01,0.0,0.108545,[Unknown stack frame(s)],[175]
,,0.077541,0.0,  TEncSearch::xModeBitsIntra,[41]
,,0.031004,0.0,  TEncSbac::xWriteCoefRemainExGolomb,[104]
,,,,,
,,0.093216,0.0,  TEncSbac::codeSplitFlag,[162]
[176],0.01,0.093216,0.0,TComDataCU::getCtxSplitFlag,[176]
,,,,,
,,0.077761,0.0,  TEncCu::xCheckRDCostIntra,[12]
[177],0.01,0.077761,0.0,TEncCu::xCheckDQP,[177]
,,,,,
,,0.0,0.062582,  TVideoIOYuv::read,[143]
[178],0.01,0.0,0.062582,TVideoIOYuv::ColourSpaceConvert,[178]
,,0.0,0.062582,  copyPlane,[179]
,,,,,
,,0.0,0.062582,  TVideoIOYuv::ColourSpaceConvert,[178]
[179],0.01,0.0,0.062582,copyPlane,[179]
,,0.062582,0.0,  memcpy,[32]
,,,,,
,,0.046686,0.0,  TComLoopFilter::xEdgeFilterLuma,[142]
[180],0.01,0.046686,0.0,TComDataCU::getPULeft,[180]
,,,,,
,,0.031141,0.015520,  TEncSampleAdaptiveOffset::deriveModeNewRDO,[163]
[181],0.01,0.031141,0.015520,TEncSbac::codeSAOOffsetParam,[181]
,,0.015520,0.0,  TEncBinCABACCounter::encodeBinEP,[168]
,,,,,
,,0.046633,0.0,  TComOutputBitstream::write,[172]
[182],0.01,0.046633,0.0,"std::vector<unsigned char,class std::allocator<unsigned char> >::emplace_back<unsigned char const &>",[182]
,,,,,
,,0.046619,0.0,  TEncCu::xCompressCU <cycle 11>,[10]
[183],0.01,0.046619,0.0,"std::deque<class TComSlice *,class std::allocator<class TComSlice *> >::begin",[183]
,,,,,
,,0.0,0.015575,  TEncBinCABAC::encodeBinsEP,[221]
,,0.0,0.015498,  TEncSbac::codeQtCbf,[88]
,,0.015533,0.0,  TEncSbac::codeCoeffNxN,[30]
[184],0.01,0.015533,0.031072,TEncBinCABAC::writeOut,[184]
,,0.0,0.031072,  TComOutputBitstream::write,[172]
,,,,,
,,0.046557,0.0,  TEncEntropy::xEncodeTransform <cycle 1>,[63]
[185],0.01,0.046557,0.0,TEncSbac::codeCrossComponentPrediction,[185]
,,,,,
,,0.046417,0.0,  TEncCu::xCompressCU <cycle 11>,[10]
[186],0.01,0.046417,0.0,TEncCu::xComputeQP,[186]
,,,,,
,,0.031355,0.0,  free_base,[190]
[187],0.0,0.031355,0.0,RtlFreeHeap,[187]
,,,,,
,,0.0,0.031355,  TAppEncTop::encode,[3]
[188],0.0,0.0,0.031355,TComPic::destroy,[188]
,,0.0,0.015601,  TComPicSym::destroy,[215]
,,0.0,0.015755,  TComPicYuv::destroy,[207]
,,,,,
,,0.0,0.015601,  TComDataCU::destroy,[214]
,,0.0,0.015755,  TComPicYuv::destroy,[207]
[189],0.0,0.0,0.031355,aligned_free,[189]
,,0.0,0.031355,  free_base,[190]
,,,,,
,,0.0,0.031355,  aligned_free,[189]
[190],0.0,0.0,0.031355,free_base,[190]
,,0.031355,0.0,  RtlFreeHeap,[187]
,,,,,
,,0.015571,0.0,  write_text_ansi_nolock,[227]
,,0.015611,0.0,  write_nolock,[193]
[191],0.0,0.031182,0.0,WriteFile,[191]
,,,,,
,,0.0,0.015571,  _acrt_stdio_flush_nolock,[224]
,,0.0,0.015611,  write_buffer_nolock<char>,[213]
[192],0.0,0.0,0.031182,write,[192]
,,0.0,0.031182,  write_nolock,[193]
,,,,,
,,0.0,0.031182,  write,[192]
[193],0.0,0.0,0.031182,write_nolock,[193]
,,0.015611,0.0,  WriteFile,[191]
,,0.0,0.015571,  write_text_ansi_nolock,[227]
,,,,,
,,0.031171,0.0,  malloc_base,[199]
[194],0.0,0.031171,0.0,RtlAllocateHeap,[194]
,,,,,
,,0.0,0.031171,  TComPicSym::create,[197]
[195],0.0,0.0,0.031171,TComDataCU::create,[195]
,,0.0,0.015599,  TComCUMvField::create,[216]
,,0.0,0.015572,  aligned_offset_malloc_base,[222]
,,,,,
,,0.0,0.031171,  TEncTop::xGetNewPicBuffer,[198]
[196],0.0,0.0,0.031171,TComPic::create,[196]
,,0.0,0.031171,  TComPicSym::create,[197]
,,,,,
,,0.0,0.031171,  TComPic::create,[196]
[197],0.0,0.0,0.031171,TComPicSym::create,[197]
,,0.0,0.031171,  TComDataCU::create,[195]
,,,,,
,,0.0,0.031171,  TEncTop::encode,[6]
[198],0.0,0.0,0.031171,TEncTop::xGetNewPicBuffer,[198]
,,0.0,0.031171,  TComPic::create,[196]
,,,,,
,,0.0,0.015572,  aligned_offset_malloc_base,[222]
,,0.0,0.015599,  operator new,[217]
[199],0.0,0.0,0.031171,malloc_base,[199]
,,0.031171,0.0,  RtlAllocateHeap,[194]
,,,,,
,,0.031166,0.0,  TEncSampleAdaptiveOffset::deriveModeMergeRDO,[201]
[200],0.0,0.031166,0.0,SAOBlkParam::operator=,[200]
,,,,,
,,0.0,0.031166,  TEncSampleAdaptiveOffset::decideBlkParams,[133]
[201],0.0,0.0,0.031166,TEncSampleAdaptiveOffset::deriveModeMergeRDO,[201]
,,0.031166,0.0,  SAOBlkParam::operator=,[200]
,,,,,
,,0.015519,0.0,  TEncSampleAdaptiveOffset::deriveModeNewRDO,[163]
,,0.015596,0.0,  TComSampleAdaptiveOffset::reconstructBlkSAOParam,[219]
[202],0.0,0.031115,0.0,TComSampleAdaptiveOffset::invertQuantOffsets,[202]
,,,,,
,,0.015525,0.0,  TComLoopFilter::xSetLoopfilterParam,[205]
,,0.015560,0.0,  TComLoopFilter::xEdgeFilterLuma,[142]
[203],0.0,0.031086,0.0,TComDataCU::getPUAbove,[203]
,,,,,
,,0.0,0.031079,  TEncGOP::compressGOP,[7]
[204],0.0,0.0,0.031079,TComOutputBitstream::addSubstream,[204]
,,0.031079,0.0,  TComOutputBitstream::write,[172]
,,,,,
,,0.015529,0.015525,  TComLoopFilter::xDeblockCU <cycle 3>,[114]
[205],0.0,0.015529,0.015525,TComLoopFilter::xSetLoopfilterParam,[205]
,,0.015525,0.0,  TComDataCU::getPUAbove,[203]
,,,,,
,,0.031007,0.0,  TEncSearch::estIntraPredLumaQT,[13]
[206],0.0,0.031007,0.0,TComYuv::getStride,[206]
,,,,,
,,0.0,0.015755,  TComPic::destroy,[188]
[207],0.0,0.0,0.015755,TComPicYuv::destroy,[207]
,,0.0,0.015755,  aligned_free,[189]
,,,,,
,,0.0,0.015611,  TAppEncTop::encode,[3]
[208],0.0,0.0,0.015611,TAppEncTop::xWriteOutput,[208]
,,0.0,0.015611,  writeAnnexB,[212]
,,,,,
,,0.0,0.015611,  fputc,[210]
[209],0.0,0.0,0.015611,_acrt_stdio_flush_and_write_narrow_nolock,[209]
,,0.0,0.015611,  write_buffer_nolock<char>,[213]
,,,,,
,,0.0,0.015611,"  std::_Insert_string<char,struct std::char_traits<char>,unsigned __int64>",[211]
[210],0.0,0.0,0.015611,fputc,[210]
,,0.0,0.015611,  _acrt_stdio_flush_and_write_narrow_nolock,[209]
,,,,,
,,0.0,0.015611,  writeAnnexB,[212]
[211],0.0,0.0,0.015611,"std::_Insert_string<char,struct std::char_traits<char>,unsigned __int64>",[211]
,,0.0,0.015611,  fputc,[210]
,,,,,
,,0.0,0.015611,  TAppEncTop::xWriteOutput,[208]
[212],0.0,0.0,0.015611,writeAnnexB,[212]
,,0.0,0.015611,"  std::_Insert_string<char,struct std::char_traits<char>,unsigned __int64>",[211]
,,,,,
,,0.0,0.015611,  _acrt_stdio_flush_and_write_narrow_nolock,[209]
[213],0.0,0.0,0.015611,write_buffer_nolock<char>,[213]
,,0.0,0.015611,  write,[192]
,,,,,
,,0.0,0.015601,  TComPicSym::destroy,[215]
[214],0.0,0.0,0.015601,TComDataCU::destroy,[214]
,,0.0,0.015601,  aligned_free,[189]
,,,,,
,,0.0,0.015601,  TComPic::destroy,[188]
[215],0.0,0.0,0.015601,TComPicSym::destroy,[215]
,,0.0,0.015601,  TComDataCU::destroy,[214]
,,,,,
,,0.0,0.015599,  TComDataCU::create,[195]
[216],0.0,0.0,0.015599,TComCUMvField::create,[216]
,,0.0,0.015599,  operator new,[217]
,,,,,
,,0.0,0.015599,  TComCUMvField::create,[216]
[217],0.0,0.0,0.015599,operator new,[217]
,,0.0,0.015599,  malloc_base,[199]
,,,,,
,,0.015596,0.0,  TComSampleAdaptiveOffset::offsetCTU,[144]
[218],0.0,0.015596,0.0,TComPicSym::deriveLoopFilterBoundaryAvailibility,[218]
,,,,,
,,0.0,0.015596,  TEncSampleAdaptiveOffset::decideBlkParams,[133]
[219],0.0,0.0,0.015596,TComSampleAdaptiveOffset::reconstructBlkSAOParam,[219]
,,0.015596,0.0,  TComSampleAdaptiveOffset::invertQuantOffsets,[202]
,,,,,
,,0.015578,0.0,  TEncSbac::codeIntraDirLumaAng,[42]
[220],0.0,0.015578,0.0,TEncBinCABAC::encodeAlignedBinsEP,[220]
,,,,,
,,0.0,0.015575,  TEncSbac::xWriteCoefRemainExGolomb,[104]
[221],0.0,0.0,0.015575,TEncBinCABAC::encodeBinsEP,[221]
,,0.0,0.015575,  TEncBinCABAC::writeOut,[184]
,,,,,
,,0.0,0.015572,  TComDataCU::create,[195]
[222],0.0,0.0,0.015572,aligned_offset_malloc_base,[222]
,,0.0,0.015572,  malloc_base,[199]
,,,,,
,,0.0,0.015571,  fflush,[225]
[223],0.0,0.0,0.015571,"__crt_seh_guarded_call<int>::operator()<class <lambda_c376a267cfb53b6959b3b692ec76b120>,class <lambda_9a32fed5bf61b6b509b2d3f6003082a1> &,class <lambda_572fbb9fa0ab338edf41edfd4b5fcc8d> >",[223]
,,0.0,0.015571,  fflush_nolock,[226]
,,,,,
,,0.0,0.015571,  fflush_nolock,[226]
[224],0.0,0.0,0.015571,_acrt_stdio_flush_nolock,[224]
,,0.0,0.015571,  write,[192]
,,,,,
,,0.0,0.015571,  TEncGOP::compressGOP,[7]
[225],0.0,0.0,0.015571,fflush,[225]
,,0.0,0.015571,"  __crt_seh_guarded_call<int>::operator()<class <lambda_c376a267cfb53b6959b3b692ec76b120>,class <lambda_9a32fed5bf61b6b509b2d3f6003082a1> &,class <lambda_572fbb9fa0ab338edf41edfd4b5fcc8d> >",[223]
,,,,,
,,0.0,0.015571,"  __crt_seh_guarded_call<int>::operator()<class <lambda_c376a267cfb53b6959b3b692ec76b120>,class <lambda_9a32fed5bf61b6b509b2d3f6003082a1> &,class <lambda_572fbb9fa0ab338edf41edfd4b5fcc8d> >",[223]
[226],0.0,0.0,0.015571,fflush_nolock,[226]
,,0.0,0.015571,  _acrt_stdio_flush_nolock,[224]
,,,,,
,,0.0,0.015571,  write_nolock,[193]
[227],0.0,0.0,0.015571,write_text_ansi_nolock,[227]
,,0.015571,0.0,  WriteFile,[191]
,,,,,
,,0.015525,0.0,  fgetc,[155]
[228],0.0,0.015525,0.0,RtlEnterCriticalSection,[228]
,,,,,
,,0.015488,0.0,  TEncCu::xEncodeCU <cycle 2>,[97]
[229],0.0,0.015488,0.0,TEncCu::finishCU,[229]
,,,,,
,,0.011893,0.0,  close_nolock,[233]
[230],0.0,0.011893,0.0,CloseHandle,[230]
,,,,,
,,0.0,0.011893,  close,[232]
[231],0.0,0.0,0.011893,"__crt_seh_guarded_call<int>::operator()<class <lambda_751a882b2c74d4b022dec766aa51a29a>,class <lambda_628dfdc04ba53c8bfc02c9951375f3f5> &,class <lambda_f6c7be5f7998530c34de24c7437d6b54> >",[231]
,,0.0,0.011893,  close_nolock,[233]
,,,,,
,,0.0,0.011893,  fclose_nolock,[235]
[232],0.0,0.0,0.011893,close,[232]
,,0.0,0.011893,"  __crt_seh_guarded_call<int>::operator()<class <lambda_751a882b2c74d4b022dec766aa51a29a>,class <lambda_628dfdc04ba53c8bfc02c9951375f3f5> &,class <lambda_f6c7be5f7998530c34de24c7437d6b54> >",[231]
,,,,,
,,0.0,0.011893,"  __crt_seh_guarded_call<int>::operator()<class <lambda_751a882b2c74d4b022dec766aa51a29a>,class <lambda_628dfdc04ba53c8bfc02c9951375f3f5> &,class <lambda_f6c7be5f7998530c34de24c7437d6b54> >",[231]
[233],0.0,0.0,0.011893,close_nolock,[233]
,,0.011893,0.0,  CloseHandle,[230]
,,,,,
,,0.0,0.011893,"  std::basic_fstream<char,struct std::char_traits<char> >::~basic_fstream<char,struct std::char_traits<char> >",[236]
[234],0.0,0.0,0.011893,fclose,[234]
,,0.0,0.011893,  fclose_nolock,[235]
,,,,,
,,0.0,0.011893,  fclose,[234]
[235],0.0,0.0,0.011893,fclose_nolock,[235]
,,0.0,0.011893,  close,[232]
,,,,,
,,0.0,0.011893,  TAppEncTop::encode,[3]
[236],0.0,0.0,0.011893,"std::basic_fstream<char,struct std::char_traits<char> >::~basic_fstream<char,struct std::char_traits<char> >",[236]
,,0.0,0.011893,  fclose,[234]
,,,,,


Index by function name

Index,Function
[1],BaseThreadInitThunk
[230],CloseHandle
[70],QpParam::QpParam
[157],ReadFile
[194],RtlAllocateHeap
[228],RtlEnterCriticalSection
[187],RtlFreeHeap
[2],RtlUserThreadStart
[200],SAOBlkParam::operator=
[3],TAppEncTop::encode
[208],TAppEncTop::xWriteOutput
[116],TComBitCounter::getNumberOfWrittenBits
[130],TComBitCounter::resetBits
[173],TComCUMvField::compress
[216],TComCUMvField::create
[151],TComDataCU::CUIsFromSameSliceAndTile
[112],TComDataCU::copyPartFrom
[107],TComDataCU::copyToPic
[195],TComDataCU::create
[214],TComDataCU::destroy
[83],TComDataCU::getCoefScanIdx
[176],TComDataCU::getCtxSplitFlag
[54],TComDataCU::getIntraDirPredictor
[203],TComDataCU::getPUAbove
[118],TComDataCU::getPUAboveLeft
[86],TComDataCU::getPUAboveRight
[99],TComDataCU::getPUBelowLeft
[180],TComDataCU::getPULeft
[109],TComDataCU::getQuadtreeTULog2MinSizeInCU
[149],TComDataCU::initCtu
[78],TComDataCU::initEstData
[100],TComDataCU::initSubCU
[111],TComLoopFilter::loopFilterPic
[114],TComLoopFilter::xDeblockCU
[150],TComLoopFilter::xEdgeFilterChroma
[142],TComLoopFilter::xEdgeFilterLuma
[171],TComLoopFilter::xGetBoundaryStrengthSingle
[161],TComLoopFilter::xPelFilterLuma
[165],TComLoopFilter::xSetEdgefilterTU
[205],TComLoopFilter::xSetLoopfilterParam
[204],TComOutputBitstream::addSubstream
[172],TComOutputBitstream::write
[174],TComPic::compressMotion
[196],TComPic::create
[188],TComPic::destroy
[197],TComPicSym::create
[218],TComPicSym::deriveLoopFilterBoundaryAvailibility
[215],TComPicSym::destroy
[152],TComPicYuv::copyToPic
[207],TComPicYuv::destroy
[135],TComPrediction::filteringIntraReferenceSamples
[36],TComPrediction::initIntraPatternChType
[23],TComPrediction::predIntraAng
[136],TComPrediction::predIntraGetPredValDC
[153],TComPrediction::xDCPredFiltering
[25],TComPrediction::xPredIntraAng
[72],TComPrediction::xPredIntraPlanar
[50],TComRdCost::getDistPart
[47],TComRdCost::xCalcHADs4x4
[27],TComRdCost::xCalcHADs8x8
[24],TComRdCost::xGetHADs
[126],TComRdCost::xGetSSE16
[128],TComRdCost::xGetSSE32
[79],TComRdCost::xGetSSE4
[105],TComRdCost::xGetSSE8
[202],TComSampleAdaptiveOffset::invertQuantOffsets
[146],TComSampleAdaptiveOffset::offsetBlock
[144],TComSampleAdaptiveOffset::offsetCTU
[219],TComSampleAdaptiveOffset::reconstructBlkSAOParam
[147],TComTU::TComTU
[84],TComTU::TComTU
[117],TComTU::getGolombRiceStatisticsIndex
[69],TComTURecurse::nextSection
[43],TComTrQuant::getSigCtxInc
[137],TComTrQuant::invRdpcmNxN
[26],TComTrQuant::invTransformNxN
[75],TComTrQuant::rdpcmNxN
[17],TComTrQuant::transformNxN
[44],TComTrQuant::xDeQuant
[40],TComTrQuant::xGetCodedLevel
[56],TComTrQuant::xGetICRate
[34],TComTrQuant::xIT
[145],TComTrQuant::xITransformSkip
[18],TComTrQuant::xQuant
[19],TComTrQuant::xRateDistOptQuant
[31],TComTrQuant::xT
[94],TComTrQuant::xTransformSkip
[139],TComYuv::copyFromPicComponent
[71],TComYuv::copyPartToPartComponent
[127],TComYuv::copyToPartComponent
[125],TComYuv::copyToPicComponent
[123],TComYuv::copyToPicYuv
[115],TComYuv::getAddr
[46],TComYuv::getAddr
[206],TComYuv::getStride
[74],TEncBinCABAC::copyState
[220],TEncBinCABAC::encodeAlignedBinsEP
[154],TEncBinCABAC::encodeBin
[221],TEncBinCABAC::encodeBinsEP
[124],TEncBinCABAC::getTEncBinCABAC
[121],TEncBinCABAC::resetBits
[184],TEncBinCABAC::writeOut
[51],TEncBinCABACCounter::encodeBin
[168],TEncBinCABACCounter::encodeBinEP
[119],TEncBinCABACCounter::encodeBinsEP
[91],TEncBinCABACCounter::getNumWrittenBits
[9],TEncCu::compressCtu
[229],TEncCu::finishCU
[177],TEncCu::xCheckDQP
[12],TEncCu::xCheckRDCostIntra
[10],TEncCu::xCompressCU
[186],TEncCu::xComputeQP
[138],TEncCu::xCopyYuv2Pic
[122],TEncCu::xCopyYuv2Tmp
[97],TEncCu::xEncodeCU
[101],TEncEntropy::encodeCoeff
[33],TEncEntropy::encodeCoeffNxN
[132],TEncEntropy::encodePredInfo
[63],TEncEntropy::xEncodeTransform
[7],TEncGOP::compressGOP
[166],TEncGOP::xCalculateAddPSNR
[167],TEncGOP::xCalculateAddPSNRs
[85],TEncSampleAdaptiveOffset::SAOProcess
[133],TEncSampleAdaptiveOffset::decideBlkParams
[201],TEncSampleAdaptiveOffset::deriveModeMergeRDO
[163],TEncSampleAdaptiveOffset::deriveModeNewRDO
[170],TEncSampleAdaptiveOffset::deriveOffsets
[93],TEncSampleAdaptiveOffset::getBlkStats
[92],TEncSampleAdaptiveOffset::getStatistics
[30],TEncSbac::codeCoeffNxN
[185],TEncSbac::codeCrossComponentPrediction
[141],TEncSbac::codeIntraDirChroma
[42],TEncSbac::codeIntraDirLumaAng
[80],TEncSbac::codeLastSignificantXY
[140],TEncSbac::codePartSize
[88],TEncSbac::codeQtCbf
[181],TEncSbac::codeSAOOffsetParam
[162],TEncSbac::codeSplitFlag
[131],TEncSbac::codeTransformSkipFlags
[169],TEncSbac::codeTransformSubdivFlag
[39],TEncSbac::estBit
[87],TEncSbac::estCBFBit
[66],TEncSbac::estLastSignificantPositionBit
[106],TEncSbac::estSignificantCoeffGroupMapBit
[68],TEncSbac::estSignificantCoefficientsBit
[61],TEncSbac::estSignificantMapBit
[129],TEncSbac::getNumberOfWrittenBits
[95],TEncSbac::resetBits
[104],TEncSbac::xWriteCoefRemainExGolomb
[20],TEncSearch::estIntraPredChromaQT
[13],TEncSearch::estIntraPredLumaQT
[29],TEncSearch::xEncCoeffQT
[59],TEncSearch::xEncIntraHeader
[53],TEncSearch::xEncSubdivCbfQT
[16],TEncSearch::xIntraCodingTUBlock
[65],TEncSearch::xLoadIntraResultQT
[41],TEncSearch::xModeBitsIntra
[21],TEncSearch::xRecurIntraChromaCodingQT
[15],TEncSearch::xRecurIntraCodingLumaQT
[90],TEncSearch::xSetIntraResultChromaQT
[103],TEncSearch::xSetIntraResultLumaQT
[81],TEncSearch::xStoreIntraResultQT
[76],TEncSearch::xUpdateCandList
[8],TEncSlice::compressSlice
[120],TEncSlice::encodeSlice
[6],TEncTop::encode
[198],TEncTop::xGetNewPicBuffer
[178],TVideoIOYuv::ColourSpaceConvert
[143],TVideoIOYuv::read
[191],WriteFile
[175],[Unknown stack frame(s)]
[231],"__crt_seh_guarded_call<int>::operator()<class <lambda_751a882b2c74d4b022dec766aa51a29a>,class <lambda_628dfdc04ba53c8bfc02c9951375f3f5> &,class <lambda_f6c7be5f7998530c34de24c7437d6b54> >"
[223],"__crt_seh_guarded_call<int>::operator()<class <lambda_c376a267cfb53b6959b3b692ec76b120>,class <lambda_9a32fed5bf61b6b509b2d3f6003082a1> &,class <lambda_572fbb9fa0ab338edf41edfd4b5fcc8d> >"
[209],_acrt_stdio_flush_and_write_narrow_nolock
[224],_acrt_stdio_flush_nolock
[82],_chkstk
[4],_scrt_common_main_seh
[77],_security_check_cookie
[189],aligned_free
[222],aligned_offset_malloc_base
[232],close
[233],close_nolock
[158],common_refill_and_read_nolock<char>
[179],copyPlane
[55],fastForwardDst
[73],fastInverseDst
[234],fclose
[235],fclose_nolock
[225],fflush
[226],fflush_nolock
[155],fgetc
[45],fillReferenceSamples
[210],fputc
[190],free_base
[60],getTUEntropyCodingParameters
[110],isAboveAvailable
[108],isLeftAvailable
[5],main
[199],malloc_base
[32],memcpy
[38],memset
[217],operator new
[64],partialButterfly16
[49],partialButterfly32
[96],partialButterfly4
[67],partialButterfly8
[58],partialButterflyInverse16
[48],partialButterflyInverse32
[134],partialButterflyInverse4
[57],partialButterflyInverse8
[159],read
[148],readPlane
[160],read_nolock
[211],"std::_Insert_string<char,struct std::char_traits<char>,unsigned __int64>"
[236],"std::basic_fstream<char,struct std::char_traits<char> >::~basic_fstream<char,struct std::char_traits<char> >"
[156],"std::basic_istream<char,struct std::char_traits<char> >::read"
[183],"std::deque<class TComSlice *,class std::allocator<class TComSlice *> >::begin"
[182],"std::vector<unsigned char,class std::allocator<unsigned char> >::emplace_back<unsigned char const &>"
[192],write
[212],writeAnnexB
[213],write_buffer_nolock<char>
[193],write_nolock
[227],write_text_ansi_nolock
[37],xITrMxN
[35],xTrMxN
[62],<cycle 1>
[98],<cycle 2>
[113],<cycle 3>
[164],<cycle 4>
[89],<cycle 5>
[28],<cycle 6>
[52],<cycle 7>
[22],<cycle 8>
[102],<cycle 9>
[14],<cycle 10>
[11],<cycle 11>
