Index,% CPU Time:Total,CPU Time:Self,CPU Time:Children,Name,Index
,,0.0,12.719269,  RtlUserThreadStart,[2]
[1],100.0,0.0,12.719269,BaseThreadInitThunk,[1]
,,0.0,12.719269,  _scrt_common_main_seh,[4]
,,,,,
,,,,  <spontaneous>,
[2],100.0,0.0,12.719269,RtlUserThreadStart,[2]
,,0.0,12.719269,  BaseThreadInitThunk,[1]
,,,,,
,,0.0,12.719269,  main,[5]
[3],100.0,0.0,12.719269,TAppDecTop::decode,[3]
,,0.0,0.046082,  TAppDecTop::xFlushOutput,[129]
,,0.0,0.597740,  TAppDecTop::xWriteOutput,[39]
,,0.0,2.282795,  TDecGop::filterPicture,[19]
,,0.0,9.180045,  TDecTop::decode,[6]
,,0.0,0.612607,  byteStreamNALUnit,[38]
,,,,,
,,0.0,12.719269,  BaseThreadInitThunk,[1]
[4],100.0,0.0,12.719269,_scrt_common_main_seh,[4]
,,0.0,12.719269,  main,[5]
,,,,,
,,0.0,12.719269,  _scrt_common_main_seh,[4]
[5],100.0,0.0,12.719269,main,[5]
,,0.0,12.719269,  TAppDecTop::decode,[3]
,,,,,
,,0.0,9.180045,  TAppDecTop::decode,[3]
[6],72.17,0.0,9.180045,TDecTop::decode,[6]
,,0.0,9.180045,  TDecTop::xDecodeSlice,[7]
,,,,,
,,0.0,9.180045,  TDecTop::decode,[6]
[7],72.17,0.0,9.180045,TDecTop::xDecodeSlice,[7]
,,0.030472,0.0,  TComTrQuant::setErrScaleCoeff,[148]
,,0.0,0.015569,  TComSlice::setRefPicList,[165]
,,0.0,8.344677,  TDecGop::decompressSlice,[8]
,,0.0,0.789326,  TDecTop::xActivateParameterSets,[33]
,,,,,
,,0.0,8.344677,  TDecTop::xDecodeSlice,[7]
[8],65.61,0.0,8.344677,TDecGop::decompressSlice,[8]
,,0.015477,8.329200,  TDecSlice::decompressSlice,[9]
,,,,,
,,0.015477,8.329200,  TDecGop::decompressSlice,[8]
[9],65.61,0.015477,8.329200,TDecSlice::decompressSlice,[9]
,,0.093487,0.046713,  TComDataCU::initCtu,[97]
,,0.031108,2.549027,  TDecCu::xDecodeCU <cycle 3>,[18]
,,0.031068,5.577796,  TDecCu::xDecompressCU <cycle 7>,[11]
,,,,,
,,0.031068,5.577796,  TDecSlice::decompressSlice,[9]
[10],44.1,0.031068,5.577796,<cycle 7 as a whole>,[10]
,,0.031068,5.577796,  TDecCu::xDecompressCU <cycle 7>,[11]
,,,,,
,,,,  TDecCu::xDecompressCU <cycle 7>,[11]
,,0.031068,5.577796,  TDecSlice::decompressSlice,[9]
[11],44.1,0.031068,5.577796,TDecCu::xDecompressCU <cycle 7>,[11]
,,0.124190,0.0,  TComDataCU::copySubCU,[106]
,,0.015601,0.155401,  TDecCu::xCopyToPic,[90]
,,0.015534,0.046621,  TComYuv::clear,[119]
,,,,  TDecCu::xDecompressCU <cycle 7>,[11]
,,0.0,5.033797,  TDecCu::xReconInter,[12]
,,0.0,0.186653,  TDecCu::xReconIntraQT,[85]
,,,,,
,,0.0,5.033797,  TDecCu::xDecompressCU <cycle 7>,[11]
[12],39.58,0.0,5.033797,TDecCu::xReconInter,[12]
,,0.217656,0.0,  TComYuv::addClip,[81]
,,0.015572,0.870452,  TDecCu::xDecodeInterTexture,[30]
,,0.015571,0.0,  TComYuv::copyPartToPartYuv,[163]
,,0.015545,3.899002,  TComPrediction::motionCompensation,[13]
,,,,,
,,0.015545,3.899002,  TDecCu::xReconInter,[12]
[13],30.78,0.015545,3.899002,TComPrediction::motionCompensation,[13]
,,0.046492,3.744025,  TComPrediction::xPredInterBi,[14]
,,0.0,0.046579,  TComPrediction::xCheckIdenticalMotion,[128]
,,0.0,0.061906,  TComPrediction::xPredInterUni,[15]
,,,,,
,,0.046492,3.744025,  TComPrediction::motionCompensation,[13]
[14],29.8,0.046492,3.744025,TComPrediction::xPredInterBi,[14]
,,0.590695,0.093151,  TComYuv::addAvg,[36]
,,0.077720,2.982459,  TComPrediction::xPredInterUni,[15]
,,,,,
,,0.0,0.061906,  TComPrediction::motionCompensation,[13]
,,0.077720,2.982459,  TComPrediction::xPredInterBi,[14]
[15],24.55,0.077720,3.044365,TComPrediction::xPredInterUni,[15]
,,0.186415,2.857949,  TComPrediction::xPredInterBlk,[16]
,,,,,
,,0.186415,2.857949,  TComPrediction::xPredInterUni,[15]
[16],23.94,0.186415,2.857949,TComPrediction::xPredInterBlk,[16]
,,0.015583,0.0,  TComYuv::getAddr,[131]
,,0.015578,1.771359,  TComInterpolationFilter::filterHor,[20]
,,0.015571,1.039858,  TComInterpolationFilter::filterVer,[29]
,,,,,
,,0.031108,2.549027,  TDecSlice::decompressSlice,[9]
[17],20.29,0.031108,2.549027,<cycle 3 as a whole>,[17]
,,0.031108,2.549027,  TDecCu::xDecodeCU <cycle 3>,[18]
,,,,,
,,,,  TDecCu::xDecodeCU <cycle 3>,[18]
,,0.031108,2.549027,  TDecSlice::decompressSlice,[9]
[18],20.29,0.031108,2.549027,TDecCu::xDecodeCU <cycle 3>,[18]
,,0.046714,0.062208,  TComDataCU::getInterMergeCandidates,[86]
,,0.015578,0.015526,  TDecSbac::parsePartSize,[134]
,,0.015529,0.0,  TComDataCU::setSubPart<signed char>,[143]
,,0.015506,0.015508,  TDecSbac::parseSplitFlag,[145]
,,,,  TDecCu::xDecodeCU <cycle 3>,[18]
,,0.0,0.015553,  TDecCu::xFinishDecodeCU,[169]
,,0.0,1.741089,  TDecEntropy::decodeCoeff,[23]
,,0.0,0.559202,  TDecEntropy::decodePredInfo,[45]
,,0.0,0.046617,  TDecSbac::parseSkipFlag,[126]
,,,,,
,,0.0,2.282795,  TAppDecTop::decode,[3]
[19],17.95,0.0,2.282795,TDecGop::filterPicture,[19]
,,0.031126,0.389135,  TComSampleAdaptiveOffset::offsetCTU,[56]
,,0.0,1.290730,  TComLoopFilter::loopFilterPic,[26]
,,0.0,0.093362,  TComPic::compressMotion,[111]
,,0.0,0.327147,  TComPicYuv::copyToPic,[66]
,,0.0,0.014964,  calcAndPrintHashStatus,[192]
,,0.0,0.136331,  printf,[96]
,,,,,
,,0.015578,1.771359,  TComPrediction::xPredInterBlk,[16]
[20],14.05,0.015578,1.771359,TComInterpolationFilter::filterHor,[20]
,,1.196868,0.0,"  TComInterpolationFilter::filter<8,0,1,0>",[28]
,,0.418987,0.0,"  TComInterpolationFilter::filter<4,0,1,0>",[57]
,,0.139996,0.0,  TComInterpolationFilter::filterCopy,[99]
,,0.015509,0.0,"  TComInterpolationFilter::filter<8,0,1,1>",[180]
,,,,,
,,,,  TDecEntropy::xDecodeTransform <cycle 4>,[21]
,,0.155400,1.585690,  TDecEntropy::decodeCoeff,[23]
[21],13.69,0.155400,1.585690,TDecEntropy::xDecodeTransform <cycle 4>,[21]
,,0.512896,0.917191,  TDecSbac::parseCoeffNxN,[24]
,,0.077797,0.015584,  TDecSbac::parseQtCbf,[109]
,,0.015603,0.0,  TDecBinCABAC::decodeBin,[42]
,,0.015553,0.0,  TComTURecurse::nextSection,[113]
,,0.015535,0.0,  memset,[80]
,,0.015531,0.0,  TDecSbac::parseCrossComponentPrediction,[177]
,,,,  TDecEntropy::xDecodeTransform <cycle 4>,[21]
,,,,,
,,0.155400,1.585690,  TDecEntropy::decodeCoeff,[23]
[22],13.69,0.155400,1.585690,<cycle 4 as a whole>,[22]
,,0.155400,1.585690,  TDecEntropy::xDecodeTransform <cycle 4>,[21]
,,,,,
,,0.0,1.741089,  TDecCu::xDecodeCU <cycle 3>,[18]
[23],13.69,0.0,1.741089,TDecEntropy::decodeCoeff,[23]
,,0.155400,1.585690,  TDecEntropy::xDecodeTransform <cycle 4>,[21]
,,,,,
,,0.512896,0.917191,  TDecEntropy::xDecodeTransform <cycle 4>,[21]
[24],11.24,0.512896,0.917191,TDecSbac::parseCoeffNxN,[24]
,,0.435238,0.0,  TDecBinCABAC::decodeBin,[42]
,,0.202076,0.0,  TComTrQuant::getSigCtxInc,[83]
,,0.077776,0.062243,  TDecSbac::parseLastSignificantXY,[98]
,,0.062186,0.0,  TDecBinCABAC::decodeBinsEP,[114]
,,0.031095,0.0,  TDecSbac::parseTransformSkipFlags,[137]
,,0.015544,0.0,  TComTU::getGolombRiceStatisticsIndex,[171]
,,0.015542,0.0,  _security_check_cookie,[173]
,,0.0,0.015491,  TDecSbac::xReadCoefRemainExGolomb,[182]
,,,,,
,,0.202355,1.088375,  TComLoopFilter::loopFilterPic,[26]
[25],10.15,0.202355,1.088375,<cycle 1 as a whole>,[25]
,,0.202355,1.088375,  TComLoopFilter::xDeblockCU <cycle 1>,[27]
,,,,,
,,0.0,1.290730,  TDecGop::filterPicture,[19]
[26],10.15,0.0,1.290730,TComLoopFilter::loopFilterPic,[26]
,,0.202355,1.088375,  TComLoopFilter::xDeblockCU <cycle 1>,[27]
,,,,,
,,,,  TComLoopFilter::xDeblockCU <cycle 1>,[27]
,,0.202355,1.088375,  TComLoopFilter::loopFilterPic,[26]
[27],10.15,0.202355,1.088375,TComLoopFilter::xDeblockCU <cycle 1>,[27]
,,0.342091,0.015550,  TComLoopFilter::xSetEdgefilterTU <cycle 2>,[62]
,,0.217556,0.015566,  TComLoopFilter::xGetBoundaryStrengthSingle,[77]
,,0.186574,0.186619,  TComLoopFilter::xEdgeFilterLuma,[59]
,,0.046696,0.0,  TComLoopFilter::xSetEdgefilterPU,[123]
,,0.046653,0.0,  TComLoopFilter::xEdgeFilterChroma,[124]
,,0.031070,0.0,  TComTU::TComTU,[118]
,,,,  TComLoopFilter::xDeblockCU <cycle 1>,[27]
,,,,,
,,1.196868,0.0,  TComInterpolationFilter::filterHor,[20]
[28],9.41,1.196868,0.0,"TComInterpolationFilter::filter<8,0,1,0>",[28]
,,,,,
,,0.015571,1.039858,  TComPrediction::xPredInterBlk,[16]
[29],8.3,0.015571,1.039858,TComInterpolationFilter::filterVer,[29]
,,0.435350,0.0,"  TComInterpolationFilter::filter<8,1,0,0>",[54]
,,0.310201,0.0,"  TComInterpolationFilter::filter<8,1,1,0>",[71]
,,0.139415,0.0,"  TComInterpolationFilter::filter<4,1,1,0>",[101]
,,0.123994,0.0,"  TComInterpolationFilter::filter<4,1,0,0>",[107]
,,0.030899,0.0,"  TComInterpolationFilter::filter<8,1,0,1>",[147]
,,,,,
,,0.015572,0.870452,  TDecCu::xReconInter,[12]
[30],6.97,0.015572,0.870452,TDecCu::xDecodeInterTexture,[30]
,,0.031091,0.0,  TComTU::TComTU,[118]
,,0.031077,0.808285,  TComTrQuant::invRecurTransformNxN <cycle 5>,[32]
,,,,,
,,0.031077,0.808285,  TDecCu::xDecodeInterTexture,[30]
[31],6.6,0.031077,0.808285,<cycle 5 as a whole>,[31]
,,0.031077,0.808285,  TComTrQuant::invRecurTransformNxN <cycle 5>,[32]
,,,,,
,,,,  TComTrQuant::invRecurTransformNxN <cycle 5>,[32]
,,0.031077,0.808285,  TDecCu::xDecodeInterTexture,[30]
[32],6.6,0.031077,0.808285,TComTrQuant::invRecurTransformNxN <cycle 5>,[32]
,,0.031049,0.0,  TComTURecurse::nextSection,[113]
,,0.015554,0.730619,  TComTrQuant::invTransformNxN,[34]
,,0.015540,0.0,  TComTU::TComTU,[135]
,,0.015523,0.0,  QpParam::QpParam,[178]
,,,,  TComTrQuant::invRecurTransformNxN <cycle 5>,[32]
,,,,,
,,0.0,0.789326,  TDecTop::xDecodeSlice,[7]
[33],6.21,0.0,0.789326,TDecTop::xActivateParameterSets,[33]
,,0.0,0.047380,  TComSampleAdaptiveOffset::create,[121]
,,0.0,0.741945,  TDecTop::xGetNewPicBuffer,[35]
,,,,,
,,0.0,0.031179,  TDecCu::xIntraRecBlk,[91]
,,0.015554,0.730619,  TComTrQuant::invRecurTransformNxN <cycle 5>,[32]
[34],6.11,0.015554,0.761799,TComTrQuant::invTransformNxN,[34]
,,0.310922,0.0,  TComTrQuant::xDeQuant,[70]
,,0.031186,0.404112,  TComTrQuant::xIT,[55]
,,0.015578,0.0,  TComTrQuant::xITransformSkip,[159]
,,,,,
,,0.0,0.741945,  TDecTop::xActivateParameterSets,[33]
[35],5.83,0.0,0.741945,TDecTop::xGetNewPicBuffer,[35]
,,0.0,0.487569,  TComPic::create,[47]
,,0.0,0.254377,  TComPic::destroy,[72]
,,,,,
,,0.590695,0.093151,  TComPrediction::xPredInterBi,[14]
[36],5.38,0.590695,0.093151,TComYuv::addAvg,[36]
,,0.077595,0.0,  TComYuv::getAddr,[115]
,,0.015556,0.0,  TComYuv::getAddr,[131]
,,,,,
,,0.015532,0.597074,  byteStreamNALUnit,[38]
[37],4.82,0.015532,0.597074,byteStreamNALUnit,[37]
,,0.048855,0.517836,  InputByteStream::eofBeforeNBytes,[43]
,,0.030383,0.0,"  std::vector<unsigned char,class std::allocator<unsigned char> >::emplace_back<unsigned char>",[149]
,,,,,
,,0.0,0.612607,  TAppDecTop::decode,[3]
[38],4.82,0.0,0.612607,byteStreamNALUnit,[38]
,,0.015532,0.597074,  byteStreamNALUnit,[37]
,,,,,
,,0.0,0.597740,  TAppDecTop::decode,[3]
[39],4.7,0.0,0.597740,TAppDecTop::xWriteOutput,[39]
,,0.0,0.597740,  TVideoIOYuv::write,[40]
,,,,,
,,0.0,0.597740,  TAppDecTop::xWriteOutput,[39]
[40],4.7,0.0,0.597740,TVideoIOYuv::write,[40]
,,0.253368,0.344373,  writePlane,[41]
,,,,,
,,0.253368,0.344373,  TVideoIOYuv::write,[40]
[41],4.7,0.253368,0.344373,writePlane,[41]
,,0.014990,0.329383,"  std::basic_ostream<char,struct std::char_traits<char> >::write",[65]
,,,,,
,,0.015508,0.0,  TDecSbac::parseSplitFlag,[145]
,,0.015526,0.0,  TDecSbac::parsePartSize,[134]
,,0.015584,0.0,  TDecSbac::parseQtCbf,[109]
,,0.015603,0.0,  TDecEntropy::xDecodeTransform <cycle 4>,[21]
,,0.031075,0.0,  TDecSbac::parseSkipFlag,[126]
,,0.062243,0.0,  TDecSbac::parseLastSignificantXY,[98]
,,0.435238,0.0,  TDecSbac::parseCoeffNxN,[24]
[42],4.64,0.590776,0.0,TDecBinCABAC::decodeBin,[42]
,,,,,
,,0.048855,0.517836,  byteStreamNALUnit,[37]
[43],4.46,0.048855,0.517836,InputByteStream::eofBeforeNBytes,[43]
,,0.502228,0.015608,"  std::basic_istream<char,struct std::char_traits<char> >::get",[46]
,,,,,
,,0.015595,0.543607,  TDecEntropy::decodePredInfo,[45]
[44],4.4,0.015595,0.543607,TDecEntropy::decodePUWise,[44]
,,0.093360,0.0,  TComCUMvField::setAll<class TComMv>,[112]
,,0.031069,0.0,  TComCUMvField::setAll<signed char>,[141]
,,0.031058,0.201672,  TDecEntropy::decodeMVPIdxPU,[79]
,,0.030949,0.046700,  TComDataCU::getInterMergeCandidates,[86]
,,0.015618,0.015467,  TDecSbac::parseMvd,[139]
,,0.015593,0.0,  TDecSbac::parseMergeFlag,[157]
,,0.015557,0.015543,  TComDataCU::setSubPart<unsigned char>,[136]
,,0.015513,0.0,  TComDataCU::copyInterPredInfoFrom,[179]
,,0.015507,0.0,  TComDataCU::setSubPart<signed char>,[143]
,,,,,
,,0.0,0.559202,  TDecCu::xDecodeCU <cycle 3>,[18]
[45],4.4,0.0,0.559202,TDecEntropy::decodePredInfo,[45]
,,0.015595,0.543607,  TDecEntropy::decodePUWise,[44]
,,,,,
,,0.502228,0.015608,  InputByteStream::eofBeforeNBytes,[43]
[46],4.07,0.502228,0.015608,"std::basic_istream<char,struct std::char_traits<char> >::get",[46]
,,0.0,0.015608,  fgetc,[154]
,,,,,
,,0.0,0.487569,  TDecTop::xGetNewPicBuffer,[35]
[47],3.83,0.0,0.487569,TComPic::create,[47]
,,0.0,0.487569,  TComPicSym::create,[48]
,,,,,
,,0.0,0.487569,  TComPic::create,[47]
[48],3.83,0.0,0.487569,TComPicSym::create,[48]
,,0.0,0.015611,  TComDataCU::TComDataCU,[151]
,,0.0,0.456381,  TComDataCU::create,[49]
,,0.0,0.015576,  `eh vector constructor iterator',[130]
,,,,,
,,0.0,0.456381,  TComPicSym::create,[48]
[49],3.59,0.0,0.456381,TComDataCU::create,[49]
,,0.105821,0.0,  memset,[80]
,,0.0,0.015563,  TComCUMvField::create,[167]
,,0.0,0.243904,  aligned_offset_malloc_base,[76]
,,0.0,0.091094,  operator new,[108]
,,,,,
,,0.0,0.136191,  _acrt_stdio_flush_nolock,[104]
,,0.0,0.314412,  write_buffer_nolock<char>,[69]
[50],3.54,0.0,0.450603,write,[50]
,,0.014945,0.435657,  write_nolock,[51]
,,,,,
,,0.014945,0.435657,  write,[50]
[51],3.54,0.014945,0.435657,write_nolock,[51]
,,0.299467,0.0,  WriteFile,[53]
,,0.0,0.136191,  write_text_ansi_nolock,[105]
,,,,,
,,0.015597,0.0,  TComTrQuant::xIT,[55]
,,0.093123,0.0,  TComYuv::copyToPicComponent,[92]
,,0.327147,0.0,  TComPicYuv::copyToPic,[66]
[52],3.43,0.435868,0.0,memcpy,[52]
,,,,,
,,0.136191,0.0,  write_text_ansi_nolock,[105]
,,0.299467,0.0,  write_nolock,[51]
[53],3.43,0.435657,0.0,WriteFile,[53]
,,,,,
,,0.435350,0.0,  TComInterpolationFilter::filterVer,[29]
[54],3.42,0.435350,0.0,"TComInterpolationFilter::filter<8,1,0,0>",[54]
,,,,,
,,0.031186,0.404112,  TComTrQuant::invTransformNxN,[34]
[55],3.42,0.031186,0.404112,TComTrQuant::xIT,[55]
,,0.015597,0.0,  memcpy,[52]
,,0.015539,0.0,  _chkstk,[176]
,,0.0,0.372976,  xITrMxN,[60]
,,,,,
,,0.031126,0.389135,  TDecGop::filterPicture,[19]
[56],3.3,0.031126,0.389135,TComSampleAdaptiveOffset::offsetCTU,[56]
,,0.389135,0.0,  TComSampleAdaptiveOffset::offsetBlock,[58]
,,,,,
,,0.418987,0.0,  TComInterpolationFilter::filterHor,[20]
[57],3.29,0.418987,0.0,"TComInterpolationFilter::filter<4,0,1,0>",[57]
,,,,,
,,0.389135,0.0,  TComSampleAdaptiveOffset::offsetCTU,[56]
[58],3.06,0.389135,0.0,TComSampleAdaptiveOffset::offsetBlock,[58]
,,,,,
,,0.186574,0.186619,  TComLoopFilter::xDeblockCU <cycle 1>,[27]
[59],2.93,0.186574,0.186619,TComLoopFilter::xEdgeFilterLuma,[59]
,,0.139958,0.0,  TComLoopFilter::xPelFilterLuma,[100]
,,0.031085,0.0,  TComLoopFilter::xUseStrongFiltering,[138]
,,0.015576,0.0,  TComDataCU::getPULeft,[162]
,,,,,
,,0.0,0.372976,  TComTrQuant::xIT,[55]
[60],2.93,0.0,0.372976,xITrMxN,[60]
,,0.233093,0.0,  partialButterflyInverse8,[78]
,,0.062107,0.0,  partialButterflyInverse16,[120]
,,0.046723,0.0,  partialButterflyInverse32,[122]
,,0.031052,0.0,  partialButterflyInverse4,[142]
,,,,,
,,0.342091,0.015550,  TComLoopFilter::xDeblockCU <cycle 1>,[27]
[61],2.81,0.342091,0.015550,<cycle 2 as a whole>,[61]
,,0.342091,0.015550,  TComLoopFilter::xSetEdgefilterTU <cycle 2>,[62]
,,,,,
,,,,  TComLoopFilter::xSetEdgefilterTU <cycle 2>,[62]
,,0.342091,0.015550,  TComLoopFilter::xDeblockCU <cycle 1>,[27]
[62],2.81,0.342091,0.015550,TComLoopFilter::xSetEdgefilterTU <cycle 2>,[62]
,,0.015550,0.0,  TComTURecurse::nextSection,[113]
,,,,  TComLoopFilter::xSetEdgefilterTU <cycle 2>,[62]
,,,,,
,,0.350561,0.0,  malloc_base,[64]
[63],2.76,0.350561,0.0,func@0x18003b880,[63]
,,,,,
,,0.0,0.243904,  aligned_offset_malloc_base,[76]
,,0.0,0.106657,  operator new,[108]
[64],2.76,0.0,0.350561,malloc_base,[64]
,,0.350561,0.0,  func@0x18003b880,[63]
,,,,,
,,0.014990,0.329383,  writePlane,[41]
[65],2.71,0.014990,0.329383,"std::basic_ostream<char,struct std::char_traits<char> >::write",[65]
,,0.0,0.014971,  _uncaught_exception,[189]
,,0.0,0.314412,  fputc,[68]
,,,,,
,,0.0,0.327147,  TDecGop::filterPicture,[19]
[66],2.57,0.0,0.327147,TComPicYuv::copyToPic,[66]
,,0.327147,0.0,  memcpy,[52]
,,,,,
,,0.0,0.314412,  fputc,[68]
[67],2.47,0.0,0.314412,_acrt_stdio_flush_and_write_narrow_nolock,[67]
,,0.0,0.314412,  write_buffer_nolock<char>,[69]
,,,,,
,,0.0,0.314412,"  std::basic_ostream<char,struct std::char_traits<char> >::write",[65]
[68],2.47,0.0,0.314412,fputc,[68]
,,0.0,0.314412,  _acrt_stdio_flush_and_write_narrow_nolock,[67]
,,,,,
,,0.0,0.314412,  _acrt_stdio_flush_and_write_narrow_nolock,[67]
[69],2.47,0.0,0.314412,write_buffer_nolock<char>,[69]
,,0.0,0.314412,  write,[50]
,,,,,
,,0.310922,0.0,  TComTrQuant::invTransformNxN,[34]
[70],2.44,0.310922,0.0,TComTrQuant::xDeQuant,[70]
,,,,,
,,0.310201,0.0,  TComInterpolationFilter::filterVer,[29]
[71],2.44,0.310201,0.0,"TComInterpolationFilter::filter<8,1,1,0>",[71]
,,,,,
,,0.0,0.046082,  TAppDecTop::xFlushOutput,[129]
,,0.0,0.254377,  TDecTop::xGetNewPicBuffer,[35]
[72],2.36,0.0,0.300459,TComPic::destroy,[72]
,,0.0,0.209920,  TComPicSym::destroy,[82]
,,0.0,0.090539,  TComPicYuv::destroy,[102]
,,,,,
,,0.0,0.137919,  TComPicYuv::destroy,[102]
,,0.060283,0.074816,  TComDataCU::destroy,[87]
[73],2.15,0.060283,0.212736,aligned_free,[73]
,,0.0,0.212736,  free_base,[75]
,,,,,
,,0.272619,0.0,  free_base,[75]
[74],2.14,0.272619,0.0,RtlFreeHeap,[74]
,,,,,
,,0.0,0.014973,  TComDataCU::`scalar deleting destructor',[187]
,,0.0,0.029933,  TComDataCU::destroy,[87]
,,0.0,0.014977,  TComPicSym::destroy,[82]
,,0.0,0.212736,  aligned_free,[73]
[75],2.14,0.0,0.272619,free_base,[75]
,,0.272619,0.0,  RtlFreeHeap,[74]
,,,,,
,,0.0,0.243904,  TComDataCU::create,[49]
[76],1.92,0.0,0.243904,aligned_offset_malloc_base,[76]
,,0.0,0.243904,  malloc_base,[64]
,,,,,
,,0.217556,0.015566,  TComLoopFilter::xDeblockCU <cycle 1>,[27]
[77],1.83,0.217556,0.015566,TComLoopFilter::xGetBoundaryStrengthSingle,[77]
,,0.015566,0.0,  TComDataCU::getPUAbove,[166]
,,,,,
,,0.233093,0.0,  xITrMxN,[60]
[78],1.83,0.233093,0.0,partialButterflyInverse8,[78]
,,,,,
,,0.031058,0.201672,  TDecEntropy::decodePUWise,[44]
[79],1.83,0.031058,0.201672,TDecEntropy::decodeMVPIdxPU,[79]
,,0.061979,0.139694,  TComDataCU::fillMvpCand,[84]
,,,,,
,,0.015535,0.0,  TDecEntropy::xDecodeTransform <cycle 4>,[21]
,,0.015543,0.0,  TComDataCU::setSubPart<unsigned char>,[136]
,,0.046621,0.0,  TComYuv::clear,[119]
,,0.046713,0.0,  TComDataCU::initCtu,[97]
,,0.105821,0.0,  TComDataCU::create,[49]
[80],1.81,0.230234,0.0,memset,[80]
,,,,,
,,0.217656,0.0,  TDecCu::xReconInter,[12]
[81],1.71,0.217656,0.0,TComYuv::addClip,[81]
,,,,,
,,0.0,0.209920,  TComPic::destroy,[72]
[82],1.65,0.0,0.209920,TComPicSym::destroy,[82]
,,0.014938,0.165032,  TComDataCU::destroy,[87]
,,0.0,0.014973,  TComDataCU::`scalar deleting destructor',[187]
,,0.0,0.014977,  free_base,[75]
,,,,,
,,0.202076,0.0,  TDecSbac::parseCoeffNxN,[24]
[83],1.59,0.202076,0.0,TComTrQuant::getSigCtxInc,[83]
,,,,,
,,0.061979,0.139694,  TDecEntropy::decodeMVPIdxPU,[79]
[84],1.59,0.061979,0.139694,TComDataCU::fillMvpCand,[84]
,,0.062279,0.0,  TComDataCU::xAddMVPCandUnscaled,[116]
,,0.015549,0.0,  TComDataCU::getPartIndexAndSize,[170]
,,0.015535,0.0,  TComDataCU::getPUBelowLeft,[140]
,,0.015363,0.0,  TComDataCU::xGetColMVP,[184]
,,0.0,0.030968,  TComDataCU::xAddMVPCandWithScaling,[146]
,,,,,
,,0.0,0.186653,  TDecCu::xDecompressCU <cycle 7>,[11]
[85],1.47,0.0,0.186653,TDecCu::xReconIntraQT,[85]
,,0.015561,0.0,  TComTU::TComTU,[135]
,,0.0,0.171091,  TDecCu::xIntraRecQT <cycle 6>,[89]
,,,,,
,,0.030949,0.046700,  TDecEntropy::decodePUWise,[44]
,,0.046714,0.062208,  TDecCu::xDecodeCU <cycle 3>,[18]
[86],1.47,0.077663,0.108908,TComDataCU::getInterMergeCandidates,[86]
,,0.046647,0.0,  TComDataCU::hasEqualMotion,[125]
,,0.015589,0.0,  TComDataCU::deriveLeftRightTopIdxGeneral,[158]
,,0.015578,0.0,  TComDataCU::getPartPosition,[160]
,,0.015547,0.0,  TComDataCU::getPUAboveRight,[133]
,,0.015547,0.0,  TComDataCU::getPUBelowLeft,[140]
,,,,,
,,0.014938,0.165032,  TComPicSym::destroy,[82]
[87],1.41,0.014938,0.165032,TComDataCU::destroy,[87]
,,0.060283,0.074816,  aligned_free,[73]
,,0.0,0.029933,  free_base,[75]
,,,,,
,,0.0,0.171091,  TDecCu::xReconIntraQT,[85]
[88],1.35,0.0,0.171091,<cycle 6 as a whole>,[88]
,,0.0,0.171091,  TDecCu::xIntraRecQT <cycle 6>,[89]
,,,,,
,,,,  TDecCu::xIntraRecQT <cycle 6>,[89]
,,0.0,0.171091,  TDecCu::xReconIntraQT,[85]
[89],1.35,0.0,0.171091,TDecCu::xIntraRecQT <cycle 6>,[89]
,,0.046498,0.108956,  TDecCu::xIntraRecBlk,[91]
,,0.015637,0.0,  TComTURecurse::nextSection,[113]
,,,,  TDecCu::xIntraRecQT <cycle 6>,[89]
,,,,,
,,0.015601,0.155401,  TDecCu::xDecompressCU <cycle 7>,[11]
[90],1.34,0.015601,0.155401,TDecCu::xCopyToPic,[90]
,,0.062278,0.093123,  TComYuv::copyToPicComponent,[92]
,,,,,
,,0.046498,0.108956,  TDecCu::xIntraRecQT <cycle 6>,[89]
[91],1.22,0.046498,0.108956,TDecCu::xIntraRecBlk,[91]
,,0.015536,0.046699,  TComPrediction::initIntraPatternChType,[117]
,,0.0,0.015541,  TComPrediction::predIntraAng,[174]
,,0.0,0.031179,  TComTrQuant::invTransformNxN,[34]
,,,,,
,,0.062278,0.093123,  TDecCu::xCopyToPic,[90]
[92],1.22,0.062278,0.093123,TComYuv::copyToPicComponent,[92]
,,0.093123,0.0,  memcpy,[52]
,,,,,
,,0.0,0.151295,"  __crt_seh_guarded_call<int>::operator()<class <lambda_a62c933ada0517137acf5807a1eeac1f>,class <lambda_a31071773b9a94e445cbd5d04ef99106> &,class <lambda_56065050dbf3ada7e59a83db45153de3> >",[94]
[93],1.19,0.0,0.151295,<lambda_a31071773b9a94e445cbd5d04ef99106>::operator(),[93]
,,0.0,0.015105,  _acrt_stdio_begin_temporary_buffering_nolock,[185]
,,0.0,0.136191,  _acrt_stdio_end_temporary_buffering_nolock,[103]
,,,,,
,,0.0,0.151295,  _stdio_common_vfprintf,[95]
[94],1.19,0.0,0.151295,"__crt_seh_guarded_call<int>::operator()<class <lambda_a62c933ada0517137acf5807a1eeac1f>,class <lambda_a31071773b9a94e445cbd5d04ef99106> &,class <lambda_56065050dbf3ada7e59a83db45153de3> >",[94]
,,0.0,0.151295,  <lambda_a31071773b9a94e445cbd5d04ef99106>::operator(),[93]
,,,,,
,,0.0,0.151295,  printf,[96]
[95],1.19,0.0,0.151295,_stdio_common_vfprintf,[95]
,,0.0,0.151295,"  __crt_seh_guarded_call<int>::operator()<class <lambda_a62c933ada0517137acf5807a1eeac1f>,class <lambda_a31071773b9a94e445cbd5d04ef99106> &,class <lambda_56065050dbf3ada7e59a83db45153de3> >",[94]
,,,,,
,,0.0,0.136331,  TDecGop::filterPicture,[19]
,,0.0,0.014964,  calcAndPrintHashStatus,[192]
[96],1.19,0.0,0.151295,printf,[96]
,,0.0,0.151295,  _stdio_common_vfprintf,[95]
,,,,,
,,0.093487,0.046713,  TDecSlice::decompressSlice,[9]
[97],1.1,0.093487,0.046713,TComDataCU::initCtu,[97]
,,0.046713,0.0,  memset,[80]
,,,,,
,,0.077776,0.062243,  TDecSbac::parseCoeffNxN,[24]
[98],1.1,0.077776,0.062243,TDecSbac::parseLastSignificantXY,[98]
,,0.062243,0.0,  TDecBinCABAC::decodeBin,[42]
,,,,,
,,0.139996,0.0,  TComInterpolationFilter::filterHor,[20]
[99],1.1,0.139996,0.0,TComInterpolationFilter::filterCopy,[99]
,,,,,
,,0.139958,0.0,  TComLoopFilter::xEdgeFilterLuma,[59]
[100],1.1,0.139958,0.0,TComLoopFilter::xPelFilterLuma,[100]
,,,,,
,,0.139415,0.0,  TComInterpolationFilter::filterVer,[29]
[101],1.1,0.139415,0.0,"TComInterpolationFilter::filter<4,1,1,0>",[101]
,,,,,
,,0.0,0.090539,  TComPic::destroy,[72]
,,0.0,0.047380,  TComSampleAdaptiveOffset::create,[121]
[102],1.08,0.0,0.137919,TComPicYuv::destroy,[102]
,,0.0,0.137919,  aligned_free,[73]
,,,,,
,,0.0,0.136191,  <lambda_a31071773b9a94e445cbd5d04ef99106>::operator(),[93]
[103],1.07,0.0,0.136191,_acrt_stdio_end_temporary_buffering_nolock,[103]
,,0.0,0.136191,  _acrt_stdio_flush_nolock,[104]
,,,,,
,,0.0,0.136191,  _acrt_stdio_end_temporary_buffering_nolock,[103]
[104],1.07,0.0,0.136191,_acrt_stdio_flush_nolock,[104]
,,0.0,0.136191,  write,[50]
,,,,,
,,0.0,0.136191,  write_nolock,[51]
[105],1.07,0.0,0.136191,write_text_ansi_nolock,[105]
,,0.136191,0.0,  WriteFile,[53]
,,,,,
,,0.124190,0.0,  TDecCu::xDecompressCU <cycle 7>,[11]
[106],0.98,0.124190,0.0,TComDataCU::copySubCU,[106]
,,,,,
,,0.123994,0.0,  TComInterpolationFilter::filterVer,[29]
[107],0.97,0.123994,0.0,"TComInterpolationFilter::filter<4,1,0,0>",[107]
,,,,,
,,0.0,0.015563,  TComCUMvField::create,[167]
,,0.0,0.091094,  TComDataCU::create,[49]
[108],0.84,0.0,0.106657,operator new,[108]
,,0.0,0.106657,  malloc_base,[64]
,,,,,
,,0.077797,0.015584,  TDecEntropy::xDecodeTransform <cycle 4>,[21]
[109],0.73,0.077797,0.015584,TDecSbac::parseQtCbf,[109]
,,0.015584,0.0,  TDecBinCABAC::decodeBin,[42]
,,,,,
,,0.093362,0.0,  TComPic::compressMotion,[111]
[110],0.73,0.093362,0.0,TComCUMvField::compress,[110]
,,,,,
,,0.0,0.093362,  TDecGop::filterPicture,[19]
[111],0.73,0.0,0.093362,TComPic::compressMotion,[111]
,,0.093362,0.0,  TComCUMvField::compress,[110]
,,,,,
,,0.093360,0.0,  TDecEntropy::decodePUWise,[44]
[112],0.73,0.093360,0.0,TComCUMvField::setAll<class TComMv>,[112]
,,,,,
,,0.015550,0.0,  TComLoopFilter::xSetEdgefilterTU <cycle 2>,[62]
,,0.015553,0.0,  TDecEntropy::xDecodeTransform <cycle 4>,[21]
,,0.015637,0.0,  TDecCu::xIntraRecQT <cycle 6>,[89]
,,0.031049,0.0,  TComTrQuant::invRecurTransformNxN <cycle 5>,[32]
[113],0.61,0.077789,0.0,TComTURecurse::nextSection,[113]
,,,,,
,,0.015491,0.0,  TDecSbac::xReadCoefRemainExGolomb,[182]
,,0.062186,0.0,  TDecSbac::parseCoeffNxN,[24]
[114],0.61,0.077678,0.0,TDecBinCABAC::decodeBinsEP,[114]
,,,,,
,,0.077595,0.0,  TComYuv::addAvg,[36]
[115],0.61,0.077595,0.0,TComYuv::getAddr,[115]
,,,,,
,,0.062279,0.0,  TComDataCU::fillMvpCand,[84]
[116],0.49,0.062279,0.0,TComDataCU::xAddMVPCandUnscaled,[116]
,,,,,
,,0.015536,0.046699,  TDecCu::xIntraRecBlk,[91]
[117],0.49,0.015536,0.046699,TComPrediction::initIntraPatternChType,[117]
,,0.031128,0.0,  fillReferenceSamples,[132]
,,0.015571,0.0,  TComDataCU::getPUAboveRight,[133]
,,,,,
,,0.031070,0.0,  TComLoopFilter::xDeblockCU <cycle 1>,[27]
,,0.031091,0.0,  TDecCu::xDecodeInterTexture,[30]
[118],0.49,0.062161,0.0,TComTU::TComTU,[118]
,,,,,
,,0.015534,0.046621,  TDecCu::xDecompressCU <cycle 7>,[11]
[119],0.49,0.015534,0.046621,TComYuv::clear,[119]
,,0.046621,0.0,  memset,[80]
,,,,,
,,0.062107,0.0,  xITrMxN,[60]
[120],0.49,0.062107,0.0,partialButterflyInverse16,[120]
,,,,,
,,0.0,0.047380,  TDecTop::xActivateParameterSets,[33]
[121],0.37,0.0,0.047380,TComSampleAdaptiveOffset::create,[121]
,,0.0,0.047380,  TComPicYuv::destroy,[102]
,,,,,
,,0.046723,0.0,  xITrMxN,[60]
[122],0.37,0.046723,0.0,partialButterflyInverse32,[122]
,,,,,
,,0.046696,0.0,  TComLoopFilter::xDeblockCU <cycle 1>,[27]
[123],0.37,0.046696,0.0,TComLoopFilter::xSetEdgefilterPU,[123]
,,,,,
,,0.046653,0.0,  TComLoopFilter::xDeblockCU <cycle 1>,[27]
[124],0.37,0.046653,0.0,TComLoopFilter::xEdgeFilterChroma,[124]
,,,,,
,,0.046647,0.0,  TComDataCU::getInterMergeCandidates,[86]
[125],0.37,0.046647,0.0,TComDataCU::hasEqualMotion,[125]
,,,,,
,,0.0,0.046617,  TDecCu::xDecodeCU <cycle 3>,[18]
[126],0.37,0.0,0.046617,TDecSbac::parseSkipFlag,[126]
,,0.031075,0.0,  TDecBinCABAC::decodeBin,[42]
,,0.015542,0.0,  TComDataCU::setSubPart<bool>,[172]
,,,,,
,,0.031017,0.015562,  TComPrediction::xCheckIdenticalMotion,[128]
[127],0.37,0.031017,0.015562,TComPic::getPOC,[127]
,,0.015562,0.0,  std::_Deque_const_iterator<class std::_Deque_val<struct std::_Deque_simple_types<class TComSlice *> > >::operator+,[144]
,,,,,
,,0.0,0.046579,  TComPrediction::motionCompensation,[13]
[128],0.37,0.0,0.046579,TComPrediction::xCheckIdenticalMotion,[128]
,,0.031017,0.015562,  TComPic::getPOC,[127]
,,,,,
,,0.0,0.046082,  TAppDecTop::decode,[3]
[129],0.36,0.0,0.046082,TAppDecTop::xFlushOutput,[129]
,,0.0,0.046082,  TComPic::destroy,[72]
,,,,,
,,0.0,0.015611,  TComDataCU::TComDataCU,[151]
,,0.0,0.015576,  TComPicSym::create,[48]
[130],0.25,0.0,0.031187,`eh vector constructor iterator',[130]
,,0.015611,0.0,  TComCUMvField::TComCUMvField,[150]
,,0.015576,0.0,  SAOBlkParam::SAOBlkParam,[161]
,,,,,
,,0.015556,0.0,  TComYuv::addAvg,[36]
,,0.015583,0.0,  TComPrediction::xPredInterBlk,[16]
[131],0.24,0.031139,0.0,TComYuv::getAddr,[131]
,,,,,
,,0.031128,0.0,  TComPrediction::initIntraPatternChType,[117]
[132],0.24,0.031128,0.0,fillReferenceSamples,[132]
,,,,,
,,0.015547,0.0,  TComDataCU::getInterMergeCandidates,[86]
,,0.015571,0.0,  TComPrediction::initIntraPatternChType,[117]
[133],0.24,0.031118,0.0,TComDataCU::getPUAboveRight,[133]
,,,,,
,,0.015578,0.015526,  TDecCu::xDecodeCU <cycle 3>,[18]
[134],0.24,0.015578,0.015526,TDecSbac::parsePartSize,[134]
,,0.015526,0.0,  TDecBinCABAC::decodeBin,[42]
,,,,,
,,0.015540,0.0,  TComTrQuant::invRecurTransformNxN <cycle 5>,[32]
,,0.015561,0.0,  TDecCu::xReconIntraQT,[85]
[135],0.24,0.031101,0.0,TComTU::TComTU,[135]
,,,,,
,,0.015557,0.015543,  TDecEntropy::decodePUWise,[44]
[136],0.24,0.015557,0.015543,TComDataCU::setSubPart<unsigned char>,[136]
,,0.015543,0.0,  memset,[80]
,,,,,
,,0.031095,0.0,  TDecSbac::parseCoeffNxN,[24]
[137],0.24,0.031095,0.0,TDecSbac::parseTransformSkipFlags,[137]
,,,,,
,,0.031085,0.0,  TComLoopFilter::xEdgeFilterLuma,[59]
[138],0.24,0.031085,0.0,TComLoopFilter::xUseStrongFiltering,[138]
,,,,,
,,0.015618,0.015467,  TDecEntropy::decodePUWise,[44]
[139],0.24,0.015618,0.015467,TDecSbac::parseMvd,[139]
,,0.015467,0.0,  TDecBinCABAC::decodeBinEP,[183]
,,,,,
,,0.015535,0.0,  TComDataCU::fillMvpCand,[84]
,,0.015547,0.0,  TComDataCU::getInterMergeCandidates,[86]
[140],0.24,0.031081,0.0,TComDataCU::getPUBelowLeft,[140]
,,,,,
,,0.031069,0.0,  TDecEntropy::decodePUWise,[44]
[141],0.24,0.031069,0.0,TComCUMvField::setAll<signed char>,[141]
,,,,,
,,0.031052,0.0,  xITrMxN,[60]
[142],0.24,0.031052,0.0,partialButterflyInverse4,[142]
,,,,,
,,0.015507,0.0,  TDecEntropy::decodePUWise,[44]
,,0.015529,0.0,  TDecCu::xDecodeCU <cycle 3>,[18]
[143],0.24,0.031036,0.0,TComDataCU::setSubPart<signed char>,[143]
,,,,,
,,0.015472,0.0,  TComDataCU::xAddMVPCandWithScaling,[146]
,,0.015562,0.0,  TComPic::getPOC,[127]
[144],0.24,0.031034,0.0,std::_Deque_const_iterator<class std::_Deque_val<struct std::_Deque_simple_types<class TComSlice *> > >::operator+,[144]
,,,,,
,,0.015506,0.015508,  TDecCu::xDecodeCU <cycle 3>,[18]
[145],0.24,0.015506,0.015508,TDecSbac::parseSplitFlag,[145]
,,0.015508,0.0,  TDecBinCABAC::decodeBin,[42]
,,,,,
,,0.0,0.030968,  TComDataCU::fillMvpCand,[84]
[146],0.24,0.0,0.030968,TComDataCU::xAddMVPCandWithScaling,[146]
,,0.015495,0.0,  TComDataCU::xGetDistScaleFactor,[181]
,,0.015472,0.0,  std::_Deque_const_iterator<class std::_Deque_val<struct std::_Deque_simple_types<class TComSlice *> > >::operator+,[144]
,,,,,
,,0.030899,0.0,  TComInterpolationFilter::filterVer,[29]
[147],0.24,0.030899,0.0,"TComInterpolationFilter::filter<8,1,0,1>",[147]
,,,,,
,,0.030472,0.0,  TDecTop::xDecodeSlice,[7]
[148],0.24,0.030472,0.0,TComTrQuant::setErrScaleCoeff,[148]
,,,,,
,,0.030383,0.0,  byteStreamNALUnit,[37]
[149],0.24,0.030383,0.0,"std::vector<unsigned char,class std::allocator<unsigned char> >::emplace_back<unsigned char>",[149]
,,,,,
,,0.015611,0.0,  `eh vector constructor iterator',[130]
[150],0.12,0.015611,0.0,TComCUMvField::TComCUMvField,[150]
,,,,,
,,0.0,0.015611,  TComPicSym::create,[48]
[151],0.12,0.0,0.015611,TComDataCU::TComDataCU,[151]
,,0.0,0.015611,  `eh vector constructor iterator',[130]
,,,,,
,,0.015608,0.0,  read_nolock,[156]
[152],0.12,0.015608,0.0,ReadFile,[152]
,,,,,
,,0.0,0.015608,  fgetc,[154]
[153],0.12,0.0,0.015608,common_refill_and_read_nolock<char>,[153]
,,0.0,0.015608,  read,[155]
,,,,,
,,0.0,0.015608,"  std::basic_istream<char,struct std::char_traits<char> >::get",[46]
[154],0.12,0.0,0.015608,fgetc,[154]
,,0.0,0.015608,  common_refill_and_read_nolock<char>,[153]
,,,,,
,,0.0,0.015608,  common_refill_and_read_nolock<char>,[153]
[155],0.12,0.0,0.015608,read,[155]
,,0.0,0.015608,  read_nolock,[156]
,,,,,
,,0.0,0.015608,  read,[155]
[156],0.12,0.0,0.015608,read_nolock,[156]
,,0.015608,0.0,  ReadFile,[152]
,,,,,
,,0.015593,0.0,  TDecEntropy::decodePUWise,[44]
[157],0.12,0.015593,0.0,TDecSbac::parseMergeFlag,[157]
,,,,,
,,0.015589,0.0,  TComDataCU::getInterMergeCandidates,[86]
[158],0.12,0.015589,0.0,TComDataCU::deriveLeftRightTopIdxGeneral,[158]
,,,,,
,,0.015578,0.0,  TComTrQuant::invTransformNxN,[34]
[159],0.12,0.015578,0.0,TComTrQuant::xITransformSkip,[159]
,,,,,
,,0.015578,0.0,  TComDataCU::getInterMergeCandidates,[86]
[160],0.12,0.015578,0.0,TComDataCU::getPartPosition,[160]
,,,,,
,,0.015576,0.0,  `eh vector constructor iterator',[130]
[161],0.12,0.015576,0.0,SAOBlkParam::SAOBlkParam,[161]
,,,,,
,,0.015576,0.0,  TComLoopFilter::xEdgeFilterLuma,[59]
[162],0.12,0.015576,0.0,TComDataCU::getPULeft,[162]
,,,,,
,,0.015571,0.0,  TDecCu::xReconInter,[12]
[163],0.12,0.015571,0.0,TComYuv::copyPartToPartYuv,[163]
,,,,,
,,0.015569,0.0,  TComSlice::setRefPicList,[165]
[164],0.12,0.015569,0.0,TComPicYuv::extendPicBorder,[164]
,,,,,
,,0.0,0.015569,  TDecTop::xDecodeSlice,[7]
[165],0.12,0.0,0.015569,TComSlice::setRefPicList,[165]
,,0.015569,0.0,  TComPicYuv::extendPicBorder,[164]
,,,,,
,,0.015566,0.0,  TComLoopFilter::xGetBoundaryStrengthSingle,[77]
[166],0.12,0.015566,0.0,TComDataCU::getPUAbove,[166]
,,,,,
,,0.0,0.015563,  TComDataCU::create,[49]
[167],0.12,0.0,0.015563,TComCUMvField::create,[167]
,,0.0,0.015563,  operator new,[108]
,,,,,
,,0.015553,0.0,  TDecCu::xFinishDecodeCU,[169]
[168],0.12,0.015553,0.0,TComDataCU::isLastSubCUOfCtu,[168]
,,,,,
,,0.0,0.015553,  TDecCu::xDecodeCU <cycle 3>,[18]
[169],0.12,0.0,0.015553,TDecCu::xFinishDecodeCU,[169]
,,0.015553,0.0,  TComDataCU::isLastSubCUOfCtu,[168]
,,,,,
,,0.015549,0.0,  TComDataCU::fillMvpCand,[84]
[170],0.12,0.015549,0.0,TComDataCU::getPartIndexAndSize,[170]
,,,,,
,,0.015544,0.0,  TDecSbac::parseCoeffNxN,[24]
[171],0.12,0.015544,0.0,TComTU::getGolombRiceStatisticsIndex,[171]
,,,,,
,,0.015542,0.0,  TDecSbac::parseSkipFlag,[126]
[172],0.12,0.015542,0.0,TComDataCU::setSubPart<bool>,[172]
,,,,,
,,0.015542,0.0,  TDecSbac::parseCoeffNxN,[24]
[173],0.12,0.015542,0.0,_security_check_cookie,[173]
,,,,,
,,0.0,0.015541,  TDecCu::xIntraRecBlk,[91]
[174],0.12,0.0,0.015541,TComPrediction::predIntraAng,[174]
,,0.015541,0.0,  TComPrediction::xPredIntraAng,[175]
,,,,,
,,0.015541,0.0,  TComPrediction::predIntraAng,[174]
[175],0.12,0.015541,0.0,TComPrediction::xPredIntraAng,[175]
,,,,,
,,0.015539,0.0,  TComTrQuant::xIT,[55]
[176],0.12,0.015539,0.0,_chkstk,[176]
,,,,,
,,0.015531,0.0,  TDecEntropy::xDecodeTransform <cycle 4>,[21]
[177],0.12,0.015531,0.0,TDecSbac::parseCrossComponentPrediction,[177]
,,,,,
,,0.015523,0.0,  TComTrQuant::invRecurTransformNxN <cycle 5>,[32]
[178],0.12,0.015523,0.0,QpParam::QpParam,[178]
,,,,,
,,0.015513,0.0,  TDecEntropy::decodePUWise,[44]
[179],0.12,0.015513,0.0,TComDataCU::copyInterPredInfoFrom,[179]
,,,,,
,,0.015509,0.0,  TComInterpolationFilter::filterHor,[20]
[180],0.12,0.015509,0.0,"TComInterpolationFilter::filter<8,0,1,1>",[180]
,,,,,
,,0.015495,0.0,  TComDataCU::xAddMVPCandWithScaling,[146]
[181],0.12,0.015495,0.0,TComDataCU::xGetDistScaleFactor,[181]
,,,,,
,,0.0,0.015491,  TDecSbac::parseCoeffNxN,[24]
[182],0.12,0.0,0.015491,TDecSbac::xReadCoefRemainExGolomb,[182]
,,0.015491,0.0,  TDecBinCABAC::decodeBinsEP,[114]
,,,,,
,,0.015467,0.0,  TDecSbac::parseMvd,[139]
[183],0.12,0.015467,0.0,TDecBinCABAC::decodeBinEP,[183]
,,,,,
,,0.015363,0.0,  TComDataCU::fillMvpCand,[84]
[184],0.12,0.015363,0.0,TComDataCU::xGetColMVP,[184]
,,,,,
,,0.0,0.015105,  <lambda_a31071773b9a94e445cbd5d04ef99106>::operator(),[93]
[185],0.12,0.0,0.015105,_acrt_stdio_begin_temporary_buffering_nolock,[185]
,,0.015105,0.0,  isatty,[186]
,,,,,
,,0.015105,0.0,  _acrt_stdio_begin_temporary_buffering_nolock,[185]
[186],0.12,0.015105,0.0,isatty,[186]
,,,,,
,,0.0,0.014973,  TComPicSym::destroy,[82]
[187],0.12,0.0,0.014973,TComDataCU::`scalar deleting destructor',[187]
,,0.0,0.014973,  free_base,[75]
,,,,,
,,0.014971,0.0,  _vcrt_FlsGetValue,[190]
[188],0.12,0.014971,0.0,FlsGetValue,[188]
,,,,,
,,0.0,0.014971,"  std::basic_ostream<char,struct std::char_traits<char> >::write",[65]
[189],0.12,0.0,0.014971,_uncaught_exception,[189]
,,0.0,0.014971,  _vcrt_getptd_noinit,[191]
,,,,,
,,0.0,0.014971,  _vcrt_getptd_noinit,[191]
[190],0.12,0.0,0.014971,_vcrt_FlsGetValue,[190]
,,0.014971,0.0,  FlsGetValue,[188]
,,,,,
,,0.0,0.014971,  _uncaught_exception,[189]
[191],0.12,0.0,0.014971,_vcrt_getptd_noinit,[191]
,,0.0,0.014971,  _vcrt_FlsGetValue,[190]
,,,,,
,,0.0,0.014964,  TDecGop::filterPicture,[19]
[192],0.12,0.0,0.014964,calcAndPrintHashStatus,[192]
,,0.0,0.014964,  printf,[96]
,,,,,


Index by function name

Index,Function
[93],<lambda_a31071773b9a94e445cbd5d04ef99106>::operator()
[1],BaseThreadInitThunk
[188],FlsGetValue
[43],InputByteStream::eofBeforeNBytes
[178],QpParam::QpParam
[152],ReadFile
[74],RtlFreeHeap
[2],RtlUserThreadStart
[161],SAOBlkParam::SAOBlkParam
[3],TAppDecTop::decode
[129],TAppDecTop::xFlushOutput
[39],TAppDecTop::xWriteOutput
[150],TComCUMvField::TComCUMvField
[110],TComCUMvField::compress
[167],TComCUMvField::create
[112],TComCUMvField::setAll<class TComMv>
[141],TComCUMvField::setAll<signed char>
[151],TComDataCU::TComDataCU
[187],TComDataCU::`scalar deleting destructor'
[179],TComDataCU::copyInterPredInfoFrom
[106],TComDataCU::copySubCU
[49],TComDataCU::create
[158],TComDataCU::deriveLeftRightTopIdxGeneral
[87],TComDataCU::destroy
[84],TComDataCU::fillMvpCand
[86],TComDataCU::getInterMergeCandidates
[166],TComDataCU::getPUAbove
[133],TComDataCU::getPUAboveRight
[140],TComDataCU::getPUBelowLeft
[162],TComDataCU::getPULeft
[170],TComDataCU::getPartIndexAndSize
[160],TComDataCU::getPartPosition
[125],TComDataCU::hasEqualMotion
[97],TComDataCU::initCtu
[168],TComDataCU::isLastSubCUOfCtu
[172],TComDataCU::setSubPart<bool>
[143],TComDataCU::setSubPart<signed char>
[136],TComDataCU::setSubPart<unsigned char>
[116],TComDataCU::xAddMVPCandUnscaled
[146],TComDataCU::xAddMVPCandWithScaling
[184],TComDataCU::xGetColMVP
[181],TComDataCU::xGetDistScaleFactor
[57],"TComInterpolationFilter::filter<4,0,1,0>"
[107],"TComInterpolationFilter::filter<4,1,0,0>"
[101],"TComInterpolationFilter::filter<4,1,1,0>"
[28],"TComInterpolationFilter::filter<8,0,1,0>"
[180],"TComInterpolationFilter::filter<8,0,1,1>"
[54],"TComInterpolationFilter::filter<8,1,0,0>"
[147],"TComInterpolationFilter::filter<8,1,0,1>"
[71],"TComInterpolationFilter::filter<8,1,1,0>"
[99],TComInterpolationFilter::filterCopy
[20],TComInterpolationFilter::filterHor
[29],TComInterpolationFilter::filterVer
[26],TComLoopFilter::loopFilterPic
[27],TComLoopFilter::xDeblockCU
[124],TComLoopFilter::xEdgeFilterChroma
[59],TComLoopFilter::xEdgeFilterLuma
[77],TComLoopFilter::xGetBoundaryStrengthSingle
[100],TComLoopFilter::xPelFilterLuma
[123],TComLoopFilter::xSetEdgefilterPU
[62],TComLoopFilter::xSetEdgefilterTU
[138],TComLoopFilter::xUseStrongFiltering
[111],TComPic::compressMotion
[47],TComPic::create
[72],TComPic::destroy
[127],TComPic::getPOC
[48],TComPicSym::create
[82],TComPicSym::destroy
[66],TComPicYuv::copyToPic
[102],TComPicYuv::destroy
[164],TComPicYuv::extendPicBorder
[117],TComPrediction::initIntraPatternChType
[13],TComPrediction::motionCompensation
[174],TComPrediction::predIntraAng
[128],TComPrediction::xCheckIdenticalMotion
[14],TComPrediction::xPredInterBi
[16],TComPrediction::xPredInterBlk
[15],TComPrediction::xPredInterUni
[175],TComPrediction::xPredIntraAng
[121],TComSampleAdaptiveOffset::create
[58],TComSampleAdaptiveOffset::offsetBlock
[56],TComSampleAdaptiveOffset::offsetCTU
[165],TComSlice::setRefPicList
[118],TComTU::TComTU
[135],TComTU::TComTU
[171],TComTU::getGolombRiceStatisticsIndex
[113],TComTURecurse::nextSection
[83],TComTrQuant::getSigCtxInc
[32],TComTrQuant::invRecurTransformNxN
[34],TComTrQuant::invTransformNxN
[148],TComTrQuant::setErrScaleCoeff
[70],TComTrQuant::xDeQuant
[55],TComTrQuant::xIT
[159],TComTrQuant::xITransformSkip
[36],TComYuv::addAvg
[81],TComYuv::addClip
[119],TComYuv::clear
[163],TComYuv::copyPartToPartYuv
[92],TComYuv::copyToPicComponent
[131],TComYuv::getAddr
[115],TComYuv::getAddr
[42],TDecBinCABAC::decodeBin
[183],TDecBinCABAC::decodeBinEP
[114],TDecBinCABAC::decodeBinsEP
[90],TDecCu::xCopyToPic
[18],TDecCu::xDecodeCU
[30],TDecCu::xDecodeInterTexture
[11],TDecCu::xDecompressCU
[169],TDecCu::xFinishDecodeCU
[91],TDecCu::xIntraRecBlk
[89],TDecCu::xIntraRecQT
[12],TDecCu::xReconInter
[85],TDecCu::xReconIntraQT
[23],TDecEntropy::decodeCoeff
[79],TDecEntropy::decodeMVPIdxPU
[44],TDecEntropy::decodePUWise
[45],TDecEntropy::decodePredInfo
[21],TDecEntropy::xDecodeTransform
[8],TDecGop::decompressSlice
[19],TDecGop::filterPicture
[24],TDecSbac::parseCoeffNxN
[177],TDecSbac::parseCrossComponentPrediction
[98],TDecSbac::parseLastSignificantXY
[157],TDecSbac::parseMergeFlag
[139],TDecSbac::parseMvd
[134],TDecSbac::parsePartSize
[109],TDecSbac::parseQtCbf
[126],TDecSbac::parseSkipFlag
[145],TDecSbac::parseSplitFlag
[137],TDecSbac::parseTransformSkipFlags
[182],TDecSbac::xReadCoefRemainExGolomb
[9],TDecSlice::decompressSlice
[6],TDecTop::decode
[33],TDecTop::xActivateParameterSets
[7],TDecTop::xDecodeSlice
[35],TDecTop::xGetNewPicBuffer
[40],TVideoIOYuv::write
[53],WriteFile
[94],"__crt_seh_guarded_call<int>::operator()<class <lambda_a62c933ada0517137acf5807a1eeac1f>,class <lambda_a31071773b9a94e445cbd5d04ef99106> &,class <lambda_56065050dbf3ada7e59a83db45153de3> >"
[185],_acrt_stdio_begin_temporary_buffering_nolock
[103],_acrt_stdio_end_temporary_buffering_nolock
[67],_acrt_stdio_flush_and_write_narrow_nolock
[104],_acrt_stdio_flush_nolock
[176],_chkstk
[4],_scrt_common_main_seh
[173],_security_check_cookie
[95],_stdio_common_vfprintf
[189],_uncaught_exception
[190],_vcrt_FlsGetValue
[191],_vcrt_getptd_noinit
[130],`eh vector constructor iterator'
[73],aligned_free
[76],aligned_offset_malloc_base
[37],byteStreamNALUnit
[38],byteStreamNALUnit
[192],calcAndPrintHashStatus
[153],common_refill_and_read_nolock<char>
[154],fgetc
[132],fillReferenceSamples
[68],fputc
[75],free_base
[63],func@0x18003b880
[186],isatty
[5],main
[64],malloc_base
[52],memcpy
[80],memset
[108],operator new
[120],partialButterflyInverse16
[122],partialButterflyInverse32
[142],partialButterflyInverse4
[78],partialButterflyInverse8
[96],printf
[155],read
[156],read_nolock
[144],std::_Deque_const_iterator<class std::_Deque_val<struct std::_Deque_simple_types<class TComSlice *> > >::operator+
[46],"std::basic_istream<char,struct std::char_traits<char> >::get"
[65],"std::basic_ostream<char,struct std::char_traits<char> >::write"
[149],"std::vector<unsigned char,class std::allocator<unsigned char> >::emplace_back<unsigned char>"
[50],write
[41],writePlane
[69],write_buffer_nolock<char>
[51],write_nolock
[105],write_text_ansi_nolock
[60],xITrMxN
[25],<cycle 1>
[61],<cycle 2>
[17],<cycle 3>
[22],<cycle 4>
[31],<cycle 5>
[88],<cycle 6>
[10],<cycle 7>
