Index,% CPU Time:Total,CPU Time:Self,CPU Time:Children,Name,Index
,,0.0,313.696841,  RtlUserThreadStart,[2]
[1],100.0,0.0,313.696841,BaseThreadInitThunk,[1]
,,0.0,313.696841,  _scrt_common_main_seh,[4]
,,,,,
,,,,  <spontaneous>,
[2],100.0,0.0,313.696841,RtlUserThreadStart,[2]
,,0.0,313.696841,  BaseThreadInitThunk,[1]
,,,,,
,,0.0,313.696841,  main,[5]
[3],100.0,0.0,313.696841,TAppEncTop::encode,[3]
,,0.0,0.015575,  TComPic::destroy,[201]
,,0.0,313.463511,  TEncTop::encode,[6]
,,0.0,0.217756,  TVideoIOYuv::read,[137]
,,,,,
,,0.0,313.696841,  BaseThreadInitThunk,[1]
[4],100.0,0.0,313.696841,_scrt_common_main_seh,[4]
,,0.0,313.696841,  main,[5]
,,,,,
,,0.0,313.696841,  _scrt_common_main_seh,[4]
[5],100.0,0.0,313.696841,main,[5]
,,0.0,313.696841,  TAppEncTop::encode,[3]
,,,,,
,,0.0,313.463511,  TAppEncTop::encode,[3]
[6],99.93,0.0,313.463511,TEncTop::encode,[6]
,,0.0,0.109022,  TComPicYuv::copyToPic,[148]
,,0.0,313.338848,  TEncGOP::compressGOP,[7]
,,0.0,0.015641,  TEncTop::xGetNewPicBuffer,[187]
,,,,,
,,0.0,313.338848,  TEncTop::encode,[6]
[7],99.89,0.0,313.338848,TEncGOP::compressGOP,[7]
,,0.0,0.581410,  TComLoopFilter::loopFilterPic,[112]
,,0.0,0.046663,  TComPic::compressMotion,[167]
,,0.0,0.015574,  TComPicYuv::copyToPic,[148]
,,0.0,0.031125,  TEncGOP::xCalculateAddPSNRs,[177]
,,0.0,1.447369,  TEncSampleAdaptiveOffset::SAOProcess,[82]
,,0.0,310.952200,  TEncSlice::compressSlice,[8]
,,0.0,0.248927,  TEncSlice::encodeSlice,[133]
,,0.0,0.015580,  fflush,[195]
,,,,,
,,0.0,310.952200,  TEncGOP::compressGOP,[7]
[8],99.13,0.0,310.952200,TEncSlice::compressSlice,[8]
,,0.015544,0.062032,  TComDataCU::initCtu,[146]
,,0.0,310.719332,  TEncCu::compressCtu,[9]
,,0.0,0.155291,  TEncCu::xEncodeCU <cycle 1>,[123]
,,,,,
,,0.0,310.719332,  TEncSlice::compressSlice,[8]
[9],99.05,0.0,310.719332,TEncCu::compressCtu,[9]
,,0.325865,310.315848,  TEncCu::xCompressCU <cycle 11>,[11]
,,0.0,0.062084,  TComDataCU::initCtu,[146]
,,0.0,0.015535,  [Unknown stack frame(s)],[168]
,,,,,
,,0.325865,310.315848,  TEncCu::compressCtu,[9]
[10],99.03,0.325865,310.315848,<cycle 11 as a whole>,[10]
,,0.325865,310.315848,  TEncCu::xCompressCU <cycle 11>,[11]
,,,,,
,,,,  TEncCu::xCompressCU <cycle 11>,[11]
,,0.325865,310.315848,  TEncCu::compressCtu,[9]
[11],99.03,0.325865,310.315848,TEncCu::xCompressCU <cycle 11>,[11]
,,1.319703,0.512640,  TComDataCU::initEstData,[69]
,,0.465668,0.294866,  TComDataCU::initSubCU,[102]
,,0.356987,304.168428,  TEncCu::xCheckRDCostIntra,[12]
,,0.294918,0.0,  memcpy,[28]
,,0.279467,0.450108,  TComDataCU::copyPartFrom,[104]
,,0.108644,0.450058,  TEncCu::xCopyYuv2Tmp,[113]
,,0.093210,0.124372,  TComYuv::copyFromPicComponent,[138]
,,0.093062,0.667326,  TComDataCU::copyToPic,[103]
,,0.062104,0.0,  TEncBinCABAC::copyState,[66]
,,0.062069,0.263880,  TEncCu::xCopyYuv2Pic,[129]
,,0.046521,0.046583,  TEncSbac::codeSplitFlag,[158]
,,0.015535,0.0,  TEncCu::xComputeQP,[209]
,,0.015535,0.0,  std::_Deque_iterator<class std::_Deque_val<struct std::_Deque_simple_types<class TComSlice *> > >::operator+,[210]
,,0.015503,0.0,  TEncSbac::getNumberOfWrittenBits,[120]
,,0.0,0.062058,  TComYuv::copyToPicYuv,[131]
,,0.0,0.015504,  TEncBinCABACCounter::getNumWrittenBits,[84]
,,,,  TEncCu::xCompressCU <cycle 11>,[11]
,,0.0,0.031098,  [Unknown stack frame(s)],[168]
,,,,,
,,0.356987,304.168428,  TEncCu::xCompressCU <cycle 11>,[11]
[12],97.08,0.356987,304.168428,TEncCu::xCheckRDCostIntra,[12]
,,3.586120,250.041421,  TEncSearch::estIntraPredLumaQT,[13]
,,0.527764,48.119922,  TEncSearch::estIntraPredChromaQT,[20]
,,0.403672,0.744880,  TEncEntropy::xEncodeTransform <cycle 2>,[79]
,,0.232747,0.0,  memcpy,[28]
,,0.046476,0.0,  TComTU::TComTU,[147]
,,0.015566,0.0,  TEncBinCABAC::copyState,[66]
,,0.015537,0.0,  _chkstk,[75]
,,0.015529,0.015488,  TEncSbac::resetBits,[93]
,,0.015510,0.356888,  TEncEntropy::encodePredInfo,[124]
,,0.015468,0.0,  TEncSbac::getNumberOfWrittenBits,[120]
,,0.0,0.015442,  TEncSbac::codePartSize,[135]
,,,,,
,,3.586120,250.041421,  TEncCu::xCheckRDCostIntra,[12]
[13],80.85,3.586120,250.041421,TEncSearch::estIntraPredLumaQT,[13]
,,5.463431,165.735883,  TEncSearch::xRecurIntraCodingLumaQT <cycle 10>,[15]
,,2.590652,29.992889,  TComRdCost::xGetHADs,[24]
,,2.561611,0.0,  memcpy,[28]
,,1.831368,8.126117,  TEncSearch::xModeBitsIntra,[34]
,,1.745613,25.902095,  TComPrediction::predIntraAng,[23]
,,1.475105,0.0,  TEncSearch::xUpdateCandList,[80]
,,0.729598,0.931071,  TComPrediction::initIntraPatternChType,[30]
,,0.480730,0.636398,  TEncBinCABACCounter::getNumWrittenBits,[84]
,,0.224646,0.0,  memset,[31]
,,0.170821,0.0,  TEncSbac::getNumberOfWrittenBits,[120]
,,0.139787,0.139618,  TEncBinCABAC::copyState,[66]
,,0.139649,0.0,  TComTU::TComTU,[81]
,,0.124116,0.683061,  TEncSearch::xSetIntraResultLumaQT <cycle 9>,[98]
,,0.077586,0.0,  TComDataCU::getIntraDirPredictor,[51]
,,0.077489,0.0,  TComTURecurse::nextSection,[64]
,,0.046586,0.0,  TComTU::TComTU,[147]
,,0.015498,0.0,  TComYuv::getStride,[211]
,,,,,
,,4.796647,32.683238,  TEncSearch::xRecurIntraChromaCodingQT <cycle 7>,[22]
,,17.988898,122.002534,  TEncSearch::xRecurIntraCodingLumaQT <cycle 10>,[15]
[14],56.57,22.785545,154.685772,TEncSearch::xIntraCodingTUBlock,[14]
,,4.230093,11.648128,  TComPrediction::initIntraPatternChType,[30]
,,3.958005,0.0,  TComYuv::getAddr,[46]
,,2.560674,0.0,  memset,[31]
,,2.405820,88.065726,  TComTrQuant::transformNxN,[17]
,,2.220427,0.0,  QpParam::QpParam,[62]
,,1.117787,7.829735,  TComPrediction::predIntraAng,[23]
,,1.071230,3.972916,  TComRdCost::getDistPart,[45]
,,0.620850,12.510284,  TEncSbac::estBit,[32]
,,0.357161,0.0,  TComPrediction::filteringIntraReferenceSamples,[127]
,,0.170876,11.946061,  TComTrQuant::invTransformNxN,[33]
,,,,,
,,,,  TEncSearch::xRecurIntraCodingLumaQT <cycle 10>,[15]
,,5.463431,165.735883,  TEncSearch::estIntraPredLumaQT,[13]
[15],54.57,5.463431,165.735883,TEncSearch::xRecurIntraCodingLumaQT <cycle 10>,[15]
,,17.988898,122.002534,  TEncSearch::xIntraCodingTUBlock,[14]
,,7.240499,0.0,  memcpy,[28]
,,1.117803,1.490320,  TEncSearch::xLoadIntraResultQT,[61]
,,1.009179,1.366130,  TEncSearch::xEncSubdivCbfQT <cycle 6>,[48]
,,0.713653,5.231606,  TEncSearch::xEncCoeffQT <cycle 8>,[38]
,,0.651931,0.093132,  TEncBinCABAC::copyState,[66]
,,0.496560,2.344108,  TEncSearch::xEncIntraHeader,[58]
,,0.387976,0.0,  memset,[31]
,,0.372681,0.232785,  TEncSbac::resetBits,[93]
,,0.325935,0.0,  TComTURecurse::nextSection,[64]
,,0.263683,1.397109,  TEncSearch::xStoreIntraResultQT,[77]
,,0.248459,0.0,  TComDataCU::getQuadtreeTULog2MinSizeInCU,[108]
,,0.186417,0.077547,  TEncBinCABACCounter::getNumWrittenBits,[84]
,,0.170795,0.0,  TEncSbac::getNumberOfWrittenBits,[120]
,,0.155330,0.0,  TComBitCounter::resetBits,[116]
,,0.093158,0.0,  TComTU::TComTU,[81]
,,0.062163,0.0,  _chkstk,[75]
,,0.015489,0.0,  _security_check_cookie,[74]
,,,,  TEncSearch::xRecurIntraCodingLumaQT <cycle 10>,[15]
,,,,,
,,5.463431,165.735883,  TEncSearch::estIntraPredLumaQT,[13]
[16],54.57,5.463431,165.735883,<cycle 10 as a whole>,[16]
,,5.463431,165.735883,  TEncSearch::xRecurIntraCodingLumaQT <cycle 10>,[15]
,,,,,
,,2.405820,88.065726,  TEncSearch::xIntraCodingTUBlock,[14]
[17],28.84,2.405820,88.065726,TComTrQuant::transformNxN,[17]
,,2.343713,19.556408,  TComTrQuant::xT,[27]
,,1.412841,61.710298,  TComTrQuant::xQuant,[18]
,,1.257237,0.0,  TComTrQuant::xTransformSkip,[87]
,,1.179827,0.605402,  TComTrQuant::rdpcmNxN,[71]
,,,,,
,,1.412841,61.710298,  TComTrQuant::transformNxN,[17]
[18],20.12,1.412841,61.710298,TComTrQuant::xQuant,[18]
,,43.558789,17.856718,  TComTrQuant::xRateDistOptQuant,[19]
,,0.217292,0.0,  _chkstk,[75]
,,0.077499,0.0,  _security_check_cookie,[74]
,,,,,
,,43.558789,17.856718,  TComTrQuant::xQuant,[18]
[19],19.58,43.558789,17.856718,TComTrQuant::xRateDistOptQuant,[19]
,,9.344116,0.0,  memset,[31]
,,2.497522,0.233014,  TComTrQuant::xGetCodedLevel,[60]
,,1.676529,1.249234,  getTUEntropyCodingParameters,[55]
,,1.179673,0.0,  TComTrQuant::getSigCtxInc,[73]
,,0.729498,0.0,  TComTrQuant::xGetICRate,[95]
,,0.372643,0.0,  _chkstk,[75]
,,0.357154,0.0,  TComTU::getGolombRiceStatisticsIndex,[128]
,,0.217335,0.0,  _security_check_cookie,[74]
,,,,,
,,0.527764,48.119922,  TEncCu::xCheckRDCostIntra,[12]
[20],15.51,0.527764,48.119922,TEncSearch::estIntraPredChromaQT,[20]
,,1.598571,39.668303,  TEncSearch::xRecurIntraChromaCodingQT <cycle 7>,[22]
,,1.272763,0.0,  memcpy,[28]
,,0.869031,0.745045,  TEncSearch::xEncSubdivCbfQT <cycle 6>,[48]
,,0.690300,1.568190,  TEncSearch::xEncCoeffQT <cycle 8>,[38]
,,0.279699,0.915839,  TEncSearch::xSetIntraResultChromaQT <cycle 5>,[90]
,,0.062149,0.0,  TEncSbac::getNumberOfWrittenBits,[120]
,,0.062100,0.015495,  TEncBinCABAC::copyState,[66]
,,0.046628,0.139628,  TEncSearch::xEncIntraHeader,[58]
,,0.046554,0.0,  TComTU::TComTU,[147]
,,0.031066,0.0,  memset,[31]
,,0.031019,0.0,  TComTU::TComTU,[81]
,,0.031016,0.031009,  TEncSbac::resetBits,[93]
,,0.015516,0.0,  TComBitCounter::resetBits,[116]
,,,,,
,,1.598571,39.668303,  TEncSearch::estIntraPredChromaQT,[20]
[21],13.16,1.598571,39.668303,<cycle 7 as a whole>,[21]
,,1.598571,39.668303,  TEncSearch::xRecurIntraChromaCodingQT <cycle 7>,[22]
,,,,,
,,,,  TEncSearch::xRecurIntraChromaCodingQT <cycle 7>,[22]
,,1.598571,39.668303,  TEncSearch::estIntraPredChromaQT,[20]
[22],13.16,1.598571,39.668303,TEncSearch::xRecurIntraChromaCodingQT <cycle 7>,[22]
,,4.796647,32.683238,  TEncSearch::xIntraCodingTUBlock,[14]
,,1.101968,0.0,  memcpy,[28]
,,0.480934,0.0,  TComTU::TComTU,[81]
,,0.295054,0.0,  TComTURecurse::nextSection,[64]
,,0.170694,0.0,  memset,[31]
,,0.093231,0.015523,  TEncBinCABAC::copyState,[66]
,,0.031014,0.0,  _security_check_cookie,[74]
,,,,  TEncSearch::xRecurIntraChromaCodingQT <cycle 7>,[22]
,,,,,
,,1.117787,7.829735,  TEncSearch::xIntraCodingTUBlock,[14]
,,1.745613,25.902095,  TEncSearch::estIntraPredLumaQT,[13]
[23],11.67,2.863400,33.731830,TComPrediction::predIntraAng,[23]
,,29.447985,1.924302,  TComPrediction::xPredIntraAng,[25]
,,2.095687,0.031050,  TComPrediction::xPredIntraPlanar,[65]
,,0.232807,0.0,  TComPrediction::xDCPredFiltering,[134]
,,,,,
,,2.590652,29.992889,  TEncSearch::estIntraPredLumaQT,[13]
[24],10.39,2.590652,29.992889,TComRdCost::xGetHADs,[24]
,,24.793902,0.093065,  TComRdCost::xCalcHADs8x8,[26]
,,4.997261,0.108661,  TComRdCost::xCalcHADs4x4,[44]
,,,,,
,,29.447985,1.924302,  TComPrediction::predIntraAng,[23]
[25],10.0,29.447985,1.924302,TComPrediction::xPredIntraAng,[25]
,,0.806912,0.0,  memcpy,[28]
,,0.465456,0.0,  _chkstk,[75]
,,0.372566,0.0,  TComPrediction::predIntraGetPredValDC,[125]
,,0.279368,0.0,  _security_check_cookie,[74]
,,,,,
,,24.793902,0.093065,  TComRdCost::xGetHADs,[24]
[26],7.93,24.793902,0.093065,TComRdCost::xCalcHADs8x8,[26]
,,0.093065,0.0,  _security_check_cookie,[74]
,,,,,
,,2.343713,19.556408,  TComTrQuant::transformNxN,[17]
[27],6.98,2.343713,19.556408,TComTrQuant::xT,[27]
,,0.729360,0.0,  memcpy,[28]
,,0.589575,18.051208,  xTrMxN,[29]
,,0.124243,0.0,  _chkstk,[75]
,,0.062022,0.0,  _security_check_cookie,[74]
,,,,,
,,0.031168,0.0,  TEncSampleAdaptiveOffset::deriveModeNewRDO,[151]
,,0.031187,0.0,  copyPlane,[172]
,,0.062212,0.0,  TComTrQuant::xIT,[36]
,,0.108527,0.0,  TComYuv::copyToPartComponent,[119]
,,0.124372,0.0,  TComYuv::copyFromPicComponent,[138]
,,0.124596,0.0,  TComPicYuv::copyToPic,[148]
,,0.139731,0.0,  TComYuv::copyToPicComponent,[130]
,,0.232747,0.0,  TEncCu::xCheckRDCostIntra,[12]
,,0.294918,0.0,  TEncCu::xCompressCU <cycle 11>,[11]
,,0.388010,0.0,  TEncSearch::xStoreIntraResultQT,[77]
,,0.403442,0.0,  TEncSearch::xModeBitsIntra,[34]
,,0.450108,0.0,  TComDataCU::copyPartFrom,[104]
,,0.481168,0.0,  TEncSearch::xSetIntraResultChromaQT <cycle 5>,[90]
,,0.512036,0.0,  TEncSearch::xLoadIntraResultQT,[61]
,,0.512314,0.0,  TEncSearch::xSetIntraResultLumaQT <cycle 9>,[98]
,,0.543724,0.0,  TComYuv::copyPartToPartComponent,[68]
,,0.667326,0.0,  TComDataCU::copyToPic,[103]
,,0.729360,0.0,  TComTrQuant::xT,[27]
,,0.806912,0.0,  TComPrediction::xPredIntraAng,[25]
,,1.101968,0.0,  TEncSearch::xRecurIntraChromaCodingQT <cycle 7>,[22]
,,1.272763,0.0,  TEncSearch::estIntraPredChromaQT,[20]
,,2.561611,0.0,  TEncSearch::estIntraPredLumaQT,[13]
,,7.240499,0.0,  TEncSearch::xRecurIntraCodingLumaQT <cycle 10>,[15]
[28],6.0,18.820701,0.0,memcpy,[28]
,,,,,
,,0.589575,18.051208,  TComTrQuant::xT,[27]
[29],5.94,0.589575,18.051208,xTrMxN,[29]
,,5.758152,0.0,  partialButterfly32,[41]
,,4.175028,0.0,  fastForwardDst,[47]
,,3.430588,0.0,  partialButterfly16,[53]
,,3.290613,0.0,  partialButterfly8,[56]
,,1.179419,0.0,  partialButterfly4,[92]
,,0.139784,0.0,  _chkstk,[75]
,,0.077623,0.0,  _security_check_cookie,[74]
,,,,,
,,0.729598,0.931071,  TEncSearch::estIntraPredLumaQT,[13]
,,4.230093,11.648128,  TEncSearch::xIntraCodingTUBlock,[14]
[30],5.59,4.959691,12.579199,TComPrediction::initIntraPatternChType,[30]
,,7.333703,0.124151,  fillReferenceSamples,[40]
,,1.707220,0.093206,  TComDataCU::getPUAboveRight,[70]
,,1.070557,0.0,  isAboveAvailable,[94]
,,0.869137,0.031051,  TComDataCU::getPUBelowLeft,[96]
,,0.853527,0.0,  isLeftAvailable,[97]
,,0.357071,0.093031,  TComDataCU::getPUAboveLeft,[118]
,,0.046546,0.0,  _security_check_cookie,[74]
,,,,,
,,0.031066,0.0,  TEncSearch::estIntraPredChromaQT,[20]
,,0.031143,0.0,  TEncSampleAdaptiveOffset::getBlkStats,[85]
,,0.077674,0.0,  TEncSbac::codeCoeffNxN,[43]
,,0.124116,0.0,  TComDataCU::initCtu,[146]
,,0.170694,0.0,  TEncSearch::xRecurIntraChromaCodingQT <cycle 7>,[22]
,,0.170820,0.0,  TComTrQuant::rdpcmNxN,[71]
,,0.224646,0.0,  TEncSearch::estIntraPredLumaQT,[13]
,,0.294866,0.0,  TComDataCU::initSubCU,[102]
,,0.387976,0.0,  TEncSearch::xRecurIntraCodingLumaQT <cycle 10>,[15]
,,0.512640,0.0,  TComDataCU::initEstData,[69]
,,2.560674,0.0,  TEncSearch::xIntraCodingTUBlock,[14]
,,9.344116,0.0,  TComTrQuant::xRateDistOptQuant,[19]
[31],4.44,13.930432,0.0,memset,[31]
,,,,,
,,0.620850,12.510284,  TEncSearch::xIntraCodingTUBlock,[14]
[32],4.19,0.620850,12.510284,TEncSbac::estBit,[32]
,,3.616346,0.0,  TEncSbac::estSignificantMapBit,[52]
,,3.430512,0.0,  TEncSbac::estLastSignificantPositionBit,[54]
,,2.964589,0.0,  TEncSbac::estSignificantCoefficientsBit,[59]
,,1.707279,0.0,  TEncSbac::estCBFBit,[76]
,,0.791558,0.0,  TEncSbac::estSignificantCoeffGroupMapBit,[101]
,,,,,
,,0.170876,11.946061,  TEncSearch::xIntraCodingTUBlock,[14]
[33],3.86,0.170876,11.946061,TComTrQuant::invTransformNxN,[33]
,,3.213358,0.0,  TComTrQuant::xDeQuant,[57]
,,0.838074,7.708448,  TComTrQuant::xIT,[36]
,,0.155033,0.0,  TComTrQuant::invRdpcmNxN,[145]
,,0.031148,0.0,  TComTrQuant::xITransformSkip,[173]
,,,,,
,,0.031092,0.0,  [Unknown stack frame(s)],[168]
,,1.831368,8.126117,  TEncSearch::estIntraPredLumaQT,[13]
[34],3.18,1.862460,8.126117,TEncSearch::xModeBitsIntra,[34]
,,2.670139,3.562098,  TEncSbac::codeIntraDirLumaAng,[35]
,,0.434880,0.325911,  TEncBinCABAC::copyState,[66]
,,0.403442,0.0,  memcpy,[28]
,,0.341351,0.0,  TComBitCounter::resetBits,[116]
,,0.217404,0.170891,  TEncSbac::resetBits,[93]
,,,,,
,,0.108684,0.201529,  TEncEntropy::encodePredInfo,[124]
,,0.977781,1.149063,  TEncSearch::xEncIntraHeader,[58]
,,2.670139,3.562098,  TEncSearch::xModeBitsIntra,[34]
[35],2.76,3.756605,4.912691,TEncSbac::codeIntraDirLumaAng,[35]
,,3.779327,0.0,  TComDataCU::getIntraDirPredictor,[51]
,,0.729674,0.0,  TEncBinCABACCounter::encodeBin,[63]
,,0.186366,0.0,  TEncBinCABACCounter::encodeBinsEP,[132]
,,0.139651,0.0,  _security_check_cookie,[74]
,,0.077673,0.0,  TEncBinCABACCounter::encodeBinEP,[159]
,,,,,
,,0.838074,7.708448,  TComTrQuant::invTransformNxN,[33]
[36],2.72,0.838074,7.708448,TComTrQuant::xIT,[36]
,,0.093035,7.522261,  xITrMxN,[39]
,,0.062212,0.0,  memcpy,[28]
,,0.030939,0.0,  _chkstk,[75]
,,,,,
,,0.690300,1.568190,  TEncSearch::estIntraPredChromaQT,[20]
,,0.713653,5.231606,  TEncSearch::xRecurIntraCodingLumaQT <cycle 10>,[15]
[37],2.62,1.403954,6.799797,<cycle 8 as a whole>,[37]
,,1.403954,6.799797,  TEncSearch::xEncCoeffQT <cycle 8>,[38]
,,,,,
,,,,  TEncSearch::xEncCoeffQT <cycle 8>,[38]
,,0.690300,1.568190,  TEncSearch::estIntraPredChromaQT,[20]
,,0.713653,5.231606,  TEncSearch::xRecurIntraCodingLumaQT <cycle 10>,[15]
[38],2.62,1.403954,6.799797,TEncSearch::xEncCoeffQT <cycle 8>,[38]
,,0.761051,0.0,  TComTURecurse::nextSection,[64]
,,0.419165,5.107115,  TEncEntropy::encodeCoeffNxN,[42]
,,0.388335,0.0,  TComTU::TComTU,[81]
,,0.124131,0.0,  _security_check_cookie,[74]
,,,,  TEncSearch::xEncCoeffQT <cycle 8>,[38]
,,,,,
,,0.093035,7.522261,  TComTrQuant::xIT,[36]
[39],2.43,0.093035,7.522261,xITrMxN,[39]
,,3.957917,0.015499,  partialButterflyInverse32,[50]
,,1.778960,0.0,  partialButterflyInverse16,[72]
,,1.164440,0.015523,  partialButterflyInverse8,[91]
,,0.419137,0.0,  fastInverseDst,[121]
,,0.124175,0.0,  partialButterflyInverse4,[149]
,,0.031072,0.0,  _chkstk,[75]
,,0.015538,0.0,  _security_check_cookie,[74]
,,,,,
,,7.333703,0.124151,  TComPrediction::initIntraPatternChType,[30]
[40],2.38,7.333703,0.124151,fillReferenceSamples,[40]
,,0.124151,0.0,  _security_check_cookie,[74]
,,,,,
,,5.758152,0.0,  xTrMxN,[29]
[41],1.84,5.758152,0.0,partialButterfly32,[41]
,,,,,
,,0.419165,5.107115,  TEncSearch::xEncCoeffQT <cycle 8>,[38]
[42],1.76,0.419165,5.107115,TEncEntropy::encodeCoeffNxN,[42]
,,2.700959,2.344109,  TEncSbac::codeCoeffNxN,[43]
,,0.062046,0.0,  _security_check_cookie,[74]
,,,,,
,,0.201910,0.232893,  TEncEntropy::xEncodeTransform <cycle 2>,[79]
,,2.700959,2.344109,  TEncEntropy::encodeCoeffNxN,[42]
[43],1.75,2.902869,2.577002,TEncSbac::codeCoeffNxN,[43]
,,0.620655,0.0,  TEncBinCABACCounter::encodeBin,[63]
,,0.589798,0.0,  TComTrQuant::getSigCtxInc,[73]
,,0.326169,0.186438,  TEncSbac::codeLastSignificantXY,[115]
,,0.232798,0.186476,  getTUEntropyCodingParameters,[55]
,,0.124189,0.031002,  TEncSbac::xWriteCoefRemainExGolomb,[144]
,,0.093061,0.0,  TEncBinCABACCounter::encodeBinsEP,[132]
,,0.077674,0.0,  memset,[31]
,,0.031160,0.0,  TEncBinCABAC::encodeBin,[160]
,,0.015517,0.0,  _security_check_cookie,[74]
,,0.015514,0.046551,  TEncSbac::codeTransformSkipFlags,[161]
,,,,,
,,4.997261,0.108661,  TComRdCost::xGetHADs,[24]
[44],1.63,4.997261,0.108661,TComRdCost::xCalcHADs4x4,[44]
,,0.108661,0.0,  _security_check_cookie,[74]
,,,,,
,,1.071230,3.972916,  TEncSearch::xIntraCodingTUBlock,[14]
[45],1.61,1.071230,3.972916,TComRdCost::getDistPart,[45]
,,1.939699,0.0,  TComRdCost::xGetSSE4,[67]
,,0.791702,0.0,  TComRdCost::xGetSSE8,[100]
,,0.682930,0.0,  TComRdCost::xGetSSE32,[106]
,,0.558586,0.0,  TComRdCost::xGetSSE16,[114]
,,,,,
,,0.046568,0.0,  TEncSearch::xSetIntraResultLumaQT <cycle 9>,[98]
,,0.139675,0.0,  TEncSearch::xLoadIntraResultQT,[61]
,,0.201891,0.0,  TComYuv::copyToPartComponent,[119]
,,0.232929,0.0,  TEncSearch::xSetIntraResultChromaQT <cycle 5>,[90]
,,0.403901,0.0,  TComYuv::copyPartToPartComponent,[68]
,,3.958005,0.0,  TEncSearch::xIntraCodingTUBlock,[14]
[46],1.59,4.982969,0.0,TComYuv::getAddr,[46]
,,,,,
,,4.175028,0.0,  xTrMxN,[29]
[47],1.33,4.175028,0.0,fastForwardDst,[47]
,,,,,
,,,,  TEncSearch::xEncSubdivCbfQT <cycle 6>,[48]
,,0.869031,0.745045,  TEncSearch::estIntraPredChromaQT,[20]
,,1.009179,1.366130,  TEncSearch::xRecurIntraCodingLumaQT <cycle 10>,[15]
[48],1.27,1.878210,2.111175,TEncSearch::xEncSubdivCbfQT <cycle 6>,[48]
,,0.683438,0.356998,  TEncSbac::codeQtCbf,[88]
,,0.372304,0.0,  TComTURecurse::nextSection,[64]
,,0.294999,0.0,  TComDataCU::getQuadtreeTULog2MinSizeInCU,[108]
,,0.232775,0.0,  TComTU::TComTU,[81]
,,0.062086,0.0,  _security_check_cookie,[74]
,,0.062062,0.0,  TEncSbac::codeTransformSubdivFlag,[162]
,,0.046512,0.0,  TEncBinCABACCounter::encodeBin,[63]
,,,,  TEncSearch::xEncSubdivCbfQT <cycle 6>,[48]
,,,,,
,,0.869031,0.745045,  TEncSearch::estIntraPredChromaQT,[20]
,,1.009179,1.366130,  TEncSearch::xRecurIntraCodingLumaQT <cycle 10>,[15]
[49],1.27,1.878210,2.111175,<cycle 6 as a whole>,[49]
,,1.878210,2.111175,  TEncSearch::xEncSubdivCbfQT <cycle 6>,[48]
,,,,,
,,3.957917,0.015499,  xITrMxN,[39]
[50],1.27,3.957917,0.015499,partialButterflyInverse32,[50]
,,0.015499,0.0,  _security_check_cookie,[74]
,,,,,
,,0.077586,0.0,  TEncSearch::estIntraPredLumaQT,[13]
,,3.779327,0.0,  TEncSbac::codeIntraDirLumaAng,[35]
[51],1.23,3.856914,0.0,TComDataCU::getIntraDirPredictor,[51]
,,,,,
,,3.616346,0.0,  TEncSbac::estBit,[32]
[52],1.15,3.616346,0.0,TEncSbac::estSignificantMapBit,[52]
,,,,,
,,3.430588,0.0,  xTrMxN,[29]
[53],1.09,3.430588,0.0,partialButterfly16,[53]
,,,,,
,,3.430512,0.0,  TEncSbac::estBit,[32]
[54],1.09,3.430512,0.0,TEncSbac::estLastSignificantPositionBit,[54]
,,,,,
,,0.232798,0.186476,  TEncSbac::codeCoeffNxN,[43]
,,1.676529,1.249234,  TComTrQuant::xRateDistOptQuant,[19]
[55],1.07,1.909326,1.435710,getTUEntropyCodingParameters,[55]
,,1.435710,0.0,  TComDataCU::getCoefScanIdx,[83]
,,,,,
,,3.290613,0.0,  xTrMxN,[29]
[56],1.05,3.290613,0.0,partialButterfly8,[56]
,,,,,
,,3.213358,0.0,  TComTrQuant::invTransformNxN,[33]
[57],1.02,3.213358,0.0,TComTrQuant::xDeQuant,[57]
,,,,,
,,0.046628,0.139628,  TEncSearch::estIntraPredChromaQT,[20]
,,0.496560,2.344108,  TEncSearch::xRecurIntraCodingLumaQT <cycle 10>,[15]
[58],0.96,0.543187,2.483736,TEncSearch::xEncIntraHeader,[58]
,,0.977781,1.149063,  TEncSbac::codeIntraDirLumaAng,[35]
,,0.139720,0.077544,  TEncSbac::codePartSize,[135]
,,0.124094,0.015534,  TEncSbac::codeIntraDirChroma,[139]
,,,,,
,,2.964589,0.0,  TEncSbac::estBit,[32]
[59],0.95,2.964589,0.0,TEncSbac::estSignificantCoefficientsBit,[59]
,,,,,
,,2.497522,0.233014,  TComTrQuant::xRateDistOptQuant,[19]
[60],0.87,2.497522,0.233014,TComTrQuant::xGetCodedLevel,[60]
,,0.233014,0.0,  TComTrQuant::xGetICRate,[95]
,,,,,
,,1.117803,1.490320,  TEncSearch::xRecurIntraCodingLumaQT <cycle 10>,[15]
[61],0.83,1.117803,1.490320,TEncSearch::xLoadIntraResultQT,[61]
,,0.512036,0.0,  memcpy,[28]
,,0.232740,0.605869,  TComYuv::copyPartToPartComponent,[68]
,,0.139675,0.0,  TComYuv::getAddr,[46]
,,,,,
,,2.220427,0.0,  TEncSearch::xIntraCodingTUBlock,[14]
[62],0.71,2.220427,0.0,QpParam::QpParam,[62]
,,,,,
,,0.015553,0.0,  TEncEntropy::xEncodeTransform <cycle 2>,[79]
,,0.046512,0.0,  TEncSearch::xEncSubdivCbfQT <cycle 6>,[48]
,,0.046551,0.0,  TEncSbac::codeTransformSkipFlags,[161]
,,0.046607,0.0,  TEncSbac::codeIntraDirChroma,[139]
,,0.092986,0.0,  TEncSbac::codePartSize,[135]
,,0.186438,0.0,  TEncSbac::codeLastSignificantXY,[115]
,,0.403616,0.0,  TEncSbac::codeQtCbf,[88]
,,0.620655,0.0,  TEncSbac::codeCoeffNxN,[43]
,,0.729674,0.0,  TEncSbac::codeIntraDirLumaAng,[35]
[63],0.7,2.188593,0.0,TEncBinCABACCounter::encodeBin,[63]
,,,,,
,,0.007199,0.0,  TComLoopFilter::xSetEdgefilterTU <cycle 3>,[164]
,,0.015530,0.0,  TEncSearch::xSetIntraResultLumaQT <cycle 9>,[98]
,,0.077489,0.0,  TEncSearch::estIntraPredLumaQT,[13]
,,0.077612,0.0,  TEncSearch::xSetIntraResultChromaQT <cycle 5>,[90]
,,0.201702,0.0,  TEncEntropy::xEncodeTransform <cycle 2>,[79]
,,0.295054,0.0,  TEncSearch::xRecurIntraChromaCodingQT <cycle 7>,[22]
,,0.325935,0.0,  TEncSearch::xRecurIntraCodingLumaQT <cycle 10>,[15]
,,0.372304,0.0,  TEncSearch::xEncSubdivCbfQT <cycle 6>,[48]
,,0.761051,0.0,  TEncSearch::xEncCoeffQT <cycle 8>,[38]
[64],0.68,2.133877,0.0,TComTURecurse::nextSection,[64]
,,,,,
,,2.095687,0.031050,  TComPrediction::predIntraAng,[23]
[65],0.68,2.095687,0.031050,TComPrediction::xPredIntraPlanar,[65]
,,0.031050,0.0,  _security_check_cookie,[74]
,,,,,
,,0.015566,0.0,  TEncCu::xCheckRDCostIntra,[12]
,,0.062100,0.015495,  TEncSearch::estIntraPredChromaQT,[20]
,,0.062104,0.0,  TEncCu::xCompressCU <cycle 11>,[11]
,,0.093231,0.015523,  TEncSearch::xRecurIntraChromaCodingQT <cycle 7>,[22]
,,0.139787,0.139618,  TEncSearch::estIntraPredLumaQT,[13]
,,0.434880,0.325911,  TEncSearch::xModeBitsIntra,[34]
,,0.651931,0.093132,  TEncSearch::xRecurIntraCodingLumaQT <cycle 10>,[15]
[66],0.65,1.459600,0.589679,TEncBinCABAC::copyState,[66]
,,0.589679,0.0,  TEncBinCABAC::getTEncBinCABAC,[109]
,,,,,
,,1.939699,0.0,  TComRdCost::getDistPart,[45]
[67],0.62,1.939699,0.0,TComRdCost::xGetSSE4,[67]
,,,,,
,,0.232740,0.605869,  TEncSearch::xLoadIntraResultQT,[61]
,,0.248354,0.760745,  TEncSearch::xStoreIntraResultQT,[77]
[68],0.59,0.481094,1.366614,TComYuv::copyPartToPartComponent,[68]
,,0.543724,0.0,  memcpy,[28]
,,0.418988,0.0,  TComYuv::getAddr,[107]
,,0.403901,0.0,  TComYuv::getAddr,[46]
,,,,,
,,1.319703,0.512640,  TEncCu::xCompressCU <cycle 11>,[11]
[69],0.58,1.319703,0.512640,TComDataCU::initEstData,[69]
,,0.512640,0.0,  memset,[31]
,,,,,
,,1.707220,0.093206,  TComPrediction::initIntraPatternChType,[30]
[70],0.57,1.707220,0.093206,TComDataCU::getPUAboveRight,[70]
,,0.093206,0.0,  TComDataCU::CUIsFromSameSliceAndTile,[140]
,,,,,
,,1.179827,0.605402,  TComTrQuant::transformNxN,[17]
[71],0.57,1.179827,0.605402,TComTrQuant::rdpcmNxN,[71]
,,0.294913,0.0,  _chkstk,[75]
,,0.170820,0.0,  memset,[31]
,,0.139668,0.0,  _security_check_cookie,[74]
,,,,,
,,1.778960,0.0,  xITrMxN,[39]
[72],0.57,1.778960,0.0,partialButterflyInverse16,[72]
,,,,,
,,0.589798,0.0,  TEncSbac::codeCoeffNxN,[43]
,,1.179673,0.0,  TComTrQuant::xRateDistOptQuant,[19]
[73],0.56,1.769472,0.0,TComTrQuant::getSigCtxInc,[73]
,,,,,
,,0.015489,0.0,  TEncSearch::xRecurIntraCodingLumaQT <cycle 10>,[15]
,,0.015491,0.0,  TEncSearch::xSetIntraResultLumaQT <cycle 9>,[98]
,,0.015499,0.0,  partialButterflyInverse32,[50]
,,0.015517,0.0,  TEncSbac::codeCoeffNxN,[43]
,,0.015523,0.0,  partialButterflyInverse8,[91]
,,0.015538,0.0,  xITrMxN,[39]
,,0.031014,0.0,  TEncSearch::xRecurIntraChromaCodingQT <cycle 7>,[22]
,,0.031050,0.0,  TComPrediction::xPredIntraPlanar,[65]
,,0.046546,0.0,  TComPrediction::initIntraPatternChType,[30]
,,0.062022,0.0,  TComTrQuant::xT,[27]
,,0.062046,0.0,  TEncEntropy::encodeCoeffNxN,[42]
,,0.062086,0.0,  TEncSearch::xEncSubdivCbfQT <cycle 6>,[48]
,,0.077499,0.0,  TComTrQuant::xQuant,[18]
,,0.077623,0.0,  xTrMxN,[29]
,,0.093065,0.0,  TComRdCost::xCalcHADs8x8,[26]
,,0.108661,0.0,  TComRdCost::xCalcHADs4x4,[44]
,,0.124131,0.0,  TEncSearch::xEncCoeffQT <cycle 8>,[38]
,,0.124151,0.0,  fillReferenceSamples,[40]
,,0.139651,0.0,  TEncSbac::codeIntraDirLumaAng,[35]
,,0.139668,0.0,  TComTrQuant::rdpcmNxN,[71]
,,0.217335,0.0,  TComTrQuant::xRateDistOptQuant,[19]
,,0.279368,0.0,  TComPrediction::xPredIntraAng,[25]
[74],0.56,1.768974,0.0,_security_check_cookie,[74]
,,,,,
,,0.015537,0.0,  TEncCu::xCheckRDCostIntra,[12]
,,0.030939,0.0,  TComTrQuant::xIT,[36]
,,0.031072,0.0,  xITrMxN,[39]
,,0.062163,0.0,  TEncSearch::xRecurIntraCodingLumaQT <cycle 10>,[15]
,,0.124243,0.0,  TComTrQuant::xT,[27]
,,0.139784,0.0,  xTrMxN,[29]
,,0.217292,0.0,  TComTrQuant::xQuant,[18]
,,0.294913,0.0,  TComTrQuant::rdpcmNxN,[71]
,,0.372643,0.0,  TComTrQuant::xRateDistOptQuant,[19]
,,0.465456,0.0,  TComPrediction::xPredIntraAng,[25]
[75],0.56,1.754043,0.0,_chkstk,[75]
,,,,,
,,1.707279,0.0,  TEncSbac::estBit,[32]
[76],0.54,1.707279,0.0,TEncSbac::estCBFBit,[76]
,,,,,
,,0.263683,1.397109,  TEncSearch::xRecurIntraCodingLumaQT <cycle 10>,[15]
[77],0.53,0.263683,1.397109,TEncSearch::xStoreIntraResultQT,[77]
,,0.388010,0.0,  memcpy,[28]
,,0.248354,0.760745,  TComYuv::copyPartToPartComponent,[68]
,,,,,
,,0.077667,0.279942,  TEncEntropy::encodeCoeff,[126]
,,0.403672,0.744880,  TEncCu::xCheckRDCostIntra,[12]
[78],0.48,0.481339,1.024822,<cycle 2 as a whole>,[78]
,,0.481339,1.024822,  TEncEntropy::xEncodeTransform <cycle 2>,[79]
,,,,,
,,,,  TEncEntropy::xEncodeTransform <cycle 2>,[79]
,,0.077667,0.279942,  TEncEntropy::encodeCoeff,[126]
,,0.403672,0.744880,  TEncCu::xCheckRDCostIntra,[12]
[79],0.48,0.481339,1.024822,TEncEntropy::xEncodeTransform <cycle 2>,[79]
,,0.201910,0.232893,  TEncSbac::codeCoeffNxN,[43]
,,0.201702,0.0,  TComTURecurse::nextSection,[64]
,,0.093144,0.093357,  TEncSbac::codeQtCbf,[88]
,,0.093138,0.0,  TComTU::TComTU,[81]
,,0.062078,0.0,  TComDataCU::getQuadtreeTULog2MinSizeInCU,[108]
,,0.015553,0.0,  TEncBinCABACCounter::encodeBin,[63]
,,0.015548,0.0,  TEncSbac::codeCrossComponentPrediction,[206]
,,0.0,0.015498,  TEncBinCABAC::writeOut,[179]
,,,,  TEncEntropy::xEncodeTransform <cycle 2>,[79]
,,,,,
,,1.475105,0.0,  TEncSearch::estIntraPredLumaQT,[13]
[80],0.47,1.475105,0.0,TEncSearch::xUpdateCandList,[80]
,,,,,
,,0.031019,0.0,  TEncSearch::estIntraPredChromaQT,[20]
,,0.093138,0.0,  TEncEntropy::xEncodeTransform <cycle 2>,[79]
,,0.093158,0.0,  TEncSearch::xRecurIntraCodingLumaQT <cycle 10>,[15]
,,0.139649,0.0,  TEncSearch::estIntraPredLumaQT,[13]
,,0.232775,0.0,  TEncSearch::xEncSubdivCbfQT <cycle 6>,[48]
,,0.388335,0.0,  TEncSearch::xEncCoeffQT <cycle 8>,[38]
,,0.480934,0.0,  TEncSearch::xRecurIntraChromaCodingQT <cycle 7>,[22]
[81],0.47,1.459009,0.0,TComTU::TComTU,[81]
,,,,,
,,0.0,1.447369,  TEncGOP::compressGOP,[7]
[82],0.46,0.0,1.447369,TEncSampleAdaptiveOffset::SAOProcess,[82]
,,0.015542,0.0,  TComPicYuv::extendPicBorder,[207]
,,0.0,0.155846,  TEncSampleAdaptiveOffset::decideBlkParams,[143]
,,0.0,1.275982,  TEncSampleAdaptiveOffset::getStatistics,[86]
,,,,,
,,1.435710,0.0,  getTUEntropyCodingParameters,[55]
[83],0.46,1.435710,0.0,TComDataCU::getCoefScanIdx,[83]
,,,,,
,,0.0,0.015504,  TEncCu::xCompressCU <cycle 11>,[11]
,,0.186417,0.077547,  TEncSearch::xRecurIntraCodingLumaQT <cycle 10>,[15]
,,0.480730,0.636398,  TEncSearch::estIntraPredLumaQT,[13]
[84],0.45,0.667146,0.729450,TEncBinCABACCounter::getNumWrittenBits,[84]
,,0.729450,0.0,  TComBitCounter::getNumberOfWrittenBits,[105]
,,,,,
,,1.244839,0.031143,  TEncSampleAdaptiveOffset::getStatistics,[86]
[85],0.41,1.244839,0.031143,TEncSampleAdaptiveOffset::getBlkStats,[85]
,,0.031143,0.0,  memset,[31]
,,,,,
,,0.0,1.275982,  TEncSampleAdaptiveOffset::SAOProcess,[82]
[86],0.41,0.0,1.275982,TEncSampleAdaptiveOffset::getStatistics,[86]
,,1.244839,0.031143,  TEncSampleAdaptiveOffset::getBlkStats,[85]
,,,,,
,,1.257237,0.0,  TComTrQuant::transformNxN,[17]
[87],0.4,1.257237,0.0,TComTrQuant::xTransformSkip,[87]
,,,,,
,,0.093144,0.093357,  TEncEntropy::xEncodeTransform <cycle 2>,[79]
,,0.683438,0.356998,  TEncSearch::xEncSubdivCbfQT <cycle 6>,[48]
[88],0.39,0.776582,0.450355,TEncSbac::codeQtCbf,[88]
,,0.403616,0.0,  TEncBinCABACCounter::encodeBin,[63]
,,0.031147,0.0,  TEncBinCABAC::encodeBin,[160]
,,0.0,0.015591,  TEncBinCABAC::writeOut,[179]
,,,,,
,,0.279699,0.915839,  TEncSearch::estIntraPredChromaQT,[20]
[89],0.38,0.279699,0.915839,<cycle 5 as a whole>,[89]
,,0.279699,0.915839,  TEncSearch::xSetIntraResultChromaQT <cycle 5>,[90]
,,,,,
,,,,  TEncSearch::xSetIntraResultChromaQT <cycle 5>,[90]
,,0.279699,0.915839,  TEncSearch::estIntraPredChromaQT,[20]
[90],0.38,0.279699,0.915839,TEncSearch::xSetIntraResultChromaQT <cycle 5>,[90]
,,0.481168,0.0,  memcpy,[28]
,,0.232929,0.0,  TComYuv::getAddr,[46]
,,0.124130,0.0,  TComYuv::getAddr,[107]
,,0.077612,0.0,  TComTURecurse::nextSection,[64]
,,,,  TEncSearch::xSetIntraResultChromaQT <cycle 5>,[90]
,,,,,
,,1.164440,0.015523,  xITrMxN,[39]
[91],0.38,1.164440,0.015523,partialButterflyInverse8,[91]
,,0.015523,0.0,  _security_check_cookie,[74]
,,,,,
,,1.179419,0.0,  xTrMxN,[29]
[92],0.38,1.179419,0.0,partialButterfly4,[92]
,,,,,
,,0.015529,0.015488,  TEncCu::xCheckRDCostIntra,[12]
,,0.015541,0.0,  [Unknown stack frame(s)],[168]
,,0.031016,0.031009,  TEncSearch::estIntraPredChromaQT,[20]
,,0.217404,0.170891,  TEncSearch::xModeBitsIntra,[34]
,,0.372681,0.232785,  TEncSearch::xRecurIntraCodingLumaQT <cycle 10>,[15]
[93],0.35,0.652171,0.450173,TEncSbac::resetBits,[93]
,,0.450173,0.0,  TEncBinCABAC::resetBits,[117]
,,,,,
,,1.070557,0.0,  TComPrediction::initIntraPatternChType,[30]
[94],0.34,1.070557,0.0,isAboveAvailable,[94]
,,,,,
,,0.233014,0.0,  TComTrQuant::xGetCodedLevel,[60]
,,0.729498,0.0,  TComTrQuant::xRateDistOptQuant,[19]
[95],0.31,0.962512,0.0,TComTrQuant::xGetICRate,[95]
,,,,,
,,0.869137,0.031051,  TComPrediction::initIntraPatternChType,[30]
[96],0.29,0.869137,0.031051,TComDataCU::getPUBelowLeft,[96]
,,0.031051,0.0,  TComDataCU::CUIsFromSameSliceAndTile,[140]
,,,,,
,,0.853527,0.0,  TComPrediction::initIntraPatternChType,[30]
[97],0.27,0.853527,0.0,isLeftAvailable,[97]
,,,,,
,,,,  TEncSearch::xSetIntraResultLumaQT <cycle 9>,[98]
,,0.124116,0.683061,  TEncSearch::estIntraPredLumaQT,[13]
[98],0.26,0.124116,0.683061,TEncSearch::xSetIntraResultLumaQT <cycle 9>,[98]
,,0.512314,0.0,  memcpy,[28]
,,0.093158,0.0,  TComYuv::getAddr,[107]
,,0.046568,0.0,  TComYuv::getAddr,[46]
,,0.015530,0.0,  TComTURecurse::nextSection,[64]
,,0.015491,0.0,  _security_check_cookie,[74]
,,,,  TEncSearch::xSetIntraResultLumaQT <cycle 9>,[98]
,,,,,
,,0.124116,0.683061,  TEncSearch::estIntraPredLumaQT,[13]
[99],0.26,0.124116,0.683061,<cycle 9 as a whole>,[99]
,,0.124116,0.683061,  TEncSearch::xSetIntraResultLumaQT <cycle 9>,[98]
,,,,,
,,0.791702,0.0,  TComRdCost::getDistPart,[45]
[100],0.25,0.791702,0.0,TComRdCost::xGetSSE8,[100]
,,,,,
,,0.791558,0.0,  TEncSbac::estBit,[32]
[101],0.25,0.791558,0.0,TEncSbac::estSignificantCoeffGroupMapBit,[101]
,,,,,
,,0.465668,0.294866,  TEncCu::xCompressCU <cycle 11>,[11]
[102],0.24,0.465668,0.294866,TComDataCU::initSubCU,[102]
,,0.294866,0.0,  memset,[31]
,,,,,
,,0.093062,0.667326,  TEncCu::xCompressCU <cycle 11>,[11]
[103],0.24,0.093062,0.667326,TComDataCU::copyToPic,[103]
,,0.667326,0.0,  memcpy,[28]
,,,,,
,,0.279467,0.450108,  TEncCu::xCompressCU <cycle 11>,[11]
[104],0.23,0.279467,0.450108,TComDataCU::copyPartFrom,[104]
,,0.450108,0.0,  memcpy,[28]
,,,,,
,,0.729450,0.0,  TEncBinCABACCounter::getNumWrittenBits,[84]
[105],0.23,0.729450,0.0,TComBitCounter::getNumberOfWrittenBits,[105]
,,,,,
,,0.682930,0.0,  TComRdCost::getDistPart,[45]
[106],0.22,0.682930,0.0,TComRdCost::xGetSSE32,[106]
,,,,,
,,0.093158,0.0,  TEncSearch::xSetIntraResultLumaQT <cycle 9>,[98]
,,0.124130,0.0,  TEncSearch::xSetIntraResultChromaQT <cycle 5>,[90]
,,0.418988,0.0,  TComYuv::copyPartToPartComponent,[68]
[107],0.2,0.636276,0.0,TComYuv::getAddr,[107]
,,,,,
,,0.062078,0.0,  TEncEntropy::xEncodeTransform <cycle 2>,[79]
,,0.248459,0.0,  TEncSearch::xRecurIntraCodingLumaQT <cycle 10>,[15]
,,0.294999,0.0,  TEncSearch::xEncSubdivCbfQT <cycle 6>,[48]
[108],0.19,0.605536,0.0,TComDataCU::getQuadtreeTULog2MinSizeInCU,[108]
,,,,,
,,0.589679,0.0,  TEncBinCABAC::copyState,[66]
[109],0.19,0.589679,0.0,TEncBinCABAC::getTEncBinCABAC,[109]
,,,,,
,,,,  TComLoopFilter::xDeblockCU <cycle 4>,[110]
,,0.046583,0.534827,  TComLoopFilter::loopFilterPic,[112]
[110],0.19,0.046583,0.534827,TComLoopFilter::xDeblockCU <cycle 4>,[110]
,,0.170815,0.015524,  TComLoopFilter::xEdgeFilterChroma,[142]
,,0.093150,0.139507,  TComLoopFilter::xEdgeFilterLuma,[136]
,,0.046586,0.007199,  TComLoopFilter::xSetEdgefilterTU <cycle 3>,[164]
,,,,  TComLoopFilter::xDeblockCU <cycle 4>,[110]
,,0.0,0.031025,  TComLoopFilter::xGetBoundaryStrengthSingle,[181]
,,0.0,0.031021,  TComLoopFilter::xSetLoopfilterParam,[182]
,,,,,
,,0.046583,0.534827,  TComLoopFilter::loopFilterPic,[112]
[111],0.19,0.046583,0.534827,<cycle 4 as a whole>,[111]
,,0.046583,0.534827,  TComLoopFilter::xDeblockCU <cycle 4>,[110]
,,,,,
,,0.0,0.581410,  TEncGOP::compressGOP,[7]
[112],0.19,0.0,0.581410,TComLoopFilter::loopFilterPic,[112]
,,0.046583,0.534827,  TComLoopFilter::xDeblockCU <cycle 4>,[110]
,,,,,
,,0.108644,0.450058,  TEncCu::xCompressCU <cycle 11>,[11]
[113],0.18,0.108644,0.450058,TEncCu::xCopyYuv2Tmp,[113]
,,0.139640,0.310418,  TComYuv::copyToPartComponent,[119]
,,,,,
,,0.558586,0.0,  TComRdCost::getDistPart,[45]
[114],0.18,0.558586,0.0,TComRdCost::xGetSSE16,[114]
,,,,,
,,0.326169,0.186438,  TEncSbac::codeCoeffNxN,[43]
[115],0.16,0.326169,0.186438,TEncSbac::codeLastSignificantXY,[115]
,,0.186438,0.0,  TEncBinCABACCounter::encodeBin,[63]
,,,,,
,,0.015516,0.0,  TEncSearch::estIntraPredChromaQT,[20]
,,0.155330,0.0,  TEncSearch::xRecurIntraCodingLumaQT <cycle 10>,[15]
,,0.341351,0.0,  TEncSearch::xModeBitsIntra,[34]
[116],0.16,0.512197,0.0,TComBitCounter::resetBits,[116]
,,,,,
,,0.450173,0.0,  TEncSbac::resetBits,[93]
[117],0.14,0.450173,0.0,TEncBinCABAC::resetBits,[117]
,,,,,
,,0.357071,0.093031,  TComPrediction::initIntraPatternChType,[30]
[118],0.14,0.357071,0.093031,TComDataCU::getPUAboveLeft,[118]
,,0.093031,0.0,  TComDataCU::CUIsFromSameSliceAndTile,[140]
,,,,,
,,0.139640,0.310418,  TEncCu::xCopyYuv2Tmp,[113]
[119],0.14,0.139640,0.310418,TComYuv::copyToPartComponent,[119]
,,0.201891,0.0,  TComYuv::getAddr,[46]
,,0.108527,0.0,  memcpy,[28]
,,,,,
,,0.015468,0.0,  TEncCu::xCheckRDCostIntra,[12]
,,0.015503,0.0,  TEncCu::xCompressCU <cycle 11>,[11]
,,0.062149,0.0,  TEncSearch::estIntraPredChromaQT,[20]
,,0.170795,0.0,  TEncSearch::xRecurIntraCodingLumaQT <cycle 10>,[15]
,,0.170821,0.0,  TEncSearch::estIntraPredLumaQT,[13]
[120],0.14,0.434736,0.0,TEncSbac::getNumberOfWrittenBits,[120]
,,,,,
,,0.419137,0.0,  xITrMxN,[39]
[121],0.13,0.419137,0.0,fastInverseDst,[121]
,,,,,
,,0.0,0.155291,  TEncSlice::compressSlice,[8]
,,0.0,0.248927,  TEncSlice::encodeSlice,[133]
[122],0.13,0.0,0.404219,<cycle 1 as a whole>,[122]
,,0.0,0.404219,  TEncCu::xEncodeCU <cycle 1>,[123]
,,,,,
,,,,  TEncCu::xEncodeCU <cycle 1>,[123]
,,0.0,0.155291,  TEncSlice::compressSlice,[8]
,,0.0,0.248927,  TEncSlice::encodeSlice,[133]
[123],0.13,0.0,0.404219,TEncCu::xEncodeCU <cycle 1>,[123]
,,0.015542,0.0,  TEncCu::finishCU,[208]
,,,,  TEncCu::xEncodeCU <cycle 1>,[123]
,,0.0,0.357609,  TEncEntropy::encodeCoeff,[126]
,,0.0,0.031068,  TEncEntropy::encodePredInfo,[124]
,,,,,
,,0.0,0.031068,  TEncCu::xEncodeCU <cycle 1>,[123]
,,0.015510,0.356888,  TEncCu::xCheckRDCostIntra,[12]
[124],0.13,0.015510,0.387956,TEncEntropy::encodePredInfo,[124]
,,0.108684,0.201529,  TEncSbac::codeIntraDirLumaAng,[35]
,,0.046669,0.031073,  TEncSbac::codeIntraDirChroma,[139]
,,,,,
,,0.372566,0.0,  TComPrediction::xPredIntraAng,[25]
[125],0.12,0.372566,0.0,TComPrediction::predIntraGetPredValDC,[125]
,,,,,
,,0.0,0.357609,  TEncCu::xEncodeCU <cycle 1>,[123]
[126],0.11,0.0,0.357609,TEncEntropy::encodeCoeff,[126]
,,0.077667,0.279942,  TEncEntropy::xEncodeTransform <cycle 2>,[79]
,,,,,
,,0.357161,0.0,  TEncSearch::xIntraCodingTUBlock,[14]
[127],0.11,0.357161,0.0,TComPrediction::filteringIntraReferenceSamples,[127]
,,,,,
,,0.357154,0.0,  TComTrQuant::xRateDistOptQuant,[19]
[128],0.11,0.357154,0.0,TComTU::getGolombRiceStatisticsIndex,[128]
,,,,,
,,0.062069,0.263880,  TEncCu::xCompressCU <cycle 11>,[11]
[129],0.1,0.062069,0.263880,TEncCu::xCopyYuv2Pic,[129]
,,0.0,0.263880,  TComYuv::copyToPicYuv,[131]
,,,,,
,,0.186207,0.139731,  TComYuv::copyToPicYuv,[131]
[130],0.1,0.186207,0.139731,TComYuv::copyToPicComponent,[130]
,,0.139731,0.0,  memcpy,[28]
,,,,,
,,0.0,0.062058,  TEncCu::xCompressCU <cycle 11>,[11]
,,0.0,0.263880,  TEncCu::xCopyYuv2Pic,[129]
[131],0.1,0.0,0.325938,TComYuv::copyToPicYuv,[131]
,,0.186207,0.139731,  TComYuv::copyToPicComponent,[130]
,,,,,
,,0.031002,0.0,  TEncSbac::xWriteCoefRemainExGolomb,[144]
,,0.093061,0.0,  TEncSbac::codeCoeffNxN,[43]
,,0.186366,0.0,  TEncSbac::codeIntraDirLumaAng,[35]
[132],0.1,0.310430,0.0,TEncBinCABACCounter::encodeBinsEP,[132]
,,,,,
,,0.0,0.248927,  TEncGOP::compressGOP,[7]
[133],0.08,0.0,0.248927,TEncSlice::encodeSlice,[133]
,,0.0,0.248927,  TEncCu::xEncodeCU <cycle 1>,[123]
,,,,,
,,0.232807,0.0,  TComPrediction::predIntraAng,[23]
[134],0.07,0.232807,0.0,TComPrediction::xDCPredFiltering,[134]
,,,,,
,,0.0,0.015442,  TEncCu::xCheckRDCostIntra,[12]
,,0.139720,0.077544,  TEncSearch::xEncIntraHeader,[58]
[135],0.07,0.139720,0.092986,TEncSbac::codePartSize,[135]
,,0.092986,0.0,  TEncBinCABACCounter::encodeBin,[63]
,,,,,
,,0.093150,0.139507,  TComLoopFilter::xDeblockCU <cycle 4>,[110]
[136],0.07,0.093150,0.139507,TComLoopFilter::xEdgeFilterLuma,[136]
,,0.124043,0.0,  TComLoopFilter::xPelFilterLuma,[150]
,,0.015464,0.0,  TComLoopFilter::xUseStrongFiltering,[212]
,,,,,
,,0.0,0.217756,  TAppEncTop::encode,[3]
[137],0.07,0.0,0.217756,TVideoIOYuv::read,[137]
,,0.077731,0.108837,  readPlane,[141]
,,0.0,0.031187,  TVideoIOYuv::ColourSpaceConvert,[171]
,,,,,
,,0.093210,0.124372,  TEncCu::xCompressCU <cycle 11>,[11]
[138],0.07,0.093210,0.124372,TComYuv::copyFromPicComponent,[138]
,,0.124372,0.0,  memcpy,[28]
,,,,,
,,0.046669,0.031073,  TEncEntropy::encodePredInfo,[124]
,,0.124094,0.015534,  TEncSearch::xEncIntraHeader,[58]
[139],0.07,0.170763,0.046607,TEncSbac::codeIntraDirChroma,[139]
,,0.046607,0.0,  TEncBinCABACCounter::encodeBin,[63]
,,,,,
,,0.031051,0.0,  TComDataCU::getPUBelowLeft,[96]
,,0.093031,0.0,  TComDataCU::getPUAboveLeft,[118]
,,0.093206,0.0,  TComDataCU::getPUAboveRight,[70]
[140],0.07,0.217287,0.0,TComDataCU::CUIsFromSameSliceAndTile,[140]
,,,,,
,,0.077731,0.108837,  TVideoIOYuv::read,[137]
[141],0.06,0.077731,0.108837,readPlane,[141]
,,0.0,0.108837,"  std::basic_istream<char,struct std::char_traits<char> >::read",[154]
,,,,,
,,0.170815,0.015524,  TComLoopFilter::xDeblockCU <cycle 4>,[110]
[142],0.06,0.170815,0.015524,TComLoopFilter::xEdgeFilterChroma,[142]
,,0.015524,0.0,  TComDataCU::getPUAbove,[170]
,,,,,
,,0.0,0.155846,  TEncSampleAdaptiveOffset::SAOProcess,[82]
[143],0.05,0.0,0.155846,TEncSampleAdaptiveOffset::decideBlkParams,[143]
,,0.015573,0.0,  TEncSampleAdaptiveOffset::deriveModeMergeRDO,[205]
,,0.0,0.031143,  TComSampleAdaptiveOffset::offsetCTU,[175]
,,0.0,0.109130,  TEncSampleAdaptiveOffset::deriveModeNewRDO,[151]
,,,,,
,,0.124189,0.031002,  TEncSbac::codeCoeffNxN,[43]
[144],0.05,0.124189,0.031002,TEncSbac::xWriteCoefRemainExGolomb,[144]
,,0.031002,0.0,  TEncBinCABACCounter::encodeBinsEP,[132]
,,,,,
,,0.155033,0.0,  TComTrQuant::invTransformNxN,[33]
[145],0.05,0.155033,0.0,TComTrQuant::invRdpcmNxN,[145]
,,,,,
,,0.0,0.062084,  TEncCu::compressCtu,[9]
,,0.015544,0.062032,  TEncSlice::compressSlice,[8]
[146],0.04,0.015544,0.124116,TComDataCU::initCtu,[146]
,,0.124116,0.0,  memset,[31]
,,,,,
,,0.046476,0.0,  TEncCu::xCheckRDCostIntra,[12]
,,0.046554,0.0,  TEncSearch::estIntraPredChromaQT,[20]
,,0.046586,0.0,  TEncSearch::estIntraPredLumaQT,[13]
[147],0.04,0.139615,0.0,TComTU::TComTU,[147]
,,,,,
,,0.0,0.015574,  TEncGOP::compressGOP,[7]
,,0.0,0.109022,  TEncTop::encode,[6]
[148],0.04,0.0,0.124596,TComPicYuv::copyToPic,[148]
,,0.124596,0.0,  memcpy,[28]
,,,,,
,,0.124175,0.0,  xITrMxN,[39]
[149],0.04,0.124175,0.0,partialButterflyInverse4,[149]
,,,,,
,,0.124043,0.0,  TComLoopFilter::xEdgeFilterLuma,[136]
[150],0.04,0.124043,0.0,TComLoopFilter::xPelFilterLuma,[150]
,,,,,
,,0.0,0.109130,  TEncSampleAdaptiveOffset::decideBlkParams,[143]
[151],0.03,0.0,0.109130,TEncSampleAdaptiveOffset::deriveModeNewRDO,[151]
,,0.046773,0.0,  TEncSampleAdaptiveOffset::deriveOffsets,[165]
,,0.031168,0.0,  memcpy,[28]
,,0.015607,0.0,  TEncSbac::codeSAOOffsetParam,[190]
,,0.015582,0.0,  TEncSampleAdaptiveOffset::getDistortion,[191]
,,,,,
,,0.015570,0.093268,  fgetc,[153]
[152],0.03,0.015570,0.093268,common_refill_and_read_nolock<char>,[152]
,,0.0,0.093268,  read,[156]
,,,,,
,,0.0,0.108837,"  std::basic_istream<char,struct std::char_traits<char> >::read",[154]
[153],0.03,0.0,0.108837,fgetc,[153]
,,0.015570,0.093268,  common_refill_and_read_nolock<char>,[152]
,,,,,
,,0.0,0.108837,  readPlane,[141]
[154],0.03,0.0,0.108837,"std::basic_istream<char,struct std::char_traits<char> >::read",[154]
,,0.0,0.108837,  fgetc,[153]
,,,,,
,,0.093268,0.0,  read_nolock,[157]
[155],0.03,0.093268,0.0,ReadFile,[155]
,,,,,
,,0.0,0.093268,  common_refill_and_read_nolock<char>,[152]
[156],0.03,0.0,0.093268,read,[156]
,,0.0,0.093268,  read_nolock,[157]
,,,,,
,,0.0,0.093268,  read,[156]
[157],0.03,0.0,0.093268,read_nolock,[157]
,,0.093268,0.0,  ReadFile,[155]
,,,,,
,,0.046521,0.046583,  TEncCu::xCompressCU <cycle 11>,[11]
[158],0.03,0.046521,0.046583,TEncSbac::codeSplitFlag,[158]
,,0.046583,0.0,  TComDataCU::getCtxSplitFlag,[169]
,,,,,
,,0.077673,0.0,  TEncSbac::codeIntraDirLumaAng,[35]
[159],0.02,0.077673,0.0,TEncBinCABACCounter::encodeBinEP,[159]
,,,,,
,,0.031147,0.0,  TEncSbac::codeQtCbf,[88]
,,0.031160,0.0,  TEncSbac::codeCoeffNxN,[43]
[160],0.02,0.062308,0.0,TEncBinCABAC::encodeBin,[160]
,,,,,
,,0.015514,0.046551,  TEncSbac::codeCoeffNxN,[43]
[161],0.02,0.015514,0.046551,TEncSbac::codeTransformSkipFlags,[161]
,,0.046551,0.0,  TEncBinCABACCounter::encodeBin,[63]
,,,,,
,,0.062062,0.0,  TEncSearch::xEncSubdivCbfQT <cycle 6>,[48]
[162],0.02,0.062062,0.0,TEncSbac::codeTransformSubdivFlag,[162]
,,,,,
,,0.046586,0.007199,  TComLoopFilter::xDeblockCU <cycle 4>,[110]
[163],0.02,0.046586,0.007199,<cycle 3 as a whole>,[163]
,,0.046586,0.007199,  TComLoopFilter::xSetEdgefilterTU <cycle 3>,[164]
,,,,,
,,,,  TComLoopFilter::xSetEdgefilterTU <cycle 3>,[164]
,,0.046586,0.007199,  TComLoopFilter::xDeblockCU <cycle 4>,[110]
[164],0.02,0.046586,0.007199,TComLoopFilter::xSetEdgefilterTU <cycle 3>,[164]
,,0.007199,0.0,  TComTURecurse::nextSection,[64]
,,,,  TComLoopFilter::xSetEdgefilterTU <cycle 3>,[164]
,,,,,
,,0.046773,0.0,  TEncSampleAdaptiveOffset::deriveModeNewRDO,[151]
[165],0.01,0.046773,0.0,TEncSampleAdaptiveOffset::deriveOffsets,[165]
,,,,,
,,0.046663,0.0,  TComPic::compressMotion,[167]
[166],0.01,0.046663,0.0,TComCUMvField::compress,[166]
,,,,,
,,0.0,0.046663,  TEncGOP::compressGOP,[7]
[167],0.01,0.0,0.046663,TComPic::compressMotion,[167]
,,0.046663,0.0,  TComCUMvField::compress,[166]
,,,,,
,,0.0,0.015535,  TEncCu::compressCtu,[9]
,,0.0,0.031098,  TEncCu::xCompressCU <cycle 11>,[11]
[168],0.01,0.0,0.046633,[Unknown stack frame(s)],[168]
,,0.031092,0.0,  TEncSearch::xModeBitsIntra,[34]
,,0.015541,0.0,  TEncSbac::resetBits,[93]
,,,,,
,,0.046583,0.0,  TEncSbac::codeSplitFlag,[158]
[169],0.01,0.046583,0.0,TComDataCU::getCtxSplitFlag,[169]
,,,,,
,,0.015493,0.0,  TComLoopFilter::xGetBoundaryStrengthSingle,[181]
,,0.015504,0.0,  TComLoopFilter::xSetLoopfilterParam,[182]
,,0.015524,0.0,  TComLoopFilter::xEdgeFilterChroma,[142]
[170],0.01,0.046522,0.0,TComDataCU::getPUAbove,[170]
,,,,,
,,0.0,0.031187,  TVideoIOYuv::read,[137]
[171],0.01,0.0,0.031187,TVideoIOYuv::ColourSpaceConvert,[171]
,,0.0,0.031187,  copyPlane,[172]
,,,,,
,,0.0,0.031187,  TVideoIOYuv::ColourSpaceConvert,[171]
[172],0.01,0.0,0.031187,copyPlane,[172]
,,0.031187,0.0,  memcpy,[28]
,,,,,
,,0.031148,0.0,  TComTrQuant::invTransformNxN,[33]
[173],0.01,0.031148,0.0,TComTrQuant::xITransformSkip,[173]
,,,,,
,,0.031143,0.0,  TComSampleAdaptiveOffset::offsetCTU,[175]
[174],0.01,0.031143,0.0,TComSampleAdaptiveOffset::offsetBlock,[174]
,,,,,
,,0.0,0.031143,  TEncSampleAdaptiveOffset::decideBlkParams,[143]
[175],0.01,0.0,0.031143,TComSampleAdaptiveOffset::offsetCTU,[175]
,,0.031143,0.0,  TComSampleAdaptiveOffset::offsetBlock,[174]
,,,,,
,,0.031125,0.0,  TEncGOP::xCalculateAddPSNRs,[177]
[176],0.01,0.031125,0.0,TEncGOP::xCalculateAddPSNR,[176]
,,,,,
,,0.0,0.031125,  TEncGOP::compressGOP,[7]
[177],0.01,0.0,0.031125,TEncGOP::xCalculateAddPSNRs,[177]
,,0.031125,0.0,  TEncGOP::xCalculateAddPSNR,[176]
,,,,,
,,0.031090,0.0,  TEncBinCABAC::writeOut,[179]
[178],0.01,0.031090,0.0,TComOutputBitstream::write,[178]
,,,,,
,,0.0,0.015498,  TEncEntropy::xEncodeTransform <cycle 2>,[79]
,,0.0,0.015591,  TEncSbac::codeQtCbf,[88]
[179],0.01,0.0,0.031090,TEncBinCABAC::writeOut,[179]
,,0.031090,0.0,  TComOutputBitstream::write,[178]
,,,,,
,,0.015517,0.0,  TComLoopFilter::xSetLoopfilterParam,[182]
,,0.015532,0.0,  TComLoopFilter::xGetBoundaryStrengthSingle,[181]
[180],0.01,0.031049,0.0,TComDataCU::getPULeft,[180]
,,,,,
,,0.0,0.031025,  TComLoopFilter::xDeblockCU <cycle 4>,[110]
[181],0.01,0.0,0.031025,TComLoopFilter::xGetBoundaryStrengthSingle,[181]
,,0.015532,0.0,  TComDataCU::getPULeft,[180]
,,0.015493,0.0,  TComDataCU::getPUAbove,[170]
,,,,,
,,0.0,0.031021,  TComLoopFilter::xDeblockCU <cycle 4>,[110]
[182],0.01,0.0,0.031021,TComLoopFilter::xSetLoopfilterParam,[182]
,,0.015517,0.0,  TComDataCU::getPULeft,[180]
,,0.015504,0.0,  TComDataCU::getPUAbove,[170]
,,,,,
,,0.015641,0.0,  malloc_base,[189]
[183],0.0,0.015641,0.0,RtlAllocateHeap,[183]
,,,,,
,,0.0,0.015641,  TEncTop::xGetNewPicBuffer,[187]
[184],0.0,0.0,0.015641,TComPic::create,[184]
,,0.0,0.015641,  TComPicYuv::create,[185]
,,,,,
,,0.0,0.015641,  TComPic::create,[184]
[185],0.0,0.0,0.015641,TComPicYuv::create,[185]
,,0.0,0.015641,  TComPicYuv::createWithoutCUInfo,[186]
,,,,,
,,0.0,0.015641,  TComPicYuv::create,[185]
[186],0.0,0.0,0.015641,TComPicYuv::createWithoutCUInfo,[186]
,,0.0,0.015641,  aligned_offset_malloc_base,[188]
,,,,,
,,0.0,0.015641,  TEncTop::encode,[6]
[187],0.0,0.0,0.015641,TEncTop::xGetNewPicBuffer,[187]
,,0.0,0.015641,  TComPic::create,[184]
,,,,,
,,0.0,0.015641,  TComPicYuv::createWithoutCUInfo,[186]
[188],0.0,0.0,0.015641,aligned_offset_malloc_base,[188]
,,0.0,0.015641,  malloc_base,[189]
,,,,,
,,0.0,0.015641,  aligned_offset_malloc_base,[188]
[189],0.0,0.0,0.015641,malloc_base,[189]
,,0.015641,0.0,  RtlAllocateHeap,[183]
,,,,,
,,0.015607,0.0,  TEncSampleAdaptiveOffset::deriveModeNewRDO,[151]
[190],0.0,0.015607,0.0,TEncSbac::codeSAOOffsetParam,[190]
,,,,,
,,0.015582,0.0,  TEncSampleAdaptiveOffset::deriveModeNewRDO,[151]
[191],0.0,0.015582,0.0,TEncSampleAdaptiveOffset::getDistortion,[191]
,,,,,
,,0.015580,0.0,  write_text_ansi_nolock,[199]
[192],0.0,0.015580,0.0,WriteFile,[192]
,,,,,
,,0.0,0.015580,  fflush,[195]
[193],0.0,0.0,0.015580,"__crt_seh_guarded_call<int>::operator()<class <lambda_c376a267cfb53b6959b3b692ec76b120>,class <lambda_9a32fed5bf61b6b509b2d3f6003082a1> &,class <lambda_572fbb9fa0ab338edf41edfd4b5fcc8d> >",[193]
,,0.0,0.015580,  fflush_nolock,[196]
,,,,,
,,0.0,0.015580,  fflush_nolock,[196]
[194],0.0,0.0,0.015580,_acrt_stdio_flush_nolock,[194]
,,0.0,0.015580,  write,[197]
,,,,,
,,0.0,0.015580,  TEncGOP::compressGOP,[7]
[195],0.0,0.0,0.015580,fflush,[195]
,,0.0,0.015580,"  __crt_seh_guarded_call<int>::operator()<class <lambda_c376a267cfb53b6959b3b692ec76b120>,class <lambda_9a32fed5bf61b6b509b2d3f6003082a1> &,class <lambda_572fbb9fa0ab338edf41edfd4b5fcc8d> >",[193]
,,,,,
,,0.0,0.015580,"  __crt_seh_guarded_call<int>::operator()<class <lambda_c376a267cfb53b6959b3b692ec76b120>,class <lambda_9a32fed5bf61b6b509b2d3f6003082a1> &,class <lambda_572fbb9fa0ab338edf41edfd4b5fcc8d> >",[193]
[196],0.0,0.0,0.015580,fflush_nolock,[196]
,,0.0,0.015580,  _acrt_stdio_flush_nolock,[194]
,,,,,
,,0.0,0.015580,  _acrt_stdio_flush_nolock,[194]
[197],0.0,0.0,0.015580,write,[197]
,,0.0,0.015580,  write_nolock,[198]
,,,,,
,,0.0,0.015580,  write,[197]
[198],0.0,0.0,0.015580,write_nolock,[198]
,,0.0,0.015580,  write_text_ansi_nolock,[199]
,,,,,
,,0.0,0.015580,  write_nolock,[198]
[199],0.0,0.0,0.015580,write_text_ansi_nolock,[199]
,,0.015580,0.0,  WriteFile,[192]
,,,,,
,,0.015575,0.0,  free_base,[204]
[200],0.0,0.015575,0.0,RtlFreeHeap,[200]
,,,,,
,,0.0,0.015575,  TAppEncTop::encode,[3]
[201],0.0,0.0,0.015575,TComPic::destroy,[201]
,,0.0,0.015575,  TComPicYuv::destroy,[202]
,,,,,
,,0.0,0.015575,  TComPic::destroy,[201]
[202],0.0,0.0,0.015575,TComPicYuv::destroy,[202]
,,0.0,0.015575,  aligned_free,[203]
,,,,,
,,0.0,0.015575,  TComPicYuv::destroy,[202]
[203],0.0,0.0,0.015575,aligned_free,[203]
,,0.0,0.015575,  free_base,[204]
,,,,,
,,0.0,0.015575,  aligned_free,[203]
[204],0.0,0.0,0.015575,free_base,[204]
,,0.015575,0.0,  RtlFreeHeap,[200]
,,,,,
,,0.015573,0.0,  TEncSampleAdaptiveOffset::decideBlkParams,[143]
[205],0.0,0.015573,0.0,TEncSampleAdaptiveOffset::deriveModeMergeRDO,[205]
,,,,,
,,0.015548,0.0,  TEncEntropy::xEncodeTransform <cycle 2>,[79]
[206],0.0,0.015548,0.0,TEncSbac::codeCrossComponentPrediction,[206]
,,,,,
,,0.015542,0.0,  TEncSampleAdaptiveOffset::SAOProcess,[82]
[207],0.0,0.015542,0.0,TComPicYuv::extendPicBorder,[207]
,,,,,
,,0.015542,0.0,  TEncCu::xEncodeCU <cycle 1>,[123]
[208],0.0,0.015542,0.0,TEncCu::finishCU,[208]
,,,,,
,,0.015535,0.0,  TEncCu::xCompressCU <cycle 11>,[11]
[209],0.0,0.015535,0.0,TEncCu::xComputeQP,[209]
,,,,,
,,0.015535,0.0,  TEncCu::xCompressCU <cycle 11>,[11]
[210],0.0,0.015535,0.0,std::_Deque_iterator<class std::_Deque_val<struct std::_Deque_simple_types<class TComSlice *> > >::operator+,[210]
,,,,,
,,0.015498,0.0,  TEncSearch::estIntraPredLumaQT,[13]
[211],0.0,0.015498,0.0,TComYuv::getStride,[211]
,,,,,
,,0.015464,0.0,  TComLoopFilter::xEdgeFilterLuma,[136]
[212],0.0,0.015464,0.0,TComLoopFilter::xUseStrongFiltering,[212]
,,,,,


Index by function name

Index,Function
[1],BaseThreadInitThunk
[62],QpParam::QpParam
[155],ReadFile
[183],RtlAllocateHeap
[200],RtlFreeHeap
[2],RtlUserThreadStart
[3],TAppEncTop::encode
[105],TComBitCounter::getNumberOfWrittenBits
[116],TComBitCounter::resetBits
[166],TComCUMvField::compress
[140],TComDataCU::CUIsFromSameSliceAndTile
[104],TComDataCU::copyPartFrom
[103],TComDataCU::copyToPic
[83],TComDataCU::getCoefScanIdx
[169],TComDataCU::getCtxSplitFlag
[51],TComDataCU::getIntraDirPredictor
[170],TComDataCU::getPUAbove
[118],TComDataCU::getPUAboveLeft
[70],TComDataCU::getPUAboveRight
[96],TComDataCU::getPUBelowLeft
[180],TComDataCU::getPULeft
[108],TComDataCU::getQuadtreeTULog2MinSizeInCU
[146],TComDataCU::initCtu
[69],TComDataCU::initEstData
[102],TComDataCU::initSubCU
[112],TComLoopFilter::loopFilterPic
[110],TComLoopFilter::xDeblockCU
[142],TComLoopFilter::xEdgeFilterChroma
[136],TComLoopFilter::xEdgeFilterLuma
[181],TComLoopFilter::xGetBoundaryStrengthSingle
[150],TComLoopFilter::xPelFilterLuma
[164],TComLoopFilter::xSetEdgefilterTU
[182],TComLoopFilter::xSetLoopfilterParam
[212],TComLoopFilter::xUseStrongFiltering
[178],TComOutputBitstream::write
[167],TComPic::compressMotion
[184],TComPic::create
[201],TComPic::destroy
[148],TComPicYuv::copyToPic
[185],TComPicYuv::create
[186],TComPicYuv::createWithoutCUInfo
[202],TComPicYuv::destroy
[207],TComPicYuv::extendPicBorder
[127],TComPrediction::filteringIntraReferenceSamples
[30],TComPrediction::initIntraPatternChType
[23],TComPrediction::predIntraAng
[125],TComPrediction::predIntraGetPredValDC
[134],TComPrediction::xDCPredFiltering
[25],TComPrediction::xPredIntraAng
[65],TComPrediction::xPredIntraPlanar
[45],TComRdCost::getDistPart
[44],TComRdCost::xCalcHADs4x4
[26],TComRdCost::xCalcHADs8x8
[24],TComRdCost::xGetHADs
[114],TComRdCost::xGetSSE16
[106],TComRdCost::xGetSSE32
[67],TComRdCost::xGetSSE4
[100],TComRdCost::xGetSSE8
[174],TComSampleAdaptiveOffset::offsetBlock
[175],TComSampleAdaptiveOffset::offsetCTU
[147],TComTU::TComTU
[81],TComTU::TComTU
[128],TComTU::getGolombRiceStatisticsIndex
[64],TComTURecurse::nextSection
[73],TComTrQuant::getSigCtxInc
[145],TComTrQuant::invRdpcmNxN
[33],TComTrQuant::invTransformNxN
[71],TComTrQuant::rdpcmNxN
[17],TComTrQuant::transformNxN
[57],TComTrQuant::xDeQuant
[60],TComTrQuant::xGetCodedLevel
[95],TComTrQuant::xGetICRate
[36],TComTrQuant::xIT
[173],TComTrQuant::xITransformSkip
[18],TComTrQuant::xQuant
[19],TComTrQuant::xRateDistOptQuant
[27],TComTrQuant::xT
[87],TComTrQuant::xTransformSkip
[138],TComYuv::copyFromPicComponent
[68],TComYuv::copyPartToPartComponent
[119],TComYuv::copyToPartComponent
[130],TComYuv::copyToPicComponent
[131],TComYuv::copyToPicYuv
[46],TComYuv::getAddr
[107],TComYuv::getAddr
[211],TComYuv::getStride
[66],TEncBinCABAC::copyState
[160],TEncBinCABAC::encodeBin
[109],TEncBinCABAC::getTEncBinCABAC
[117],TEncBinCABAC::resetBits
[179],TEncBinCABAC::writeOut
[63],TEncBinCABACCounter::encodeBin
[159],TEncBinCABACCounter::encodeBinEP
[132],TEncBinCABACCounter::encodeBinsEP
[84],TEncBinCABACCounter::getNumWrittenBits
[9],TEncCu::compressCtu
[208],TEncCu::finishCU
[12],TEncCu::xCheckRDCostIntra
[11],TEncCu::xCompressCU
[209],TEncCu::xComputeQP
[129],TEncCu::xCopyYuv2Pic
[113],TEncCu::xCopyYuv2Tmp
[123],TEncCu::xEncodeCU
[126],TEncEntropy::encodeCoeff
[42],TEncEntropy::encodeCoeffNxN
[124],TEncEntropy::encodePredInfo
[79],TEncEntropy::xEncodeTransform
[7],TEncGOP::compressGOP
[176],TEncGOP::xCalculateAddPSNR
[177],TEncGOP::xCalculateAddPSNRs
[82],TEncSampleAdaptiveOffset::SAOProcess
[143],TEncSampleAdaptiveOffset::decideBlkParams
[205],TEncSampleAdaptiveOffset::deriveModeMergeRDO
[151],TEncSampleAdaptiveOffset::deriveModeNewRDO
[165],TEncSampleAdaptiveOffset::deriveOffsets
[85],TEncSampleAdaptiveOffset::getBlkStats
[191],TEncSampleAdaptiveOffset::getDistortion
[86],TEncSampleAdaptiveOffset::getStatistics
[43],TEncSbac::codeCoeffNxN
[206],TEncSbac::codeCrossComponentPrediction
[139],TEncSbac::codeIntraDirChroma
[35],TEncSbac::codeIntraDirLumaAng
[115],TEncSbac::codeLastSignificantXY
[135],TEncSbac::codePartSize
[88],TEncSbac::codeQtCbf
[190],TEncSbac::codeSAOOffsetParam
[158],TEncSbac::codeSplitFlag
[161],TEncSbac::codeTransformSkipFlags
[162],TEncSbac::codeTransformSubdivFlag
[32],TEncSbac::estBit
[76],TEncSbac::estCBFBit
[54],TEncSbac::estLastSignificantPositionBit
[101],TEncSbac::estSignificantCoeffGroupMapBit
[59],TEncSbac::estSignificantCoefficientsBit
[52],TEncSbac::estSignificantMapBit
[120],TEncSbac::getNumberOfWrittenBits
[93],TEncSbac::resetBits
[144],TEncSbac::xWriteCoefRemainExGolomb
[20],TEncSearch::estIntraPredChromaQT
[13],TEncSearch::estIntraPredLumaQT
[38],TEncSearch::xEncCoeffQT
[58],TEncSearch::xEncIntraHeader
[48],TEncSearch::xEncSubdivCbfQT
[14],TEncSearch::xIntraCodingTUBlock
[61],TEncSearch::xLoadIntraResultQT
[34],TEncSearch::xModeBitsIntra
[22],TEncSearch::xRecurIntraChromaCodingQT
[15],TEncSearch::xRecurIntraCodingLumaQT
[90],TEncSearch::xSetIntraResultChromaQT
[98],TEncSearch::xSetIntraResultLumaQT
[77],TEncSearch::xStoreIntraResultQT
[80],TEncSearch::xUpdateCandList
[8],TEncSlice::compressSlice
[133],TEncSlice::encodeSlice
[6],TEncTop::encode
[187],TEncTop::xGetNewPicBuffer
[171],TVideoIOYuv::ColourSpaceConvert
[137],TVideoIOYuv::read
[192],WriteFile
[168],[Unknown stack frame(s)]
[193],"__crt_seh_guarded_call<int>::operator()<class <lambda_c376a267cfb53b6959b3b692ec76b120>,class <lambda_9a32fed5bf61b6b509b2d3f6003082a1> &,class <lambda_572fbb9fa0ab338edf41edfd4b5fcc8d> >"
[194],_acrt_stdio_flush_nolock
[75],_chkstk
[4],_scrt_common_main_seh
[74],_security_check_cookie
[203],aligned_free
[188],aligned_offset_malloc_base
[152],common_refill_and_read_nolock<char>
[172],copyPlane
[47],fastForwardDst
[121],fastInverseDst
[195],fflush
[196],fflush_nolock
[153],fgetc
[40],fillReferenceSamples
[204],free_base
[55],getTUEntropyCodingParameters
[94],isAboveAvailable
[97],isLeftAvailable
[5],main
[189],malloc_base
[28],memcpy
[31],memset
[53],partialButterfly16
[41],partialButterfly32
[92],partialButterfly4
[56],partialButterfly8
[72],partialButterflyInverse16
[50],partialButterflyInverse32
[149],partialButterflyInverse4
[91],partialButterflyInverse8
[156],read
[141],readPlane
[157],read_nolock
[210],std::_Deque_iterator<class std::_Deque_val<struct std::_Deque_simple_types<class TComSlice *> > >::operator+
[154],"std::basic_istream<char,struct std::char_traits<char> >::read"
[197],write
[198],write_nolock
[199],write_text_ansi_nolock
[39],xITrMxN
[29],xTrMxN
[122],<cycle 1>
[78],<cycle 2>
[163],<cycle 3>
[111],<cycle 4>
[89],<cycle 5>
[49],<cycle 6>
[21],<cycle 7>
[37],<cycle 8>
[99],<cycle 9>
[16],<cycle 10>
[10],<cycle 11>
